subscription_id,customer_id,plan_name,start_date,end_date,monthly_fee,status
1,10651,Basic,2022-07-08,2024-03-03,199,Expired
2,2042,Basic,2023-05-24,2025-01-29,199,Cancelled
3,8669,Basic,2022-09-09,2023-02-02,199,Cancelled
4,1115,Basic,2022-05-13,2022-11-26,199,Expired
5,13903,Fleet,2022-07-04,2022-10-16,999,Cancelled
6,11964,Premium,2022-06-24,2022-10-07,499,Cancelled
7,11073,Premium,2023-01-10,2024-12-28,499,Expired
8,3003,Fleet,2022-07-20,2023-02-19,999,Expired
9,19772,Fleet,2022-06-26,2023-03-22,999,Expired
10,8116,Fleet,2022-09-01,2022-12-28,999,Expired
11,3526,Basic,2022-04-24,2023-03-26,199,Cancelled
12,7880,Premium,2022-06-30,2023-01-01,499,Expired
13,16442,Premium,2023-04-17,2024-10-11,499,Expired
14,16297,Basic,2022-07-16,2024-03-31,199,Expired
15,12567,Basic,2022-05-07,2022-12-28,199,Expired
16,5253,Basic,2022-07-28,2023-06-27,199,Expired
17,19394,Basic,2022-07-08,2023-09-24,199,Expired
18,16797,Premium,2022-12-11,2023-10-28,499,Expired
19,8095,Basic,2022-09-05,2024-05-01,199,Expired
20,323,Premium,2023-05-21,2023-09-17,499,Expired
21,9924,Basic,2022-07-25,2022-12-16,199,Cancelled
22,7460,Basic,2022-11-03,2023-05-04,199,Expired
23,19025,Basic,2022-06-04,2022-11-23,199,Expired
24,17554,Premium,2022-10-13,2023-12-24,499,Cancelled
25,9120,Basic,2022-05-02,2023-05-21,199,Expired
26,16422,Basic,2022-05-15,2023-05-23,199,Expired
27,16061,Fleet,2022-06-26,2024-03-08,999,Expired
28,10121,Basic,2023-02-26,2023-06-28,199,Expired
29,19056,Premium,2022-04-15,2023-10-31,499,Expired
30,3650,Basic,2022-11-21,2024-02-03,199,Expired
31,3942,Premium,2022-12-18,2024-04-02,499,Expired
32,17881,Basic,2022-09-19,2024-02-05,199,Expired
33,16676,Basic,2022-04-20,2023-05-16,199,Expired
34,12631,Premium,2022-10-24,2023-07-18,499,Expired
35,11444,Premium,2022-06-07,2023-06-19,499,Cancelled
36,12158,Basic,2022-07-26,2022-12-24,199,Expired
37,13836,Basic,2022-03-06,2023-01-08,199,Cancelled
38,3435,Fleet,2022-09-26,2023-03-03,999,Expired
39,18740,Premium,2022-11-05,2024-03-12,499,Expired
40,17408,Basic,2023-06-18,2025-05-14,199,Expired
41,15441,Fleet,2022-04-13,2023-03-12,999,Expired
42,10407,Fleet,2022-08-01,2022-12-21,999,Expired
43,6518,Premium,2022-09-20,2023-06-25,499,Expired
44,972,Fleet,2022-09-16,2024-03-09,999,Expired
45,16488,Premium,2022-08-04,2023-08-23,499,Expired
46,19731,Premium,2022-08-14,2024-05-24,499,Expired
47,13138,Basic,2022-04-29,2023-11-04,199,Expired
48,3670,Basic,2022-09-12,2023-06-14,199,Expired
49,15984,Premium,2022-10-07,2023-10-07,499,Expired
50,4059,Fleet,2022-12-02,2023-09-02,999,Expired
51,14977,Basic,2023-04-13,2024-08-11,199,Expired
52,15699,Basic,2022-03-29,2022-12-28,199,Expired
53,13830,Basic,2022-08-14,2023-05-07,199,Expired
54,13420,Basic,2022-10-02,2023-05-29,199,Expired
55,961,Basic,2023-02-09,2024-11-26,199,Cancelled
56,17745,Basic,2022-08-06,2024-01-02,199,Expired
57,9865,Basic,2023-03-12,2024-10-24,199,Expired
58,11264,Basic,2022-04-08,2022-10-16,199,Expired
59,15783,Fleet,2022-11-23,2024-07-13,999,Expired
60,17197,Premium,2022-07-05,2023-10-23,499,Expired
61,7555,Fleet,2022-09-15,2024-06-07,999,Expired
62,10499,Fleet,2022-03-01,2023-10-09,999,Cancelled
63,17060,Premium,2023-01-22,2024-10-24,499,Expired
64,17929,Premium,2022-05-04,2024-01-18,499,Expired
65,7086,Basic,2022-04-14,2023-02-02,199,Expired
66,14754,Basic,2023-02-16,2024-10-14,199,Expired
67,4520,Basic,2022-11-28,2024-06-25,199,Expired
68,3025,Fleet,2022-11-13,2023-10-03,999,Expired
69,12122,Basic,2023-01-10,2024-09-28,199,Expired
70,18495,Basic,2023-02-04,2024-08-26,199,Cancelled
71,5484,Fleet,2023-03-07,2024-07-31,999,Expired
72,1420,Basic,2022-03-29,2022-11-25,199,Expired
73,6210,Basic,2022-08-22,2024-05-03,199,Expired
74,10743,Basic,2022-11-29,2023-07-09,199,Expired
75,16144,Basic,2023-03-06,2024-04-15,199,Expired
76,17618,Fleet,2022-09-05,2023-08-13,999,Expired
77,14569,Basic,2022-12-31,2023-05-23,199,Expired
78,981,Basic,2022-07-04,2024-04-15,199,Cancelled
79,2784,Premium,2023-04-24,2024-08-08,499,Expired
80,7714,Premium,2023-04-03,2023-10-30,499,Cancelled
81,11519,Basic,2022-07-19,2022-11-26,199,Cancelled
82,8601,Basic,2022-08-15,2023-11-14,199,Expired
83,11641,Basic,2022-07-09,2024-04-15,199,Expired
84,18831,Basic,2022-11-01,2023-07-04,199,Expired
85,12563,Basic,2023-06-11,2024-06-23,199,Expired
86,12752,Premium,2022-08-20,2023-02-01,499,Expired
87,6385,Basic,2023-05-06,2025-03-04,199,Expired
88,4808,Basic,2023-03-10,2023-08-28,199,Expired
89,6196,Premium,2022-06-27,2023-08-20,499,Expired
90,10649,Basic,2022-06-26,2023-08-15,199,Cancelled
91,7568,Fleet,2022-10-30,2024-01-09,999,Expired
92,16398,Basic,2022-06-19,2023-08-30,199,Expired
93,17525,Fleet,2022-11-24,2023-12-21,999,Expired
94,1347,Basic,2022-04-14,2022-09-10,199,Expired
95,13125,Basic,2023-02-21,2024-05-30,199,Expired
96,12674,Basic,2022-04-10,2024-01-15,199,Cancelled
97,15456,Premium,2022-06-05,2023-02-13,499,Expired
98,14002,Premium,2022-06-12,2022-11-03,499,Expired
99,18622,Basic,2022-11-10,2024-03-12,199,Expired
100,2120,Premium,2023-03-03,2024-03-01,499,Expired
101,15305,Basic,2022-07-17,2023-10-30,199,Expired
102,4310,Premium,2022-12-07,2024-09-07,499,Cancelled
103,4485,Premium,2022-11-17,2024-07-08,499,Expired
104,11014,Basic,2022-04-08,2023-04-12,199,Cancelled
105,4771,Basic,2023-04-28,2024-12-20,199,Expired
106,2713,Basic,2023-03-28,2023-12-10,199,Expired
107,12187,Premium,2022-12-07,2023-07-08,499,Expired
108,16616,Basic,2022-12-11,2024-08-06,199,Expired
109,10948,Basic,2022-10-27,2023-01-26,199,Expired
110,2546,Premium,2022-06-01,2024-03-23,499,Expired
111,12620,Premium,2022-12-07,2024-04-28,499,Expired
112,9852,Basic,2022-12-27,2024-12-23,199,Expired
113,4411,Premium,2022-07-03,2023-06-06,499,Expired
114,19648,Basic,2022-02-14,2023-07-12,199,Cancelled
115,12345,Basic,2023-01-10,2023-07-14,199,Expired
116,12408,Basic,2023-02-19,2023-09-18,199,Expired
117,9611,Premium,2022-11-20,2024-09-24,499,Cancelled
118,10719,Premium,2022-10-18,2023-03-21,499,Expired
119,7572,Basic,2022-08-24,2023-10-05,199,Expired
120,3571,Basic,2022-07-11,2023-04-19,199,Expired
121,8603,Premium,2022-06-18,2024-04-02,499,Expired
122,3560,Premium,2023-01-07,2024-04-24,499,Expired
123,4992,Basic,2022-11-03,2023-05-24,199,Expired
124,7440,Fleet,2022-04-13,2023-09-01,999,Expired
125,9326,Basic,2022-07-12,2023-06-20,199,Expired
126,2301,Basic,2022-12-03,2024-01-08,199,Expired
127,7667,Premium,2022-05-11,2023-03-24,499,Expired
128,5805,Basic,2022-07-14,2024-01-25,199,Expired
129,12023,Basic,2022-09-20,2023-09-28,199,Expired
130,15538,Basic,2023-05-09,2025-04-20,199,Expired
131,9758,Premium,2022-06-21,2023-01-06,499,Expired
132,12015,Premium,2023-01-28,2024-10-04,499,Cancelled
133,5212,Premium,2023-01-21,2024-04-06,499,Expired
134,11549,Fleet,2023-01-15,2024-11-08,999,Cancelled
135,12367,Basic,2022-12-25,2023-10-09,199,Cancelled
136,9271,Premium,2022-05-13,2023-10-20,499,Cancelled
137,3976,Basic,2022-11-04,2023-09-22,199,Expired
138,16091,Basic,2022-07-21,2022-12-11,199,Expired
139,17233,Premium,2022-10-25,2023-09-13,499,Expired
140,17444,Premium,2022-11-09,2023-08-16,499,Expired
141,13657,Premium,2023-02-28,2023-08-18,499,Expired
142,15646,Premium,2023-01-22,2024-06-17,499,Cancelled
143,2731,Basic,2022-03-08,2023-02-22,199,Expired
144,3299,Basic,2023-02-17,2024-01-06,199,Expired
145,8957,Basic,2023-01-20,2023-05-25,199,Expired
146,17411,Fleet,2023-04-17,2024-01-23,999,Expired
147,15156,Premium,2022-11-21,2023-12-21,499,Expired
148,17277,Premium,2022-10-20,2023-07-22,499,Expired
149,6704,Premium,2022-03-22,2022-09-07,499,Cancelled
150,1969,Premium,2022-03-28,2022-09-07,499,Expired
151,4937,Basic,2023-02-21,2024-01-30,199,Expired
152,2113,Fleet,2022-07-20,2023-03-30,999,Expired
153,879,Premium,2023-04-10,2024-01-21,499,Expired
154,19076,Basic,2023-01-17,2024-12-01,199,Expired
155,12990,Premium,2022-05-20,2023-07-08,499,Cancelled
156,7278,Basic,2023-03-12,2023-08-28,199,Expired
157,5710,Basic,2023-03-13,2023-07-29,199,Expired
158,12079,Premium,2023-01-08,2023-12-29,499,Expired
159,6688,Basic,2022-09-06,2024-04-08,199,Expired
160,6419,Basic,2022-07-20,2023-03-10,199,Expired
161,10432,Fleet,2023-01-02,2024-12-21,999,Expired
162,9983,Basic,2022-04-24,2022-09-08,199,Expired
163,19074,Basic,2022-10-23,2023-05-07,199,Expired
164,4630,Premium,2022-10-17,2024-10-16,499,Expired
165,8863,Basic,2022-09-01,2023-01-07,199,Expired
166,4668,Basic,2023-01-01,2024-12-02,199,Cancelled
167,14164,Premium,2023-01-26,2024-10-08,499,Cancelled
168,386,Premium,2023-01-12,2023-04-16,499,Expired
169,4187,Premium,2023-03-19,2023-12-17,499,Expired
170,5346,Fleet,2023-01-30,2024-07-16,999,Expired
171,2196,Premium,2022-06-30,2023-06-17,499,Expired
172,14991,Fleet,2022-09-25,2023-06-06,999,Expired
173,12635,Premium,2022-03-02,2023-07-28,499,Expired
174,1078,Premium,2022-06-01,2023-04-01,499,Expired
175,6287,Basic,2022-03-16,2023-08-01,199,Expired
176,5934,Premium,2022-03-21,2023-09-30,499,Expired
177,18513,Basic,2022-05-09,2022-12-24,199,Expired
178,19718,Fleet,2023-01-14,2024-11-25,999,Expired
179,13364,Basic,2023-01-10,2024-06-29,199,Expired
180,8073,Basic,2022-07-05,2023-10-15,199,Expired
181,17021,Basic,2022-04-25,2023-10-09,199,Expired
182,9544,Fleet,2022-04-29,2022-11-27,999,Expired
183,19095,Basic,2022-06-12,2022-09-17,199,Cancelled
184,13356,Premium,2022-09-10,2024-06-10,499,Expired
185,18632,Premium,2022-05-06,2024-01-06,499,Expired
186,2849,Premium,2022-03-15,2023-10-28,499,Expired
187,12792,Premium,2022-02-18,2023-08-31,499,Expired
188,7723,Basic,2022-10-23,2024-08-30,199,Cancelled
189,813,Premium,2022-11-07,2024-02-05,499,Expired
190,11194,Basic,2022-11-19,2024-01-24,199,Cancelled
191,5136,Premium,2022-06-24,2022-11-24,499,Expired
192,8511,Basic,2022-10-29,2024-02-07,199,Expired
193,7435,Fleet,2022-05-25,2023-08-09,999,Expired
194,16477,Basic,2022-06-04,2023-12-29,199,Expired
195,937,Basic,2022-10-03,2023-06-08,199,Expired
196,11966,Basic,2022-09-16,2023-04-26,199,Expired
197,1693,Basic,2022-09-17,2024-03-24,199,Expired
198,6217,Premium,2022-11-09,2024-05-04,499,Expired
199,9460,Premium,2022-09-14,2023-09-10,499,Expired
200,12528,Basic,2023-03-27,2024-03-17,199,Expired
201,15485,Basic,2022-09-16,2023-02-08,199,Expired
202,5793,Basic,2022-02-17,2022-12-13,199,Expired
203,12267,Premium,2022-12-25,2023-09-24,499,Expired
204,2222,Basic,2022-09-24,2023-05-04,199,Expired
205,15758,Basic,2022-08-02,2024-03-08,199,Expired
206,4694,Basic,2023-05-04,2024-02-17,199,Expired
207,10109,Basic,2023-03-10,2025-01-20,199,Expired
208,5108,Basic,2022-09-19,2023-02-21,199,Expired
209,13481,Basic,2022-03-30,2023-02-22,199,Expired
210,4746,Basic,2022-06-11,2023-11-08,199,Expired
211,1605,Premium,2023-01-05,2023-04-20,499,Expired
212,17396,Premium,2022-07-25,2023-08-04,499,Expired
213,16864,Premium,2022-04-24,2023-02-03,499,Expired
214,8214,Premium,2023-02-05,2024-07-19,499,Expired
215,1093,Premium,2023-01-02,2023-05-27,499,Cancelled
216,13885,Premium,2022-09-01,2023-07-31,499,Expired
217,6312,Basic,2022-07-10,2022-11-13,199,Expired
218,9013,Premium,2022-05-11,2023-08-21,499,Expired
219,352,Premium,2023-05-31,2024-04-11,499,Expired
220,14783,Basic,2022-07-20,2023-06-13,199,Expired
221,1531,Basic,2022-12-23,2024-12-05,199,Expired
222,13592,Fleet,2022-03-04,2024-01-11,999,Expired
223,15216,Basic,2022-08-16,2024-03-05,199,Expired
224,11541,Premium,2022-05-11,2024-02-17,499,Expired
225,219,Premium,2023-01-03,2024-11-08,499,Expired
226,6814,Basic,2022-06-23,2023-02-13,199,Expired
227,5358,Premium,2022-12-29,2024-08-03,499,Expired
228,15730,Premium,2022-06-10,2022-12-07,499,Expired
229,13044,Basic,2023-05-17,2023-11-27,199,Expired
230,1454,Basic,2022-09-05,2024-05-05,199,Expired
231,14933,Premium,2022-12-03,2023-06-14,499,Expired
232,4741,Fleet,2022-08-05,2023-06-22,999,Expired
233,2815,Premium,2022-09-07,2024-03-19,499,Expired
234,7887,Fleet,2022-09-09,2023-09-10,999,Expired
235,4974,Basic,2023-01-18,2024-03-20,199,Expired
236,1183,Premium,2022-08-21,2023-09-07,499,Expired
237,10036,Basic,2023-03-12,2024-05-30,199,Expired
238,3948,Basic,2023-01-23,2024-07-13,199,Cancelled
239,3190,Basic,2022-07-19,2023-08-17,199,Expired
240,14481,Premium,2022-02-20,2022-10-31,499,Expired
241,19827,Basic,2022-06-05,2023-08-13,199,Expired
242,9624,Fleet,2022-11-08,2024-10-03,999,Expired
243,1007,Premium,2023-01-15,2023-11-13,499,Cancelled
244,2326,Premium,2023-05-22,2025-05-15,499,Expired
245,10646,Basic,2022-11-25,2023-05-20,199,Cancelled
246,19524,Fleet,2022-05-30,2024-02-27,999,Expired
247,17726,Premium,2022-08-02,2023-06-16,499,Expired
248,5744,Basic,2022-09-26,2024-05-23,199,Expired
249,12681,Premium,2022-09-03,2022-12-26,499,Cancelled
250,14584,Premium,2022-08-06,2023-09-29,499,Expired
251,19258,Basic,2023-02-28,2024-10-05,199,Expired
252,11882,Fleet,2023-02-05,2024-07-29,999,Expired
253,1028,Basic,2022-05-29,2023-10-07,199,Expired
254,4070,Premium,2022-10-11,2024-08-10,499,Expired
255,18573,Premium,2023-05-22,2024-12-24,499,Expired
256,14653,Basic,2023-02-15,2024-12-09,199,Expired
257,6651,Basic,2022-09-23,2024-04-15,199,Expired
258,15784,Basic,2022-11-20,2023-12-26,199,Cancelled
259,17649,Premium,2023-01-11,2023-04-28,499,Expired
260,4623,Basic,2022-06-10,2023-03-13,199,Expired
261,10386,Premium,2022-05-24,2023-11-14,499,Expired
262,13671,Basic,2023-01-17,2024-05-26,199,Expired
263,14047,Basic,2022-06-11,2023-10-09,199,Cancelled
264,1963,Premium,2023-04-04,2024-07-23,499,Expired
265,19875,Basic,2022-10-20,2023-08-07,199,Expired
266,1600,Premium,2022-09-27,2023-04-05,499,Cancelled
267,9676,Basic,2022-07-24,2024-01-27,199,Expired
268,10953,Basic,2023-02-11,2024-09-11,199,Expired
269,4334,Basic,2022-10-05,2023-10-08,199,Cancelled
270,12100,Fleet,2022-10-19,2024-06-08,999,Expired
271,6956,Basic,2022-12-29,2024-01-08,199,Expired
272,18822,Basic,2022-06-04,2023-02-16,199,Expired
273,8546,Basic,2022-11-04,2024-07-05,199,Expired
274,15975,Basic,2022-09-23,2024-02-02,199,Expired
275,13723,Basic,2023-03-26,2024-04-01,199,Expired
276,696,Basic,2022-03-08,2022-08-24,199,Expired
277,15631,Premium,2022-06-27,2023-11-24,499,Expired
278,13590,Premium,2023-04-28,2024-03-20,499,Expired
279,14522,Basic,2022-09-03,2023-01-03,199,Expired
280,19918,Fleet,2022-03-11,2023-07-06,999,Cancelled
281,9771,Premium,2022-11-28,2024-08-31,499,Expired
282,13378,Basic,2022-06-28,2024-02-20,199,Expired
283,1035,Premium,2022-04-29,2022-12-02,499,Expired
284,10843,Basic,2022-12-26,2024-05-28,199,Expired
285,16593,Basic,2022-12-08,2024-04-04,199,Expired
286,10422,Basic,2023-03-06,2025-03-04,199,Expired
287,10980,Basic,2022-10-31,2023-05-30,199,Expired
288,2128,Basic,2022-03-14,2023-11-02,199,Expired
289,12188,Basic,2022-07-15,2023-11-05,199,Expired
290,5971,Premium,2022-03-29,2022-07-05,499,Expired
291,13226,Premium,2023-04-07,2025-03-05,499,Expired
292,994,Premium,2022-08-10,2024-04-13,499,Expired
293,15085,Basic,2022-04-27,2024-03-12,199,Expired
294,14846,Basic,2022-11-14,2023-05-03,199,Expired
295,14946,Basic,2022-04-18,2024-01-03,199,Expired
296,448,Premium,2022-07-27,2024-06-05,499,Expired
297,17278,Premium,2022-10-21,2024-05-15,499,Expired
298,5454,Basic,2023-01-17,2023-05-18,199,Expired
299,3212,Basic,2022-07-29,2023-04-27,199,Cancelled
300,5562,Basic,2022-09-22,2024-07-10,199,Expired
301,18912,Premium,2022-12-31,2023-12-30,499,Expired
302,3211,Premium,2023-03-15,2025-01-31,499,Expired
303,13814,Basic,2022-10-10,2023-07-04,199,Expired
304,8967,Basic,2022-07-12,2024-01-12,199,Expired
305,17654,Premium,2023-02-23,2024-12-02,499,Expired
306,10650,Basic,2022-04-07,2022-08-18,199,Expired
307,19715,Premium,2022-06-19,2024-06-01,499,Expired
308,3972,Basic,2022-12-17,2023-11-19,199,Expired
309,10808,Basic,2023-02-13,2025-01-07,199,Cancelled
310,19545,Basic,2022-08-14,2023-09-29,199,Expired
311,11367,Premium,2023-01-01,2024-07-06,499,Expired
312,3779,Basic,2022-11-27,2024-11-06,199,Expired
313,13080,Basic,2022-08-21,2024-08-17,199,Expired
314,6353,Basic,2023-03-14,2024-09-17,199,Expired
315,4008,Premium,2022-04-17,2023-01-08,499,Expired
316,3777,Premium,2023-02-11,2023-06-14,499,Expired
317,17148,Premium,2022-08-11,2024-03-08,499,Expired
318,14105,Premium,2023-03-08,2024-09-22,499,Expired
319,19146,Premium,2023-03-23,2024-05-20,499,Cancelled
320,19184,Premium,2022-07-11,2024-02-06,499,Expired
321,8427,Fleet,2022-04-11,2022-12-21,999,Expired
322,4338,Basic,2022-05-08,2022-12-30,199,Expired
323,8118,Premium,2022-10-27,2023-12-07,499,Expired
324,7764,Basic,2022-06-24,2024-02-28,199,Expired
325,14013,Fleet,2022-06-29,2024-06-17,999,Expired
326,13652,Premium,2022-03-19,2023-02-16,499,Expired
327,439,Premium,2023-02-05,2023-10-31,499,Expired
328,16534,Basic,2022-04-17,2023-05-25,199,Expired
329,3270,Premium,2022-07-10,2023-04-12,499,Cancelled
330,3753,Fleet,2022-12-27,2024-05-06,999,Expired
331,9114,Premium,2022-11-26,2024-02-13,499,Expired
332,9441,Basic,2022-07-10,2022-12-28,199,Expired
333,1740,Basic,2022-05-16,2023-12-21,199,Expired
334,607,Premium,2022-12-21,2024-12-05,499,Expired
335,17086,Basic,2023-04-21,2025-01-31,199,Expired
336,12999,Premium,2022-10-10,2024-07-28,499,Expired
337,16973,Basic,2023-01-11,2024-03-09,199,Cancelled
338,18367,Basic,2022-07-25,2023-02-27,199,Expired
339,15684,Basic,2023-01-04,2023-09-28,199,Expired
340,11038,Fleet,2022-12-05,2024-06-16,999,Expired
341,5747,Basic,2022-05-09,2023-11-28,199,Expired
342,11585,Fleet,2022-08-03,2024-07-28,999,Expired
343,6271,Premium,2022-10-29,2024-07-30,499,Expired
344,8852,Premium,2022-10-03,2024-09-24,499,Expired
345,18409,Premium,2023-01-05,2024-12-21,499,Expired
346,6601,Premium,2023-02-03,2024-09-18,499,Expired
347,11379,Basic,2022-10-06,2024-02-16,199,Expired
348,17190,Fleet,2023-05-17,2024-08-14,999,Expired
349,11606,Basic,2022-12-06,2024-11-05,199,Cancelled
350,6910,Premium,2023-05-11,2024-09-20,499,Expired
351,739,Basic,2022-02-06,2022-11-01,199,Expired
352,1995,Premium,2022-08-21,2024-07-11,499,Cancelled
353,120,Basic,2022-01-05,2022-09-28,199,Expired
354,14927,Basic,2022-09-07,2022-12-07,199,Expired
355,17610,Premium,2022-06-06,2023-03-09,499,Expired
356,17437,Basic,2022-12-07,2024-01-18,199,Expired
357,18554,Basic,2022-04-24,2023-09-11,199,Cancelled
358,7294,Basic,2022-08-21,2024-08-16,199,Expired
359,3406,Basic,2023-01-12,2024-01-06,199,Cancelled
360,10538,Basic,2022-10-15,2024-05-28,199,Expired
361,18467,Basic,2023-05-22,2024-09-17,199,Expired
362,8627,Premium,2022-09-07,2023-12-26,499,Expired
363,3482,Basic,2023-04-21,2024-08-20,199,Expired
364,17819,Fleet,2023-01-14,2024-02-23,999,Expired
365,128,Basic,2022-08-13,2023-10-17,199,Expired
366,13427,Basic,2023-02-28,2024-06-22,199,Expired
367,10611,Basic,2022-09-02,2024-07-05,199,Expired
368,15274,Premium,2022-05-08,2024-03-27,499,Expired
369,19581,Basic,2022-11-07,2023-02-10,199,Expired
370,19286,Basic,2022-10-23,2023-02-17,199,Expired
371,12823,Basic,2022-03-23,2023-02-20,199,Expired
372,3074,Basic,2023-02-06,2024-02-13,199,Expired
373,2381,Basic,2022-11-09,2023-07-24,199,Expired
374,2484,Basic,2022-04-24,2023-08-25,199,Expired
375,3462,Basic,2023-02-14,2024-08-21,199,Expired
376,15232,Premium,2023-02-18,2023-07-07,499,Expired
377,7459,Basic,2023-03-04,2024-03-10,199,Expired
378,15885,Basic,2022-10-22,2023-11-08,199,Expired
379,6886,Premium,2022-10-11,2023-06-14,499,Cancelled
380,15098,Premium,2022-11-25,2023-05-11,499,Expired
381,18685,Basic,2022-07-10,2023-01-24,199,Expired
382,14971,Basic,2022-05-06,2023-01-06,199,Expired
383,804,Basic,2022-10-20,2023-04-15,199,Expired
384,475,Premium,2023-01-03,2023-12-19,499,Expired
385,8609,Basic,2023-01-13,2023-10-06,199,Expired
386,6483,Basic,2023-03-09,2023-07-29,199,Expired
387,18288,Premium,2022-05-11,2023-03-11,499,Expired
388,5558,Basic,2023-04-10,2025-02-27,199,Expired
389,13949,Basic,2023-01-04,2024-06-05,199,Expired
390,8892,Fleet,2023-02-05,2023-05-11,999,Expired
391,12522,Basic,2023-05-18,2024-04-16,199,Expired
392,4449,Basic,2022-03-19,2023-01-06,199,Expired
393,485,Basic,2023-01-09,2024-01-31,199,Expired
394,10423,Basic,2023-05-30,2024-09-11,199,Expired
395,19412,Premium,2023-03-28,2024-01-07,499,Expired
396,14901,Basic,2022-08-25,2024-01-17,199,Cancelled
397,11227,Basic,2023-02-21,2024-01-17,199,Expired
398,19133,Basic,2022-06-13,2023-06-26,199,Expired
399,7921,Premium,2023-01-14,2023-06-12,499,Expired
400,7912,Basic,2022-08-15,2023-11-26,199,Expired
401,2767,Fleet,2023-05-20,2024-03-06,999,Cancelled
402,14866,Basic,2022-03-29,2022-10-01,199,Expired
403,16507,Fleet,2023-05-14,2024-06-02,999,Expired
404,11689,Basic,2022-10-28,2023-10-17,199,Expired
405,4038,Basic,2023-03-14,2024-06-22,199,Cancelled
406,857,Premium,2022-09-09,2023-08-29,499,Expired
407,16137,Basic,2022-10-08,2023-11-27,199,Expired
408,8831,Basic,2022-05-01,2024-01-04,199,Expired
409,8804,Fleet,2022-05-23,2024-03-21,999,Cancelled
410,11839,Premium,2022-10-27,2024-09-21,499,Expired
411,3827,Basic,2022-11-17,2024-03-24,199,Expired
412,18128,Premium,2023-01-15,2023-11-11,499,Expired
413,5996,Basic,2022-11-18,2024-05-21,199,Expired
414,504,Basic,2023-04-09,2024-05-13,199,Expired
415,2960,Basic,2023-02-23,2024-01-12,199,Expired
416,7989,Premium,2022-07-03,2023-12-17,499,Expired
417,9641,Premium,2022-04-28,2024-04-24,499,Expired
418,8110,Basic,2022-11-27,2024-09-22,199,Cancelled
419,5383,Premium,2022-09-10,2023-11-13,499,Expired
420,13952,Basic,2022-12-02,2024-03-16,199,Expired
421,13139,Premium,2022-08-29,2024-04-19,499,Expired
422,17988,Basic,2022-10-07,2024-03-10,199,Expired
423,13436,Basic,2023-04-04,2024-05-03,199,Expired
424,7726,Basic,2022-04-24,2023-03-07,199,Cancelled
425,12034,Basic,2022-05-25,2023-12-05,199,Expired
426,8130,Fleet,2022-11-08,2023-10-17,999,Expired
427,12788,Basic,2022-05-26,2024-02-08,199,Expired
428,8293,Basic,2023-01-08,2024-11-13,199,Cancelled
429,18322,Basic,2022-10-28,2023-03-30,199,Expired
430,13061,Basic,2022-05-01,2023-04-08,199,Expired
431,3296,Premium,2022-11-22,2024-04-03,499,Cancelled
432,8958,Fleet,2023-02-09,2025-02-07,999,Cancelled
433,116,Fleet,2023-03-17,2023-08-31,999,Expired
434,5648,Basic,2023-01-07,2024-12-21,199,Expired
435,12625,Basic,2022-10-23,2023-05-05,199,Expired
436,14748,Premium,2022-06-02,2022-11-15,499,Expired
437,7182,Premium,2022-04-24,2024-04-15,499,Expired
438,1711,Premium,2023-04-27,2024-07-11,499,Expired
439,15958,Basic,2022-10-10,2023-07-08,199,Expired
440,5818,Basic,2022-06-19,2024-04-21,199,Expired
441,15279,Premium,2022-10-31,2024-04-29,499,Expired
442,2481,Premium,2023-02-02,2023-08-26,499,Cancelled
443,10251,Basic,2023-01-14,2024-10-21,199,Expired
444,4033,Basic,2023-01-21,2024-12-04,199,Expired
445,13348,Basic,2023-04-28,2024-07-15,199,Expired
446,16531,Premium,2023-03-31,2025-03-20,499,Expired
447,9515,Basic,2022-05-10,2023-06-04,199,Expired
448,4611,Basic,2023-01-08,2024-05-20,199,Expired
449,5118,Basic,2022-09-06,2023-08-17,199,Expired
450,16947,Basic,2023-04-02,2024-03-09,199,Expired
451,6386,Fleet,2023-02-02,2025-01-16,999,Expired
452,15140,Basic,2022-05-11,2023-08-03,199,Expired
453,6272,Basic,2022-08-22,2024-06-15,199,Expired
454,342,Basic,2022-07-09,2023-11-05,199,Expired
455,829,Premium,2023-02-20,2023-12-01,499,Expired
456,12530,Fleet,2023-01-30,2024-04-08,999,Cancelled
457,11552,Premium,2022-07-04,2023-04-14,499,Expired
458,9528,Basic,2022-05-14,2022-11-26,199,Expired
459,11837,Basic,2023-01-18,2024-06-15,199,Expired
460,314,Premium,2022-06-27,2024-03-31,499,Cancelled
461,11698,Basic,2022-09-12,2023-08-19,199,Expired
462,10052,Premium,2022-02-02,2023-02-11,499,Expired
463,12864,Premium,2023-05-07,2024-01-29,499,Cancelled
464,16071,Fleet,2022-08-22,2023-12-13,999,Expired
465,17137,Premium,2023-03-04,2024-05-03,499,Expired
466,18262,Basic,2022-10-04,2023-06-16,199,Expired
467,4910,Basic,2022-04-15,2022-11-20,199,Expired
468,17797,Basic,2022-01-11,2023-11-07,199,Expired
469,8874,Premium,2022-09-23,2023-01-16,499,Expired
470,18286,Basic,2022-09-28,2023-09-06,199,Cancelled
471,410,Premium,2022-03-26,2023-04-17,499,Expired
472,3796,Premium,2023-03-14,2023-07-16,499,Expired
473,2704,Basic,2022-04-16,2023-06-10,199,Expired
474,10343,Basic,2022-10-15,2023-06-04,199,Expired
475,4982,Premium,2022-11-15,2023-05-15,499,Expired
476,8583,Basic,2022-08-21,2023-04-20,199,Expired
477,7668,Basic,2022-12-07,2023-12-14,199,Expired
478,17518,Fleet,2022-03-28,2023-05-05,999,Expired
479,17184,Premium,2023-01-15,2024-05-11,499,Expired
480,9726,Premium,2022-06-14,2023-08-20,499,Expired
481,18154,Premium,2023-01-07,2024-12-09,499,Expired
482,7500,Basic,2022-08-29,2023-05-25,199,Expired
483,17037,Basic,2023-02-09,2024-04-05,199,Expired
484,7721,Basic,2022-10-18,2023-05-22,199,Expired
485,1906,Premium,2022-08-21,2023-10-31,499,Expired
486,6718,Basic,2022-05-23,2022-09-28,199,Expired
487,2175,Premium,2022-08-06,2023-03-13,499,Expired
488,6770,Premium,2023-02-16,2024-04-28,499,Expired
489,7162,Fleet,2022-09-26,2024-07-30,999,Expired
490,6505,Premium,2022-07-06,2023-09-02,499,Expired
491,18766,Premium,2022-11-08,2024-03-27,499,Expired
492,4421,Basic,2022-11-06,2024-02-04,199,Expired
493,1273,Basic,2022-10-11,2023-12-30,199,Expired
494,452,Fleet,2022-08-22,2024-04-20,999,Expired
495,3520,Premium,2022-07-30,2023-01-23,499,Expired
496,17478,Fleet,2022-07-22,2023-08-11,999,Expired
497,9568,Basic,2022-05-21,2022-12-29,199,Expired
498,248,Basic,2023-01-20,2023-07-11,199,Expired
499,17816,Basic,2023-03-21,2023-07-01,199,Expired
500,1748,Fleet,2022-09-10,2023-12-24,999,Expired
501,2086,Basic,2022-10-13,2024-01-04,199,Expired
502,12493,Premium,2022-08-06,2023-12-07,499,Expired
503,13352,Basic,2022-11-02,2024-07-16,199,Expired
504,4975,Basic,2022-12-23,2024-04-13,199,Expired
505,3499,Basic,2022-09-15,2024-05-03,199,Expired
506,13443,Basic,2022-05-30,2023-09-09,199,Expired
507,1085,Premium,2022-09-10,2024-07-15,499,Expired
508,4936,Basic,2022-05-02,2024-01-24,199,Expired
509,6238,Basic,2023-05-01,2023-11-20,199,Expired
510,6735,Basic,2023-05-08,2025-03-09,199,Expired
511,12984,Basic,2022-06-19,2023-04-06,199,Expired
512,14250,Fleet,2022-06-23,2022-10-07,999,Expired
513,11983,Basic,2023-01-14,2024-01-01,199,Cancelled
514,5923,Premium,2022-03-13,2023-09-03,499,Expired
515,17269,Basic,2022-08-02,2024-02-26,199,Cancelled
516,8949,Basic,2022-11-08,2023-12-17,199,Cancelled
517,19451,Basic,2023-05-10,2024-06-13,199,Expired
518,4150,Premium,2022-12-08,2024-08-15,499,Expired
519,5100,Fleet,2022-12-31,2024-03-17,999,Expired
520,9513,Fleet,2022-02-28,2022-05-29,999,Expired
521,13260,Basic,2022-06-07,2023-11-20,199,Cancelled
522,17361,Basic,2022-08-01,2024-02-09,199,Cancelled
523,17038,Premium,2022-07-25,2023-09-26,499,Cancelled
524,3336,Basic,2022-08-26,2024-08-18,199,Expired
525,17586,Fleet,2023-02-04,2023-07-29,999,Expired
526,19820,Basic,2022-12-03,2023-06-16,199,Cancelled
527,13729,Premium,2022-12-16,2024-01-17,499,Expired
528,9894,Basic,2022-05-11,2023-08-01,199,Expired
529,7651,Fleet,2022-11-10,2023-10-31,999,Expired
530,2239,Premium,2022-09-06,2024-05-21,499,Expired
531,14205,Basic,2022-02-22,2022-11-20,199,Expired
532,252,Premium,2022-04-25,2023-09-16,499,Expired
533,8197,Basic,2022-06-01,2023-11-25,199,Expired
534,4707,Basic,2022-06-16,2023-05-16,199,Expired
535,8144,Premium,2022-08-03,2024-05-09,499,Expired
536,2715,Basic,2022-04-24,2023-06-07,199,Expired
537,18080,Premium,2022-12-29,2023-08-16,499,Expired
538,9530,Basic,2023-01-29,2024-03-17,199,Cancelled
539,10342,Basic,2022-11-27,2023-08-26,199,Expired
540,15291,Premium,2022-02-17,2023-11-04,499,Expired
541,327,Basic,2022-12-24,2023-04-21,199,Expired
542,4981,Basic,2023-04-03,2024-10-16,199,Expired
543,7439,Premium,2022-07-23,2022-11-08,499,Expired
544,6648,Premium,2022-05-28,2022-11-24,499,Expired
545,6259,Basic,2022-06-26,2023-03-05,199,Expired
546,9048,Premium,2022-08-14,2023-12-29,499,Expired
547,3394,Basic,2022-08-26,2022-12-02,199,Expired
548,17665,Premium,2022-08-03,2022-12-21,499,Expired
549,19415,Basic,2022-06-23,2023-03-16,199,Expired
550,16118,Basic,2022-07-22,2023-03-23,199,Cancelled
551,1338,Basic,2022-06-01,2023-11-21,199,Cancelled
552,3169,Premium,2023-01-10,2024-09-12,499,Expired
553,12861,Premium,2022-10-11,2023-03-23,499,Expired
554,19815,Basic,2023-01-06,2024-03-01,199,Expired
555,2394,Premium,2022-08-04,2024-04-09,499,Expired
556,19916,Premium,2022-11-04,2023-11-18,499,Expired
557,15180,Premium,2023-01-29,2024-09-14,499,Expired
558,5924,Premium,2023-04-07,2024-02-03,499,Expired
559,16298,Basic,2022-10-08,2023-01-20,199,Expired
560,2744,Fleet,2022-11-29,2024-03-03,999,Expired
561,5006,Basic,2022-12-15,2023-08-25,199,Expired
562,18717,Basic,2022-06-03,2023-02-25,199,Expired
563,19614,Fleet,2022-09-04,2024-08-26,999,Expired
564,11644,Premium,2022-10-12,2023-03-21,499,Expired
565,4120,Basic,2022-10-08,2024-03-06,199,Expired
566,2091,Basic,2022-04-11,2023-07-10,199,Cancelled
567,7444,Premium,2022-07-05,2023-11-03,499,Expired
568,8732,Basic,2022-10-16,2023-12-13,199,Cancelled
569,14405,Premium,2023-04-19,2024-11-27,499,Expired
570,5703,Premium,2023-01-14,2023-04-21,499,Cancelled
571,3801,Basic,2022-09-26,2024-09-04,199,Expired
572,11420,Premium,2022-09-07,2023-07-13,499,Expired
573,2009,Basic,2022-11-20,2023-09-27,199,Expired
574,1494,Premium,2022-04-08,2023-12-27,499,Expired
575,9283,Premium,2023-02-08,2024-12-13,499,Expired
576,7790,Fleet,2022-10-28,2023-08-12,999,Expired
577,3849,Basic,2023-01-13,2024-04-10,199,Expired
578,15651,Basic,2023-04-26,2024-04-18,199,Expired
579,19144,Premium,2022-11-08,2024-10-01,499,Expired
580,18552,Basic,2023-01-31,2023-10-14,199,Cancelled
581,19250,Fleet,2023-01-10,2024-12-17,999,Expired
582,4195,Premium,2023-01-12,2024-01-09,499,Cancelled
583,1513,Basic,2022-10-28,2023-09-07,199,Expired
584,2749,Basic,2022-12-12,2023-11-20,199,Expired
585,18212,Premium,2022-05-18,2023-11-11,499,Expired
586,3734,Premium,2022-06-17,2024-05-27,499,Expired
587,7655,Basic,2023-02-13,2024-04-21,199,Expired
588,2347,Basic,2022-09-09,2024-08-22,199,Expired
589,2520,Basic,2023-01-16,2024-04-10,199,Expired
590,719,Fleet,2023-01-05,2024-08-17,999,Expired
591,140,Premium,2022-08-11,2023-08-14,499,Expired
592,17948,Basic,2022-08-15,2023-10-19,199,Expired
593,17763,Basic,2022-07-02,2023-03-05,199,Expired
594,2445,Basic,2022-01-17,2022-09-24,199,Cancelled
595,5199,Premium,2022-12-11,2024-10-18,499,Expired
596,1403,Basic,2023-01-07,2023-06-07,199,Expired
597,16322,Basic,2022-12-11,2023-07-29,199,Expired
598,1731,Basic,2023-05-10,2024-11-16,199,Expired
599,9261,Basic,2023-01-09,2024-10-16,199,Expired
600,3722,Fleet,2022-05-01,2023-08-20,999,Expired
601,17841,Basic,2022-12-04,2023-05-12,199,Expired
602,19737,Premium,2022-07-03,2023-02-03,499,Expired
603,8122,Basic,2022-06-03,2023-03-31,199,Expired
604,9532,Premium,2022-09-06,2023-01-12,499,Expired
605,17731,Premium,2023-03-19,2024-01-24,499,Expired
606,18907,Premium,2022-09-29,2023-07-02,499,Cancelled
607,14284,Basic,2022-09-03,2024-08-14,199,Cancelled
608,4075,Basic,2022-04-10,2023-12-23,199,Expired
609,9050,Basic,2022-07-11,2023-07-01,199,Expired
610,6439,Basic,2023-01-14,2023-07-27,199,Expired
611,2268,Basic,2022-06-06,2023-03-15,199,Expired
612,2831,Basic,2023-02-06,2025-01-31,199,Expired
613,10496,Basic,2022-05-07,2023-03-18,199,Expired
614,14178,Premium,2022-08-08,2024-02-15,499,Expired
615,12292,Premium,2023-01-21,2024-11-06,499,Expired
616,8367,Basic,2022-10-08,2023-04-08,199,Expired
617,16895,Basic,2023-02-27,2024-07-20,199,Expired
618,8467,Basic,2022-07-06,2024-06-17,199,Expired
619,2933,Basic,2022-09-09,2024-05-03,199,Cancelled
620,13785,Basic,2022-03-27,2022-07-12,199,Expired
621,16076,Fleet,2022-07-04,2024-06-14,999,Cancelled
622,12951,Premium,2023-01-27,2023-12-18,499,Expired
623,2947,Basic,2023-03-16,2023-09-28,199,Cancelled
624,17515,Basic,2022-11-26,2023-09-03,199,Expired
625,11293,Basic,2023-02-09,2023-10-14,199,Cancelled
626,19607,Basic,2022-06-22,2023-04-07,199,Expired
627,9391,Premium,2023-01-08,2024-03-04,499,Expired
628,9294,Basic,2022-05-25,2023-06-12,199,Expired
629,17748,Premium,2022-06-13,2023-10-05,499,Expired
630,6163,Basic,2022-03-10,2023-03-07,199,Expired
631,9759,Basic,2022-03-25,2022-11-19,199,Expired
632,8545,Basic,2022-09-03,2023-05-04,199,Expired
633,2580,Basic,2022-08-18,2022-11-28,199,Cancelled
634,4388,Premium,2022-08-27,2023-01-02,499,Expired
635,11226,Premium,2022-10-28,2024-01-06,499,Expired
636,18150,Premium,2022-08-25,2023-06-28,499,Expired
637,4833,Premium,2022-07-13,2023-08-28,499,Expired
638,9392,Basic,2022-08-29,2023-03-06,199,Expired
639,6706,Premium,2022-07-16,2023-07-17,499,Expired
640,16193,Basic,2022-10-28,2023-05-24,199,Expired
641,2627,Basic,2022-08-30,2024-01-07,199,Expired
642,9099,Basic,2022-07-10,2023-08-15,199,Expired
643,10873,Premium,2023-02-27,2024-03-30,499,Expired
644,6889,Basic,2022-08-06,2024-04-13,199,Expired
645,19365,Premium,2022-02-23,2023-06-11,499,Expired
646,5688,Basic,2022-09-28,2023-05-04,199,Expired
647,4950,Premium,2023-01-12,2024-03-26,499,Expired
648,14307,Premium,2022-07-19,2024-01-19,499,Expired
649,11331,Premium,2022-03-18,2023-03-26,499,Expired
650,19491,Basic,2022-08-23,2023-05-24,199,Expired
651,1806,Basic,2022-07-27,2024-05-20,199,Expired
652,13812,Premium,2023-05-16,2024-08-30,499,Expired
653,11998,Basic,2023-04-13,2023-12-22,199,Expired
654,16481,Basic,2022-10-26,2023-01-29,199,Expired
655,8509,Premium,2022-07-04,2023-01-07,499,Cancelled
656,19716,Basic,2023-03-24,2025-02-12,199,Expired
657,8576,Basic,2022-12-08,2024-12-04,199,Expired
658,4878,Basic,2022-08-18,2023-11-11,199,Cancelled
659,10880,Basic,2022-10-25,2023-06-11,199,Expired
660,1148,Premium,2022-07-03,2023-03-23,499,Expired
661,6077,Premium,2022-12-20,2024-02-04,499,Cancelled
662,6310,Fleet,2023-05-14,2023-08-26,999,Expired
663,6211,Basic,2022-06-17,2023-07-18,199,Cancelled
664,16880,Premium,2022-03-02,2022-09-08,499,Expired
665,5715,Premium,2022-08-03,2023-02-23,499,Expired
666,15993,Basic,2023-01-27,2024-10-06,199,Expired
667,15144,Premium,2022-04-22,2023-01-26,499,Expired
668,13303,Basic,2022-12-02,2023-04-09,199,Expired
669,425,Basic,2022-10-15,2024-06-07,199,Expired
670,7361,Basic,2022-09-14,2023-04-21,199,Expired
671,19417,Premium,2022-08-08,2024-07-11,499,Expired
672,7242,Basic,2022-12-08,2023-06-05,199,Cancelled
673,15704,Basic,2022-10-10,2024-02-26,199,Expired
674,9996,Premium,2022-09-05,2023-03-31,499,Expired
675,15487,Basic,2023-03-07,2024-04-10,199,Expired
676,2178,Basic,2022-05-03,2023-03-03,199,Cancelled
677,7052,Basic,2023-01-11,2023-08-10,199,Expired
678,6406,Basic,2022-06-17,2023-05-20,199,Expired
679,5352,Basic,2022-12-26,2024-09-09,199,Expired
680,12907,Basic,2022-11-24,2024-06-30,199,Expired
681,1607,Basic,2022-06-22,2022-11-06,199,Expired
682,3063,Basic,2022-03-16,2022-09-01,199,Expired
683,17403,Premium,2023-02-20,2023-06-30,499,Expired
684,3489,Premium,2022-08-07,2024-02-14,499,Cancelled
685,4202,Basic,2022-09-03,2023-10-21,199,Expired
686,18506,Basic,2023-01-29,2024-12-14,199,Expired
687,17688,Premium,2023-05-03,2025-02-11,499,Expired
688,16599,Fleet,2023-04-06,2023-12-20,999,Cancelled
689,2806,Basic,2022-02-25,2023-04-01,199,Expired
690,12350,Premium,2022-06-30,2022-10-14,499,Expired
691,18690,Fleet,2023-01-13,2023-07-18,999,Expired
692,6249,Basic,2022-10-10,2023-02-14,199,Expired
693,9705,Premium,2022-08-22,2023-08-27,499,Expired
694,6915,Basic,2022-11-01,2023-07-01,199,Expired
695,14038,Basic,2022-08-21,2023-12-25,199,Expired
696,4032,Basic,2022-05-14,2024-01-26,199,Expired
697,4450,Basic,2022-07-15,2023-12-05,199,Cancelled
698,11263,Premium,2022-12-06,2024-10-21,499,Expired
699,18577,Basic,2023-01-03,2024-04-03,199,Expired
700,3529,Premium,2022-07-01,2023-04-14,499,Expired
701,18788,Basic,2023-01-10,2024-09-24,199,Expired
702,15570,Fleet,2022-04-27,2023-07-22,999,Expired
703,17683,Basic,2023-02-13,2024-06-03,199,Cancelled
704,2320,Basic,2022-04-20,2023-10-22,199,Expired
705,12784,Basic,2023-03-18,2024-12-19,199,Cancelled
706,8100,Basic,2022-12-13,2023-10-15,199,Expired
707,3510,Basic,2023-01-31,2023-07-08,199,Expired
708,11341,Premium,2022-07-03,2024-01-24,499,Expired
709,8166,Basic,2022-05-05,2023-10-16,199,Cancelled
710,5395,Premium,2022-11-22,2023-03-27,499,Expired
711,8026,Premium,2022-07-12,2023-08-26,499,Expired
712,4394,Premium,2023-04-24,2025-01-29,499,Expired
713,4591,Basic,2022-11-27,2024-10-08,199,Expired
714,16145,Premium,2022-11-18,2023-07-31,499,Expired
715,1053,Premium,2022-06-28,2023-12-04,499,Expired
716,10331,Premium,2022-11-12,2024-10-04,499,Expired
717,16862,Basic,2023-01-10,2024-08-11,199,Expired
718,2579,Fleet,2022-03-03,2023-10-08,999,Expired
719,10505,Basic,2022-03-20,2022-10-24,199,Expired
720,19883,Basic,2022-08-06,2024-08-01,199,Cancelled
721,8353,Premium,2022-12-15,2023-06-05,499,Expired
722,17459,Premium,2022-11-16,2024-11-05,499,Expired
723,19376,Basic,2022-07-25,2024-07-23,199,Expired
724,4725,Basic,2022-04-29,2024-02-27,199,Expired
725,18919,Fleet,2023-01-04,2024-06-26,999,Expired
726,2233,Premium,2023-03-08,2024-06-01,499,Expired
727,2778,Premium,2022-02-20,2022-12-04,499,Expired
728,15132,Premium,2022-10-18,2024-09-21,499,Cancelled
729,1291,Basic,2022-05-04,2023-11-19,199,Expired
730,14762,Basic,2023-04-04,2024-07-16,199,Expired
731,2208,Basic,2022-12-26,2024-08-28,199,Expired
732,3450,Basic,2023-03-26,2025-03-08,199,Expired
733,15250,Basic,2022-12-20,2023-12-16,199,Expired
734,9510,Premium,2022-07-27,2024-05-14,499,Expired
735,3036,Premium,2022-08-02,2023-07-15,499,Cancelled
736,16263,Premium,2022-12-16,2024-07-01,499,Expired
737,16818,Basic,2022-11-01,2023-02-01,199,Expired
738,15338,Basic,2022-10-17,2023-06-14,199,Expired
739,10183,Basic,2022-07-03,2023-01-19,199,Expired
740,2999,Premium,2022-08-28,2022-12-07,499,Expired
741,6760,Basic,2022-06-12,2023-05-24,199,Expired
742,2266,Premium,2022-07-08,2024-06-01,499,Expired
743,7338,Premium,2022-10-10,2023-01-16,499,Expired
744,10677,Premium,2022-12-06,2024-01-05,499,Expired
745,4506,Premium,2023-01-11,2023-04-14,499,Expired
746,18427,Basic,2023-01-12,2023-04-14,199,Expired
747,19202,Basic,2022-09-08,2023-03-28,199,Expired
748,6693,Premium,2022-06-04,2024-02-21,499,Cancelled
749,14802,Basic,2023-01-16,2023-12-09,199,Expired
750,14031,Premium,2022-09-03,2024-06-21,499,Expired
751,3107,Basic,2022-06-01,2022-12-12,199,Expired
752,222,Premium,2022-11-05,2023-02-16,499,Expired
753,18357,Fleet,2022-08-16,2023-06-08,999,Expired
754,11826,Premium,2022-09-08,2024-04-06,499,Expired
755,3051,Premium,2022-12-28,2023-12-21,499,Expired
756,4286,Basic,2022-03-15,2023-03-27,199,Expired
757,17542,Premium,2022-03-11,2023-11-29,499,Expired
758,12247,Basic,2022-07-15,2023-07-19,199,Expired
759,211,Fleet,2022-10-15,2023-07-09,999,Cancelled
760,18239,Premium,2022-03-29,2022-11-03,499,Expired
761,1912,Premium,2022-05-06,2022-12-11,499,Expired
762,500,Basic,2022-09-30,2023-05-27,199,Cancelled
763,5000,Premium,2022-11-13,2024-04-18,499,Expired
764,17918,Premium,2022-11-12,2024-05-18,499,Expired
765,17267,Fleet,2022-11-30,2024-10-07,999,Expired
766,8749,Basic,2023-03-04,2025-01-09,199,Expired
767,13684,Basic,2023-03-15,2023-12-19,199,Expired
768,181,Premium,2022-08-27,2023-11-01,499,Expired
769,18927,Basic,2022-10-10,2024-06-24,199,Cancelled
770,13685,Premium,2022-07-23,2023-08-09,499,Expired
771,12001,Basic,2022-11-12,2023-03-14,199,Expired
772,18843,Premium,2022-05-19,2023-06-03,499,Expired
773,11795,Premium,2022-12-04,2023-05-02,499,Expired
774,7268,Premium,2022-09-13,2023-09-16,499,Expired
775,2421,Premium,2022-08-09,2023-08-08,499,Expired
776,15826,Premium,2022-12-13,2023-12-22,499,Expired
777,18203,Fleet,2022-05-06,2024-05-03,999,Expired
778,15635,Basic,2022-09-18,2024-04-13,199,Expired
779,14889,Premium,2022-10-05,2024-09-20,499,Expired
780,467,Basic,2022-08-27,2024-06-11,199,Expired
781,15058,Premium,2022-07-18,2023-01-03,499,Expired
782,60,Premium,2023-02-25,2023-05-27,499,Expired
783,4203,Fleet,2023-02-05,2023-11-24,999,Expired
784,18077,Fleet,2022-04-10,2022-09-09,999,Cancelled
785,7485,Basic,2023-01-02,2023-06-08,199,Cancelled
786,1581,Basic,2023-02-27,2024-08-01,199,Expired
787,7285,Basic,2022-07-19,2023-10-03,199,Expired
788,19828,Premium,2022-08-18,2023-11-10,499,Expired
789,16234,Basic,2022-07-05,2023-06-04,199,Expired
790,9394,Basic,2022-08-06,2023-05-17,199,Cancelled
791,2699,Basic,2022-08-15,2024-03-12,199,Expired
792,4565,Premium,2022-10-17,2024-01-15,499,Expired
793,11404,Basic,2022-08-10,2023-12-05,199,Expired
794,4200,Basic,2022-08-09,2023-05-18,199,Expired
795,19839,Premium,2022-09-02,2024-04-06,499,Expired
796,14903,Basic,2022-08-31,2024-06-30,199,Cancelled
797,7158,Premium,2022-05-28,2022-09-18,499,Cancelled
798,2974,Premium,2022-06-01,2023-03-09,499,Expired
799,7842,Premium,2022-07-02,2023-04-12,499,Expired
800,14767,Basic,2022-04-09,2023-03-16,199,Expired
801,13635,Basic,2023-05-12,2024-01-26,199,Expired
802,7696,Basic,2022-12-12,2024-12-11,199,Expired
803,5935,Basic,2022-08-25,2024-01-11,199,Cancelled
804,13876,Basic,2022-06-20,2024-02-13,199,Expired
805,17226,Basic,2022-06-27,2023-11-27,199,Cancelled
806,5216,Basic,2023-04-22,2024-01-15,199,Expired
807,11433,Basic,2022-09-28,2024-05-13,199,Expired
808,11166,Premium,2023-03-05,2024-03-10,499,Expired
809,11366,Basic,2022-06-02,2022-09-21,199,Expired
810,6627,Basic,2023-01-02,2023-12-12,199,Expired
811,3596,Premium,2023-02-20,2023-06-11,499,Expired
812,13086,Basic,2022-02-23,2023-09-28,199,Expired
813,5273,Premium,2022-07-30,2023-02-04,499,Expired
814,5628,Basic,2023-03-25,2023-07-27,199,Expired
815,12011,Basic,2022-09-21,2023-07-09,199,Expired
816,14842,Basic,2022-07-06,2023-09-09,199,Cancelled
817,10073,Basic,2023-05-25,2024-01-04,199,Expired
818,14752,Premium,2022-06-21,2024-03-24,499,Expired
819,7325,Basic,2022-11-03,2024-01-22,199,Expired
820,8633,Basic,2022-12-05,2023-10-27,199,Expired
821,14109,Basic,2022-11-29,2024-07-30,199,Cancelled
822,1298,Basic,2022-07-24,2024-06-01,199,Expired
823,10367,Basic,2022-10-26,2023-05-01,199,Expired
824,13249,Premium,2023-02-09,2024-09-05,499,Expired
825,201,Basic,2023-01-22,2023-05-13,199,Expired
826,1457,Basic,2022-02-01,2022-09-10,199,Expired
827,10560,Premium,2022-05-27,2023-02-11,499,Cancelled
828,9801,Premium,2022-11-21,2024-04-06,499,Expired
829,8454,Premium,2023-04-24,2024-04-09,499,Expired
830,9652,Basic,2022-08-30,2023-04-11,199,Expired
831,8893,Basic,2022-08-06,2023-03-28,199,Expired
832,18545,Fleet,2022-02-23,2024-01-09,999,Expired
833,10264,Fleet,2022-12-08,2023-06-16,999,Expired
834,1203,Premium,2022-12-05,2024-07-09,499,Expired
835,15968,Basic,2023-03-11,2023-10-19,199,Expired
836,3644,Premium,2022-05-26,2023-01-10,499,Expired
837,10991,Premium,2022-10-13,2024-05-27,499,Expired
838,10724,Basic,2023-03-07,2024-06-21,199,Expired
839,10357,Basic,2022-05-18,2023-04-16,199,Expired
840,3129,Premium,2022-05-20,2023-09-26,499,Expired
841,4352,Premium,2022-04-28,2023-03-12,499,Expired
842,19403,Fleet,2022-10-08,2024-07-23,999,Expired
843,15879,Fleet,2022-06-29,2024-02-18,999,Expired
844,3012,Premium,2022-12-10,2024-01-29,499,Expired
845,5091,Basic,2023-02-12,2024-02-22,199,Expired
846,17108,Basic,2022-11-05,2023-05-17,199,Expired
847,2622,Basic,2022-04-15,2022-10-07,199,Expired
848,1535,Basic,2022-06-21,2023-12-25,199,Expired
849,18179,Basic,2022-10-20,2024-09-09,199,Expired
850,3837,Basic,2022-08-29,2023-09-26,199,Expired
851,17767,Basic,2022-12-23,2024-10-08,199,Expired
852,11521,Basic,2023-04-29,2023-08-04,199,Expired
853,16081,Basic,2022-04-17,2023-06-14,199,Expired
854,15860,Basic,2023-01-13,2023-09-13,199,Expired
855,8551,Basic,2022-06-22,2022-09-22,199,Cancelled
856,15663,Basic,2023-01-02,2024-10-27,199,Expired
857,5130,Basic,2022-11-12,2023-11-05,199,Expired
858,14009,Fleet,2023-03-06,2024-10-31,999,Expired
859,3353,Premium,2022-12-04,2023-08-01,499,Expired
860,13455,Premium,2022-07-01,2022-10-07,499,Expired
861,13759,Premium,2023-04-08,2024-05-22,499,Cancelled
862,4904,Premium,2022-07-25,2023-11-13,499,Expired
863,2931,Basic,2023-04-29,2024-03-25,199,Expired
864,1088,Premium,2022-10-24,2023-11-07,499,Expired
865,15245,Basic,2022-07-18,2023-03-20,199,Expired
866,12089,Premium,2022-12-09,2023-09-15,499,Expired
867,4885,Basic,2023-02-15,2023-06-05,199,Cancelled
868,14634,Basic,2022-10-01,2023-07-21,199,Expired
869,7948,Basic,2022-07-16,2023-05-23,199,Expired
870,16824,Premium,2022-09-07,2023-01-14,499,Expired
871,15820,Fleet,2022-10-12,2023-01-31,999,Expired
872,5392,Basic,2022-03-16,2024-01-08,199,Cancelled
873,7246,Basic,2023-05-14,2024-03-19,199,Expired
874,15683,Basic,2022-04-21,2022-12-24,199,Expired
875,6280,Premium,2022-06-05,2023-03-03,499,Expired
876,5195,Basic,2023-03-29,2024-03-18,199,Expired
877,14223,Basic,2022-05-29,2024-02-29,199,Expired
878,17122,Premium,2022-10-08,2024-05-31,499,Expired
879,19673,Basic,2022-08-01,2023-03-24,199,Expired
880,17186,Premium,2023-05-03,2025-03-19,499,Expired
881,1730,Basic,2022-11-19,2023-04-24,199,Cancelled
882,19915,Premium,2022-07-24,2024-01-08,499,Expired
883,19842,Basic,2023-04-20,2024-02-27,199,Expired
884,13337,Premium,2022-12-13,2023-04-19,499,Cancelled
885,3311,Premium,2022-03-21,2023-10-02,499,Expired
886,12572,Basic,2023-05-15,2024-03-25,199,Expired
887,3416,Fleet,2022-04-30,2024-01-18,999,Expired
888,5862,Basic,2022-12-22,2024-09-17,199,Expired
889,15238,Fleet,2023-01-18,2023-09-17,999,Expired
890,6260,Premium,2022-08-28,2024-03-20,499,Expired
891,9620,Basic,2022-12-12,2023-11-19,199,Expired
892,5864,Premium,2022-01-28,2022-10-12,499,Cancelled
893,9807,Basic,2022-12-10,2023-08-05,199,Expired
894,5850,Basic,2022-10-03,2023-08-23,199,Expired
895,2755,Premium,2023-01-08,2024-05-07,499,Expired
896,13644,Basic,2022-11-20,2023-03-20,199,Expired
897,10193,Fleet,2022-12-03,2023-03-26,999,Cancelled
898,8036,Basic,2022-05-29,2023-04-07,199,Expired
899,16837,Basic,2022-05-27,2024-01-17,199,Expired
900,15028,Premium,2022-07-13,2022-12-02,499,Cancelled
901,10762,Basic,2022-04-09,2022-11-19,199,Expired
902,7376,Premium,2022-07-11,2023-12-19,499,Expired
903,10710,Fleet,2022-06-13,2023-03-18,999,Expired
904,5999,Basic,2022-07-01,2023-11-03,199,Expired
905,12265,Premium,2022-02-02,2023-03-05,499,Expired
906,19734,Premium,2022-04-29,2023-07-15,499,Expired
907,19733,Basic,2022-12-13,2023-04-14,199,Cancelled
908,1283,Fleet,2022-12-20,2023-06-15,999,Expired
909,5291,Basic,2022-09-02,2023-01-14,199,Expired
910,10785,Basic,2022-12-02,2023-12-21,199,Expired
911,11068,Premium,2023-02-24,2024-08-21,499,Expired
912,19689,Fleet,2022-04-30,2023-06-02,999,Expired
913,4022,Fleet,2022-11-01,2024-06-19,999,Expired
914,16142,Premium,2023-01-31,2023-07-19,499,Expired
915,6827,Fleet,2023-02-17,2023-06-29,999,Expired
916,18362,Basic,2022-06-09,2023-01-22,199,Expired
917,12085,Premium,2022-09-19,2024-08-03,499,Cancelled
918,11052,Basic,2023-02-02,2024-05-12,199,Expired
919,8332,Fleet,2022-10-08,2024-02-07,999,Expired
920,10079,Basic,2023-03-05,2024-01-15,199,Expired
921,8994,Premium,2022-02-21,2022-06-29,499,Expired
922,9819,Fleet,2022-01-18,2022-06-29,999,Expired
923,16875,Basic,2023-02-13,2025-01-09,199,Cancelled
924,10647,Basic,2022-07-02,2022-12-15,199,Expired
925,13994,Basic,2022-08-12,2024-07-15,199,Cancelled
926,19990,Basic,2023-01-08,2024-09-14,199,Expired
927,9711,Premium,2022-03-07,2023-05-11,499,Expired
928,6897,Premium,2022-05-15,2022-11-06,499,Cancelled
929,15371,Basic,2022-11-21,2024-03-05,199,Expired
930,11680,Premium,2022-09-25,2024-07-05,499,Expired
931,8963,Basic,2022-07-21,2024-05-14,199,Expired
932,5475,Basic,2023-02-20,2024-10-05,199,Expired
933,6403,Basic,2022-06-27,2023-09-12,199,Expired
934,3726,Basic,2022-04-29,2024-04-10,199,Cancelled
935,3740,Fleet,2023-04-19,2024-03-17,999,Expired
936,10222,Basic,2022-08-09,2024-02-27,199,Expired
937,13085,Premium,2022-08-13,2023-05-28,499,Expired
938,8733,Basic,2022-12-30,2023-04-26,199,Expired
939,12492,Basic,2023-05-11,2025-01-09,199,Expired
940,6776,Basic,2023-01-07,2023-10-15,199,Expired
941,19981,Premium,2023-03-26,2023-09-30,499,Expired
942,4292,Premium,2022-08-20,2024-06-08,499,Expired
943,3580,Basic,2022-05-02,2023-05-13,199,Cancelled
944,12569,Basic,2022-12-19,2024-04-11,199,Cancelled
945,929,Premium,2023-01-03,2023-11-23,499,Expired
946,6530,Premium,2022-08-17,2023-02-27,499,Expired
947,3845,Premium,2023-01-18,2023-08-13,499,Expired
948,18144,Fleet,2022-07-10,2023-06-18,999,Expired
949,10868,Basic,2022-08-30,2023-10-07,199,Expired
950,17780,Basic,2023-02-01,2024-03-13,199,Expired
951,17401,Basic,2022-06-09,2022-11-21,199,Expired
952,6149,Premium,2023-01-19,2024-11-11,499,Expired
953,8320,Premium,2022-07-08,2024-04-18,499,Cancelled
954,1816,Premium,2022-11-23,2024-04-18,499,Expired
955,6073,Premium,2022-10-30,2024-09-13,499,Expired
956,9301,Fleet,2022-04-19,2023-05-23,999,Expired
957,11848,Premium,2022-12-13,2023-08-05,499,Expired
958,19588,Basic,2022-10-21,2024-04-17,199,Expired
959,9458,Basic,2023-03-08,2024-04-20,199,Expired
960,5834,Fleet,2022-07-05,2024-05-18,999,Expired
961,19265,Basic,2022-08-08,2024-06-10,199,Expired
962,15022,Basic,2022-03-22,2023-09-09,199,Expired
963,14378,Basic,2022-08-12,2023-11-20,199,Expired
964,8883,Basic,2022-09-22,2024-08-01,199,Expired
965,14305,Basic,2023-05-28,2024-07-30,199,Expired
966,10490,Basic,2022-11-05,2023-08-25,199,Cancelled
967,11886,Basic,2022-11-09,2023-02-24,199,Expired
968,14219,Basic,2022-07-23,2022-11-01,199,Expired
969,5904,Premium,2022-07-10,2023-08-12,499,Expired
970,7665,Premium,2022-09-06,2023-03-07,499,Expired
971,14010,Premium,2022-04-20,2023-08-03,499,Expired
972,2130,Basic,2022-12-18,2024-08-02,199,Expired
973,19863,Basic,2023-05-22,2024-09-02,199,Expired
974,7780,Basic,2022-12-05,2023-03-28,199,Expired
975,2741,Premium,2023-02-05,2023-05-16,499,Expired
976,17471,Basic,2023-04-11,2024-04-06,199,Cancelled
977,8814,Premium,2022-08-03,2023-11-22,499,Expired
978,15173,Fleet,2022-11-17,2024-04-13,999,Expired
979,10780,Premium,2022-06-22,2023-11-26,499,Expired
980,1351,Fleet,2022-10-27,2023-05-23,999,Expired
981,9059,Basic,2022-07-30,2023-12-02,199,Expired
982,13496,Basic,2022-03-09,2023-10-17,199,Expired
983,9923,Basic,2022-11-12,2024-03-12,199,Expired
984,1523,Basic,2022-08-25,2023-11-22,199,Expired
985,6761,Basic,2022-08-08,2023-06-05,199,Expired
986,18863,Basic,2023-02-14,2023-08-16,199,Expired
987,2798,Basic,2022-10-28,2023-10-09,199,Expired
988,7041,Premium,2022-11-05,2023-05-12,499,Expired
989,2993,Basic,2023-01-16,2023-12-17,199,Expired
990,13752,Basic,2022-07-28,2024-03-30,199,Expired
991,15060,Basic,2023-02-02,2023-08-26,199,Expired
992,15067,Basic,2023-03-15,2023-06-19,199,Expired
993,9756,Premium,2022-06-13,2022-09-11,499,Cancelled
994,9153,Basic,2022-07-12,2022-12-31,199,Expired
995,7458,Basic,2022-10-31,2023-04-13,199,Expired
996,7684,Basic,2022-12-06,2023-05-26,199,Expired
997,17822,Basic,2023-03-28,2023-12-08,199,Expired
998,10262,Premium,2022-03-14,2023-12-12,499,Expired
999,12965,Basic,2022-04-15,2022-10-06,199,Expired
1000,89,Basic,2022-01-20,2022-05-18,199,Expired
1001,10400,Premium,2023-04-16,2024-06-25,499,Expired
1002,8973,Premium,2022-12-16,2024-04-05,499,Expired
1003,16703,Basic,2022-08-11,2024-05-16,199,Expired
1004,13251,Basic,2022-09-11,2023-04-01,199,Expired
1005,11163,Premium,2023-03-02,2024-08-10,499,Expired
1006,18191,Basic,2023-04-26,2025-02-02,199,Expired
1007,8514,Basic,2022-05-30,2023-01-12,199,Expired
1008,1444,Premium,2022-08-13,2024-06-08,499,Expired
1009,9011,Basic,2022-06-25,2023-08-09,199,Expired
1010,17558,Basic,2022-10-30,2024-02-26,199,Expired
1011,13250,Basic,2022-09-05,2024-04-07,199,Expired
1012,17832,Premium,2022-12-10,2023-12-07,499,Expired
1013,11082,Basic,2022-10-16,2023-11-23,199,Expired
1014,17949,Fleet,2022-09-14,2024-03-05,999,Cancelled
1015,2302,Basic,2023-03-18,2024-04-02,199,Expired
1016,16293,Fleet,2022-02-07,2023-11-02,999,Expired
1017,18255,Premium,2023-02-18,2024-03-24,499,Cancelled
1018,2362,Basic,2022-11-30,2023-05-15,199,Expired
1019,5072,Premium,2022-12-22,2024-04-13,499,Cancelled
1020,19639,Basic,2022-03-08,2022-08-26,199,Expired
1021,12403,Fleet,2023-02-20,2024-07-26,999,Expired
1022,13827,Premium,2022-08-28,2023-04-09,499,Cancelled
1023,9265,Basic,2022-10-20,2024-03-16,199,Expired
1024,10676,Premium,2022-05-26,2023-02-20,499,Expired
1025,9060,Basic,2023-05-11,2024-10-26,199,Expired
1026,15528,Basic,2022-10-07,2024-01-01,199,Expired
1027,14252,Fleet,2022-09-12,2024-08-03,999,Expired
1028,15832,Premium,2022-11-26,2024-11-04,499,Cancelled
1029,19558,Basic,2022-12-25,2023-04-28,199,Expired
1030,12843,Basic,2022-05-10,2023-03-08,199,Expired
1031,8021,Basic,2023-02-09,2024-02-10,199,Expired
1032,8304,Basic,2023-05-26,2023-10-15,199,Expired
1033,6187,Basic,2022-12-17,2023-12-22,199,Expired
1034,19337,Basic,2023-02-26,2024-08-18,199,Expired
1035,15410,Basic,2022-03-11,2023-06-28,199,Expired
1036,5024,Basic,2022-08-27,2024-01-07,199,Cancelled
1037,9791,Premium,2022-12-15,2024-11-28,499,Expired
1038,7840,Basic,2023-01-08,2024-03-25,199,Cancelled
1039,4392,Basic,2022-06-05,2023-09-13,199,Expired
1040,11234,Premium,2022-12-23,2024-09-25,499,Expired
1041,14540,Premium,2022-11-23,2023-10-11,499,Expired
1042,4640,Basic,2022-09-10,2023-06-30,199,Cancelled
1043,11483,Basic,2022-04-07,2024-04-03,199,Expired
1044,12954,Premium,2023-03-05,2024-12-29,499,Expired
1045,19975,Basic,2022-07-23,2023-06-20,199,Expired
1046,3275,Premium,2022-12-28,2024-08-21,499,Cancelled
1047,14735,Premium,2022-12-24,2024-02-23,499,Expired
1048,9993,Premium,2023-01-30,2024-06-10,499,Expired
1049,6741,Premium,2022-11-23,2024-03-08,499,Expired
1050,258,Basic,2022-09-27,2024-02-20,199,Expired
1051,12975,Basic,2022-06-11,2023-01-20,199,Expired
1052,14688,Fleet,2022-10-26,2023-08-27,999,Expired
1053,18644,Basic,2022-12-03,2024-08-24,199,Expired
1054,19552,Premium,2022-10-01,2023-03-15,499,Expired
1055,8067,Basic,2022-04-02,2022-09-08,199,Expired
1056,13104,Fleet,2023-02-06,2024-12-23,999,Expired
1057,1769,Premium,2022-11-23,2024-10-29,499,Expired
1058,17090,Basic,2022-10-06,2023-01-24,199,Expired
1059,5060,Premium,2023-02-28,2024-04-14,499,Expired
1060,7093,Basic,2022-05-30,2022-10-02,199,Expired
1061,14603,Basic,2022-08-23,2023-04-22,199,Cancelled
1062,10312,Fleet,2023-01-14,2024-12-15,999,Expired
1063,8802,Basic,2022-02-06,2023-06-03,199,Cancelled
1064,10578,Premium,2022-09-25,2023-06-30,499,Expired
1065,19483,Basic,2022-12-27,2024-02-07,199,Expired
1066,347,Premium,2023-01-17,2024-09-15,499,Expired
1067,5149,Fleet,2022-08-19,2023-08-08,999,Expired
1068,18009,Premium,2022-06-26,2023-09-01,499,Cancelled
1069,5021,Basic,2022-12-18,2023-03-21,199,Cancelled
1070,4345,Premium,2023-01-06,2023-07-20,499,Expired
1071,12865,Basic,2022-10-31,2024-08-19,199,Expired
1072,6302,Basic,2022-09-17,2024-01-11,199,Expired
1073,2982,Fleet,2022-11-18,2023-08-26,999,Expired
1074,2415,Premium,2022-05-26,2022-10-24,499,Cancelled
1075,15598,Basic,2022-05-16,2024-03-21,199,Expired
1076,8798,Basic,2023-04-12,2023-10-05,199,Expired
1077,17551,Basic,2023-01-05,2024-05-07,199,Expired
1078,9412,Fleet,2022-06-07,2024-03-12,999,Expired
1079,6076,Premium,2022-06-19,2023-05-09,499,Expired
1080,3530,Premium,2022-06-26,2023-03-02,499,Expired
1081,16523,Basic,2022-06-07,2023-05-02,199,Expired
1082,18440,Premium,2022-04-11,2022-10-01,499,Cancelled
1083,12580,Premium,2022-06-18,2022-12-12,499,Cancelled
1084,10291,Basic,2022-04-25,2023-09-17,199,Expired
1085,16752,Premium,2023-01-21,2024-11-26,499,Expired
1086,2066,Premium,2022-12-31,2024-10-24,499,Expired
1087,1705,Fleet,2022-11-01,2023-06-14,999,Expired
1088,8142,Basic,2022-05-04,2023-06-07,199,Expired
1089,2085,Fleet,2022-09-01,2024-07-19,999,Expired
1090,18812,Basic,2022-02-03,2023-01-28,199,Expired
1091,104,Premium,2022-06-23,2023-11-30,499,Cancelled
1092,17530,Premium,2022-12-27,2023-05-10,499,Expired
1093,5381,Basic,2022-10-14,2023-04-29,199,Expired
1094,14207,Premium,2022-07-13,2023-10-12,499,Expired
1095,1789,Premium,2023-02-19,2025-01-02,499,Expired
1096,18170,Premium,2022-06-21,2023-11-20,499,Expired
1097,15402,Basic,2022-07-25,2024-06-06,199,Expired
1098,4619,Premium,2023-05-09,2023-08-17,499,Expired
1099,12585,Basic,2022-03-27,2023-02-04,199,Cancelled
1100,17497,Basic,2022-10-06,2024-09-04,199,Expired
1101,4190,Premium,2022-08-28,2023-05-10,499,Expired
1102,4000,Basic,2022-09-10,2023-07-12,199,Expired
1103,12365,Premium,2022-10-22,2024-04-03,499,Expired
1104,16095,Fleet,2023-04-23,2024-08-15,999,Expired
1105,8324,Premium,2022-11-08,2023-10-18,499,Expired
1106,11733,Basic,2022-11-05,2024-08-26,199,Expired
1107,3923,Basic,2022-08-14,2023-01-21,199,Expired
1108,11228,Premium,2022-09-16,2024-07-31,499,Cancelled
1109,12533,Basic,2022-12-07,2024-06-12,199,Expired
1110,12087,Premium,2022-10-11,2023-06-06,499,Expired
1111,3699,Premium,2023-04-04,2024-11-23,499,Expired
1112,5278,Basic,2022-10-11,2024-07-10,199,Expired
1113,11799,Basic,2022-12-12,2024-02-02,199,Expired
1114,58,Premium,2022-07-31,2023-06-24,499,Expired
1115,17725,Basic,2022-12-17,2023-12-05,199,Expired
1116,19122,Premium,2022-12-17,2024-03-16,499,Expired
1117,5514,Fleet,2023-05-08,2025-03-09,999,Cancelled
1118,1490,Premium,2022-08-30,2024-06-19,499,Expired
1119,11626,Fleet,2022-09-30,2023-04-19,999,Cancelled
1120,9438,Basic,2022-10-28,2023-11-16,199,Expired
1121,19884,Basic,2022-09-23,2023-12-16,199,Expired
1122,2468,Basic,2023-01-01,2023-04-14,199,Expired
1123,9743,Premium,2022-11-17,2024-02-24,499,Expired
1124,7054,Basic,2023-01-06,2024-02-10,199,Expired
1125,2027,Basic,2022-09-19,2023-06-06,199,Cancelled
1126,2813,Basic,2022-10-30,2023-09-23,199,Expired
1127,10250,Basic,2022-09-19,2023-11-02,199,Expired
1128,14993,Premium,2022-08-14,2023-10-11,499,Expired
1129,9017,Fleet,2022-06-18,2024-03-12,999,Expired
1130,12385,Basic,2022-09-15,2023-09-11,199,Cancelled
1131,8855,Basic,2022-09-11,2023-03-18,199,Expired
1132,14649,Premium,2022-07-30,2023-05-05,499,Expired
1133,16527,Premium,2022-10-28,2023-06-05,499,Expired
1134,11567,Premium,2023-04-12,2025-03-02,499,Expired
1135,16207,Premium,2022-02-14,2023-02-17,499,Expired
1136,17834,Basic,2022-11-26,2024-01-05,199,Expired
1137,380,Basic,2022-05-29,2023-08-28,199,Expired
1138,16773,Basic,2022-12-12,2023-11-04,199,Cancelled
1139,1528,Premium,2022-04-17,2022-07-22,499,Expired
1140,7899,Basic,2022-08-03,2024-04-09,199,Expired
1141,6562,Fleet,2023-06-13,2025-05-11,999,Expired
1142,2389,Basic,2022-04-12,2024-02-27,199,Expired
1143,9882,Basic,2023-01-28,2024-07-30,199,Expired
1144,6691,Basic,2022-05-31,2022-12-19,199,Expired
1145,6921,Premium,2022-10-20,2024-03-01,499,Cancelled
1146,19087,Premium,2022-02-21,2023-01-27,499,Expired
1147,15577,Fleet,2023-01-03,2023-12-18,999,Expired
1148,15468,Basic,2022-04-13,2022-07-25,199,Expired
1149,10885,Premium,2022-06-21,2023-06-20,499,Cancelled
1150,17810,Premium,2022-05-12,2023-08-06,499,Expired
1151,8057,Premium,2022-02-09,2023-03-26,499,Expired
1152,15685,Premium,2022-06-08,2024-05-06,499,Expired
1153,12793,Premium,2023-02-18,2024-01-13,499,Cancelled
1154,9290,Premium,2023-02-15,2024-02-18,499,Expired
1155,6594,Fleet,2023-01-14,2023-09-13,999,Expired
1156,4784,Premium,2023-05-07,2024-12-28,499,Expired
1157,3426,Premium,2022-10-25,2024-04-04,499,Expired
1158,912,Basic,2022-10-03,2023-10-12,199,Expired
1159,19507,Basic,2023-03-30,2024-08-22,199,Expired
1160,16325,Basic,2023-02-25,2023-11-17,199,Cancelled
1161,14845,Basic,2023-01-15,2024-06-24,199,Expired
1162,11659,Basic,2022-11-27,2023-08-09,199,Expired
1163,15656,Basic,2022-07-16,2022-12-20,199,Expired
1164,4985,Basic,2022-07-25,2023-11-13,199,Expired
1165,3770,Basic,2023-04-08,2024-06-26,199,Expired
1166,6089,Basic,2022-10-21,2024-01-06,199,Expired
1167,1982,Fleet,2022-04-24,2023-07-31,999,Expired
1168,6558,Basic,2022-12-15,2023-10-05,199,Expired
1169,16405,Premium,2022-02-27,2024-01-10,499,Expired
1170,5762,Premium,2022-11-21,2023-12-16,499,Expired
1171,14723,Basic,2022-06-12,2024-05-16,199,Cancelled
1172,5835,Basic,2022-04-12,2022-09-12,199,Expired
1173,7354,Basic,2022-04-11,2023-09-17,199,Expired
1174,7783,Fleet,2022-09-23,2023-05-31,999,Expired
1175,3785,Fleet,2022-06-10,2024-01-10,999,Expired
1176,18627,Basic,2022-12-25,2023-10-14,199,Expired
1177,14327,Premium,2022-08-08,2024-01-22,499,Expired
1178,1536,Premium,2022-10-06,2024-02-23,499,Expired
1179,13982,Basic,2022-10-12,2024-09-22,199,Expired
1180,13594,Premium,2022-06-30,2023-09-29,499,Cancelled
1181,5422,Basic,2022-08-06,2024-04-24,199,Expired
1182,10993,Basic,2023-03-28,2023-12-12,199,Expired
1183,5528,Basic,2022-02-17,2024-01-29,199,Expired
1184,5184,Basic,2022-12-27,2024-03-09,199,Expired
1185,2606,Basic,2022-04-24,2023-06-15,199,Expired
1186,8084,Basic,2023-01-20,2024-05-30,199,Cancelled
1187,16410,Fleet,2022-04-13,2022-12-04,999,Expired
1188,7192,Basic,2022-07-12,2023-02-15,199,Expired
1189,7538,Premium,2022-11-20,2024-04-25,499,Expired
1190,4521,Premium,2023-03-30,2024-06-10,499,Expired
1191,7900,Basic,2022-06-24,2023-08-20,199,Expired
1192,9967,Basic,2022-06-13,2023-10-13,199,Cancelled
1193,8138,Basic,2022-02-26,2022-10-14,199,Cancelled
1194,19923,Premium,2022-11-13,2023-10-19,499,Expired
1195,17057,Basic,2022-05-25,2022-10-11,199,Expired
1196,12241,Basic,2022-09-02,2022-12-23,199,Expired
1197,4817,Premium,2022-05-29,2023-02-17,499,Expired
1198,8482,Premium,2022-06-26,2023-10-20,499,Expired
1199,15381,Fleet,2023-04-07,2023-09-12,999,Expired
1200,3060,Basic,2022-03-14,2023-11-28,199,Expired
1201,14960,Premium,2023-03-12,2023-11-30,499,Expired
1202,2449,Basic,2023-04-01,2023-12-11,199,Expired
1203,15923,Basic,2022-07-13,2023-08-31,199,Expired
1204,15265,Premium,2022-08-22,2024-03-15,499,Expired
1205,4,Basic,2023-02-24,2024-10-21,199,Expired
1206,16276,Basic,2022-05-01,2023-07-15,199,Expired
1207,12349,Basic,2022-03-07,2023-09-15,199,Expired
1208,11067,Basic,2022-10-27,2023-08-06,199,Expired
1209,13906,Basic,2023-05-06,2024-03-12,199,Expired
1210,15307,Premium,2022-08-31,2023-08-27,499,Cancelled
1211,8643,Premium,2023-03-04,2024-02-01,499,Expired
1212,8724,Premium,2022-10-06,2024-03-23,499,Expired
1213,345,Basic,2022-12-29,2024-10-01,199,Expired
1214,6189,Premium,2022-04-15,2022-12-10,499,Expired
1215,17242,Basic,2022-12-15,2024-08-19,199,Expired
1216,11883,Basic,2023-03-08,2024-11-23,199,Expired
1217,18278,Premium,2022-09-09,2024-03-04,499,Expired
1218,12934,Basic,2023-05-09,2024-08-16,199,Expired
1219,3316,Premium,2022-04-17,2023-09-02,499,Expired
1220,19388,Basic,2023-05-02,2024-02-02,199,Expired
1221,5249,Basic,2022-10-07,2023-01-21,199,Expired
1222,5382,Premium,2022-04-09,2022-10-31,499,Expired
1223,13709,Premium,2022-10-13,2023-10-27,499,Expired
1224,43,Premium,2023-01-02,2024-06-08,499,Expired
1225,13304,Basic,2022-06-16,2022-12-28,199,Expired
1226,10260,Fleet,2022-05-23,2022-09-30,999,Expired
1227,796,Basic,2022-05-09,2022-09-10,199,Expired
1228,10027,Premium,2023-01-19,2024-03-27,499,Expired
1229,14308,Premium,2023-04-06,2024-12-31,499,Expired
1230,2550,Fleet,2022-11-21,2023-11-21,999,Expired
1231,14625,Basic,2022-04-15,2023-11-28,199,Expired
1232,13611,Premium,2022-11-29,2024-04-29,499,Expired
1233,7531,Basic,2023-03-22,2025-03-09,199,Expired
1234,17461,Premium,2022-12-12,2024-02-14,499,Expired
1235,3101,Premium,2022-09-05,2023-10-20,499,Expired
1236,16817,Basic,2022-09-19,2024-02-05,199,Expired
1237,11249,Premium,2022-01-25,2023-03-06,499,Expired
1238,13824,Basic,2022-12-22,2023-10-22,199,Expired
1239,47,Basic,2022-11-27,2024-05-01,199,Expired
1240,19829,Basic,2022-05-20,2022-09-04,199,Expired
1241,19382,Fleet,2022-10-14,2023-06-07,999,Expired
1242,4308,Premium,2022-07-23,2024-02-05,499,Expired
1243,16169,Basic,2022-04-19,2023-08-01,199,Expired
1244,4230,Premium,2023-02-02,2024-07-04,499,Expired
1245,4915,Basic,2022-08-17,2023-09-30,199,Expired
1246,17628,Basic,2022-07-23,2023-12-26,199,Expired
1247,15911,Basic,2023-01-25,2024-12-10,199,Expired
1248,9890,Basic,2022-07-29,2023-09-19,199,Expired
1249,15133,Basic,2023-02-09,2023-07-20,199,Cancelled
1250,17813,Basic,2023-05-20,2024-03-21,199,Expired
1251,8970,Basic,2022-12-29,2023-07-14,199,Expired
1252,10463,Basic,2022-03-09,2024-01-26,199,Expired
1253,16786,Basic,2022-09-09,2024-06-29,199,Expired
1254,5894,Basic,2023-01-16,2024-06-23,199,Cancelled
1255,5457,Premium,2023-03-05,2023-11-30,499,Expired
1256,8301,Premium,2022-12-04,2024-02-23,499,Expired
1257,12398,Basic,2022-11-18,2024-07-01,199,Expired
1258,2190,Premium,2022-12-11,2024-08-17,499,Expired
1259,7918,Basic,2022-09-18,2023-08-21,199,Expired
1260,14144,Basic,2023-02-10,2023-06-19,199,Expired
1261,2603,Basic,2022-08-18,2023-08-12,199,Expired
1262,16671,Basic,2022-07-19,2024-05-26,199,Expired
1263,9949,Premium,2023-01-13,2024-02-25,499,Expired
1264,10276,Premium,2022-12-03,2024-07-08,499,Expired
1265,13771,Premium,2023-03-24,2023-11-22,499,Expired
1266,14893,Fleet,2023-03-12,2023-09-01,999,Expired
1267,11694,Basic,2022-12-24,2023-05-26,199,Cancelled
1268,9124,Premium,2022-06-17,2023-01-15,499,Expired
1269,4984,Premium,2023-03-17,2024-09-05,499,Expired
1270,10181,Basic,2022-06-06,2023-01-08,199,Expired
1271,15364,Premium,2022-06-05,2023-03-10,499,Expired
1272,12615,Basic,2023-01-14,2023-08-05,199,Expired
1273,7229,Basic,2022-09-10,2023-10-18,199,Cancelled
1274,7884,Basic,2022-08-14,2023-01-17,199,Expired
1275,13485,Basic,2022-11-30,2024-02-29,199,Cancelled
1276,19051,Premium,2023-01-25,2023-12-12,499,Expired
1277,19035,Basic,2022-04-14,2023-05-17,199,Expired
1278,17914,Basic,2022-06-02,2022-12-02,199,Expired
1279,2504,Basic,2022-04-05,2024-02-29,199,Expired
1280,19392,Fleet,2022-10-16,2023-09-21,999,Expired
1281,4631,Premium,2022-11-23,2023-03-26,499,Expired
1282,1511,Basic,2022-05-29,2022-11-13,199,Expired
1283,6286,Basic,2023-01-22,2023-09-22,199,Cancelled
1284,15443,Premium,2022-04-08,2023-05-03,499,Expired
1285,18531,Basic,2022-07-06,2023-06-01,199,Expired
1286,14836,Basic,2023-05-07,2024-05-01,199,Expired
1287,13302,Premium,2022-09-03,2023-11-15,499,Expired
1288,12755,Basic,2022-11-26,2023-07-27,199,Expired
1289,18744,Fleet,2022-06-30,2023-11-03,999,Expired
1290,19895,Premium,2023-04-06,2024-11-08,499,Expired
1291,1902,Basic,2023-05-27,2024-03-26,199,Expired
1292,709,Fleet,2023-03-02,2023-09-21,999,Expired
1293,16125,Basic,2022-02-28,2022-08-03,199,Expired
1294,5237,Premium,2022-08-10,2023-11-04,499,Expired
1295,2496,Premium,2022-05-25,2023-08-21,499,Expired
1296,689,Premium,2022-07-20,2023-10-13,499,Cancelled
1297,4451,Basic,2022-07-12,2024-01-07,199,Expired
1298,3185,Basic,2022-10-30,2023-06-04,199,Expired
1299,11488,Basic,2022-08-31,2023-07-05,199,Expired
1300,13650,Basic,2023-02-26,2024-01-16,199,Expired
1301,10586,Basic,2023-04-02,2023-11-09,199,Expired
1302,2572,Basic,2022-02-25,2022-11-05,199,Expired
1303,12660,Basic,2022-11-17,2024-06-18,199,Expired
1304,7732,Premium,2022-10-12,2024-05-05,499,Expired
1305,8510,Premium,2023-04-10,2023-10-22,499,Cancelled
1306,10530,Premium,2023-03-02,2024-11-06,499,Cancelled
1307,7150,Basic,2022-12-01,2024-05-20,199,Expired
1308,17235,Premium,2022-08-26,2023-01-15,499,Expired
1309,8181,Fleet,2022-08-08,2024-07-22,999,Expired
1310,19134,Basic,2023-03-24,2023-09-08,199,Expired
1311,11774,Basic,2022-07-11,2024-02-24,199,Expired
1312,4337,Basic,2022-09-05,2023-04-30,199,Expired
1313,1431,Premium,2022-10-16,2024-02-15,499,Expired
1314,11616,Premium,2022-07-13,2023-08-18,499,Expired
1315,16172,Basic,2022-08-27,2023-03-15,199,Expired
1316,5538,Basic,2023-01-04,2024-09-08,199,Expired
1317,16827,Basic,2022-09-24,2023-11-01,199,Expired
1318,7232,Basic,2022-09-16,2023-01-15,199,Expired
1319,19236,Premium,2022-06-22,2024-06-18,499,Expired
1320,2271,Basic,2023-04-05,2025-01-14,199,Expired
1321,5901,Premium,2022-12-25,2024-07-05,499,Expired
1322,3508,Basic,2022-09-08,2023-05-03,199,Expired
1323,16886,Premium,2022-05-30,2023-08-15,499,Expired
1324,18146,Premium,2022-11-01,2024-08-20,499,Cancelled
1325,14160,Fleet,2023-02-06,2025-01-21,999,Expired
1326,14094,Basic,2022-12-01,2024-11-26,199,Expired
1327,13584,Basic,2022-02-14,2022-11-24,199,Cancelled
1328,3172,Basic,2022-11-15,2024-08-14,199,Cancelled
1329,3887,Premium,2022-12-24,2024-03-05,499,Cancelled
1330,10329,Basic,2023-03-05,2024-12-23,199,Expired
1331,18297,Basic,2022-07-10,2024-05-29,199,Expired
1332,4756,Basic,2022-11-25,2023-03-09,199,Expired
1333,18356,Premium,2022-05-17,2023-04-27,499,Cancelled
1334,12506,Basic,2022-07-20,2022-12-17,199,Expired
1335,10245,Fleet,2023-01-13,2023-07-09,999,Expired
1336,9735,Basic,2022-08-16,2023-09-23,199,Expired
1337,7366,Basic,2022-12-12,2023-10-30,199,Expired
1338,12494,Fleet,2023-01-18,2024-05-01,999,Cancelled
1339,16556,Premium,2022-04-03,2023-09-09,499,Expired
1340,5785,Basic,2022-07-09,2023-11-22,199,Expired
1341,17294,Basic,2022-10-03,2023-09-23,199,Expired
1342,13100,Basic,2023-03-24,2024-12-03,199,Expired
1343,9381,Premium,2023-02-16,2023-09-30,499,Expired
1344,12400,Basic,2023-06-03,2024-07-01,199,Expired
1345,14887,Premium,2022-03-23,2023-07-03,499,Expired
1346,12860,Basic,2022-12-03,2024-01-10,199,Expired
1347,14797,Basic,2022-08-19,2023-03-20,199,Expired
1348,5599,Premium,2022-11-14,2024-05-29,499,Expired
1349,9053,Basic,2023-01-01,2023-09-10,199,Expired
1350,15325,Premium,2023-01-15,2023-06-08,499,Expired
1351,8953,Basic,2022-08-14,2024-08-02,199,Expired
1352,5801,Premium,2022-09-30,2023-07-30,499,Expired
1353,6085,Fleet,2022-07-16,2023-03-06,999,Expired
1354,18020,Premium,2022-11-17,2023-12-19,499,Expired
1355,15343,Basic,2022-08-08,2023-11-29,199,Expired
1356,19001,Premium,2022-05-10,2022-10-17,499,Expired
1357,16533,Basic,2022-09-18,2024-06-13,199,Cancelled
1358,7878,Basic,2022-06-24,2024-01-12,199,Expired
1359,2278,Basic,2022-05-07,2023-05-29,199,Expired
1360,6429,Basic,2023-01-03,2024-12-08,199,Expired
1361,8247,Fleet,2022-07-27,2024-07-14,999,Expired
1362,17623,Premium,2022-05-14,2022-12-01,499,Expired
1363,4372,Basic,2022-11-30,2023-03-28,199,Cancelled
1364,6960,Basic,2022-03-22,2023-11-07,199,Expired
1365,9566,Fleet,2022-06-26,2023-05-21,999,Expired
1366,7090,Fleet,2022-06-23,2023-04-14,999,Expired
1367,9902,Basic,2022-12-14,2023-05-23,199,Expired
1368,6830,Premium,2022-05-13,2023-02-28,499,Cancelled
1369,1163,Basic,2022-08-24,2023-01-19,199,Expired
1370,2865,Premium,2022-01-09,2023-08-31,499,Expired
1371,17035,Basic,2023-01-13,2024-01-11,199,Expired
1372,9619,Basic,2022-04-26,2024-02-02,199,Expired
1373,13161,Premium,2023-01-30,2024-05-06,499,Expired
1374,7553,Basic,2022-07-28,2024-05-18,199,Expired
1375,7748,Basic,2023-04-02,2024-12-24,199,Expired
1376,13541,Basic,2022-12-27,2023-07-04,199,Expired
1377,14813,Fleet,2023-02-28,2023-12-29,999,Expired
1378,10203,Premium,2022-12-15,2023-09-05,499,Expired
1379,11061,Basic,2022-07-20,2024-05-16,199,Cancelled
1380,15324,Fleet,2022-12-23,2024-07-07,999,Expired
1381,18452,Premium,2023-04-28,2024-09-24,499,Cancelled
1382,6988,Premium,2022-04-19,2023-07-19,499,Expired
1383,18875,Premium,2022-08-02,2024-07-01,499,Expired
1384,1356,Basic,2023-01-20,2023-04-25,199,Cancelled
1385,13909,Premium,2022-06-14,2023-12-31,499,Cancelled
1386,8817,Premium,2022-08-29,2024-08-13,499,Cancelled
1387,7168,Basic,2023-01-13,2023-07-03,199,Expired
1388,18464,Basic,2022-08-28,2024-08-14,199,Expired
1389,8311,Premium,2023-02-07,2024-06-05,499,Expired
1390,8350,Basic,2022-05-25,2022-12-31,199,Cancelled
1391,16612,Premium,2022-11-21,2024-08-07,499,Expired
1392,12789,Basic,2022-09-12,2024-05-19,199,Expired
1393,9003,Basic,2022-09-23,2024-01-11,199,Expired
1394,3902,Basic,2022-06-01,2023-06-16,199,Expired
1395,10766,Premium,2022-06-26,2024-06-14,499,Expired
1396,5815,Basic,2022-11-23,2024-06-07,199,Cancelled
1397,6221,Premium,2022-02-07,2023-09-14,499,Expired
1398,564,Premium,2022-08-24,2024-07-13,499,Expired
1399,7299,Basic,2023-01-07,2024-03-26,199,Expired
1400,16067,Fleet,2022-12-10,2024-03-15,999,Expired
1401,12592,Premium,2022-07-29,2023-06-22,499,Expired
1402,12390,Fleet,2023-02-10,2023-07-13,999,Expired
1403,13583,Basic,2023-01-23,2024-11-26,199,Expired
1404,2560,Basic,2022-06-19,2022-11-14,199,Expired
1405,7200,Basic,2023-01-03,2024-07-26,199,Expired
1406,11597,Basic,2023-02-13,2024-06-16,199,Expired
1407,827,Basic,2023-03-01,2024-03-03,199,Cancelled
1408,5946,Premium,2022-02-01,2023-12-04,499,Expired
1409,8824,Basic,2022-12-03,2024-01-21,199,Expired
1410,16009,Basic,2022-11-12,2023-11-27,199,Expired
1411,11542,Premium,2023-02-23,2023-12-13,499,Cancelled
1412,14812,Basic,2023-03-13,2024-06-06,199,Expired
1413,291,Basic,2023-02-03,2023-10-25,199,Expired
1414,4769,Basic,2022-04-23,2022-09-08,199,Expired
1415,6673,Basic,2022-07-25,2024-06-15,199,Expired
1416,5655,Basic,2022-07-03,2022-12-21,199,Expired
1417,3927,Fleet,2022-12-10,2024-04-12,999,Expired
1418,11627,Premium,2022-06-27,2023-10-09,499,Cancelled
1419,7223,Basic,2022-12-11,2024-04-11,199,Cancelled
1420,16090,Fleet,2022-09-11,2023-02-13,999,Expired
1421,2899,Basic,2023-01-19,2024-11-07,199,Expired
1422,13617,Basic,2022-10-25,2023-12-18,199,Expired
1423,7584,Basic,2022-09-18,2023-07-04,199,Expired
1424,14458,Premium,2022-11-25,2024-05-31,499,Expired
1425,641,Basic,2022-12-14,2023-10-04,199,Expired
1426,12832,Basic,2022-04-02,2023-11-03,199,Expired
1427,16723,Premium,2022-07-09,2022-12-03,499,Expired
1428,19896,Basic,2022-10-19,2024-01-23,199,Expired
1429,12746,Premium,2022-11-22,2023-07-06,499,Cancelled
1430,483,Basic,2023-01-28,2024-12-09,199,Cancelled
1431,6092,Fleet,2022-12-22,2023-05-22,999,Expired
1432,7291,Premium,2023-01-04,2023-11-10,499,Expired
1433,12953,Premium,2022-12-12,2023-07-01,499,Expired
1434,17595,Basic,2022-10-21,2023-04-05,199,Expired
1435,10129,Basic,2023-05-28,2025-05-17,199,Cancelled
1436,19471,Basic,2023-03-06,2024-01-28,199,Expired
1437,19836,Premium,2022-10-06,2023-03-05,499,Expired
1438,3979,Basic,2023-01-20,2024-10-26,199,Expired
1439,6422,Basic,2023-02-08,2024-12-01,199,Expired
1440,3376,Basic,2022-05-28,2024-05-01,199,Expired
1441,13610,Premium,2022-11-04,2023-12-16,499,Expired
1442,16925,Premium,2022-04-11,2024-01-30,499,Expired
1443,4780,Fleet,2022-09-10,2024-07-09,999,Expired
1444,6933,Basic,2022-07-16,2023-05-21,199,Cancelled
1445,17687,Basic,2023-01-08,2024-10-27,199,Expired
1446,17026,Basic,2022-08-30,2024-08-23,199,Cancelled
1447,2623,Basic,2023-05-02,2024-03-04,199,Cancelled
1448,11929,Premium,2022-05-19,2024-04-26,499,Expired
1449,18086,Premium,2022-11-12,2024-02-06,499,Expired
1450,18731,Premium,2022-04-03,2022-09-28,499,Expired
1451,4581,Premium,2022-03-27,2023-02-11,499,Expired
1452,15096,Premium,2022-07-28,2024-05-09,499,Expired
1453,12316,Basic,2023-05-21,2025-05-01,199,Expired
1454,12472,Basic,2022-12-07,2024-02-22,199,Expired
1455,9203,Premium,2022-03-31,2023-01-29,499,Expired
1456,16205,Basic,2023-03-27,2024-01-26,199,Expired
1457,6464,Premium,2022-10-04,2024-09-08,499,Expired
1458,11711,Premium,2022-08-06,2024-07-16,499,Expired
1459,1154,Basic,2022-06-17,2024-03-22,199,Cancelled
1460,16497,Fleet,2023-06-13,2025-03-18,999,Expired
1461,9927,Premium,2022-07-20,2023-12-31,499,Expired
1462,17966,Basic,2022-12-14,2023-12-31,199,Expired
1463,16970,Premium,2022-12-29,2024-08-27,499,Expired
1464,16829,Basic,2023-05-02,2023-10-18,199,Expired
1465,11904,Premium,2022-09-05,2023-04-01,499,Expired
1466,9202,Premium,2022-09-06,2023-09-10,499,Expired
1467,17671,Basic,2022-08-29,2024-05-13,199,Cancelled
1468,5636,Premium,2022-12-23,2023-10-28,499,Expired
1469,4881,Basic,2023-01-19,2023-12-18,199,Expired
1470,14659,Premium,2023-02-25,2023-06-29,499,Expired
1471,4025,Basic,2022-06-29,2024-01-01,199,Expired
1472,7201,Basic,2022-10-13,2023-05-16,199,Expired
1473,8188,Basic,2023-06-14,2024-07-27,199,Cancelled
1474,4511,Basic,2022-09-13,2023-01-30,199,Cancelled
1475,4073,Basic,2022-12-30,2024-06-02,199,Expired
1476,11025,Basic,2022-12-30,2023-07-26,199,Expired
1477,18865,Fleet,2023-05-04,2025-01-12,999,Expired
1478,17225,Basic,2022-09-10,2023-03-22,199,Expired
1479,19661,Basic,2022-03-24,2023-06-22,199,Expired
1480,17064,Basic,2022-07-15,2023-12-24,199,Cancelled
1481,853,Premium,2022-08-04,2024-01-31,499,Expired
1482,468,Basic,2022-12-10,2023-06-09,199,Expired
1483,6663,Basic,2022-07-15,2024-03-14,199,Expired
1484,12326,Basic,2022-07-21,2024-01-20,199,Expired
1485,16819,Basic,2022-12-18,2024-02-06,199,Expired
1486,10498,Basic,2023-02-13,2024-12-14,199,Expired
1487,16755,Basic,2023-05-10,2025-02-15,199,Expired
1488,19972,Premium,2022-05-09,2023-09-20,499,Expired
1489,11496,Fleet,2022-08-30,2023-07-23,999,Expired
1490,10733,Basic,2022-05-28,2023-02-27,199,Cancelled
1491,737,Basic,2022-02-28,2023-05-30,199,Expired
1492,8137,Premium,2022-02-17,2022-12-17,499,Cancelled
1493,11124,Basic,2022-04-25,2023-09-05,199,Expired
1494,11794,Fleet,2023-02-09,2024-01-18,999,Expired
1495,12091,Premium,2022-10-04,2023-09-01,499,Expired
1496,11508,Basic,2022-09-19,2024-07-29,199,Expired
1497,451,Basic,2023-02-03,2023-08-11,199,Expired
1498,10947,Premium,2022-06-21,2024-02-08,499,Expired
1499,7015,Basic,2022-04-20,2024-02-02,199,Expired
1500,2458,Premium,2023-03-27,2024-08-07,499,Expired
1501,6864,Basic,2022-03-24,2024-02-18,199,Expired
1502,15425,Basic,2022-10-01,2024-01-05,199,Expired
1503,17991,Basic,2022-10-05,2024-01-30,199,Expired
1504,2393,Fleet,2023-03-30,2025-03-24,999,Expired
1505,15781,Basic,2022-06-19,2022-12-26,199,Expired
1506,8723,Basic,2022-02-28,2023-12-26,199,Expired
1507,12093,Basic,2023-02-21,2023-08-12,199,Expired
1508,4837,Fleet,2022-10-24,2023-04-05,999,Expired
1509,1145,Basic,2023-02-09,2024-01-06,199,Expired
1510,14554,Premium,2022-04-12,2023-04-14,499,Expired
1511,19965,Premium,2022-12-11,2024-03-26,499,Expired
1512,5413,Fleet,2023-01-21,2024-06-08,999,Expired
1513,11184,Premium,2022-08-21,2024-08-20,499,Expired
1514,2134,Premium,2022-09-18,2023-03-08,499,Expired
1515,2938,Premium,2022-12-21,2024-05-04,499,Expired
1516,13625,Premium,2022-03-17,2022-07-26,499,Cancelled
1517,13867,Premium,2022-06-23,2023-07-18,499,Expired
1518,12234,Premium,2023-01-12,2023-04-13,499,Expired
1519,42,Premium,2022-06-29,2022-12-16,499,Expired
1520,3283,Premium,2022-06-23,2022-10-25,499,Expired
1521,12690,Premium,2023-04-27,2024-01-27,499,Expired
1522,13307,Basic,2022-08-22,2023-11-11,199,Cancelled
1523,11231,Basic,2023-02-10,2024-06-12,199,Expired
1524,1867,Basic,2023-02-09,2023-10-15,199,Expired
1525,14429,Basic,2022-07-30,2023-02-14,199,Expired
1526,2451,Basic,2022-07-26,2023-09-02,199,Expired
1527,3071,Basic,2022-05-18,2022-09-05,199,Expired
1528,10506,Premium,2022-12-20,2023-12-01,499,Expired
1529,13699,Basic,2023-02-25,2024-07-23,199,Expired
1530,1124,Premium,2022-08-01,2023-10-24,499,Cancelled
1531,2335,Premium,2023-03-04,2024-04-12,499,Expired
1532,19015,Fleet,2023-04-25,2023-08-22,999,Expired
1533,13133,Fleet,2022-09-04,2023-06-04,999,Expired
1534,19002,Basic,2022-09-17,2023-11-27,199,Cancelled
1535,15567,Fleet,2023-05-13,2025-01-11,999,Expired
1536,2409,Basic,2022-03-21,2023-11-02,199,Expired
1537,17818,Premium,2023-03-19,2024-03-15,499,Expired
1538,9459,Premium,2022-10-22,2024-07-07,499,Expired
1539,14218,Basic,2022-10-05,2023-12-02,199,Cancelled
1540,1348,Basic,2022-04-25,2022-10-13,199,Expired
1541,5926,Basic,2022-12-05,2023-10-26,199,Cancelled
1542,8356,Premium,2022-09-17,2022-12-17,499,Expired
1543,5344,Premium,2023-04-20,2023-10-24,499,Expired
1544,9049,Basic,2023-04-11,2024-12-03,199,Cancelled
1545,3888,Premium,2022-04-07,2023-06-12,499,Cancelled
1546,5333,Basic,2023-03-18,2023-10-21,199,Expired
1547,19476,Fleet,2022-11-06,2023-12-19,999,Expired
1548,17695,Fleet,2022-10-09,2024-02-13,999,Expired
1549,19333,Basic,2022-07-14,2024-04-16,199,Expired
1550,36,Basic,2022-06-15,2023-11-28,199,Expired
1551,7480,Basic,2022-08-17,2024-03-21,199,Expired
1552,18391,Premium,2023-02-05,2024-05-02,499,Expired
1553,10205,Basic,2023-01-22,2023-09-09,199,Expired
1554,6602,Basic,2023-01-17,2024-03-12,199,Expired
1555,19738,Basic,2022-07-26,2024-03-18,199,Cancelled
1556,5837,Basic,2022-08-03,2023-05-19,199,Expired
1557,2316,Basic,2022-08-22,2024-06-09,199,Expired
1558,14967,Fleet,2022-07-27,2023-08-25,999,Expired
1559,2700,Basic,2022-07-18,2023-06-17,199,Expired
1560,622,Basic,2022-07-11,2023-01-20,199,Expired
1561,1979,Basic,2022-04-28,2023-02-11,199,Expired
1562,15012,Basic,2022-02-09,2023-10-19,199,Expired
1563,324,Basic,2023-04-28,2023-11-13,199,Expired
1564,8731,Basic,2022-08-11,2023-05-13,199,Cancelled
1565,12741,Basic,2023-02-19,2024-02-09,199,Expired
1566,2309,Premium,2022-07-19,2023-09-24,499,Expired
1567,3487,Fleet,2022-09-03,2023-05-07,999,Expired
1568,13012,Basic,2022-10-07,2023-04-17,199,Expired
1569,5019,Basic,2022-10-02,2024-07-19,199,Expired
1570,10125,Basic,2023-05-27,2024-10-23,199,Expired
1571,1228,Basic,2022-08-24,2023-01-31,199,Expired
1572,4169,Basic,2023-01-26,2024-06-17,199,Expired
1573,7725,Premium,2022-10-20,2023-01-25,499,Expired
1574,8680,Basic,2022-11-05,2024-01-07,199,Expired
1575,19044,Basic,2022-06-08,2023-10-25,199,Expired
1576,13992,Basic,2023-02-18,2024-06-03,199,Expired
1577,19666,Basic,2022-05-03,2023-11-10,199,Expired
1578,16560,Fleet,2022-02-21,2022-08-22,999,Expired
1579,11415,Basic,2023-01-01,2023-06-17,199,Cancelled
1580,14279,Fleet,2022-09-21,2023-05-28,999,Expired
1581,18728,Basic,2022-10-11,2023-01-22,199,Expired
1582,4098,Premium,2023-05-02,2024-11-18,499,Expired
1583,3572,Basic,2023-04-10,2024-10-25,199,Expired
1584,11016,Premium,2022-04-29,2023-05-20,499,Expired
1585,3044,Premium,2022-11-14,2024-06-23,499,Expired
1586,6378,Premium,2022-04-09,2023-05-18,499,Expired
1587,9377,Fleet,2022-07-06,2024-07-01,999,Expired
1588,17317,Premium,2022-07-13,2024-07-01,499,Expired
1589,5353,Basic,2023-02-15,2023-12-21,199,Expired
1590,7663,Premium,2023-05-10,2025-02-23,499,Expired
1591,11944,Premium,2022-10-06,2024-10-03,499,Expired
1592,5991,Fleet,2022-10-18,2024-07-01,999,Expired
1593,6428,Basic,2022-03-31,2023-10-31,199,Expired
1594,10995,Basic,2022-07-18,2023-09-20,199,Expired
1595,18635,Premium,2022-07-10,2023-02-27,499,Expired
1596,4448,Fleet,2022-08-02,2023-06-14,999,Cancelled
1597,1262,Basic,2022-04-19,2022-10-23,199,Expired
1598,13065,Basic,2022-04-29,2022-08-20,199,Expired
1599,5684,Basic,2023-03-16,2023-10-16,199,Expired
1600,17729,Premium,2022-02-04,2022-12-16,499,Expired
1601,5997,Basic,2022-11-19,2024-06-05,199,Expired
1602,15974,Basic,2022-05-29,2024-04-16,199,Expired
1603,13686,Premium,2023-01-27,2024-06-19,499,Expired
1604,14898,Premium,2022-03-01,2023-07-14,499,Expired
1605,8198,Basic,2022-05-22,2023-07-25,199,Expired
1606,2772,Premium,2022-12-19,2023-08-03,499,Expired
1607,6686,Fleet,2022-08-10,2023-10-01,999,Expired
1608,18751,Premium,2023-05-28,2023-10-27,499,Expired
1609,16466,Premium,2022-07-22,2023-10-21,499,Expired
1610,19844,Basic,2022-08-22,2022-12-30,199,Expired
1611,18338,Basic,2022-12-22,2023-06-23,199,Expired
1612,2251,Premium,2023-01-02,2024-08-27,499,Expired
1613,12180,Basic,2022-09-11,2024-02-23,199,Cancelled
1614,12802,Fleet,2023-03-06,2023-10-30,999,Expired
1615,3249,Basic,2022-03-02,2023-09-12,199,Expired
1616,18085,Premium,2023-04-20,2023-12-26,499,Expired
1617,2754,Premium,2023-01-23,2023-05-19,499,Expired
1618,8704,Premium,2022-12-02,2023-05-23,499,Expired
1619,8059,Basic,2022-07-25,2024-02-26,199,Expired
1620,14696,Premium,2023-04-01,2023-08-25,499,Cancelled
1621,8249,Basic,2023-01-13,2023-09-09,199,Expired
1622,8183,Basic,2022-10-06,2023-05-26,199,Cancelled
1623,11984,Fleet,2022-09-21,2023-06-08,999,Expired
1624,4700,Basic,2022-12-23,2023-04-01,199,Cancelled
1625,7925,Basic,2022-06-19,2022-12-30,199,Expired
1626,9076,Basic,2022-09-23,2024-03-19,199,Expired
1627,424,Basic,2022-12-22,2023-07-14,199,Expired
1628,17647,Basic,2022-01-21,2023-08-22,199,Expired
1629,9889,Premium,2023-05-30,2024-09-06,499,Expired
1630,9505,Basic,2023-01-09,2024-10-05,199,Cancelled
1631,16139,Premium,2022-04-22,2022-10-28,499,Cancelled
1632,17062,Premium,2022-06-28,2022-11-01,499,Cancelled
1633,3687,Premium,2022-11-07,2024-05-15,499,Expired
1634,3143,Basic,2022-12-01,2023-11-17,199,Expired
1635,17100,Basic,2022-05-02,2023-05-21,199,Expired
1636,15847,Premium,2022-07-07,2023-10-07,499,Expired
1637,13048,Fleet,2023-05-08,2025-03-16,999,Expired
1638,6434,Basic,2022-12-18,2024-09-12,199,Expired
1639,1714,Basic,2022-09-20,2023-04-28,199,Cancelled
1640,32,Basic,2022-06-29,2023-04-10,199,Expired
1641,11057,Basic,2022-05-08,2023-02-12,199,Expired
1642,14166,Basic,2022-04-16,2023-01-05,199,Expired
1643,1434,Basic,2022-11-01,2023-08-24,199,Cancelled
1644,12898,Premium,2022-05-05,2024-04-08,499,Expired
1645,2253,Premium,2022-12-09,2024-04-24,499,Expired
1646,11938,Basic,2023-02-06,2024-04-07,199,Expired
1647,6441,Basic,2023-01-22,2023-11-25,199,Expired
1648,11120,Basic,2022-10-23,2024-08-20,199,Expired
1649,648,Basic,2022-12-31,2024-07-16,199,Cancelled
1650,7758,Basic,2022-11-17,2024-11-05,199,Cancelled
1651,10447,Premium,2022-09-18,2023-11-12,499,Expired
1652,9862,Basic,2022-06-09,2022-10-20,199,Expired
1653,7804,Basic,2022-06-25,2022-11-05,199,Expired
1654,17766,Basic,2022-09-30,2023-08-17,199,Expired
1655,1322,Basic,2022-05-02,2023-10-12,199,Expired
1656,15149,Premium,2022-10-22,2024-03-01,499,Expired
1657,5150,Basic,2022-11-16,2023-10-26,199,Expired
1658,13021,Premium,2023-02-21,2023-06-01,499,Expired
1659,6815,Basic,2023-04-01,2025-01-30,199,Expired
1660,8613,Basic,2022-12-13,2023-12-01,199,Cancelled
1661,10232,Premium,2022-07-12,2023-10-06,499,Expired
1662,15466,Basic,2022-09-21,2023-01-22,199,Cancelled
1663,3377,Basic,2023-05-05,2024-02-05,199,Expired
1664,13910,Basic,2022-07-23,2023-12-11,199,Cancelled
1665,16072,Fleet,2022-11-09,2024-05-13,999,Expired
1666,4255,Basic,2022-12-26,2024-08-15,199,Expired
1667,2535,Premium,2022-07-12,2023-10-06,499,Expired
1668,9535,Basic,2022-11-22,2024-03-15,199,Expired
1669,9335,Premium,2023-04-11,2024-08-20,499,Expired
1670,1625,Basic,2022-05-18,2023-04-30,199,Expired
1671,1430,Basic,2022-12-16,2023-07-22,199,Expired
1672,3223,Basic,2022-01-27,2023-02-14,199,Expired
1673,7705,Fleet,2022-10-27,2023-03-15,999,Cancelled
1674,218,Basic,2022-03-18,2023-04-20,199,Expired
1675,1863,Basic,2022-08-16,2023-01-22,199,Cancelled
1676,11374,Basic,2022-05-22,2022-09-30,199,Expired
1677,266,Premium,2023-04-17,2023-12-15,499,Cancelled
1678,1397,Premium,2022-04-23,2023-06-18,499,Expired
1679,18792,Basic,2023-02-04,2024-07-25,199,Expired
1680,8690,Basic,2022-12-11,2024-03-24,199,Cancelled
1681,15033,Fleet,2022-05-13,2023-10-02,999,Cancelled
1682,12923,Premium,2022-04-16,2023-06-26,499,Cancelled
1683,8765,Basic,2022-02-22,2024-01-26,199,Expired
1684,2880,Basic,2023-02-23,2024-11-01,199,Expired
1685,19215,Premium,2022-08-11,2024-01-16,499,Expired
1686,8584,Basic,2022-12-24,2024-12-13,199,Expired
1687,17885,Basic,2022-11-23,2023-08-12,199,Expired
1688,13034,Basic,2022-02-20,2024-01-19,199,Expired
1689,2860,Basic,2023-03-25,2024-01-07,199,Cancelled
1690,8362,Premium,2022-12-31,2024-07-03,499,Expired
1691,12397,Premium,2022-12-18,2024-10-03,499,Expired
1692,12841,Basic,2023-01-25,2024-07-06,199,Expired
1693,12808,Basic,2022-10-12,2023-02-24,199,Cancelled
1694,13130,Fleet,2023-05-12,2025-04-06,999,Expired
1695,9689,Basic,2022-11-16,2023-07-06,199,Expired
1696,14863,Fleet,2022-12-19,2024-08-22,999,Cancelled
1697,7094,Basic,2022-06-13,2023-08-25,199,Expired
1698,6927,Premium,2023-03-22,2024-01-28,499,Cancelled
1699,4348,Basic,2022-07-25,2023-08-03,199,Expired
1700,17474,Basic,2022-05-15,2022-11-01,199,Expired
1701,12883,Basic,2022-09-01,2023-12-19,199,Expired
1702,1633,Basic,2022-12-07,2024-06-14,199,Expired
1703,14962,Basic,2022-10-21,2024-01-15,199,Expired
1704,10118,Basic,2022-07-05,2024-01-19,199,Expired
1705,3469,Basic,2022-10-15,2023-04-09,199,Expired
1706,9052,Premium,2022-12-06,2024-06-24,499,Expired
1707,7607,Premium,2022-05-16,2024-03-11,499,Cancelled
1708,8228,Basic,2022-09-18,2022-12-24,199,Expired
1709,17770,Basic,2023-02-12,2024-04-14,199,Expired
1710,9594,Premium,2022-11-04,2023-11-17,499,Expired
1711,6473,Fleet,2022-09-24,2023-08-21,999,Expired
1712,12507,Premium,2023-04-15,2024-10-11,499,Expired
1713,388,Premium,2022-12-20,2023-06-03,499,Expired
1714,3711,Basic,2023-01-25,2023-11-26,199,Expired
1715,15852,Premium,2022-11-06,2023-09-05,499,Expired
1716,5588,Basic,2022-09-20,2023-04-11,199,Cancelled
1717,4259,Basic,2022-05-18,2023-08-24,199,Cancelled
1718,1036,Basic,2023-04-17,2024-05-19,199,Expired
1719,2044,Premium,2022-11-01,2023-06-26,499,Expired
1720,14106,Basic,2022-11-07,2024-04-26,199,Expired
1721,13967,Basic,2022-07-02,2023-02-18,199,Cancelled
1722,19162,Basic,2022-04-23,2023-07-03,199,Expired
1723,2642,Fleet,2022-12-08,2024-10-29,999,Cancelled
1724,5724,Premium,2022-07-31,2024-01-06,499,Expired
1725,16588,Premium,2023-01-17,2023-08-04,499,Expired
1726,13881,Premium,2022-10-18,2023-02-21,499,Expired
1727,1555,Premium,2022-12-04,2024-08-23,499,Expired
1728,1612,Basic,2022-07-03,2023-02-17,199,Expired
1729,18668,Basic,2023-01-07,2023-12-17,199,Expired
1730,1164,Basic,2022-03-17,2023-08-30,199,Expired
1731,15228,Premium,2022-02-02,2024-01-21,499,Expired
1732,13114,Premium,2022-08-19,2024-01-17,499,Expired
1733,14530,Basic,2022-07-22,2023-11-30,199,Expired
1734,2648,Fleet,2022-04-17,2023-11-15,999,Expired
1735,15261,Basic,2022-12-05,2024-08-01,199,Expired
1736,13805,Fleet,2022-12-15,2024-11-13,999,Expired
1737,16456,Basic,2022-08-31,2023-05-21,199,Cancelled
1738,3913,Basic,2022-12-07,2023-10-12,199,Expired
1739,6479,Basic,2022-08-08,2023-12-07,199,Expired
1740,19209,Basic,2023-01-28,2024-10-18,199,Expired
1741,3523,Basic,2022-08-05,2024-04-08,199,Expired
1742,17959,Basic,2022-11-07,2024-04-13,199,Expired
1743,15075,Basic,2023-01-22,2024-12-08,199,Cancelled
1744,8212,Basic,2023-04-09,2024-04-14,199,Cancelled
1745,2004,Premium,2023-02-23,2024-01-19,499,Expired
1746,19358,Basic,2023-01-13,2024-08-14,199,Expired
1747,7452,Basic,2022-10-27,2024-07-06,199,Expired
1748,13275,Premium,2022-07-27,2023-10-06,499,Expired
1749,18,Basic,2023-05-23,2024-04-30,199,Expired
1750,2021,Premium,2022-04-08,2023-01-14,499,Expired
1751,6936,Basic,2022-06-19,2022-12-29,199,Expired
1752,1329,Basic,2022-05-14,2023-01-01,199,Expired
1753,1445,Basic,2022-06-06,2023-03-24,199,Expired
1754,4473,Basic,2022-11-17,2023-12-19,199,Expired
1755,6244,Basic,2023-01-31,2023-11-09,199,Expired
1756,706,Fleet,2022-07-18,2024-06-26,999,Expired
1757,279,Basic,2022-10-24,2023-02-09,199,Expired
1758,18562,Basic,2022-06-16,2023-02-24,199,Expired
1759,8676,Basic,2022-11-10,2023-04-09,199,Cancelled
1760,16600,Premium,2022-03-12,2023-09-06,499,Expired
1761,14324,Basic,2022-11-14,2024-03-08,199,Expired
1762,13366,Basic,2022-09-11,2022-12-26,199,Cancelled
1763,274,Premium,2022-07-06,2023-08-18,499,Cancelled
1764,5145,Premium,2022-12-16,2023-07-28,499,Expired
1765,8617,Basic,2022-06-08,2023-06-06,199,Expired
1766,514,Basic,2022-05-21,2023-11-19,199,Expired
1767,16470,Basic,2022-04-15,2023-07-23,199,Cancelled
1768,5103,Premium,2022-09-08,2024-05-31,499,Expired
1769,5035,Basic,2022-11-27,2023-11-10,199,Expired
1770,14399,Basic,2022-06-05,2023-08-14,199,Expired
1771,4085,Fleet,2022-10-02,2023-01-13,999,Expired
1772,10874,Premium,2022-04-09,2022-10-31,499,Cancelled
1773,11218,Basic,2022-07-25,2023-07-19,199,Expired
1774,2406,Premium,2022-10-25,2023-12-08,499,Expired
1775,17609,Fleet,2022-10-02,2024-04-01,999,Expired
1776,7517,Premium,2022-07-21,2023-01-02,499,Expired
1777,8853,Basic,2022-06-20,2023-03-15,199,Expired
1778,9982,Basic,2022-04-24,2023-03-10,199,Expired
1779,10405,Basic,2022-11-30,2023-05-17,199,Expired
1780,18224,Basic,2022-10-11,2024-10-02,199,Expired
1781,13593,Basic,2022-08-23,2024-01-09,199,Expired
1782,16179,Basic,2022-07-28,2023-06-03,199,Expired
1783,5349,Basic,2022-10-07,2023-11-22,199,Expired
1784,4029,Basic,2022-06-18,2023-10-11,199,Expired
1785,9417,Fleet,2023-01-01,2023-10-11,999,Expired
1786,12045,Premium,2022-08-09,2023-06-24,499,Cancelled
1787,3459,Basic,2023-02-21,2024-09-21,199,Cancelled
1788,2200,Basic,2023-02-09,2024-08-13,199,Expired
1789,7763,Basic,2022-03-19,2023-01-05,199,Expired
1790,1428,Basic,2022-11-26,2023-05-04,199,Cancelled
1791,9925,Basic,2022-09-30,2024-04-14,199,Expired
1792,8919,Basic,2022-12-20,2023-12-04,199,Expired
1793,17505,Premium,2023-03-07,2025-01-14,499,Expired
1794,3821,Basic,2022-10-22,2023-04-13,199,Expired
1795,6127,Basic,2022-09-01,2022-12-03,199,Expired
1796,14517,Premium,2022-07-21,2023-09-02,499,Expired
1797,9772,Premium,2022-11-03,2024-02-05,499,Expired
1798,15573,Premium,2022-12-31,2024-05-27,499,Expired
1799,14593,Basic,2022-11-22,2023-09-29,199,Expired
1800,11019,Basic,2022-09-13,2023-05-22,199,Expired
1801,6847,Basic,2023-05-05,2024-11-17,199,Expired
1802,3586,Basic,2023-02-17,2025-01-12,199,Expired
1803,11859,Premium,2022-05-31,2023-08-06,499,Expired
1804,13886,Basic,2022-07-07,2022-12-06,199,Expired
1805,14995,Basic,2022-08-13,2024-05-09,199,Expired
1806,10512,Basic,2022-08-08,2024-01-15,199,Expired
1807,8995,Premium,2022-11-25,2024-07-26,499,Expired
1808,16382,Premium,2022-07-26,2024-04-22,499,Expired
1809,15342,Premium,2023-05-08,2024-07-31,499,Expired
1810,15566,Premium,2022-07-09,2024-01-21,499,Expired
1811,6463,Premium,2023-04-02,2024-08-19,499,Expired
1812,14003,Basic,2022-11-28,2024-10-10,199,Cancelled
1813,11192,Basic,2023-04-11,2024-08-31,199,Expired
1814,8055,Basic,2022-04-17,2024-02-25,199,Cancelled
1815,6162,Basic,2023-01-25,2024-07-19,199,Expired
1816,6424,Basic,2022-12-19,2023-08-23,199,Expired
1817,4179,Basic,2022-02-27,2023-05-24,199,Expired
1818,2930,Basic,2022-03-12,2022-08-18,199,Expired
1819,19374,Basic,2022-06-29,2023-08-30,199,Expired
1820,1706,Basic,2022-11-25,2024-08-16,199,Expired
1821,17295,Basic,2022-05-15,2023-07-31,199,Expired
1822,19999,Premium,2022-04-15,2023-12-12,499,Expired
1823,17889,Basic,2022-08-10,2024-03-03,199,Cancelled
1824,17802,Fleet,2023-03-31,2024-07-06,999,Expired
1825,8338,Basic,2023-02-11,2024-09-19,199,Expired
1826,5020,Basic,2022-03-01,2022-12-15,199,Expired
1827,477,Basic,2022-06-19,2024-01-08,199,Expired
1828,17093,Basic,2022-04-29,2023-12-30,199,Cancelled
1829,8878,Fleet,2022-11-17,2024-03-02,999,Cancelled
1830,16069,Premium,2022-11-14,2023-02-27,499,Expired
1831,4601,Basic,2022-08-05,2023-02-25,199,Expired
1832,2236,Premium,2022-09-08,2024-02-15,499,Expired
1833,9998,Fleet,2022-04-01,2023-07-17,999,Expired
1834,7251,Basic,2022-12-05,2024-04-24,199,Expired
1835,13362,Premium,2022-04-15,2023-07-31,499,Expired
1836,19776,Fleet,2022-05-12,2024-01-24,999,Expired
1837,11908,Premium,2023-02-10,2024-09-25,499,Expired
1838,6336,Basic,2022-10-07,2024-08-06,199,Expired
1839,19664,Fleet,2022-10-03,2023-08-25,999,Expired
1840,18376,Basic,2022-03-01,2023-01-07,199,Expired
1841,17673,Premium,2022-12-06,2024-03-18,499,Expired
1842,8834,Premium,2022-06-10,2023-08-19,499,Expired
1843,8029,Basic,2022-11-12,2024-03-30,199,Expired
1844,2827,Basic,2022-09-04,2024-04-23,199,Expired
1845,4635,Premium,2023-01-03,2024-04-26,499,Expired
1846,4287,Fleet,2022-03-21,2023-10-17,999,Expired
1847,9560,Basic,2022-04-08,2023-10-11,199,Expired
1848,3069,Basic,2022-08-07,2024-02-14,199,Expired
1849,18081,Premium,2023-02-11,2024-10-09,499,Expired
1850,3112,Basic,2022-12-05,2024-03-21,199,Expired
1851,3214,Basic,2022-07-05,2024-01-12,199,Expired
1852,971,Basic,2022-05-07,2023-02-14,199,Expired
1853,19535,Premium,2022-10-26,2023-05-20,499,Expired
1854,2035,Fleet,2022-11-30,2024-10-15,999,Expired
1855,10352,Basic,2022-08-31,2024-08-01,199,Expired
1856,18556,Basic,2023-02-25,2024-05-04,199,Expired
1857,7669,Premium,2022-07-29,2024-07-14,499,Cancelled
1858,3573,Fleet,2022-11-05,2023-06-13,999,Expired
1859,15018,Premium,2022-10-11,2023-07-08,499,Cancelled
1860,16511,Basic,2022-09-09,2024-01-23,199,Expired
1861,17908,Basic,2022-09-22,2023-04-09,199,Expired
1862,9092,Premium,2022-09-23,2024-08-13,499,Expired
1863,18988,Basic,2022-08-17,2024-08-03,199,Expired
1864,19221,Basic,2022-05-25,2023-10-26,199,Expired
1865,8577,Premium,2022-07-21,2024-02-01,499,Expired
1866,6757,Fleet,2022-07-16,2023-09-22,999,Expired
1867,19138,Basic,2022-01-04,2022-10-10,199,Expired
1868,8772,Premium,2023-05-05,2024-04-26,499,Expired
1869,16384,Fleet,2022-06-28,2022-12-23,999,Expired
1870,11805,Premium,2023-04-30,2024-12-13,499,Expired
1871,15469,Basic,2022-05-29,2024-03-05,199,Expired
1872,9126,Basic,2022-12-15,2023-04-27,199,Expired
1873,3367,Basic,2023-01-04,2024-12-07,199,Expired
1874,18261,Premium,2022-12-04,2024-07-21,499,Expired
1875,17067,Premium,2023-01-02,2023-10-19,499,Expired
1876,13411,Premium,2023-01-27,2024-08-05,499,Expired
1877,14098,Premium,2022-09-16,2024-01-13,499,Expired
1878,16659,Basic,2022-07-21,2023-04-17,199,Cancelled
1879,12190,Basic,2022-05-17,2022-12-11,199,Expired
1880,19292,Basic,2022-09-27,2024-06-20,199,Cancelled
1881,734,Fleet,2022-06-11,2024-01-26,999,Cancelled
1882,14533,Basic,2023-05-20,2024-04-05,199,Expired
1883,18894,Basic,2023-02-28,2024-02-13,199,Expired
1884,16471,Basic,2022-08-02,2022-12-12,199,Expired
1885,18032,Premium,2023-02-20,2023-09-02,499,Expired
1886,2949,Premium,2022-09-10,2023-09-04,499,Expired
1887,18780,Basic,2022-07-04,2022-10-13,199,Expired
1888,6585,Basic,2023-01-10,2023-11-04,199,Cancelled
1889,5554,Premium,2022-08-31,2023-11-25,499,Expired
1890,2118,Basic,2022-09-14,2023-11-19,199,Expired
1891,16244,Premium,2022-05-01,2022-12-12,499,Cancelled
1892,18726,Basic,2022-08-08,2023-01-22,199,Expired
1893,15977,Fleet,2023-02-23,2024-10-07,999,Expired
1894,13790,Basic,2022-07-14,2023-10-27,199,Expired
1895,16942,Basic,2022-08-20,2022-12-31,199,Cancelled
1896,3861,Premium,2022-12-27,2023-07-25,499,Expired
1897,4795,Basic,2022-05-14,2023-12-19,199,Expired
1898,6071,Premium,2023-02-09,2024-10-30,499,Expired
1899,18241,Basic,2023-01-23,2024-04-20,199,Expired
1900,11092,Basic,2022-09-14,2022-12-21,199,Expired
1901,12835,Basic,2023-03-08,2024-09-20,199,Expired
1902,16484,Basic,2022-12-18,2023-05-01,199,Expired
1903,18295,Basic,2023-04-09,2023-07-23,199,Expired
1904,5032,Basic,2022-07-13,2024-06-11,199,Expired
1905,16945,Premium,2022-07-13,2023-12-21,499,Cancelled
1906,3243,Premium,2022-12-24,2024-09-01,499,Expired
1907,6142,Basic,2022-06-25,2022-09-30,199,Expired
1908,16267,Premium,2022-04-16,2024-02-28,499,Expired
1909,7269,Basic,2022-08-24,2023-10-14,199,Expired
1910,11466,Basic,2022-11-22,2023-08-28,199,Expired
1911,4376,Basic,2022-12-05,2024-04-01,199,Expired
1912,6282,Basic,2022-10-26,2023-12-16,199,Expired
1913,1442,Premium,2022-11-16,2024-08-26,499,Expired
1914,2387,Fleet,2023-02-13,2023-07-15,999,Expired
1915,6046,Premium,2022-08-24,2024-01-14,499,Expired
1916,18569,Basic,2022-04-05,2023-06-16,199,Expired
1917,3700,Basic,2022-09-11,2024-06-10,199,Expired
1918,7560,Fleet,2022-10-14,2024-01-30,999,Expired
1919,17574,Basic,2022-10-27,2024-10-20,199,Expired
1920,3799,Basic,2022-12-07,2024-08-27,199,Expired
1921,2215,Basic,2023-04-11,2024-06-15,199,Expired
1922,10448,Premium,2022-12-09,2023-06-11,499,Expired
1923,3822,Basic,2023-01-04,2024-06-13,199,Expired
1924,12610,Premium,2022-12-13,2023-12-28,499,Expired
1925,18006,Premium,2022-03-09,2023-06-22,499,Expired
1926,7404,Basic,2022-08-09,2023-10-21,199,Expired
1927,13401,Premium,2022-10-04,2024-08-01,499,Expired
1928,7595,Basic,2022-07-23,2023-06-01,199,Cancelled
1929,4266,Premium,2022-11-28,2024-02-08,499,Expired
1930,17201,Basic,2022-09-22,2023-11-13,199,Expired
1931,16581,Basic,2022-08-14,2023-04-14,199,Expired
1932,12263,Basic,2022-12-27,2024-09-20,199,Expired
1933,7590,Basic,2022-03-02,2023-09-07,199,Expired
1934,7454,Fleet,2022-11-26,2023-08-31,999,Expired
1935,5771,Basic,2022-12-29,2023-09-23,199,Expired
1936,9368,Premium,2022-10-21,2023-05-19,499,Expired
1937,6003,Premium,2022-11-07,2023-02-26,499,Expired
1938,6707,Basic,2022-08-01,2023-02-15,199,Expired
1939,4744,Basic,2022-08-10,2023-07-10,199,Cancelled
1940,8189,Basic,2022-09-09,2023-01-27,199,Expired
1941,2146,Basic,2022-10-11,2023-08-05,199,Expired
1942,2795,Basic,2022-08-20,2024-05-13,199,Expired
1943,922,Premium,2022-08-03,2023-02-28,499,Cancelled
1944,1087,Premium,2022-11-14,2023-12-30,499,Expired
1945,12643,Basic,2022-07-01,2024-02-26,199,Expired
1946,1839,Basic,2023-03-27,2024-01-10,199,Expired
1947,13619,Premium,2022-10-19,2024-09-06,499,Expired
1948,7304,Premium,2022-03-14,2023-06-28,499,Expired
1949,10049,Basic,2022-08-29,2024-01-26,199,Cancelled
1950,978,Basic,2023-02-10,2023-12-15,199,Expired
1951,6660,Basic,2022-07-16,2024-04-18,199,Expired
1952,16021,Premium,2022-03-08,2023-11-27,499,Expired
1953,10441,Basic,2022-08-13,2024-02-29,199,Expired
1954,14877,Basic,2022-10-20,2023-01-30,199,Cancelled
1955,652,Premium,2022-09-05,2023-07-08,499,Expired
1956,7199,Basic,2022-01-31,2022-05-15,199,Expired
1957,5275,Basic,2022-10-24,2023-09-05,199,Cancelled
1958,19319,Premium,2022-12-20,2024-11-30,499,Cancelled
1959,1363,Premium,2023-01-02,2023-11-05,499,Expired
1960,9843,Premium,2023-02-18,2024-10-24,499,Cancelled
1961,4820,Basic,2022-11-08,2024-10-02,199,Expired
1962,4220,Premium,2022-10-26,2023-12-09,499,Expired
1963,6880,Premium,2023-05-20,2023-12-29,499,Expired
1964,8655,Premium,2022-10-08,2023-07-12,499,Expired
1965,3475,Basic,2022-09-07,2023-03-17,199,Expired
1966,17188,Premium,2023-05-09,2024-04-27,499,Expired
1967,5117,Basic,2023-02-21,2024-02-14,199,Cancelled
1968,7976,Premium,2022-10-07,2024-09-22,499,Expired
1969,7518,Premium,2022-02-18,2023-09-17,499,Cancelled
1970,14237,Basic,2022-07-30,2023-03-02,199,Expired
1971,5439,Premium,2022-12-04,2023-03-19,499,Expired
1972,1289,Premium,2022-12-20,2023-06-22,499,Expired
1973,18034,Premium,2022-04-21,2023-05-02,499,Expired
1974,8547,Basic,2022-12-17,2024-10-13,199,Expired
1975,11800,Basic,2023-04-20,2024-08-22,199,Expired
1976,10173,Basic,2022-03-18,2022-07-16,199,Expired
1977,17224,Premium,2023-04-01,2023-11-06,499,Expired
1978,10978,Basic,2023-01-07,2023-11-22,199,Cancelled
1979,18614,Basic,2022-04-29,2024-04-05,199,Expired
1980,5551,Basic,2022-12-09,2023-05-15,199,Expired
1981,18158,Basic,2022-08-12,2024-02-23,199,Expired
1982,17799,Fleet,2022-10-28,2024-10-19,999,Expired
1983,6881,Premium,2022-09-09,2023-08-16,499,Expired
1984,11861,Premium,2022-11-21,2023-05-21,499,Expired
1985,2989,Basic,2022-05-04,2023-10-13,199,Expired
1986,14675,Fleet,2022-09-03,2023-01-11,999,Cancelled
1987,5955,Premium,2022-09-28,2024-09-02,499,Expired
1988,3264,Premium,2022-08-10,2024-06-06,499,Expired
1989,328,Basic,2022-08-02,2022-11-16,199,Cancelled
1990,6425,Premium,2022-07-07,2024-05-28,499,Expired
1991,9615,Premium,2022-12-09,2023-09-03,499,Expired
1992,17063,Basic,2023-03-18,2023-09-20,199,Expired
1993,7718,Basic,2022-04-30,2023-03-26,199,Expired
1994,17131,Premium,2022-12-29,2024-10-20,499,Expired
1995,1808,Basic,2022-12-22,2023-04-06,199,Cancelled
1996,5023,Premium,2023-03-07,2024-10-20,499,Expired
1997,10014,Basic,2023-04-09,2024-04-29,199,Cancelled
1998,13928,Premium,2022-10-07,2023-05-09,499,Expired
1999,9561,Premium,2023-01-19,2024-03-03,499,Expired
2000,17324,Basic,2023-03-31,2024-12-14,199,Expired
2001,16271,Basic,2022-09-23,2023-04-03,199,Expired
2002,1384,Basic,2022-08-11,2024-03-16,199,Expired
2003,3473,Basic,2022-09-07,2023-07-10,199,Expired
2004,19901,Basic,2022-11-09,2023-09-10,199,Cancelled
2005,2151,Premium,2023-02-14,2023-10-22,499,Expired
2006,5503,Basic,2023-04-15,2024-06-14,199,Expired
2007,11336,Basic,2022-05-05,2023-06-09,199,Expired
2008,15217,Basic,2022-12-08,2024-10-19,199,Cancelled
2009,9712,Basic,2022-07-31,2023-07-12,199,Expired
2010,2753,Premium,2023-01-31,2023-09-09,499,Expired
2011,1713,Basic,2022-09-15,2024-02-07,199,Expired
2012,13656,Premium,2022-11-11,2024-04-30,499,Expired
2013,14690,Basic,2022-12-04,2023-06-13,199,Expired
2014,18180,Premium,2022-08-31,2023-01-07,499,Expired
2015,11751,Premium,2022-11-15,2023-04-21,499,Cancelled
2016,16657,Basic,2022-12-26,2023-11-06,199,Expired
2017,13349,Premium,2023-01-12,2024-11-25,499,Expired
2018,14130,Basic,2022-10-04,2023-05-11,199,Expired
2019,14728,Basic,2022-05-02,2023-04-02,199,Cancelled
2020,19674,Basic,2022-08-26,2023-05-31,199,Expired
2021,4526,Fleet,2022-08-22,2022-11-23,999,Expired
2022,170,Basic,2023-03-15,2024-04-20,199,Expired
2023,4673,Basic,2022-09-06,2023-12-31,199,Expired
2024,6502,Basic,2022-07-24,2023-09-16,199,Expired
2025,2879,Basic,2022-12-03,2024-06-16,199,Expired
2026,6064,Basic,2022-09-07,2023-12-26,199,Expired
2027,17288,Fleet,2022-07-01,2023-06-25,999,Cancelled
2028,11956,Basic,2023-03-24,2024-08-26,199,Expired
2029,10952,Basic,2022-10-26,2023-12-25,199,Cancelled
2030,10390,Basic,2022-03-04,2023-06-19,199,Expired
2031,13658,Basic,2022-10-24,2024-09-01,199,Expired
2032,6137,Basic,2022-10-12,2023-03-03,199,Expired
2033,10302,Basic,2023-05-26,2025-03-10,199,Expired
2034,5938,Basic,2023-02-23,2023-05-25,199,Expired
2035,11885,Premium,2023-04-30,2024-04-07,499,Expired
2036,12295,Basic,2022-10-14,2023-04-24,199,Expired
2037,3324,Basic,2022-10-30,2024-04-28,199,Expired
2038,14830,Basic,2022-07-08,2023-01-06,199,Expired
2039,3471,Basic,2023-04-09,2023-12-23,199,Cancelled
2040,13399,Premium,2022-12-16,2023-10-29,499,Expired
2041,12786,Premium,2022-08-23,2023-02-09,499,Cancelled
2042,16972,Premium,2023-02-14,2023-05-31,499,Expired
2043,10382,Premium,2022-07-07,2023-02-23,499,Expired
2044,18247,Fleet,2022-10-31,2024-05-19,999,Expired
2045,5569,Fleet,2022-06-24,2024-01-04,999,Expired
2046,138,Basic,2022-11-17,2024-10-07,199,Expired
2047,7030,Basic,2022-12-14,2023-08-28,199,Expired
2048,9424,Basic,2023-02-24,2023-12-10,199,Expired
2049,9842,Premium,2022-03-18,2022-12-29,499,Expired
2050,5226,Fleet,2022-05-23,2023-03-26,999,Expired
2051,12713,Premium,2022-12-25,2023-05-28,499,Expired
2052,9752,Fleet,2023-02-24,2023-06-03,999,Expired
2053,7766,Premium,2022-05-21,2024-03-05,499,Expired
2054,8049,Premium,2022-06-09,2022-09-25,499,Expired
2055,2141,Premium,2022-11-29,2023-05-26,499,Expired
2056,3001,Fleet,2022-08-12,2023-12-26,999,Expired
2057,4739,Basic,2022-11-03,2024-07-03,199,Cancelled
2058,19656,Basic,2022-07-15,2024-04-22,199,Cancelled
2059,7949,Basic,2023-01-10,2023-09-14,199,Expired
2060,4442,Premium,2022-07-15,2023-11-14,499,Expired
2061,7474,Basic,2022-07-06,2024-03-19,199,Expired
2062,6670,Premium,2023-05-01,2023-12-25,499,Expired
2063,6550,Basic,2022-03-14,2023-03-20,199,Expired
2064,4353,Basic,2022-03-15,2023-02-16,199,Expired
2065,1398,Premium,2023-03-02,2025-01-18,499,Expired
2066,18872,Basic,2022-11-17,2024-08-23,199,Expired
2067,2142,Premium,2022-10-03,2024-02-20,499,Cancelled
2068,18514,Basic,2022-07-07,2023-05-07,199,Expired
2069,10964,Fleet,2022-12-01,2024-11-07,999,Expired
2070,11786,Basic,2022-06-06,2024-01-31,199,Expired
2071,13605,Basic,2023-06-05,2025-03-28,199,Expired
2072,11814,Premium,2022-04-01,2023-06-16,499,Expired
2073,11851,Premium,2022-10-08,2023-11-26,499,Expired
2074,4615,Fleet,2022-09-12,2023-10-30,999,Expired
2075,16641,Premium,2022-06-21,2023-05-18,499,Expired
2076,19874,Premium,2022-07-27,2023-01-11,499,Expired
2077,17697,Basic,2022-08-13,2023-12-07,199,Expired
2078,18706,Basic,2022-07-03,2023-02-10,199,Expired
2079,6836,Basic,2022-03-28,2023-09-30,199,Expired
2080,11388,Premium,2023-06-03,2025-03-30,499,Expired
2081,16504,Premium,2022-10-28,2023-09-06,499,Cancelled
2082,2313,Premium,2022-11-28,2024-09-24,499,Expired
2083,4198,Basic,2022-12-16,2023-06-01,199,Expired
2084,13588,Premium,2022-06-06,2023-09-20,499,Expired
2085,18465,Basic,2022-11-05,2024-07-16,199,Expired
2086,4829,Premium,2022-04-23,2023-06-18,499,Expired
2087,5200,Premium,2023-05-05,2023-10-28,499,Expired
2088,13028,Premium,2022-07-22,2023-04-18,499,Cancelled
2089,8543,Basic,2022-06-26,2022-12-18,199,Expired
2090,6226,Premium,2023-03-31,2023-09-10,499,Expired
2091,4389,Basic,2022-12-22,2024-02-07,199,Expired
2092,11056,Basic,2022-06-27,2022-12-08,199,Expired
2093,12455,Premium,2022-05-11,2023-11-08,499,Expired
2094,19071,Basic,2022-11-13,2023-09-13,199,Expired
2095,11678,Basic,2022-10-06,2023-09-18,199,Expired
2096,12010,Basic,2023-01-09,2023-06-30,199,Expired
2097,8087,Basic,2023-03-01,2023-09-02,199,Cancelled
2098,15995,Basic,2022-07-08,2023-12-06,199,Expired
2099,715,Basic,2022-09-28,2023-02-05,199,Expired
2100,5668,Basic,2022-09-25,2023-03-14,199,Expired
2101,19992,Basic,2022-11-10,2023-02-27,199,Expired
2102,12536,Basic,2022-09-13,2023-11-30,199,Cancelled
2103,17300,Fleet,2022-09-24,2022-12-30,999,Expired
2104,12645,Basic,2022-12-12,2023-09-30,199,Expired
2105,2677,Premium,2022-08-28,2024-02-15,499,Cancelled
2106,16530,Basic,2023-03-11,2024-04-22,199,Expired
2107,15552,Basic,2022-11-22,2024-06-10,199,Expired
2108,7,Basic,2023-02-16,2023-06-24,199,Expired
2109,2911,Premium,2023-01-28,2024-04-04,499,Expired
2110,5633,Basic,2022-12-08,2023-12-15,199,Expired
2111,11551,Basic,2023-02-06,2023-06-02,199,Expired
2112,8349,Basic,2022-04-29,2024-03-18,199,Cancelled
2113,10581,Fleet,2022-02-23,2023-02-24,999,Expired
2114,2555,Basic,2022-05-23,2022-09-29,199,Cancelled
2115,4547,Basic,2022-07-07,2023-02-12,199,Cancelled
2116,14413,Basic,2022-10-14,2023-01-23,199,Expired
2117,15913,Premium,2022-04-11,2023-04-29,499,Cancelled
2118,9896,Basic,2023-04-08,2023-08-02,199,Expired
2119,10720,Basic,2022-11-10,2024-10-05,199,Expired
2120,17386,Basic,2023-05-18,2025-02-16,199,Cancelled
2121,17017,Fleet,2022-09-25,2024-09-24,999,Expired
2122,11936,Premium,2022-08-03,2023-07-18,499,Expired
2123,16986,Fleet,2023-02-24,2023-08-03,999,Expired
2124,1024,Basic,2022-10-21,2023-03-18,199,Expired
2125,19446,Basic,2022-11-25,2023-10-31,199,Expired
2126,15484,Basic,2022-12-13,2024-02-19,199,Expired
2127,19398,Premium,2022-05-22,2023-12-28,499,Expired
2128,2248,Basic,2022-08-07,2023-04-12,199,Expired
2129,7286,Premium,2023-04-13,2023-09-21,499,Expired
2130,13707,Basic,2022-10-19,2024-10-10,199,Expired
2131,11147,Basic,2022-06-03,2023-10-04,199,Expired
2132,13056,Premium,2023-02-24,2023-10-17,499,Expired
2133,11044,Fleet,2022-05-17,2023-01-23,999,Expired
2134,4280,Premium,2022-02-02,2022-06-02,499,Expired
2135,5360,Basic,2022-10-11,2023-04-30,199,Expired
2136,8154,Basic,2022-07-08,2023-07-08,199,Cancelled
2137,6955,Premium,2022-11-27,2024-03-16,499,Expired
2138,11434,Fleet,2022-10-05,2023-02-03,999,Cancelled
2139,14477,Basic,2022-08-17,2023-11-15,199,Expired
2140,14314,Premium,2022-05-27,2022-08-29,499,Expired
2141,17811,Basic,2022-08-20,2024-07-26,199,Expired
2142,9774,Premium,2023-03-10,2024-03-29,499,Expired
2143,2112,Premium,2022-08-09,2024-06-16,499,Expired
2144,2877,Fleet,2022-12-31,2024-08-20,999,Expired
2145,8507,Fleet,2022-04-03,2023-01-09,999,Expired
2146,9730,Basic,2023-02-01,2025-01-19,199,Expired
2147,3205,Premium,2023-05-08,2025-01-20,499,Expired
2148,4942,Basic,2022-10-30,2023-08-18,199,Expired
2149,4464,Premium,2022-10-30,2024-09-23,499,Expired
2150,8125,Basic,2022-07-31,2024-04-08,199,Expired
2151,13153,Fleet,2023-01-05,2024-10-07,999,Expired
2152,559,Premium,2022-12-09,2023-03-31,499,Expired
2153,12288,Basic,2022-06-12,2024-02-22,199,Expired
2154,3618,Premium,2022-06-30,2023-04-25,499,Expired
2155,5334,Basic,2022-07-08,2023-04-13,199,Expired
2156,13741,Premium,2022-10-05,2023-05-26,499,Cancelled
2157,8478,Basic,2022-03-15,2023-07-22,199,Expired
2158,4167,Basic,2022-08-21,2023-03-23,199,Expired
2159,18510,Premium,2023-02-22,2023-10-21,499,Expired
2160,12142,Fleet,2022-08-19,2024-01-29,999,Expired
2161,7701,Premium,2022-10-16,2024-07-15,499,Expired
2162,5217,Premium,2022-03-31,2023-09-02,499,Expired
2163,6620,Premium,2022-01-29,2022-10-31,499,Expired
2164,2797,Premium,2022-12-30,2024-10-17,499,Expired
2165,15697,Premium,2022-12-07,2024-09-03,499,Expired
2166,12891,Premium,2022-06-14,2023-11-27,499,Expired
2167,4154,Basic,2022-02-03,2022-09-03,199,Expired
2168,7627,Basic,2022-07-23,2023-03-03,199,Expired
2169,19009,Basic,2022-10-01,2024-05-27,199,Expired
2170,17025,Basic,2022-10-10,2023-03-30,199,Cancelled
2171,11283,Premium,2022-09-13,2023-01-31,499,Expired
2172,15101,Premium,2022-04-29,2024-03-01,499,Expired
2173,4443,Basic,2022-10-16,2023-07-31,199,Expired
2174,17742,Basic,2022-11-10,2024-11-08,199,Expired
2175,18400,Basic,2022-12-30,2023-10-18,199,Cancelled
2176,9061,Basic,2022-11-02,2023-04-06,199,Cancelled
2177,12152,Basic,2022-06-04,2023-06-27,199,Expired
2178,2352,Basic,2022-11-23,2023-09-23,199,Expired
2179,19366,Basic,2023-02-15,2024-04-27,199,Cancelled
2180,5338,Basic,2022-11-19,2023-07-12,199,Expired
2181,10970,Premium,2022-02-19,2023-05-25,499,Expired
2182,6120,Basic,2022-08-23,2023-07-13,199,Cancelled
2183,2725,Premium,2023-01-25,2023-10-19,499,Expired
2184,6591,Basic,2022-04-08,2023-02-04,199,Expired
2185,7650,Basic,2022-06-25,2023-02-14,199,Expired
2186,1870,Basic,2023-01-03,2024-01-13,199,Cancelled
2187,16902,Basic,2023-05-10,2024-01-18,199,Expired
2188,10837,Basic,2022-11-06,2023-12-25,199,Expired
2189,19375,Premium,2022-03-12,2023-09-07,499,Expired
2190,13295,Premium,2023-02-08,2023-12-03,499,Expired
2191,6423,Basic,2023-02-15,2025-02-02,199,Expired
2192,8165,Premium,2022-07-10,2023-03-10,499,Expired
2193,1200,Basic,2022-08-05,2023-05-10,199,Expired
2194,3166,Premium,2022-08-08,2024-03-10,499,Expired
2195,13882,Fleet,2022-03-13,2023-07-16,999,Expired
2196,14426,Basic,2023-02-11,2024-04-18,199,Expired
2197,13845,Basic,2023-06-22,2024-02-14,199,Expired
2198,17490,Premium,2022-08-01,2023-02-28,499,Expired
2199,716,Basic,2023-06-20,2024-09-23,199,Expired
2200,3636,Basic,2023-03-23,2024-04-04,199,Expired
2201,12981,Premium,2023-02-21,2024-02-15,499,Expired
2202,16509,Premium,2022-12-19,2023-08-12,499,Expired
2203,13902,Fleet,2023-04-12,2025-01-21,999,Expired
2204,3703,Basic,2022-05-28,2024-03-04,199,Expired
2205,362,Basic,2022-03-20,2022-07-12,199,Expired
2206,3116,Basic,2022-11-09,2024-06-02,199,Expired
2207,18879,Basic,2022-05-27,2023-06-08,199,Cancelled
2208,11757,Basic,2023-04-16,2024-07-21,199,Expired
2209,4297,Premium,2022-10-09,2024-06-28,499,Expired
2210,12149,Basic,2022-12-16,2023-10-08,199,Expired
2211,3490,Basic,2022-08-01,2024-07-30,199,Expired
2212,18339,Basic,2022-07-06,2023-05-02,199,Expired
2213,4246,Basic,2023-01-23,2023-05-29,199,Expired
2214,3590,Basic,2023-03-31,2024-11-20,199,Expired
2215,2761,Premium,2022-07-26,2023-09-30,499,Expired
2216,8658,Basic,2022-12-06,2023-08-13,199,Expired
2217,11797,Premium,2022-04-09,2022-08-08,499,Cancelled
2218,7021,Basic,2022-03-08,2023-12-12,199,Expired
2219,1158,Basic,2022-08-16,2022-11-30,199,Expired
2220,4825,Basic,2022-07-01,2024-05-26,199,Expired
2221,19644,Basic,2022-09-09,2024-03-07,199,Expired
2222,461,Premium,2023-01-19,2024-07-29,499,Expired
2223,14676,Basic,2022-08-25,2023-01-13,199,Expired
2224,17943,Basic,2022-12-08,2024-09-16,199,Expired
2225,6242,Premium,2022-07-21,2024-04-24,499,Expired
2226,292,Premium,2022-06-08,2023-03-23,499,Expired
2227,7704,Premium,2022-10-25,2023-01-24,499,Expired
2228,10871,Basic,2022-05-03,2023-02-25,199,Expired
2229,6135,Basic,2022-05-01,2022-10-27,199,Expired
2230,17376,Basic,2022-07-05,2023-07-05,199,Cancelled
2231,13803,Basic,2023-06-03,2024-12-15,199,Expired
2232,17753,Basic,2023-01-19,2024-05-21,199,Cancelled
2233,6269,Premium,2022-05-07,2023-07-12,499,Expired
2234,18386,Basic,2022-04-07,2022-08-05,199,Expired
2235,4326,Fleet,2022-09-20,2023-02-17,999,Expired
2236,8597,Basic,2022-05-26,2023-08-25,199,Expired
2237,14973,Premium,2023-02-14,2024-01-15,499,Expired
2238,12658,Premium,2023-01-29,2023-08-29,499,Cancelled
2239,2688,Premium,2022-05-11,2022-11-17,499,Cancelled
2240,14315,Basic,2022-10-10,2023-07-12,199,Expired
2241,18653,Basic,2023-05-11,2024-11-03,199,Expired
2242,6247,Basic,2022-10-13,2023-07-18,199,Expired
2243,3683,Basic,2022-11-05,2023-04-15,199,Expired
2244,17577,Fleet,2022-11-15,2023-08-14,999,Cancelled
2245,13389,Premium,2022-12-09,2023-06-28,499,Expired
2246,2280,Basic,2022-06-20,2022-11-22,199,Expired
2247,7649,Premium,2022-09-04,2023-06-23,499,Expired
2248,6194,Basic,2023-01-20,2023-10-20,199,Expired
2249,9653,Premium,2022-03-31,2022-12-17,499,Expired
2250,4979,Fleet,2022-05-17,2023-09-13,999,Cancelled
2251,8629,Basic,2023-03-15,2024-01-06,199,Expired
2252,14506,Fleet,2022-12-31,2024-10-22,999,Expired
2253,19400,Premium,2023-02-21,2024-03-27,499,Expired
2254,19494,Basic,2022-10-27,2024-04-27,199,Expired
2255,10332,Basic,2022-11-17,2024-10-14,199,Expired
2256,231,Basic,2022-09-26,2023-10-26,199,Expired
2257,11823,Premium,2022-03-14,2022-08-11,499,Cancelled
2258,19764,Basic,2022-07-02,2023-04-01,199,Expired
2259,3257,Premium,2022-04-29,2023-07-21,499,Expired
2260,11456,Premium,2022-11-29,2024-06-02,499,Expired
2261,18619,Premium,2022-08-08,2023-09-14,499,Cancelled
2262,12322,Basic,2023-04-10,2023-10-19,199,Expired
2263,16116,Basic,2022-05-26,2023-12-22,199,Expired
2264,10900,Premium,2022-08-23,2024-05-30,499,Expired
2265,3411,Basic,2022-08-09,2023-09-09,199,Cancelled
2266,16694,Basic,2023-01-19,2023-08-11,199,Expired
2267,2617,Premium,2022-10-01,2023-04-08,499,Expired
2268,5886,Basic,2022-08-23,2024-04-19,199,Expired
2269,10597,Fleet,2022-04-10,2022-08-14,999,Expired
2270,18880,Basic,2022-03-29,2024-03-23,199,Cancelled
2271,4740,Basic,2022-11-19,2023-11-01,199,Expired
2272,14510,Basic,2022-08-02,2024-04-11,199,Expired
2273,16774,Basic,2022-10-02,2023-07-17,199,Expired
2274,6811,Premium,2022-07-30,2024-06-11,499,Expired
2275,5204,Basic,2022-09-17,2023-06-04,199,Cancelled
2276,19466,Basic,2022-08-02,2024-01-04,199,Expired
2277,10171,Basic,2022-07-22,2023-07-15,199,Expired
2278,3288,Basic,2023-01-15,2024-03-24,199,Expired
2279,16000,Basic,2023-05-21,2025-05-17,199,Expired
2280,13695,Basic,2022-05-12,2023-05-05,199,Expired
2281,3708,Basic,2023-06-04,2024-08-01,199,Expired
2282,2782,Basic,2022-10-14,2023-03-16,199,Expired
2283,4973,Premium,2022-09-16,2024-07-14,499,Expired
2284,6867,Basic,2022-08-30,2024-03-01,199,Cancelled
2285,8526,Premium,2022-08-30,2024-02-25,499,Expired
2286,10228,Premium,2022-12-18,2024-04-02,499,Expired
2287,4463,Basic,2022-12-11,2023-07-15,199,Expired
2288,3049,Basic,2023-02-13,2024-07-27,199,Expired
2289,9559,Basic,2022-08-22,2023-09-12,199,Expired
2290,11223,Basic,2022-09-01,2023-08-07,199,Expired
2291,18332,Premium,2022-12-29,2024-09-04,499,Expired
2292,9234,Basic,2022-07-08,2023-10-04,199,Expired
2293,13079,Basic,2022-03-16,2023-02-26,199,Expired
2294,8092,Premium,2022-06-13,2024-04-30,499,Expired
2295,13465,Basic,2022-12-01,2024-07-27,199,Expired
2296,9540,Premium,2022-08-15,2022-12-06,499,Expired
2297,10415,Premium,2022-11-01,2024-10-31,499,Cancelled
2298,8242,Premium,2022-06-10,2023-08-24,499,Expired
2299,6832,Basic,2022-05-11,2023-05-23,199,Expired
2300,13838,Basic,2022-05-15,2023-06-17,199,Expired
2301,11947,Basic,2022-12-20,2024-02-28,199,Expired
2302,19170,Premium,2022-08-05,2023-03-26,499,Expired
2303,11558,Basic,2022-09-05,2023-03-17,199,Expired
2304,13175,Basic,2022-02-24,2022-10-07,199,Expired
2305,11437,Basic,2022-06-25,2023-11-07,199,Expired
2306,4231,Fleet,2023-05-11,2024-03-08,999,Expired
2307,17684,Fleet,2022-11-19,2024-01-22,999,Expired
2308,14773,Basic,2022-07-12,2022-11-11,199,Expired
2309,18003,Basic,2022-04-15,2023-08-01,199,Expired
2310,1958,Basic,2022-05-29,2024-03-13,199,Expired
2311,488,Basic,2023-01-03,2023-12-28,199,Expired
2312,16948,Basic,2023-02-07,2024-11-28,199,Expired
2313,7699,Premium,2023-05-04,2024-12-21,499,Expired
2314,2513,Basic,2022-12-01,2024-11-14,199,Expired
2315,8452,Premium,2022-07-18,2024-01-19,499,Expired
2316,9792,Premium,2022-12-18,2023-09-26,499,Expired
2317,9699,Fleet,2022-04-15,2024-03-14,999,Expired
2318,16688,Fleet,2022-11-10,2024-10-26,999,Expired
2319,19113,Premium,2022-06-11,2022-11-07,499,Expired
2320,13192,Basic,2022-08-30,2024-08-05,199,Expired
2321,9539,Basic,2023-01-11,2024-08-20,199,Expired
2322,8859,Fleet,2023-01-21,2024-12-01,999,Expired
2323,9399,Basic,2022-08-02,2024-07-05,199,Expired
2324,18962,Basic,2023-02-11,2024-06-02,199,Expired
2325,17865,Fleet,2022-04-11,2022-09-18,999,Expired
2326,14387,Premium,2023-04-08,2024-10-17,499,Expired
2327,17132,Basic,2022-04-22,2023-05-18,199,Cancelled
2328,1021,Fleet,2023-04-26,2024-07-28,999,Expired
2329,15961,Basic,2022-10-19,2023-11-14,199,Expired
2330,5183,Basic,2022-05-26,2023-02-01,199,Expired
2331,4849,Basic,2022-10-20,2023-03-12,199,Expired
2332,10290,Basic,2022-10-12,2024-04-14,199,Expired
2333,8504,Premium,2023-04-06,2024-02-11,499,Cancelled
2334,9799,Basic,2022-07-14,2024-04-20,199,Cancelled
2335,14453,Basic,2023-02-02,2024-03-24,199,Expired
2336,6492,Basic,2022-10-06,2023-12-08,199,Expired
2337,12104,Premium,2022-10-04,2024-08-22,499,Expired
2338,15340,Basic,2023-04-10,2024-07-04,199,Cancelled
2339,15562,Basic,2022-09-18,2024-05-30,199,Expired
2340,135,Basic,2022-12-15,2023-04-29,199,Expired
2341,11900,Premium,2022-06-22,2023-08-28,499,Expired
2342,9163,Basic,2023-01-07,2024-01-15,199,Expired
2343,6267,Premium,2023-06-05,2024-06-16,499,Expired
2344,4206,Fleet,2022-04-29,2022-09-30,999,Expired
2345,12064,Premium,2022-07-02,2022-12-07,499,Expired
2346,16443,Premium,2023-02-06,2024-12-21,499,Expired
2347,8127,Premium,2023-03-05,2023-06-14,499,Expired
2348,18443,Basic,2022-08-11,2023-01-02,199,Expired
2349,15215,Basic,2023-01-19,2023-12-24,199,Cancelled
2350,18765,Basic,2022-10-05,2023-03-08,199,Expired
2351,4681,Premium,2023-02-26,2024-12-25,499,Expired
2352,7509,Premium,2023-01-26,2024-07-01,499,Cancelled
2353,18029,Premium,2023-02-05,2023-09-26,499,Expired
2354,5504,Premium,2022-03-31,2023-07-13,499,Expired
2355,486,Premium,2023-03-11,2024-05-30,499,Expired
2356,11237,Basic,2022-07-23,2023-07-27,199,Expired
2357,968,Premium,2022-07-26,2023-08-05,499,Expired
2358,11458,Premium,2022-08-05,2023-01-09,499,Expired
2359,6070,Premium,2022-07-13,2023-06-19,499,Expired
2360,9454,Fleet,2023-02-02,2024-10-24,999,Expired
2361,5355,Basic,2022-09-07,2024-06-26,199,Cancelled
2362,12095,Premium,2023-02-15,2024-07-30,499,Expired
2363,16933,Basic,2023-04-12,2024-03-15,199,Cancelled
2364,2226,Basic,2023-01-19,2024-08-05,199,Expired
2365,13642,Basic,2022-02-23,2023-05-30,199,Expired
2366,5759,Premium,2022-07-23,2024-04-01,499,Expired
2367,10147,Fleet,2022-07-27,2023-05-29,999,Expired
2368,12444,Basic,2022-06-14,2022-10-31,199,Expired
2369,13186,Premium,2022-05-19,2024-02-19,499,Expired
2370,6207,Fleet,2022-12-11,2023-11-04,999,Expired
2371,6057,Basic,2022-11-13,2023-09-24,199,Expired
2372,6254,Basic,2022-10-02,2024-02-26,199,Expired
2373,10535,Basic,2022-08-13,2024-06-25,199,Expired
2374,10348,Premium,2022-11-18,2023-08-10,499,Expired
2375,13339,Basic,2023-02-12,2023-08-05,199,Cancelled
2376,5351,Basic,2023-02-03,2024-11-25,199,Expired
2377,3965,Basic,2023-01-05,2023-04-28,199,Expired
2378,12768,Premium,2022-11-21,2023-03-10,499,Expired
2379,15643,Basic,2023-01-18,2023-11-08,199,Expired
2380,10316,Premium,2022-06-12,2024-01-10,499,Expired
2381,17177,Premium,2022-09-05,2023-09-04,499,Expired
2382,11141,Fleet,2022-06-12,2024-04-11,999,Expired
2383,3486,Basic,2022-10-19,2024-08-22,199,Expired
2384,7262,Fleet,2023-01-24,2023-06-19,999,Expired
2385,9348,Premium,2022-05-07,2023-09-30,499,Expired
2386,6212,Fleet,2022-05-19,2023-08-08,999,Cancelled
2387,5526,Basic,2022-12-02,2024-10-24,199,Expired
2388,11613,Premium,2022-07-22,2023-09-03,499,Expired
2389,16219,Fleet,2022-12-03,2023-03-23,999,Expired
2390,602,Basic,2022-05-25,2023-06-15,199,Expired
2391,3509,Premium,2023-03-14,2025-02-05,499,Expired
2392,10141,Basic,2022-04-30,2024-01-08,199,Expired
2393,5772,Basic,2022-04-15,2022-11-02,199,Expired
2394,2857,Premium,2022-06-20,2023-01-23,499,Expired
2395,4955,Fleet,2022-11-23,2024-05-02,999,Expired
2396,12611,Premium,2022-05-28,2024-03-28,499,Expired
2397,2168,Premium,2022-11-15,2024-10-14,499,Expired
2398,2413,Basic,2022-12-11,2024-04-17,199,Expired
2399,7387,Premium,2022-12-24,2023-09-02,499,Cancelled
2400,17831,Basic,2022-09-13,2023-08-05,199,Expired
2401,5101,Basic,2022-04-26,2023-12-03,199,Expired
2402,16047,Basic,2023-02-25,2024-07-15,199,Expired
2403,13081,Basic,2022-07-21,2022-12-27,199,Expired
2404,11592,Basic,2022-11-16,2024-04-18,199,Expired
2405,5976,Premium,2022-11-25,2024-11-01,499,Expired
2406,742,Premium,2022-07-22,2023-06-29,499,Expired
2407,412,Basic,2023-01-13,2023-07-04,199,Expired
2408,14067,Premium,2023-01-31,2024-03-14,499,Expired
2409,16693,Basic,2023-04-05,2023-12-25,199,Expired
2410,9410,Premium,2023-04-24,2024-09-25,499,Expired
2411,16638,Premium,2022-06-15,2023-03-23,499,Expired
2412,7502,Basic,2022-10-07,2024-03-08,199,Expired
2413,3231,Premium,2022-06-10,2023-01-15,499,Expired
2414,3106,Basic,2022-05-29,2023-07-03,199,Expired
2415,3209,Premium,2022-10-31,2023-06-11,499,Expired
2416,2076,Basic,2022-11-23,2023-05-31,199,Expired
2417,11477,Premium,2022-10-16,2023-04-28,499,Expired
2418,3266,Premium,2023-04-17,2024-10-04,499,Expired
2419,17674,Basic,2022-06-02,2023-01-02,199,Expired
2420,2678,Basic,2023-01-21,2023-10-11,199,Expired
2421,11177,Premium,2023-01-20,2024-05-15,499,Expired
2422,18769,Basic,2022-05-24,2023-12-06,199,Expired
2423,4490,Premium,2022-10-27,2024-02-29,499,Expired
2424,10827,Basic,2022-11-06,2023-07-24,199,Expired
2425,17719,Premium,2023-03-17,2025-02-17,499,Expired
2426,287,Basic,2022-10-19,2023-12-07,199,Expired
2427,1324,Premium,2022-02-14,2022-06-24,499,Expired
2428,2625,Premium,2022-09-12,2024-08-11,499,Cancelled
2429,10114,Premium,2022-07-11,2023-05-21,499,Cancelled
2430,2517,Basic,2022-09-10,2023-05-10,199,Expired
2431,73,Premium,2022-09-27,2023-12-12,499,Cancelled
2432,19571,Premium,2022-11-29,2024-08-08,499,Expired
2433,411,Basic,2022-08-27,2024-02-02,199,Expired
2434,7882,Premium,2022-01-27,2023-01-02,499,Cancelled
2435,3144,Basic,2022-12-15,2024-08-26,199,Expired
2436,7450,Basic,2022-12-31,2023-12-07,199,Expired
2437,16357,Basic,2023-01-08,2023-05-29,199,Expired
2438,15816,Basic,2023-01-08,2023-09-27,199,Expired
2439,6917,Basic,2022-08-02,2024-05-30,199,Expired
2440,12078,Basic,2022-09-26,2023-04-05,199,Expired
2441,8388,Basic,2022-06-07,2023-05-19,199,Expired
2442,12017,Premium,2022-05-04,2024-03-09,499,Expired
2443,8671,Basic,2023-03-29,2024-07-21,199,Expired
2444,11353,Premium,2022-09-02,2024-02-15,499,Expired
2445,5231,Premium,2022-10-03,2023-12-23,499,Expired
2446,5859,Basic,2022-03-30,2023-03-14,199,Expired
2447,19240,Basic,2022-08-12,2023-12-20,199,Expired
2448,11250,Basic,2022-08-26,2024-01-21,199,Expired
2449,8630,Fleet,2022-05-09,2024-02-10,999,Cancelled
2450,10631,Premium,2022-12-11,2023-06-10,499,Expired
2451,18859,Basic,2022-11-02,2023-12-26,199,Expired
2452,2299,Basic,2022-05-03,2023-10-25,199,Expired
2453,15300,Premium,2023-02-18,2024-04-02,499,Expired
2454,16414,Basic,2022-06-14,2023-06-06,199,Cancelled
2455,5332,Basic,2022-06-26,2022-12-30,199,Expired
2456,19667,Fleet,2022-10-24,2024-07-26,999,Expired
2457,7349,Fleet,2023-01-20,2023-06-16,999,Cancelled
2458,2586,Premium,2022-04-30,2023-06-22,499,Expired
2459,5763,Basic,2023-03-31,2024-10-21,199,Expired
2460,16680,Basic,2022-11-24,2024-01-23,199,Expired
2461,13724,Basic,2022-09-16,2023-09-01,199,Expired
2462,1072,Basic,2023-01-13,2024-09-29,199,Expired
2463,3756,Basic,2022-03-23,2022-10-11,199,Expired
2464,6229,Fleet,2022-04-15,2024-04-02,999,Expired
2465,15822,Premium,2022-05-24,2023-07-08,499,Expired
2466,10732,Fleet,2022-07-28,2023-12-12,999,Cancelled
2467,4772,Fleet,2022-05-14,2022-12-04,999,Expired
2468,18699,Basic,2022-10-31,2023-07-15,199,Expired
2469,14121,Basic,2022-03-06,2022-09-13,199,Expired
2470,15268,Fleet,2022-11-04,2024-05-26,999,Expired
2471,9397,Basic,2023-04-15,2024-03-19,199,Expired
2472,6731,Premium,2022-08-20,2023-07-15,499,Expired
2473,3634,Premium,2023-04-03,2023-09-17,499,Expired
2474,7773,Premium,2022-05-29,2022-12-24,499,Cancelled
2475,12668,Premium,2022-03-28,2022-10-25,499,Expired
2476,18938,Fleet,2022-12-20,2023-06-26,999,Cancelled
2477,12406,Basic,2022-11-06,2023-10-27,199,Expired
2478,15809,Basic,2022-07-21,2023-03-26,199,Expired
2479,14238,Basic,2022-05-20,2024-03-07,199,Expired
2480,16821,Basic,2022-12-15,2024-12-12,199,Expired
2481,11574,Basic,2022-06-13,2023-08-09,199,Expired
2482,1732,Fleet,2022-09-29,2023-05-06,999,Expired
2483,8240,Basic,2022-07-06,2022-12-15,199,Expired
2484,19315,Premium,2022-09-21,2023-05-24,499,Expired
2485,698,Fleet,2022-06-14,2023-08-23,999,Expired
2486,1006,Basic,2022-04-09,2022-08-27,199,Expired
2487,11513,Basic,2022-10-21,2024-08-20,199,Expired
2488,8060,Premium,2022-11-11,2023-09-21,499,Expired
2489,13020,Basic,2022-11-09,2023-08-05,199,Expired
2490,12388,Basic,2022-05-24,2024-02-25,199,Expired
2491,5788,Basic,2022-10-15,2023-03-27,199,Expired
2492,12126,Basic,2022-10-02,2023-02-04,199,Cancelled
2493,9173,Basic,2022-08-13,2024-06-24,199,Expired
2494,1030,Basic,2023-03-13,2024-02-24,199,Cancelled
2495,12807,Basic,2022-05-29,2024-04-24,199,Expired
2496,7792,Fleet,2022-11-21,2024-04-20,999,Expired
2497,2936,Basic,2022-09-21,2024-02-08,199,Cancelled
2498,9215,Basic,2022-04-26,2023-12-27,199,Expired
2499,11763,Basic,2022-04-22,2022-11-30,199,Expired
2500,13313,Premium,2022-06-03,2022-10-28,499,Expired
2501,12103,Premium,2022-08-02,2023-12-25,499,Cancelled
2502,12125,Basic,2023-05-16,2023-10-05,199,Expired
2503,16764,Basic,2022-05-08,2022-09-19,199,Expired
2504,7429,Basic,2022-10-03,2023-09-06,199,Expired
2505,17495,Basic,2022-12-10,2024-07-10,199,Expired
2506,18111,Basic,2022-06-30,2023-02-20,199,Expired
2507,10313,Basic,2023-02-27,2024-12-30,199,Expired
2508,2102,Premium,2022-11-24,2023-07-04,499,Expired
2509,15462,Premium,2023-03-06,2024-01-21,499,Expired
2510,102,Premium,2022-09-13,2024-02-17,499,Expired
2511,11106,Basic,2022-09-29,2023-10-09,199,Expired
2512,9682,Premium,2022-03-24,2022-09-04,499,Expired
2513,11809,Basic,2023-02-09,2024-06-28,199,Expired
2514,4575,Basic,2022-09-28,2024-04-25,199,Expired
2515,18736,Basic,2022-11-24,2024-07-06,199,Expired
2516,7514,Premium,2023-03-14,2024-03-05,499,Expired
2517,8280,Premium,2022-07-07,2024-05-20,499,Expired
2518,13374,Premium,2023-03-13,2024-05-11,499,Expired
2519,3847,Basic,2022-05-05,2023-01-08,199,Expired
2520,1665,Premium,2022-07-19,2023-06-11,499,Expired
2521,19613,Basic,2022-11-24,2024-01-20,199,Expired
2522,13603,Premium,2022-05-24,2023-06-13,499,Expired
2523,1477,Basic,2022-08-01,2022-11-17,199,Cancelled
2524,13537,Premium,2022-11-08,2023-09-07,499,Expired
2525,7810,Basic,2022-05-19,2023-10-21,199,Expired
2526,16937,Basic,2022-12-03,2023-07-20,199,Cancelled
2527,636,Basic,2023-01-27,2024-12-24,199,Expired
2528,818,Fleet,2022-08-07,2024-06-28,999,Expired
2529,17481,Premium,2022-12-18,2024-11-29,499,Expired
2530,11454,Basic,2022-11-22,2024-05-17,199,Expired
2531,19804,Basic,2022-09-07,2023-07-30,199,Cancelled
2532,15204,Basic,2023-01-19,2023-08-03,199,Expired
2533,14718,Premium,2023-04-09,2023-08-25,499,Cancelled
2534,16877,Premium,2023-05-12,2025-03-30,499,Expired
2535,4557,Fleet,2022-08-02,2023-02-15,999,Expired
2536,708,Premium,2022-10-21,2024-08-28,499,Expired
2537,11935,Premium,2022-06-26,2023-10-25,499,Expired
2538,7020,Basic,2022-11-16,2023-06-03,199,Expired
2539,18918,Basic,2022-06-12,2023-12-06,199,Cancelled
2540,19641,Basic,2022-08-31,2024-07-24,199,Expired
2541,725,Basic,2023-01-08,2023-04-11,199,Expired
2542,3579,Fleet,2022-04-04,2023-06-22,999,Expired
2543,5702,Basic,2022-05-20,2023-12-15,199,Expired
2544,837,Basic,2023-02-09,2023-07-09,199,Expired
2545,13925,Fleet,2022-01-29,2022-12-27,999,Expired
2546,7403,Premium,2023-01-28,2024-03-06,499,Cancelled
2547,9401,Premium,2022-12-04,2023-08-26,499,Expired
2548,4903,Fleet,2022-12-14,2024-09-17,999,Expired
2549,4541,Basic,2022-09-13,2024-07-04,199,Expired
2550,15366,Basic,2022-04-17,2023-11-06,199,Cancelled
2551,15532,Premium,2023-02-13,2023-11-24,499,Cancelled
2552,7322,Fleet,2022-09-01,2023-02-02,999,Expired
2553,8179,Premium,2022-10-11,2023-09-16,499,Expired
2554,13550,Premium,2022-09-26,2024-08-10,499,Expired
2555,7569,Premium,2022-11-13,2023-09-08,499,Cancelled
2556,3234,Basic,2022-12-08,2023-07-16,199,Expired
2557,1159,Premium,2022-03-22,2023-12-19,499,Expired
2558,11136,Basic,2022-12-06,2024-08-19,199,Expired
2559,13960,Basic,2023-03-22,2024-08-23,199,Expired
2560,4014,Fleet,2022-10-30,2024-03-24,999,Expired
2561,12614,Basic,2022-03-21,2023-07-29,199,Expired
2562,4149,Basic,2022-05-04,2023-01-29,199,Expired
2563,124,Fleet,2022-09-20,2024-06-19,999,Expired
2564,1248,Premium,2022-08-21,2023-03-05,499,Expired
2565,821,Premium,2022-04-08,2022-08-01,499,Expired
2566,17972,Basic,2022-11-03,2023-05-20,199,Expired
2567,13170,Basic,2022-08-26,2023-09-01,199,Expired
2568,4035,Basic,2022-07-04,2024-04-07,199,Expired
2569,10163,Basic,2022-12-19,2024-04-02,199,Expired
2570,14266,Basic,2022-12-15,2023-08-26,199,Expired
2571,4412,Basic,2023-01-01,2024-11-04,199,Expired
2572,9427,Premium,2022-05-04,2022-10-11,499,Cancelled
2573,18153,Basic,2022-10-26,2024-04-10,199,Expired
2574,11209,Basic,2023-03-03,2024-01-16,199,Cancelled
2575,6789,Fleet,2022-08-03,2023-03-23,999,Expired
2576,10916,Basic,2023-04-16,2025-03-25,199,Expired
2577,18478,Basic,2022-09-04,2024-01-15,199,Expired
2578,3754,Premium,2022-11-22,2023-06-09,499,Expired
2579,2910,Fleet,2022-10-24,2023-12-23,999,Expired
2580,4476,Premium,2022-05-13,2024-03-06,499,Expired
2581,9586,Premium,2022-01-07,2023-01-01,499,Expired
2582,8440,Basic,2022-12-17,2024-01-25,199,Expired
2583,16823,Premium,2022-09-29,2024-06-27,499,Expired
2584,6649,Premium,2022-11-18,2023-09-11,499,Expired
2585,8825,Basic,2022-04-23,2023-03-11,199,Expired
2586,18533,Basic,2022-09-10,2024-04-07,199,Expired
2587,964,Basic,2022-08-30,2023-02-22,199,Expired
2588,11271,Basic,2022-12-02,2023-05-07,199,Expired
2589,1960,Basic,2023-06-17,2025-03-19,199,Expired
2590,19941,Fleet,2023-01-27,2023-08-28,999,Expired
2591,18375,Basic,2022-09-12,2024-05-06,199,Expired
2592,8992,Basic,2023-02-02,2024-12-18,199,Expired
2593,7554,Premium,2023-04-23,2025-02-05,499,Expired
2594,15222,Premium,2022-08-27,2023-11-30,499,Expired
2595,5437,Basic,2022-06-05,2022-10-15,199,Expired
2596,19364,Basic,2022-07-25,2023-02-09,199,Expired
2597,10841,Premium,2022-03-20,2024-01-18,499,Expired
2598,931,Basic,2023-01-20,2024-05-19,199,Expired
2599,5602,Premium,2023-05-04,2024-12-27,499,Expired
2600,9467,Premium,2022-02-03,2023-09-28,499,Expired
2601,8969,Fleet,2023-02-04,2024-05-20,999,Expired
2602,14077,Basic,2022-12-02,2023-12-09,199,Expired
2603,15352,Basic,2023-04-11,2024-04-14,199,Expired
2604,2153,Basic,2022-10-22,2024-10-19,199,Cancelled
2605,13607,Basic,2022-10-20,2024-02-10,199,Expired
2606,12108,Basic,2022-05-24,2024-02-01,199,Expired
2607,928,Basic,2022-09-26,2024-01-20,199,Cancelled
2608,19431,Premium,2023-03-15,2024-05-13,499,Cancelled
2609,3975,Premium,2023-06-20,2025-03-17,499,Expired
2610,16628,Basic,2022-02-14,2022-07-02,199,Cancelled
2611,4102,Fleet,2023-02-23,2024-11-08,999,Expired
2612,2768,Basic,2022-10-25,2024-01-30,199,Cancelled
2613,3949,Basic,2022-07-23,2024-04-25,199,Expired
2614,18444,Basic,2022-03-26,2024-02-04,199,Cancelled
2615,8352,Basic,2023-05-28,2023-10-05,199,Expired
2616,7692,Basic,2022-06-13,2022-11-27,199,Expired
2617,11722,Basic,2022-10-31,2023-04-25,199,Expired
2618,14546,Basic,2022-10-31,2024-06-29,199,Expired
2619,15514,Fleet,2022-05-12,2023-09-26,999,Expired
2620,17896,Premium,2023-01-12,2024-03-10,499,Expired
2621,9640,Basic,2022-08-13,2023-02-14,199,Cancelled
2622,18934,Fleet,2022-08-17,2023-12-20,999,Expired
2623,15332,Basic,2022-07-02,2022-12-24,199,Expired
2624,12731,Premium,2023-01-15,2024-07-29,499,Expired
2625,3704,Basic,2022-11-05,2023-11-20,199,Expired
2626,4597,Basic,2023-05-29,2024-08-19,199,Expired
2627,8827,Basic,2022-04-08,2023-06-18,199,Expired
2628,17296,Premium,2022-06-11,2022-10-30,499,Expired
2629,14056,Basic,2022-05-05,2023-01-17,199,Expired
2630,2886,Premium,2022-11-24,2024-01-14,499,Cancelled
2631,4528,Basic,2022-11-21,2024-02-27,199,Expired
2632,3019,Basic,2022-10-14,2023-10-18,199,Expired
2633,8836,Basic,2022-04-23,2022-10-01,199,Expired
2634,16661,Basic,2022-06-23,2023-04-04,199,Cancelled
2635,7822,Basic,2022-10-15,2023-05-18,199,Cancelled
2636,13500,Basic,2022-08-14,2023-06-12,199,Expired
2637,4610,Premium,2022-05-06,2023-02-17,499,Expired
2638,5208,Premium,2022-11-25,2024-05-14,499,Expired
2639,6224,Premium,2023-06-25,2025-05-28,499,Cancelled
2640,15330,Basic,2022-12-23,2024-07-18,199,Expired
2641,18482,Basic,2022-08-05,2023-08-05,199,Expired
2642,7169,Basic,2022-12-26,2024-12-16,199,Cancelled
2643,14214,Basic,2022-12-04,2024-03-19,199,Expired
2644,4573,Basic,2022-06-28,2023-07-29,199,Expired
2645,18292,Basic,2022-10-24,2023-09-17,199,Expired
2646,11020,Basic,2022-09-13,2023-07-28,199,Expired
2647,6584,Premium,2022-10-05,2023-11-23,499,Expired
2648,12287,Premium,2023-03-12,2023-12-11,499,Expired
2649,12986,Premium,2023-03-11,2024-05-26,499,Cancelled
2650,15066,Basic,2023-03-07,2023-09-17,199,Expired
2651,8030,Premium,2023-01-03,2024-12-18,499,Expired
2652,16550,Fleet,2023-02-12,2023-10-09,999,Expired
2653,15020,Basic,2022-06-17,2022-11-10,199,Cancelled
2654,3617,Basic,2022-05-11,2023-07-08,199,Expired
2655,17503,Premium,2023-01-15,2023-06-02,499,Cancelled
2656,9439,Premium,2022-09-30,2023-03-02,499,Expired
2657,11326,Premium,2022-05-25,2023-09-26,499,Expired
2658,3922,Premium,2023-01-11,2023-09-13,499,Expired
2659,13083,Basic,2022-08-15,2024-01-11,199,Expired
2660,12148,Basic,2022-02-21,2023-12-10,199,Expired
2661,7535,Basic,2022-05-28,2024-03-08,199,Expired
2662,6736,Basic,2022-08-03,2023-12-11,199,Expired
2663,12224,Basic,2022-12-11,2024-10-20,199,Expired
2664,2679,Basic,2023-04-12,2025-03-29,199,Expired
2665,1558,Basic,2022-10-21,2023-05-24,199,Expired
2666,18809,Fleet,2023-03-19,2024-12-30,999,Expired
2667,11767,Basic,2023-01-17,2024-08-20,199,Expired
2668,11505,Basic,2022-11-29,2024-07-16,199,Expired
2669,8571,Basic,2023-01-13,2024-04-09,199,Expired
2670,15231,Basic,2022-07-09,2024-03-29,199,Expired
2671,10128,Fleet,2022-04-30,2023-02-01,999,Expired
2672,9087,Premium,2023-05-09,2024-11-15,499,Cancelled
2673,12909,Basic,2022-11-26,2024-03-29,199,Expired
2674,17055,Premium,2022-12-09,2023-08-21,499,Cancelled
2675,10037,Premium,2022-11-12,2024-09-30,499,Cancelled
2676,10133,Fleet,2022-04-13,2023-05-01,999,Expired
2677,14763,Basic,2023-02-11,2023-06-15,199,Expired
2678,11402,Basic,2022-12-09,2023-05-05,199,Expired
2679,3795,Basic,2022-05-24,2024-04-21,199,Expired
2680,14896,Fleet,2022-02-23,2022-08-24,999,Expired
2681,17776,Premium,2023-01-04,2023-09-18,499,Expired
2682,19744,Fleet,2022-11-24,2023-04-03,999,Expired
2683,13306,Basic,2022-10-09,2024-06-17,199,Expired
2684,16400,Premium,2022-11-17,2024-08-30,499,Expired
2685,14103,Fleet,2023-02-07,2024-03-14,999,Expired
2686,16429,Basic,2023-02-01,2025-01-05,199,Expired
2687,11045,Premium,2022-10-20,2023-10-04,499,Expired
2688,11447,Premium,2022-05-10,2022-08-18,499,Expired
2689,1698,Premium,2022-08-06,2024-06-14,499,Expired
2690,14330,Fleet,2022-05-15,2023-10-21,999,Expired
2691,15590,Premium,2022-08-16,2023-03-08,499,Cancelled
2692,17531,Basic,2022-09-19,2023-03-12,199,Expired
2693,6443,Basic,2023-04-06,2025-03-02,199,Expired
2694,14578,Premium,2022-07-23,2024-06-30,499,Expired
2695,17633,Premium,2022-09-08,2024-05-19,499,Expired
2696,1067,Premium,2023-01-01,2024-10-17,499,Expired
2697,10664,Basic,2022-10-15,2024-08-22,199,Expired
2698,7067,Basic,2022-07-24,2023-09-27,199,Expired
2699,12926,Premium,2022-08-17,2023-11-17,499,Expired
2700,16541,Basic,2022-12-18,2024-01-02,199,Expired
2701,7396,Premium,2023-02-10,2024-11-01,499,Expired
2702,736,Basic,2022-03-21,2022-09-07,199,Expired
2703,2440,Premium,2022-08-07,2024-05-13,499,Expired
2704,16740,Basic,2022-05-15,2023-06-11,199,Expired
2705,2499,Premium,2022-11-28,2024-08-22,499,Expired
2706,15143,Basic,2022-05-28,2023-10-11,199,Expired
2707,9888,Premium,2022-11-17,2023-03-09,499,Expired
2708,2137,Premium,2022-08-15,2023-01-30,499,Expired
2709,1699,Premium,2022-11-06,2024-08-23,499,Expired
2710,4044,Premium,2022-08-15,2023-01-02,499,Cancelled
2711,4519,Basic,2022-06-18,2023-01-02,199,Cancelled
2712,2040,Basic,2022-08-30,2022-12-20,199,Expired
2713,9464,Basic,2022-11-24,2023-12-02,199,Expired
2714,2361,Premium,2023-03-04,2023-10-24,499,Expired
2715,16196,Basic,2022-07-07,2023-12-01,199,Expired
2716,4329,Premium,2023-04-08,2023-08-17,499,Expired
2717,7583,Basic,2022-10-14,2023-05-04,199,Expired
2718,14516,Basic,2022-12-22,2024-04-15,199,Expired
2719,4752,Premium,2023-03-22,2025-03-05,499,Expired
2720,13431,Fleet,2022-06-23,2024-04-02,999,Expired
2721,6341,Fleet,2022-07-14,2024-06-01,999,Expired
2722,14654,Premium,2022-05-04,2022-08-09,499,Expired
2723,15405,Premium,2022-08-11,2024-07-09,499,Expired
2724,6491,Basic,2022-02-24,2023-02-28,199,Expired
2725,4111,Premium,2022-05-25,2023-04-05,499,Cancelled
2726,18908,Basic,2022-06-12,2022-09-28,199,Expired
2727,4046,Premium,2023-01-26,2025-01-04,499,Expired
2728,6914,Basic,2023-03-03,2023-06-25,199,Expired
2729,1220,Basic,2023-02-19,2023-07-15,199,Expired
2730,4967,Basic,2022-08-04,2024-06-17,199,Expired
2731,13944,Premium,2022-08-27,2024-04-08,499,Expired
2732,13789,Basic,2022-09-09,2023-06-04,199,Expired
2733,7102,Basic,2022-08-19,2024-01-08,199,Cancelled
2734,14549,Premium,2022-03-12,2023-04-11,499,Cancelled
2735,12734,Basic,2022-11-07,2023-06-24,199,Expired
2736,3533,Premium,2022-08-17,2024-04-13,499,Expired
2737,16564,Premium,2022-06-01,2023-07-03,499,Cancelled
2738,5672,Fleet,2022-06-25,2024-02-05,999,Expired
2739,13219,Fleet,2022-11-15,2023-09-15,999,Cancelled
2740,10691,Premium,2022-04-26,2023-06-03,499,Expired
2741,17231,Premium,2022-08-04,2023-10-01,499,Cancelled
2742,13943,Basic,2022-02-07,2023-11-26,199,Expired
2743,17597,Fleet,2022-07-23,2023-11-21,999,Cancelled
2744,16949,Fleet,2023-02-05,2024-08-10,999,Expired
2745,16946,Basic,2022-04-21,2023-12-04,199,Expired
2746,3126,Premium,2022-08-29,2024-08-07,499,Expired
2747,2047,Basic,2023-05-06,2024-06-18,199,Expired
2748,7682,Basic,2022-09-04,2024-03-03,199,Expired
2749,5598,Basic,2023-02-14,2024-02-22,199,Cancelled
2750,12260,Basic,2022-07-17,2023-07-23,199,Expired
2751,19919,Premium,2022-09-29,2023-03-01,499,Expired
2752,15023,Premium,2023-02-16,2023-12-31,499,Expired
2753,9684,Basic,2022-04-23,2024-03-13,199,Expired
2754,17738,Basic,2022-06-13,2023-03-29,199,Cancelled
2755,6347,Basic,2022-07-17,2023-09-09,199,Cancelled
2756,14609,Basic,2023-03-08,2024-05-12,199,Expired
2757,12888,Basic,2022-07-29,2023-12-08,199,Expired
2758,4157,Basic,2023-03-01,2025-02-05,199,Expired
2759,4654,Premium,2022-03-13,2023-03-19,499,Expired
2760,4171,Premium,2022-09-19,2023-04-18,499,Expired
2761,14468,Basic,2022-10-28,2024-08-22,199,Expired
2762,6329,Premium,2022-05-21,2022-09-17,499,Expired
2763,17041,Basic,2023-02-01,2024-04-05,199,Expired
2764,2969,Basic,2023-01-16,2024-04-05,199,Expired
2765,6021,Fleet,2022-06-23,2023-01-18,999,Expired
2766,5408,Premium,2022-07-12,2024-03-15,499,Expired
2767,17857,Basic,2022-01-21,2022-08-18,199,Expired
2768,14311,Basic,2022-08-26,2024-03-06,199,Expired
2769,8404,Basic,2022-11-03,2023-11-03,199,Expired
2770,7469,Basic,2022-07-15,2023-06-17,199,Expired
2771,11291,Fleet,2022-06-21,2023-01-26,999,Expired
2772,13823,Basic,2023-03-18,2024-01-20,199,Expired
2773,1027,Basic,2023-01-10,2024-07-13,199,Expired
2774,7139,Fleet,2022-09-13,2024-03-02,999,Cancelled
2775,16872,Basic,2022-09-10,2023-04-11,199,Expired
2776,18045,Fleet,2022-12-11,2023-04-03,999,Expired
2777,14459,Premium,2022-12-11,2024-07-26,499,Expired
2778,18887,Basic,2022-03-01,2022-09-18,199,Expired
2779,12074,Basic,2022-09-19,2023-10-09,199,Expired
2780,4050,Basic,2023-01-11,2024-08-23,199,Expired
2781,18951,Basic,2022-06-17,2023-12-14,199,Expired
2782,10882,Premium,2022-03-31,2023-10-18,499,Expired
2783,17455,Premium,2023-04-04,2024-08-28,499,Expired
2784,12670,Premium,2022-04-25,2022-12-26,499,Expired
2785,16603,Basic,2022-03-18,2023-11-09,199,Expired
2786,19637,Basic,2023-03-31,2023-10-03,199,Cancelled
2787,18041,Premium,2022-10-27,2024-09-01,499,Expired
2788,18215,Premium,2022-11-22,2024-01-29,499,Expired
2789,10366,Premium,2022-04-03,2023-03-21,499,Expired
2790,16239,Basic,2022-07-20,2024-02-27,199,Expired
2791,16451,Basic,2022-05-02,2024-02-04,199,Expired
2792,11580,Basic,2023-03-25,2023-11-15,199,Expired
2793,9432,Basic,2022-10-27,2024-06-08,199,Expired
2794,18266,Premium,2022-08-11,2023-05-08,499,Expired
2795,11180,Basic,2022-10-30,2023-06-21,199,Expired
2796,632,Premium,2022-05-17,2024-02-10,499,Expired
2797,17548,Basic,2023-01-29,2024-01-04,199,Expired
2798,18342,Basic,2022-10-11,2023-03-11,199,Expired
2799,1120,Basic,2023-02-04,2024-08-08,199,Expired
2800,2291,Fleet,2023-04-24,2024-06-28,999,Expired
2801,15617,Premium,2023-03-27,2024-12-20,499,Expired
2802,12982,Premium,2023-01-15,2023-07-31,499,Expired
2803,5490,Premium,2022-10-10,2023-12-25,499,Expired
2804,11624,Basic,2022-07-08,2023-11-06,199,Expired
2805,2185,Premium,2023-03-15,2024-11-11,499,Expired
2806,3315,Basic,2022-12-20,2024-09-12,199,Cancelled
2807,14904,Basic,2023-03-07,2024-02-12,199,Cancelled
2808,12417,Basic,2023-05-20,2023-12-04,199,Expired
2809,16247,Premium,2022-08-24,2023-08-31,499,Expired
2810,275,Premium,2022-11-17,2024-01-14,499,Expired
2811,11328,Premium,2022-07-20,2023-12-08,499,Expired
2812,14733,Premium,2022-10-10,2023-10-25,499,Expired
2813,1805,Premium,2023-05-06,2024-03-05,499,Expired
2814,6180,Basic,2022-06-06,2023-03-06,199,Cancelled
2815,12164,Basic,2022-10-26,2024-02-20,199,Expired
2816,11320,Basic,2023-02-01,2023-11-04,199,Cancelled
2817,8887,Basic,2022-06-27,2024-03-11,199,Expired
2818,6963,Premium,2022-06-24,2023-07-19,499,Expired
2819,11424,Basic,2022-12-22,2024-09-07,199,Expired
2820,18637,Basic,2022-10-28,2024-02-16,199,Expired
2821,10513,Premium,2022-10-11,2024-04-10,499,Expired
2822,1777,Basic,2022-05-10,2023-08-15,199,Expired
2823,14808,Premium,2022-12-26,2024-03-04,499,Expired
2824,12057,Basic,2022-07-09,2023-04-13,199,Expired
2825,2702,Premium,2023-02-18,2023-06-07,499,Expired
2826,9367,Basic,2023-01-20,2023-11-19,199,Expired
2827,6563,Basic,2022-06-27,2024-04-07,199,Expired
2828,14050,Basic,2022-05-19,2023-06-28,199,Expired
2829,19109,Basic,2022-07-03,2024-03-05,199,Expired
2830,6468,Premium,2022-09-27,2024-01-28,499,Expired
2831,286,Premium,2022-09-24,2023-02-08,499,Expired
2832,4270,Premium,2022-02-12,2023-01-28,499,Expired
2833,4578,Basic,2022-08-01,2023-07-24,199,Expired
2834,7662,Premium,2022-10-12,2023-11-25,499,Expired
2835,11049,Premium,2022-06-02,2023-10-21,499,Expired
2836,15109,Basic,2023-05-01,2025-01-22,199,Expired
2837,6368,Premium,2023-01-13,2024-07-26,499,Expired
2838,18557,Basic,2022-11-12,2023-12-10,199,Expired
2839,550,Basic,2022-06-24,2022-12-28,199,Expired
2840,15285,Basic,2023-02-03,2024-12-27,199,Expired
2841,18525,Basic,2023-02-12,2023-08-11,199,Cancelled
2842,17777,Basic,2022-11-30,2023-10-18,199,Expired
2843,6683,Fleet,2022-03-13,2023-08-25,999,Expired
2844,14921,Basic,2022-04-25,2024-01-14,199,Expired
2845,18067,Premium,2022-07-03,2024-03-28,499,Expired
2846,5916,Premium,2022-11-11,2024-03-12,499,Expired
2847,3024,Basic,2022-07-27,2024-04-29,199,Cancelled
2848,19587,Basic,2022-05-16,2022-09-20,199,Expired
2849,5196,Fleet,2022-07-03,2024-03-09,999,Expired
2850,18171,Premium,2022-10-09,2023-02-14,499,Expired
2851,11238,Fleet,2022-12-21,2024-01-05,999,Cancelled
2852,12155,Premium,2022-06-29,2022-10-14,499,Expired
2853,8648,Premium,2022-11-28,2024-05-28,499,Expired
2854,10713,Basic,2022-08-25,2023-11-03,199,Expired
2855,2068,Premium,2023-03-07,2025-02-13,499,Expired
2856,13832,Basic,2022-07-22,2023-01-12,199,Expired
2857,3170,Basic,2022-07-07,2023-03-05,199,Expired
2858,18679,Premium,2023-06-02,2023-11-28,499,Cancelled
2859,9465,Premium,2022-06-28,2022-11-21,499,Cancelled
2860,17805,Premium,2023-02-23,2024-07-19,499,Expired
2861,14444,Basic,2022-08-20,2023-01-05,199,Expired
2862,18028,Premium,2023-04-07,2024-06-21,499,Expired
2863,8620,Basic,2022-06-04,2023-09-25,199,Expired
2864,13515,Premium,2022-06-15,2023-05-08,499,Cancelled
2865,10412,Basic,2022-08-16,2023-04-03,199,Expired
2866,16215,Basic,2022-10-02,2023-04-25,199,Cancelled
2867,8050,Premium,2022-04-25,2023-03-27,499,Expired
2868,1359,Basic,2023-02-04,2024-02-11,199,Expired
2869,6276,Premium,2022-09-05,2023-06-11,499,Expired
2870,9443,Basic,2022-08-04,2024-05-24,199,Expired
2871,3395,Premium,2022-07-12,2023-01-10,499,Expired
2872,17656,Premium,2022-07-10,2024-06-07,499,Expired
2873,2256,Premium,2022-06-15,2023-10-20,499,Expired
2874,3503,Premium,2023-03-16,2023-11-11,499,Expired
2875,5082,Premium,2022-11-25,2023-03-18,499,Expired
2876,5585,Basic,2022-11-28,2023-10-05,199,Cancelled
2877,6642,Premium,2022-07-27,2023-03-13,499,Cancelled
2878,6291,Fleet,2022-07-20,2023-08-19,999,Expired
2879,9361,Premium,2022-10-11,2023-08-10,499,Cancelled
2880,12033,Fleet,2023-02-10,2024-01-02,999,Expired
2881,10629,Basic,2022-08-05,2024-05-10,199,Expired
2882,11403,Basic,2023-02-25,2025-02-13,199,Expired
2883,5928,Basic,2023-02-14,2023-06-05,199,Cancelled
2884,7933,Basic,2022-10-07,2024-04-19,199,Cancelled
2885,16893,Basic,2022-09-03,2023-02-07,199,Expired
2886,8273,Basic,2023-03-16,2023-10-13,199,Expired
2887,15608,Basic,2022-06-06,2023-05-05,199,Expired
2888,13819,Premium,2022-09-26,2023-06-28,499,Expired
2889,5654,Premium,2022-07-24,2024-05-27,499,Expired
2890,14782,Premium,2022-10-03,2024-06-04,499,Expired
2891,6246,Basic,2022-07-06,2023-03-28,199,Cancelled
2892,15594,Basic,2023-01-23,2024-11-10,199,Expired
2893,5573,Premium,2022-07-26,2023-11-06,499,Expired
2894,4319,Basic,2023-05-16,2025-04-09,199,Expired
2895,50,Premium,2022-11-25,2024-09-13,499,Expired
2896,9493,Basic,2022-11-19,2024-11-02,199,Expired
2897,8172,Fleet,2022-10-31,2023-10-05,999,Expired
2898,6625,Premium,2022-06-14,2024-03-18,499,Expired
2899,6632,Basic,2023-03-04,2024-06-20,199,Expired
2900,4161,Fleet,2022-05-27,2022-08-27,999,Expired
2901,8654,Premium,2022-08-13,2023-08-27,499,Expired
2902,7104,Premium,2023-02-03,2023-08-12,499,Expired
2903,1304,Basic,2023-06-23,2024-01-20,199,Expired
2904,18987,Premium,2022-05-27,2022-08-26,499,Expired
2905,17337,Premium,2022-09-09,2024-05-22,499,Expired
2906,16184,Basic,2022-07-18,2024-02-02,199,Cancelled
2907,17142,Fleet,2022-05-11,2022-10-02,999,Expired
2908,9255,Basic,2022-03-23,2023-02-28,199,Expired
2909,19314,Basic,2023-01-09,2023-08-15,199,Expired
2910,6292,Premium,2022-05-27,2023-01-26,499,Expired
2911,16052,Premium,2022-06-15,2022-12-07,499,Expired
2912,15497,Basic,2023-01-30,2024-11-26,199,Cancelled
2913,427,Basic,2022-10-26,2024-09-11,199,Expired
2914,16825,Premium,2022-05-26,2024-03-28,499,Expired
2915,9223,Basic,2023-04-18,2024-11-29,199,Cancelled
2916,7661,Basic,2022-12-23,2024-02-17,199,Expired
2917,16754,Basic,2023-03-06,2024-09-05,199,Cancelled
2918,14317,Basic,2023-01-01,2024-04-22,199,Expired
2919,4374,Basic,2023-02-16,2024-12-17,199,Expired
2920,14251,Premium,2022-07-23,2024-02-26,499,Expired
2921,15474,Basic,2022-08-07,2023-03-24,199,Expired
2922,18674,Fleet,2022-05-28,2023-09-02,999,Expired
2923,8687,Basic,2023-01-15,2024-06-13,199,Expired
2924,14261,Premium,2022-08-11,2023-09-25,499,Expired
2925,17984,Basic,2022-11-11,2023-09-06,199,Cancelled
2926,10539,Basic,2022-11-05,2023-06-16,199,Expired
2927,19926,Basic,2022-05-31,2023-03-21,199,Cancelled
2928,3959,Basic,2022-12-27,2023-04-09,199,Expired
2929,6734,Basic,2022-09-30,2023-06-14,199,Expired
2930,11430,Basic,2022-08-23,2024-05-04,199,Expired
2931,15151,Basic,2022-06-23,2024-01-31,199,Expired
2932,9661,Basic,2022-06-15,2024-02-06,199,Expired
2933,55,Basic,2022-12-29,2024-05-05,199,Expired
2934,8252,Basic,2022-11-05,2023-06-26,199,Expired
2935,18524,Basic,2022-05-15,2023-09-07,199,Expired
2936,19970,Premium,2022-07-25,2024-05-08,499,Expired
2937,14953,Basic,2022-05-11,2024-03-06,199,Expired
2938,402,Basic,2022-11-16,2023-08-22,199,Cancelled
2939,4990,Basic,2022-05-02,2023-12-18,199,Expired
2940,13474,Premium,2022-08-21,2023-12-05,499,Cancelled
2941,3078,Basic,2022-12-11,2023-12-31,199,Expired
2942,5961,Basic,2022-10-30,2024-03-15,199,Expired
2943,12800,Premium,2022-08-31,2024-07-06,499,Expired
2944,19538,Premium,2022-07-09,2024-04-30,499,Expired
2945,3430,Basic,2022-06-26,2023-09-28,199,Cancelled
2946,14375,Premium,2022-09-04,2023-03-06,499,Expired
2947,4439,Fleet,2023-01-09,2023-04-11,999,Expired
2948,18597,Premium,2022-09-25,2023-05-02,499,Cancelled
2949,11083,Basic,2022-08-31,2023-11-20,199,Expired
2950,1723,Premium,2022-12-10,2023-07-22,499,Expired
2951,9232,Basic,2023-05-24,2024-04-12,199,Cancelled
2952,665,Premium,2022-08-24,2024-01-16,499,Expired
2953,16496,Basic,2022-08-18,2023-09-27,199,Expired
2954,14923,Premium,2022-05-03,2023-04-18,499,Expired
2955,13577,Fleet,2022-06-07,2022-12-27,999,Expired
2956,7345,Basic,2023-04-19,2024-09-25,199,Cancelled
2957,18866,Basic,2022-11-16,2024-04-14,199,Expired
2958,5810,Premium,2022-08-20,2023-02-22,499,Expired
2959,18364,Premium,2023-04-16,2024-03-16,499,Expired
2960,16789,Basic,2023-05-16,2024-07-27,199,Cancelled
2961,4848,Premium,2022-07-21,2023-09-01,499,Expired
2962,5567,Premium,2023-03-23,2024-06-16,499,Expired
2963,16338,Basic,2022-08-06,2023-08-23,199,Expired
2964,15209,Premium,2022-08-03,2024-07-30,499,Cancelled
2965,12065,Basic,2022-09-15,2024-09-04,199,Cancelled
2966,9677,Premium,2022-11-08,2024-10-21,499,Expired
2967,8426,Basic,2023-04-08,2023-07-24,199,Expired
2968,19280,Basic,2023-01-23,2023-12-14,199,Expired
2969,7018,Basic,2022-06-14,2023-01-07,199,Expired
2970,7677,Premium,2023-01-03,2024-06-02,499,Expired
2971,8239,Premium,2023-02-02,2023-08-15,499,Cancelled
2972,10019,Premium,2022-06-06,2022-10-17,499,Cancelled
2973,18276,Fleet,2022-03-23,2022-12-11,999,Expired
2974,609,Fleet,2022-04-22,2023-07-08,999,Cancelled
2975,4703,Fleet,2022-11-14,2024-03-14,999,Expired
2976,16951,Basic,2022-03-13,2022-08-09,199,Cancelled
2977,20,Premium,2022-07-05,2022-12-12,499,Expired
2978,16109,Basic,2022-09-16,2024-08-10,199,Expired
2979,8716,Basic,2022-10-04,2024-05-19,199,Expired
2980,7746,Basic,2022-11-25,2023-10-17,199,Cancelled
2981,18163,Premium,2022-04-07,2023-04-03,499,Expired
2982,10810,Premium,2022-06-12,2023-06-26,499,Expired
2983,19189,Basic,2022-06-11,2024-02-24,199,Expired
2984,3048,Basic,2022-06-11,2023-11-15,199,Expired
2985,17066,Basic,2022-08-27,2023-03-23,199,Expired
2986,2488,Premium,2022-06-21,2024-03-20,499,Expired
2987,7809,Basic,2022-10-31,2024-06-15,199,Expired
2988,14612,Premium,2022-10-18,2023-05-23,499,Expired
2989,14440,Basic,2023-01-16,2024-06-22,199,Expired
2990,14800,Premium,2022-11-02,2024-09-26,499,Cancelled
2991,11380,Basic,2022-05-06,2023-02-24,199,Expired
2992,14512,Premium,2023-04-06,2024-02-16,499,Expired
2993,5144,Basic,2022-09-18,2024-06-27,199,Expired
2994,15164,Basic,2022-08-17,2024-07-08,199,Expired
2995,4141,Basic,2022-12-07,2023-07-27,199,Expired
2996,3980,Premium,2023-01-17,2023-08-13,499,Expired
2997,12386,Basic,2022-06-07,2024-01-21,199,Expired
2998,8587,Basic,2023-01-02,2024-08-24,199,Cancelled
2999,11214,Basic,2023-04-27,2024-07-22,199,Expired
3000,13807,Basic,2022-06-29,2024-01-24,199,Cancelled
3001,13206,Premium,2023-01-02,2024-10-10,499,Expired
3002,12798,Premium,2022-10-16,2024-03-30,499,Expired
3003,6542,Premium,2022-07-03,2023-11-13,499,Expired
3004,2959,Basic,2022-11-23,2024-03-15,199,Expired
3005,14627,Premium,2022-06-18,2024-02-26,499,Expired
3006,7898,Premium,2022-08-23,2023-11-09,499,Expired
3007,14254,Premium,2022-12-25,2024-04-07,499,Expired
3008,6877,Basic,2022-08-03,2023-09-30,199,Expired
3009,17967,Basic,2022-11-22,2023-10-27,199,Cancelled
3010,19617,Basic,2022-02-07,2024-01-17,199,Expired
3011,13134,Premium,2022-04-26,2023-02-01,499,Expired
3012,14357,Premium,2022-07-28,2023-10-04,499,Cancelled
3013,17319,Basic,2022-06-15,2024-03-19,199,Expired
3014,12418,Premium,2022-12-21,2024-04-06,499,Expired
3015,16489,Basic,2023-03-13,2023-08-08,199,Expired
3016,11765,Basic,2022-11-08,2024-05-12,199,Expired
3017,12754,Fleet,2022-03-25,2023-12-05,999,Expired
3018,1984,Premium,2022-12-08,2024-07-27,499,Cancelled
3019,8410,Basic,2023-01-21,2023-11-10,199,Expired
3020,18446,Premium,2022-12-01,2024-03-01,499,Expired
3021,4116,Basic,2022-03-27,2022-11-23,199,Expired
3022,4489,Premium,2023-01-07,2024-09-03,499,Cancelled
3023,15542,Basic,2023-02-24,2023-05-31,199,Expired
3024,6024,Premium,2022-07-11,2024-03-29,499,Expired
3025,7794,Premium,2023-04-07,2024-11-11,499,Cancelled
3026,658,Basic,2022-08-06,2024-01-26,199,Expired
3027,13516,Premium,2022-09-14,2024-09-01,499,Expired
3028,752,Fleet,2022-05-15,2024-01-22,999,Expired
3029,2082,Basic,2023-03-11,2024-05-31,199,Expired
3030,12218,Premium,2023-03-19,2024-07-01,499,Expired
3031,6062,Basic,2022-04-28,2022-10-22,199,Expired
3032,3342,Basic,2022-06-30,2023-10-31,199,Expired
3033,13038,Basic,2022-09-20,2024-07-17,199,Expired
3034,844,Fleet,2022-05-16,2024-03-28,999,Expired
3035,12759,Fleet,2022-05-18,2024-01-04,999,Expired
3036,15288,Premium,2022-08-15,2023-07-29,499,Expired
3037,13563,Basic,2022-09-04,2024-07-28,199,Expired
3038,10679,Basic,2022-10-16,2023-07-13,199,Expired
3039,15131,Basic,2022-10-05,2023-03-10,199,Expired
3040,10839,Basic,2022-12-05,2024-01-16,199,Expired
3041,19159,Premium,2022-04-18,2023-06-14,499,Cancelled
3042,3512,Fleet,2023-01-07,2024-10-25,999,Cancelled
3043,17256,Basic,2023-02-14,2023-10-31,199,Expired
3044,11772,Basic,2022-05-11,2023-05-16,199,Expired
3045,554,Premium,2022-10-04,2024-06-06,499,Expired
3046,19216,Basic,2023-03-02,2025-01-06,199,Cancelled
3047,5884,Basic,2022-09-08,2023-09-11,199,Expired
3048,12120,Basic,2022-07-05,2024-04-12,199,Cancelled
3049,15840,Basic,2023-02-06,2023-09-29,199,Expired
3050,11099,Premium,2023-05-07,2025-02-26,499,Expired
3051,577,Premium,2022-10-14,2023-03-24,499,Expired
3052,6875,Basic,2023-01-24,2023-09-11,199,Cancelled
3053,4462,Basic,2022-10-17,2024-09-06,199,Expired
3054,14786,Premium,2022-10-08,2024-09-29,499,Expired
3055,48,Basic,2022-10-01,2023-07-25,199,Expired
3056,6268,Basic,2022-12-09,2023-05-27,199,Expired
3057,7579,Premium,2022-06-29,2023-06-13,499,Expired
3058,8553,Premium,2022-10-23,2023-07-16,499,Expired
3059,15299,Premium,2022-06-17,2024-01-18,499,Expired
3060,4853,Premium,2022-09-22,2023-03-20,499,Expired
3061,17390,Basic,2022-08-23,2023-01-22,199,Expired
3062,1216,Premium,2023-02-10,2024-01-20,499,Expired
3063,18320,Premium,2022-12-23,2024-10-30,499,Expired
3064,1945,Premium,2022-08-17,2023-01-20,499,Expired
3065,16433,Basic,2022-03-10,2023-02-04,199,Expired
3066,1451,Premium,2022-07-21,2024-03-30,499,Expired
3067,16748,Premium,2023-03-06,2023-06-26,499,Expired
3068,5227,Basic,2022-09-04,2023-05-09,199,Expired
3069,15175,Basic,2023-01-21,2024-04-30,199,Expired
3070,5047,Basic,2023-06-02,2024-03-19,199,Expired
3071,2404,Basic,2023-01-02,2023-10-28,199,Expired
3072,10665,Premium,2022-06-29,2023-08-22,499,Expired
3073,13859,Basic,2022-08-26,2024-05-23,199,Expired
3074,10437,Basic,2022-12-31,2023-07-31,199,Expired
3075,18245,Basic,2023-04-12,2024-12-05,199,Expired
3076,14322,Premium,2022-08-16,2023-10-28,499,Expired
3077,15779,Basic,2023-01-23,2023-08-17,199,Expired
3078,3705,Basic,2022-07-22,2024-01-06,199,Cancelled
3079,2169,Premium,2022-05-06,2023-07-01,499,Expired
3080,8787,Basic,2022-03-24,2022-11-08,199,Expired
3081,9827,Premium,2022-12-04,2023-10-11,499,Expired
3082,19246,Basic,2022-04-13,2023-08-20,199,Cancelled
3083,6174,Premium,2023-05-30,2023-09-29,499,Expired
3084,14087,Premium,2022-05-23,2024-03-10,499,Expired
3085,10610,Premium,2022-12-20,2024-02-16,499,Expired
3086,15413,Premium,2022-12-22,2023-09-12,499,Expired
3087,12702,Premium,2023-01-03,2023-10-18,499,Expired
3088,15158,Premium,2022-12-20,2024-11-15,499,Expired
3089,1214,Basic,2023-04-18,2024-04-16,199,Expired
3090,16926,Basic,2022-12-04,2024-09-18,199,Expired
3091,6671,Premium,2022-11-20,2024-03-05,499,Cancelled
3092,13023,Premium,2022-10-02,2024-07-14,499,Expired
3093,17971,Basic,2022-08-20,2023-03-27,199,Expired
3094,4875,Basic,2022-06-22,2023-01-22,199,Expired
3095,5460,Basic,2022-07-26,2024-03-19,199,Expired
3096,16063,Premium,2023-04-30,2024-06-26,499,Expired
3097,3208,Premium,2022-11-04,2024-03-24,499,Expired
3098,4931,Basic,2022-11-01,2024-07-30,199,Expired
3099,3354,Basic,2023-04-11,2023-07-30,199,Cancelled
3100,745,Basic,2022-07-25,2023-01-19,199,Expired
3101,10328,Basic,2022-01-13,2022-07-05,199,Expired
3102,5372,Premium,2022-12-22,2023-05-12,499,Expired
3103,9627,Premium,2023-01-20,2023-05-02,499,Expired
3104,18185,Basic,2022-11-13,2024-04-04,199,Expired
3105,18137,Basic,2023-04-23,2023-11-14,199,Cancelled
3106,17183,Premium,2023-01-14,2023-08-12,499,Expired
3107,4446,Premium,2022-05-06,2023-05-27,499,Expired
3108,4402,Premium,2022-10-31,2023-12-03,499,Cancelled
3109,18734,Basic,2023-03-28,2024-10-03,199,Expired
3110,3624,Basic,2022-09-04,2023-02-14,199,Expired
3111,16636,Premium,2022-07-22,2023-03-05,499,Expired
3112,730,Premium,2022-12-05,2023-05-29,499,Expired
3113,4548,Premium,2023-04-29,2024-12-28,499,Cancelled
3114,1641,Basic,2023-06-06,2023-10-03,199,Expired
3115,14922,Premium,2022-08-17,2023-11-08,499,Expired
3116,14100,Fleet,2023-01-22,2023-10-02,999,Expired
3117,12646,Basic,2022-08-13,2023-03-27,199,Expired
3118,543,Basic,2022-05-12,2023-11-25,199,Expired
3119,18281,Basic,2022-08-27,2024-04-04,199,Expired
3120,12117,Basic,2023-01-04,2023-05-16,199,Expired
3121,9004,Basic,2022-06-13,2023-08-14,199,Expired
3122,147,Premium,2022-05-14,2024-01-30,499,Cancelled
3123,3483,Basic,2022-02-09,2023-05-14,199,Expired
3124,19847,Premium,2023-05-02,2024-04-28,499,Expired
3125,242,Premium,2022-08-27,2024-01-15,499,Expired
3126,7503,Basic,2022-09-11,2024-01-17,199,Expired
3127,9809,Basic,2022-06-17,2024-01-09,199,Expired
3128,18654,Premium,2023-02-20,2024-08-06,499,Cancelled
3129,11189,Basic,2022-07-25,2023-09-12,199,Cancelled
3130,10300,Premium,2022-07-25,2024-06-21,499,Expired
3131,1953,Basic,2023-02-27,2023-11-15,199,Expired
3132,5228,Basic,2022-06-25,2023-10-21,199,Expired
3133,12061,Basic,2022-04-10,2023-08-03,199,Cancelled
3134,1595,Premium,2022-06-27,2023-03-14,499,Expired
3135,17353,Premium,2022-03-07,2023-07-17,499,Expired
3136,3920,Basic,2022-04-19,2023-03-17,199,Expired
3137,5461,Basic,2022-11-02,2023-05-24,199,Expired
3138,9431,Fleet,2022-03-16,2022-11-05,999,Expired
3139,19541,Premium,2023-02-21,2023-05-27,499,Expired
3140,14439,Basic,2022-06-30,2024-04-10,199,Expired
3141,8823,Premium,2023-01-13,2024-12-24,499,Expired
3142,13689,Basic,2022-10-02,2024-05-02,199,Expired
3143,15844,Basic,2022-06-28,2023-05-19,199,Expired
3144,2079,Basic,2022-06-27,2022-11-30,199,Expired
3145,16122,Premium,2022-08-03,2023-11-21,499,Expired
3146,9478,Basic,2022-04-22,2023-03-05,199,Expired
3147,14285,Basic,2022-12-11,2023-07-07,199,Expired
3148,7781,Basic,2022-08-13,2023-01-25,199,Cancelled
3149,16492,Premium,2023-04-30,2025-04-21,499,Expired
3150,1,Basic,2022-05-03,2024-02-06,199,Expired
3151,6410,Premium,2022-08-23,2023-02-15,499,Cancelled
3152,8761,Premium,2023-04-19,2023-08-30,499,Expired
3153,10194,Premium,2022-08-28,2023-08-24,499,Expired
3154,12355,Basic,2022-08-18,2023-04-11,199,Expired
3155,2145,Basic,2022-07-23,2023-04-15,199,Expired
3156,18279,Fleet,2022-11-12,2023-09-19,999,Expired
3157,7950,Fleet,2022-07-08,2024-03-01,999,Expired
3158,15757,Basic,2023-01-22,2023-07-01,199,Cancelled
3159,13955,Basic,2023-01-04,2024-06-15,199,Expired
3160,2067,Fleet,2022-10-17,2024-01-22,999,Expired
3161,13031,Basic,2022-11-05,2024-04-26,199,Expired
3162,6892,Premium,2022-07-25,2024-03-03,499,Expired
3163,3504,Basic,2022-07-18,2023-06-23,199,Expired
3164,2272,Premium,2022-02-01,2023-06-14,499,Expired
3165,7328,Basic,2023-01-23,2024-08-02,199,Expired
3166,5469,Basic,2022-06-19,2023-07-27,199,Expired
3167,3269,Basic,2023-03-22,2025-01-04,199,Expired
3168,16058,Premium,2023-03-22,2023-12-14,499,Expired
3169,6138,Basic,2023-02-01,2023-12-19,199,Expired
3170,12054,Premium,2023-02-07,2024-11-08,499,Expired
3171,5305,Premium,2022-06-13,2023-12-04,499,Expired
3172,14419,Premium,2022-03-28,2022-10-05,499,Expired
3173,19684,Basic,2023-05-04,2024-12-25,199,Expired
3174,15316,Basic,2022-05-12,2024-01-12,199,Expired
3175,8701,Basic,2022-08-06,2023-05-13,199,Expired
3176,7222,Basic,2023-02-27,2024-11-25,199,Expired
3177,6662,Basic,2023-01-26,2023-06-20,199,Expired
3178,12240,Basic,2022-05-18,2023-10-28,199,Expired
3179,4823,Fleet,2022-02-16,2023-12-26,999,Expired
3180,18350,Fleet,2022-12-09,2024-10-07,999,Expired
3181,6665,Premium,2022-07-13,2023-12-28,499,Expired
3182,3422,Basic,2022-04-22,2022-10-05,199,Expired
3183,9072,Basic,2023-03-13,2024-04-18,199,Expired
3184,19626,Basic,2022-02-09,2022-11-03,199,Expired
3185,19281,Premium,2023-03-01,2023-11-20,499,Expired
3186,19325,Basic,2023-01-10,2023-08-09,199,Expired
3187,4253,Basic,2022-07-08,2023-01-06,199,Expired
3188,16428,Premium,2023-03-26,2023-09-23,499,Expired
3189,17604,Premium,2022-03-04,2023-06-07,499,Expired
3190,9339,Basic,2022-04-08,2023-01-12,199,Expired
3191,12760,Basic,2022-09-14,2023-08-26,199,Expired
3192,17486,Fleet,2023-01-09,2024-03-06,999,Expired
3193,16266,Fleet,2022-08-16,2023-08-01,999,Expired
3194,3994,Basic,2022-10-27,2023-05-10,199,Expired
3195,6613,Basic,2022-08-29,2024-02-28,199,Expired
3196,12650,Basic,2023-03-20,2023-07-23,199,Expired
3197,8162,Premium,2022-06-20,2023-04-27,499,Expired
3198,3657,Basic,2022-12-15,2024-01-17,199,Expired
3199,6236,Basic,2022-12-16,2023-10-28,199,Expired
3200,11649,Basic,2023-05-08,2024-11-05,199,Expired
3201,6069,Basic,2023-01-30,2024-07-22,199,Expired
3202,7302,Basic,2022-12-30,2023-06-28,199,Cancelled
3203,7277,Basic,2022-11-25,2023-04-24,199,Cancelled
3204,4721,Basic,2022-02-25,2023-10-20,199,Expired
3205,1176,Basic,2022-06-28,2023-12-25,199,Expired
3206,10520,Premium,2022-12-31,2024-06-29,499,Expired
3207,14579,Basic,2022-09-10,2024-07-06,199,Expired
3208,12607,Basic,2023-01-30,2024-07-26,199,Expired
3209,14573,Basic,2022-09-19,2023-06-08,199,Expired
3210,4886,Basic,2022-12-13,2024-08-23,199,Expired
3211,4872,Fleet,2022-09-03,2023-07-06,999,Expired
3212,13974,Basic,2022-06-25,2023-06-06,199,Expired
3213,19758,Premium,2022-10-09,2024-04-08,499,Expired
3214,10558,Basic,2022-06-28,2023-01-13,199,Expired
3215,8508,Premium,2022-11-16,2024-10-19,499,Expired
3216,16656,Basic,2022-02-09,2022-08-13,199,Expired
3217,14075,Premium,2022-09-06,2023-08-18,499,Expired
3218,7287,Premium,2023-03-24,2023-11-08,499,Expired
3219,16843,Basic,2022-10-31,2023-02-26,199,Cancelled
3220,8375,Fleet,2022-10-16,2023-02-17,999,Expired
3221,8847,Basic,2023-01-06,2023-10-22,199,Expired
3222,4768,Premium,2022-09-24,2023-05-18,499,Cancelled
3223,13975,Premium,2022-08-14,2024-07-24,499,Expired
3224,4606,Basic,2022-12-26,2023-05-21,199,Expired
3225,8844,Premium,2023-03-23,2025-02-20,499,Expired
3226,5380,Basic,2023-03-15,2024-08-17,199,Expired
3227,1167,Basic,2022-07-13,2024-05-20,199,Expired
3228,6587,Basic,2023-02-01,2024-09-29,199,Expired
3229,7570,Premium,2023-01-23,2024-01-12,499,Expired
3230,3858,Premium,2023-02-02,2024-06-06,499,Expired
3231,9503,Basic,2022-10-22,2023-09-11,199,Expired
3232,8159,Basic,2023-03-19,2024-09-13,199,Expired
3233,6813,Premium,2022-02-28,2022-11-04,499,Expired
3234,5853,Basic,2022-12-03,2023-08-05,199,Expired
3235,1784,Basic,2023-02-01,2024-07-18,199,Expired
3236,1414,Fleet,2023-02-28,2024-12-14,999,Expired
3237,1131,Premium,2022-06-06,2024-04-12,499,Expired
3238,3278,Basic,2022-11-21,2023-08-03,199,Expired
3239,8632,Premium,2023-01-13,2024-07-25,499,Cancelled
3240,13620,Basic,2022-03-02,2022-10-30,199,Expired
3241,13691,Basic,2022-12-05,2023-06-03,199,Cancelled
3242,7999,Basic,2022-11-22,2024-08-27,199,Expired
3243,18114,Basic,2022-11-27,2024-09-04,199,Expired
3244,10511,Basic,2023-01-03,2024-07-24,199,Expired
3245,1622,Premium,2022-04-15,2024-04-13,499,Expired
3246,5129,Basic,2022-11-29,2024-02-27,199,Expired
3247,9423,Basic,2022-07-30,2024-03-21,199,Expired
3248,6935,Premium,2022-11-12,2023-12-11,499,Expired
3249,13934,Basic,2022-04-18,2024-01-18,199,Expired
3250,18065,Premium,2022-08-27,2023-10-07,499,Expired
3251,7874,Basic,2022-05-02,2023-04-22,199,Expired
3252,10561,Fleet,2023-03-14,2023-07-30,999,Expired
3253,5036,Premium,2023-04-30,2024-08-31,499,Expired
3254,16198,Basic,2023-01-09,2023-10-30,199,Expired
3255,8381,Fleet,2022-10-22,2024-10-09,999,Cancelled
3256,19414,Basic,2022-10-11,2023-01-17,199,Cancelled
3257,13612,Premium,2022-12-11,2024-09-03,499,Expired
3258,3911,Basic,2022-03-04,2022-06-08,199,Expired
3259,11902,Basic,2022-12-17,2023-04-19,199,Expired
3260,12540,Premium,2022-03-15,2022-08-07,499,Expired
3261,9332,Premium,2022-10-04,2024-09-03,499,Expired
3262,16097,Basic,2022-08-16,2023-03-10,199,Expired
3263,9244,Basic,2022-10-07,2023-05-14,199,Cancelled
3264,14740,Basic,2023-01-19,2024-01-03,199,Expired
3265,5733,Premium,2022-04-18,2023-02-20,499,Expired
3266,5027,Basic,2022-11-24,2023-10-26,199,Expired
3267,10155,Basic,2023-01-21,2024-03-25,199,Expired
3268,16383,Fleet,2022-09-21,2023-12-22,999,Expired
3269,4401,Basic,2022-07-22,2024-03-19,199,Expired
3270,17446,Premium,2022-08-16,2023-03-24,499,Expired
3271,14680,Premium,2022-12-11,2023-03-28,499,Expired
3272,15377,Basic,2022-11-27,2024-11-16,199,Expired
3273,15895,Basic,2022-06-20,2022-10-25,199,Expired
3274,9453,Basic,2022-08-20,2024-07-08,199,Cancelled
3275,7686,Basic,2022-08-06,2024-02-25,199,Expired
3276,12483,Basic,2022-09-02,2023-01-22,199,Expired
3277,7116,Premium,2023-02-06,2024-02-03,499,Cancelled
3278,9139,Fleet,2022-08-02,2024-03-03,999,Expired
3279,13154,Premium,2022-10-11,2024-02-06,499,Expired
3280,9781,Premium,2022-05-16,2023-02-03,499,Expired
3281,15894,Premium,2023-03-02,2024-07-17,499,Cancelled
3282,19276,Fleet,2022-09-10,2023-08-21,999,Expired
3283,8786,Basic,2023-05-13,2024-08-04,199,Cancelled
3284,8080,Premium,2022-06-23,2023-09-14,499,Expired
3285,9395,Premium,2023-01-25,2024-09-21,499,Expired
3286,14256,Basic,2022-03-16,2022-08-13,199,Expired
3287,19629,Basic,2022-11-13,2023-12-26,199,Expired
3288,17926,Premium,2022-07-15,2022-10-31,499,Expired
3289,13299,Fleet,2022-10-18,2024-05-26,999,Expired
3290,5606,Basic,2022-04-25,2022-08-12,199,Expired
3291,10870,Fleet,2022-06-17,2024-02-08,999,Expired
3292,7357,Basic,2022-04-27,2023-05-09,199,Expired
3293,18005,Basic,2022-04-22,2023-09-01,199,Expired
3294,7221,Basic,2023-01-11,2024-12-03,199,Expired
3295,484,Basic,2022-10-27,2024-10-26,199,Cancelled
3296,19135,Basic,2022-08-29,2023-01-01,199,Expired
3297,1316,Basic,2023-02-18,2024-03-02,199,Expired
3298,3016,Premium,2023-01-17,2023-06-27,499,Expired
3299,13440,Basic,2023-01-13,2024-09-18,199,Expired
3300,18576,Basic,2022-09-22,2023-10-19,199,Expired
3301,9098,Premium,2022-04-13,2023-05-13,499,Expired
3302,12770,Basic,2023-05-23,2025-02-10,199,Cancelled
3303,9900,Fleet,2022-05-21,2024-05-14,999,Expired
3304,4227,Basic,2022-05-11,2023-12-18,199,Expired
3305,18404,Basic,2023-04-17,2025-01-16,199,Cancelled
3306,18676,Basic,2023-06-05,2024-01-08,199,Cancelled
3307,16006,Basic,2022-12-21,2024-01-29,199,Expired
3308,2486,Basic,2022-10-22,2023-08-20,199,Expired
3309,18433,Basic,2022-12-14,2023-05-17,199,Expired
3310,8666,Basic,2022-06-10,2024-03-15,199,Expired
3311,19589,Premium,2022-11-21,2023-04-24,499,Expired
3312,10216,Premium,2023-02-19,2024-06-29,499,Expired
3313,908,Basic,2022-10-03,2024-07-08,199,Expired
3314,1577,Premium,2023-01-07,2024-05-07,499,Expired
3315,14176,Basic,2022-11-29,2024-04-06,199,Expired
3316,14884,Basic,2023-01-07,2024-06-06,199,Expired
3317,10361,Basic,2023-02-21,2023-08-17,199,Expired
3318,1340,Fleet,2022-09-08,2023-02-14,999,Expired
3319,11721,Fleet,2022-08-07,2023-08-25,999,Expired
3320,15858,Premium,2022-08-11,2024-08-01,499,Expired
3321,8686,Premium,2022-05-10,2022-10-08,499,Expired
3322,5385,Basic,2023-02-28,2024-05-22,199,Expired
3323,18833,Premium,2022-12-30,2024-11-28,499,Expired
3324,6133,Premium,2022-07-13,2023-11-11,499,Expired
3325,11161,Basic,2023-01-22,2023-11-24,199,Cancelled
3326,1990,Basic,2022-12-15,2024-09-01,199,Cancelled
3327,14726,Basic,2022-05-15,2023-09-26,199,Expired
3328,7062,Basic,2022-04-30,2023-08-28,199,Expired
3329,16777,Basic,2022-06-16,2023-12-26,199,Expired
3330,15793,Premium,2022-06-10,2023-05-11,499,Cancelled
3331,16093,Premium,2023-01-13,2024-05-04,499,Expired
3332,6873,Premium,2023-03-07,2023-11-08,499,Expired
3333,15256,Premium,2022-06-24,2023-05-28,499,Expired
3334,4986,Basic,2022-12-17,2023-10-14,199,Cancelled
3335,14817,Premium,2022-09-22,2024-01-02,499,Expired
3336,122,Fleet,2022-12-08,2023-05-06,999,Expired
3337,2610,Basic,2022-08-26,2023-08-27,199,Expired
3338,15868,Basic,2022-05-19,2023-01-24,199,Cancelled
3339,19512,Basic,2023-02-28,2025-01-07,199,Expired
3340,15759,Premium,2022-08-14,2023-10-01,499,Expired
3341,6219,Basic,2022-11-08,2023-08-02,199,Expired
3342,7173,Premium,2022-09-29,2024-09-22,499,Expired
3343,13458,Basic,2022-09-09,2024-02-17,199,Expired
3344,954,Premium,2022-08-25,2024-05-19,499,Expired
3345,16367,Premium,2022-12-26,2023-04-26,499,Expired
3346,16692,Basic,2022-06-09,2023-04-10,199,Expired
3347,4194,Basic,2023-04-09,2024-11-06,199,Cancelled
3348,6699,Basic,2022-07-19,2023-04-27,199,Expired
3349,15495,Basic,2022-06-11,2023-08-10,199,Expired
3350,8158,Premium,2023-02-11,2024-08-12,499,Expired
3351,4822,Basic,2022-06-29,2023-10-13,199,Expired
3352,10326,Basic,2022-04-04,2023-10-25,199,Expired
3353,11766,Premium,2022-11-12,2023-07-22,499,Expired
3354,2541,Basic,2022-09-21,2023-10-10,199,Expired
3355,5307,Basic,2022-09-06,2024-05-21,199,Expired
3356,1271,Basic,2022-08-18,2024-03-19,199,Expired
3357,5246,Basic,2022-09-25,2024-06-11,199,Expired
3358,16291,Basic,2022-03-10,2024-01-11,199,Expired
3359,1692,Fleet,2022-07-28,2024-04-03,999,Cancelled
3360,19669,Basic,2022-04-19,2023-09-08,199,Expired
3361,18051,Basic,2022-05-19,2023-05-02,199,Cancelled
3362,16161,Premium,2022-05-21,2023-07-09,499,Expired
3363,2728,Premium,2022-11-04,2023-10-15,499,Expired
3364,9602,Basic,2022-07-18,2023-02-18,199,Expired
3365,18617,Basic,2022-05-15,2023-10-26,199,Expired
3366,14432,Basic,2022-02-17,2022-10-24,199,Expired
3367,13766,Basic,2023-05-04,2025-02-15,199,Expired
3368,14069,Basic,2022-05-23,2022-12-15,199,Expired
3369,2975,Premium,2023-02-26,2024-12-04,499,Expired
3370,7370,Basic,2022-06-15,2024-05-06,199,Expired
3371,7975,Basic,2022-05-27,2022-09-10,199,Expired
3372,17185,Premium,2022-10-29,2023-02-13,499,Expired
3373,2046,Basic,2022-07-25,2024-07-04,199,Cancelled
3374,4978,Basic,2022-09-25,2023-10-23,199,Expired
3375,7122,Premium,2022-05-16,2023-02-18,499,Cancelled
3376,13632,Basic,2022-12-12,2024-04-27,199,Expired
3377,15547,Basic,2022-06-25,2023-08-30,199,Expired
3378,2737,Premium,2022-07-28,2022-11-19,499,Expired
3379,17585,Basic,2023-04-24,2024-11-05,199,Expired
3380,1209,Basic,2022-05-04,2022-12-03,199,Cancelled
3381,17061,Premium,2022-07-17,2024-05-25,499,Expired
3382,8328,Basic,2023-01-01,2024-07-14,199,Expired
3383,6849,Basic,2022-10-15,2023-04-06,199,Expired
3384,14637,Basic,2022-10-22,2024-03-26,199,Cancelled
3385,10419,Basic,2022-02-13,2022-10-05,199,Expired
3386,10600,Basic,2022-05-17,2022-09-29,199,Expired
3387,15506,Basic,2022-12-21,2024-03-25,199,Expired
3388,13069,Basic,2023-04-05,2024-11-01,199,Expired
3389,1091,Basic,2022-06-09,2023-09-20,199,Expired
3390,3121,Premium,2023-02-06,2023-05-09,499,Expired
3391,12767,Premium,2022-08-06,2024-07-27,499,Expired
3392,10481,Premium,2022-11-06,2023-02-08,499,Expired
3393,11545,Premium,2023-04-09,2024-01-29,499,Expired
3394,1534,Basic,2022-12-11,2024-09-09,199,Expired
3395,8064,Basic,2022-11-23,2024-08-12,199,Expired
3396,1412,Basic,2022-12-29,2024-11-14,199,Cancelled
3397,9991,Basic,2022-06-19,2023-12-29,199,Expired
3398,7922,Premium,2022-02-24,2023-05-25,499,Expired
3399,3201,Fleet,2023-02-02,2024-08-21,999,Expired
3400,11051,Basic,2023-04-02,2024-07-26,199,Expired
3401,2615,Basic,2022-07-23,2024-06-01,199,Expired
3402,13720,Basic,2022-05-17,2024-01-26,199,Expired
3403,16934,Basic,2022-08-15,2024-07-16,199,Expired
3404,2547,Basic,2022-06-07,2024-05-31,199,Expired
3405,12595,Basic,2022-06-27,2024-04-27,199,Expired
3406,9738,Premium,2022-06-27,2023-08-17,499,Expired
3407,16399,Premium,2022-04-17,2023-12-06,499,Expired
3408,11546,Premium,2022-12-05,2023-12-28,499,Expired
3409,2665,Basic,2022-11-12,2023-05-28,199,Expired
3410,14302,Basic,2022-08-31,2023-03-09,199,Expired
3411,13207,Premium,2023-02-05,2024-01-31,499,Cancelled
3412,10269,Basic,2022-09-29,2023-08-29,199,Expired
3413,1458,Premium,2022-10-29,2023-06-10,499,Expired
3414,3589,Basic,2022-07-19,2024-07-10,199,Expired
3415,7703,Fleet,2022-07-04,2023-01-18,999,Expired
3416,16355,Basic,2023-01-22,2023-08-30,199,Expired
3417,5549,Premium,2022-11-15,2023-09-05,499,Expired
3418,19722,Premium,2022-05-17,2022-11-03,499,Expired
3419,6053,Basic,2023-01-06,2024-08-23,199,Expired
3420,10697,Premium,2022-05-22,2024-03-09,499,Cancelled
3421,13618,Premium,2022-11-22,2024-04-13,499,Cancelled
3422,12043,Premium,2022-10-02,2024-08-23,499,Expired
3423,17285,Premium,2022-12-14,2024-06-09,499,Expired
3424,10533,Basic,2022-04-01,2023-01-01,199,Expired
3425,18779,Basic,2023-06-18,2023-10-21,199,Cancelled
3426,2951,Basic,2022-08-02,2024-05-04,199,Expired
3427,7860,Premium,2022-09-03,2023-01-15,499,Expired
3428,1394,Premium,2022-10-07,2024-02-11,499,Cancelled
3429,13145,Basic,2022-10-05,2024-02-21,199,Expired
3430,16932,Basic,2022-07-25,2022-11-17,199,Expired
3431,12105,Premium,2022-11-01,2024-04-03,499,Expired
3432,6848,Premium,2022-03-16,2024-02-23,499,Expired
3433,7078,Premium,2022-08-22,2023-08-23,499,Expired
3434,3015,Premium,2022-02-09,2022-12-12,499,Expired
3435,17383,Basic,2022-10-15,2023-07-25,199,Expired
3436,16633,Premium,2023-01-27,2024-08-18,499,Cancelled
3437,12278,Basic,2022-07-20,2024-02-04,199,Expired
3438,18634,Premium,2022-07-24,2024-04-07,499,Expired
3439,16182,Premium,2022-05-08,2024-04-04,499,Expired
3440,5643,Premium,2022-10-09,2024-03-06,499,Expired
3441,13060,Premium,2022-07-25,2023-09-12,499,Expired
3442,5113,Fleet,2023-01-06,2024-07-24,999,Expired
3443,13120,Premium,2022-09-06,2023-04-22,499,Expired
3444,1768,Basic,2022-02-16,2023-01-27,199,Cancelled
3445,7901,Fleet,2022-09-28,2023-10-01,999,Expired
3446,17268,Basic,2023-02-05,2024-04-22,199,Expired
3447,19877,Premium,2022-07-15,2022-10-14,499,Expired
3448,10625,Basic,2022-10-02,2024-09-15,199,Expired
3449,10449,Premium,2023-01-29,2023-08-31,499,Expired
3450,15492,Premium,2022-09-13,2023-11-23,499,Expired
3451,15905,Basic,2022-08-04,2023-01-11,199,Expired
3452,10580,Basic,2023-06-12,2025-02-26,199,Expired
3453,17762,Fleet,2022-07-11,2024-01-23,999,Expired
3454,16369,Basic,2022-10-01,2024-08-25,199,Expired
3455,19437,Basic,2022-09-02,2023-02-06,199,Cancelled
3456,9708,Basic,2023-05-10,2024-12-22,199,Expired
3457,5467,Fleet,2022-03-17,2022-12-20,999,Expired
3458,17922,Basic,2022-08-23,2023-02-07,199,Cancelled
3459,16181,Basic,2022-11-23,2024-11-06,199,Expired
3460,19519,Basic,2022-11-27,2024-03-26,199,Expired
3461,17757,Basic,2022-07-08,2023-11-15,199,Cancelled
3462,15304,Premium,2022-05-17,2023-12-12,499,Expired
3463,17863,Premium,2022-12-16,2024-10-08,499,Expired
3464,13109,Premium,2022-12-16,2023-07-17,499,Expired
3465,4689,Basic,2022-05-16,2024-05-02,199,Expired
3466,3985,Fleet,2023-04-27,2024-03-29,999,Expired
3467,19395,Basic,2022-09-01,2024-06-26,199,Expired
3468,1003,Basic,2022-08-22,2024-06-09,199,Expired
3469,1062,Basic,2022-05-15,2023-10-09,199,Cancelled
3470,8622,Premium,2023-01-12,2023-08-19,499,Expired
3471,14122,Basic,2022-11-04,2023-07-12,199,Expired
3472,18035,Premium,2023-01-11,2024-04-24,499,Expired
3473,13798,Basic,2023-04-21,2025-03-14,199,Expired
3474,7140,Premium,2022-04-15,2023-03-25,499,Expired
3475,5171,Basic,2022-11-05,2024-02-19,199,Expired
3476,9694,Premium,2022-12-06,2023-04-18,499,Expired
3477,13797,Basic,2022-05-04,2023-09-19,199,Expired
3478,11645,Premium,2022-11-24,2024-01-31,499,Expired
3479,4672,Premium,2022-04-01,2023-06-30,499,Cancelled
3480,10787,Basic,2022-05-19,2022-10-27,199,Expired
3481,4294,Basic,2022-07-23,2023-06-08,199,Expired
3482,4166,Basic,2023-03-08,2023-12-25,199,Cancelled
3483,15623,Premium,2023-04-03,2025-02-15,499,Expired
3484,11831,Basic,2022-11-15,2023-04-04,199,Expired
3485,10744,Basic,2023-01-28,2024-09-30,199,Expired
3486,8930,Basic,2022-06-30,2024-02-18,199,Expired
3487,10430,Basic,2022-03-15,2022-08-14,199,Cancelled
3488,2147,Premium,2022-11-12,2024-03-08,499,Expired
3489,5735,Basic,2022-07-06,2023-11-28,199,Expired
3490,19898,Basic,2022-06-12,2024-04-27,199,Expired
3491,2663,Fleet,2023-04-24,2023-08-11,999,Cancelled
3492,14606,Fleet,2023-06-07,2024-09-19,999,Expired
3493,19279,Premium,2022-09-03,2023-03-19,499,Expired
3494,19033,Premium,2022-08-09,2024-07-20,499,Cancelled
3495,19408,Basic,2022-10-31,2023-05-05,199,Expired
3496,8361,Fleet,2023-01-05,2024-05-19,999,Expired
3497,587,Premium,2022-12-27,2023-11-22,499,Expired
3498,10106,Basic,2022-03-20,2022-06-30,199,Expired
3499,17002,Basic,2022-07-15,2023-12-10,199,Expired
3500,3195,Basic,2023-01-04,2023-11-01,199,Expired
3501,17227,Premium,2023-03-25,2025-03-07,499,Expired
3502,2954,Basic,2022-10-20,2023-05-26,199,Expired
3503,2267,Basic,2022-03-20,2023-06-18,199,Expired
3504,9445,Basic,2022-12-21,2024-02-24,199,Expired
3505,6179,Basic,2022-07-09,2023-12-09,199,Expired
3506,11305,Basic,2022-08-16,2024-01-09,199,Cancelled
3507,11633,Basic,2023-01-01,2023-12-16,199,Expired
3508,5533,Premium,2022-03-08,2023-05-21,499,Cancelled
3509,11344,Premium,2022-09-05,2023-03-04,499,Expired
3510,4510,Basic,2022-03-25,2023-09-25,199,Expired
3511,9056,Basic,2023-02-25,2023-09-13,199,Cancelled
3512,19553,Premium,2022-08-31,2023-01-26,499,Expired
3513,4047,Premium,2023-05-09,2024-10-04,499,Cancelled
3514,13142,Premium,2022-06-07,2022-10-20,499,Cancelled
3515,1281,Premium,2023-01-18,2023-12-13,499,Expired
3516,5218,Premium,2023-02-27,2023-08-14,499,Expired
3517,14760,Basic,2022-03-25,2023-04-06,199,Expired
3518,4922,Basic,2022-08-06,2023-11-07,199,Expired
3519,9876,Basic,2023-03-14,2025-02-07,199,Expired
3520,8604,Basic,2022-02-10,2023-11-25,199,Expired
3521,10819,Premium,2022-07-09,2024-04-24,499,Expired
3522,14215,Premium,2022-07-10,2023-09-20,499,Expired
3523,13547,Premium,2022-08-15,2023-06-23,499,Expired
3524,2639,Basic,2022-05-30,2024-03-30,199,Expired
3525,3546,Basic,2023-01-27,2024-06-13,199,Expired
3526,9667,Basic,2023-05-04,2023-12-09,199,Expired
3527,15358,Premium,2023-04-22,2024-10-11,499,Cancelled
3528,15257,Premium,2022-01-20,2022-10-04,499,Expired
3529,5169,Premium,2022-08-02,2023-11-22,499,Expired
3530,9499,Fleet,2022-08-20,2023-07-29,999,Expired
3531,14101,Premium,2023-06-03,2023-12-24,499,Expired
3532,6333,Basic,2022-09-28,2024-01-21,199,Expired
3533,11001,Premium,2022-05-15,2023-05-12,499,Expired
3534,16613,Basic,2022-11-09,2024-01-15,199,Expired
3535,18136,Premium,2023-02-02,2024-02-16,499,Cancelled
3536,8876,Premium,2022-04-27,2022-11-28,499,Expired
3537,2443,Fleet,2023-02-12,2024-12-28,999,Expired
3538,6075,Premium,2022-05-12,2023-01-12,499,Expired
3539,13239,Basic,2023-02-06,2024-11-15,199,Expired
3540,8104,Premium,2022-11-06,2023-11-05,499,Expired
3541,14990,Basic,2022-06-14,2024-06-07,199,Expired
3542,1571,Basic,2022-11-23,2024-01-29,199,Expired
3543,1399,Basic,2022-02-25,2022-11-10,199,Expired
3544,2282,Basic,2023-01-06,2024-06-17,199,Cancelled
3545,8652,Basic,2022-05-29,2022-12-17,199,Cancelled
3546,9247,Basic,2022-11-22,2023-04-29,199,Expired
3547,17307,Premium,2022-11-19,2024-08-12,499,Expired
3548,2022,Basic,2022-10-28,2024-08-25,199,Cancelled
3549,18708,Fleet,2023-01-06,2023-09-22,999,Expired
3550,17133,Basic,2022-11-10,2023-11-06,199,Expired
3551,3895,Basic,2022-09-28,2023-01-22,199,Cancelled
3552,18742,Basic,2022-04-30,2022-12-16,199,Expired
3553,16073,Basic,2022-08-31,2023-11-26,199,Expired
3554,19634,Premium,2023-04-15,2023-11-18,499,Cancelled
3555,4882,Basic,2022-07-09,2024-06-01,199,Expired
3556,9976,Basic,2023-03-26,2023-11-12,199,Cancelled
3557,2003,Basic,2022-10-29,2023-05-16,199,Expired
3558,18669,Premium,2023-05-17,2024-01-11,499,Expired
3559,2557,Basic,2023-01-15,2023-12-30,199,Expired
3560,8815,Premium,2023-01-24,2025-01-23,499,Cancelled
3561,2306,Basic,2022-04-01,2023-06-06,199,Expired
3562,11267,Basic,2023-02-23,2023-12-21,199,Expired
3563,13762,Premium,2022-08-20,2024-06-24,499,Expired
3564,12550,Basic,2022-05-02,2022-12-07,199,Cancelled
3565,18252,Fleet,2023-02-10,2023-05-31,999,Expired
3566,903,Premium,2022-05-29,2023-10-22,499,Expired
3567,16086,Basic,2022-12-28,2024-10-03,199,Expired
3568,7133,Premium,2022-11-04,2024-03-14,499,Expired
3569,182,Premium,2022-09-18,2024-05-27,499,Expired
3570,1064,Premium,2022-12-25,2024-10-22,499,Expired
3571,7730,Premium,2023-02-08,2024-12-13,499,Expired
3572,14475,Premium,2022-06-12,2023-03-25,499,Expired
3573,11288,Premium,2022-11-02,2023-09-11,499,Cancelled
3574,4773,Basic,2023-02-07,2024-03-27,199,Expired
3575,1854,Basic,2022-10-17,2024-02-09,199,Cancelled
3576,13167,Basic,2022-06-04,2023-01-28,199,Expired
3577,9631,Basic,2022-01-16,2023-10-07,199,Expired
3578,9688,Basic,2022-12-06,2024-02-24,199,Expired
3579,16660,Premium,2022-09-11,2024-03-06,499,Expired
3580,8909,Fleet,2023-01-15,2024-08-30,999,Expired
3581,5555,Basic,2022-09-14,2023-09-14,199,Cancelled
3582,13643,Basic,2022-04-05,2022-11-30,199,Expired
3583,8288,Basic,2022-11-22,2024-08-29,199,Expired
3584,15029,Basic,2022-05-04,2023-06-29,199,Cancelled
3585,17568,Premium,2022-08-25,2024-03-28,499,Expired
3586,19402,Basic,2022-08-24,2023-12-31,199,Expired
3587,18183,Fleet,2023-02-14,2023-12-16,999,Expired
3588,1927,Premium,2022-12-30,2024-07-22,499,Expired
3589,7678,Premium,2022-08-02,2024-02-20,499,Expired
3590,16672,Basic,2022-11-08,2023-05-11,199,Expired
3591,16583,Basic,2022-04-02,2022-10-20,199,Expired
3592,11753,Basic,2023-04-22,2024-04-15,199,Cancelled
3593,9186,Basic,2022-06-25,2023-11-13,199,Cancelled
3594,51,Premium,2023-05-31,2025-03-12,499,Expired
3595,17128,Premium,2022-07-01,2023-06-18,499,Cancelled
3596,14014,Premium,2023-02-20,2024-10-01,499,Expired
3597,2498,Premium,2022-09-08,2024-04-26,499,Expired
3598,12405,Basic,2022-12-06,2023-07-03,199,Expired
3599,15855,Basic,2023-01-19,2024-07-19,199,Expired
3600,9685,Basic,2022-09-25,2024-06-17,199,Expired
3601,6957,Premium,2022-11-20,2023-12-04,499,Expired
3602,11931,Basic,2022-12-17,2024-12-01,199,Expired
3603,2459,Premium,2022-10-07,2023-09-05,499,Expired
3604,15756,Premium,2023-01-26,2024-06-15,499,Expired
3605,19936,Basic,2022-11-13,2024-03-05,199,Expired
3606,8443,Basic,2023-06-07,2024-05-27,199,Expired
3607,10414,Basic,2022-10-01,2024-05-17,199,Expired
3608,5377,Premium,2023-02-16,2023-07-29,499,Expired
3609,19696,Basic,2022-04-26,2024-03-22,199,Cancelled
3610,6758,Basic,2022-07-04,2023-05-21,199,Expired
3611,6216,Premium,2022-07-17,2023-05-06,499,Cancelled
3612,3932,Basic,2022-10-29,2023-07-15,199,Cancelled
3613,13954,Premium,2022-10-12,2024-02-20,499,Expired
3614,11973,Premium,2022-03-23,2023-05-24,499,Expired
3615,13113,Premium,2022-12-04,2024-11-21,499,Expired
3616,9470,Premium,2022-05-16,2022-11-10,499,Expired
3617,7402,Fleet,2022-11-21,2023-04-19,999,Cancelled
3618,8318,Basic,2022-09-12,2024-04-25,199,Expired
3619,12030,Basic,2022-08-05,2024-01-30,199,Expired
3620,1098,Premium,2022-11-22,2023-08-10,499,Expired
3621,8360,Basic,2023-05-29,2024-07-26,199,Cancelled
3622,9697,Premium,2022-05-29,2023-10-01,499,Expired
3623,11870,Premium,2022-12-29,2023-11-06,499,Cancelled
3624,3935,Basic,2022-12-14,2023-04-01,199,Expired
3625,4069,Basic,2022-11-23,2024-01-01,199,Expired
3626,11559,Basic,2022-07-22,2022-12-07,199,Expired
3627,7276,Premium,2023-01-08,2023-10-07,499,Expired
3628,206,Basic,2022-12-11,2024-01-14,199,Expired
3629,9626,Basic,2022-11-02,2024-01-12,199,Expired
3630,10672,Basic,2022-08-25,2024-06-23,199,Expired
3631,5447,Basic,2023-06-10,2023-11-18,199,Cancelled
3632,2087,Premium,2022-12-13,2024-01-26,499,Expired
3633,3669,Basic,2022-08-16,2023-12-25,199,Expired
3634,15202,Premium,2023-02-10,2023-12-03,499,Expired
3635,11492,Premium,2022-09-11,2023-11-03,499,Expired
3636,18248,Basic,2023-01-12,2024-03-07,199,Cancelled
3637,19300,Basic,2022-12-16,2023-10-25,199,Expired
3638,6528,Basic,2022-11-10,2024-05-08,199,Expired
3639,18735,Basic,2023-02-19,2023-09-17,199,Cancelled
3640,19780,Fleet,2022-06-22,2023-05-26,999,Expired
3641,16971,Fleet,2022-11-22,2023-03-08,999,Expired
3642,4919,Fleet,2023-02-04,2025-01-19,999,Expired
3643,8243,Basic,2022-12-05,2023-08-20,199,Expired
3644,10615,Fleet,2022-06-30,2023-07-06,999,Expired
3645,432,Basic,2022-10-24,2023-07-11,199,Cancelled
3646,2534,Basic,2022-09-28,2024-06-02,199,Expired
3647,2203,Premium,2022-10-08,2023-11-19,499,Expired
3648,1573,Basic,2022-09-29,2023-07-06,199,Expired
3649,8574,Basic,2022-06-02,2023-11-27,199,Expired
3650,10424,Basic,2022-12-11,2024-06-09,199,Expired
3651,16448,Premium,2022-11-23,2023-12-29,499,Expired
3652,5269,Basic,2022-08-27,2024-03-31,199,Expired
3653,1278,Basic,2022-07-22,2023-01-03,199,Expired
3654,6678,Basic,2022-08-23,2023-06-14,199,Expired
3655,16621,Premium,2022-03-20,2023-08-15,499,Expired
3656,9527,Premium,2023-02-12,2023-08-15,499,Expired
3657,13631,Premium,2022-11-26,2024-08-20,499,Expired
3658,18490,Basic,2022-06-14,2024-06-04,199,Expired
3659,10431,Basic,2022-10-14,2024-05-15,199,Expired
3660,18793,Basic,2022-05-31,2022-09-06,199,Expired
3661,14294,Basic,2022-07-14,2023-04-13,199,Expired
3662,13317,Fleet,2022-01-24,2023-06-11,999,Cancelled
3663,19200,Basic,2022-09-14,2024-05-01,199,Expired
3664,18463,Fleet,2022-12-26,2024-10-12,999,Cancelled
3665,7639,Basic,2022-06-27,2023-06-05,199,Expired
3666,4731,Basic,2022-03-08,2023-01-03,199,Expired
3667,19651,Premium,2022-09-20,2024-08-03,499,Expired
3668,1373,Basic,2023-01-11,2024-12-31,199,Cancelled
3669,885,Basic,2022-12-26,2023-10-22,199,Cancelled
3670,11151,Basic,2022-08-04,2023-10-14,199,Expired
3671,1040,Basic,2022-09-19,2024-08-02,199,Expired
3672,14272,Premium,2023-01-22,2024-11-10,499,Expired
3673,1471,Premium,2022-08-11,2024-02-18,499,Expired
3674,4505,Basic,2022-06-13,2023-07-25,199,Expired
3675,294,Basic,2022-11-18,2024-08-05,199,Expired
3676,2446,Basic,2022-12-13,2024-07-04,199,Expired
3677,12559,Premium,2022-08-19,2024-01-07,499,Expired
3678,12504,Premium,2022-10-27,2024-09-28,499,Expired
3679,12523,Premium,2022-06-13,2022-11-21,499,Cancelled
3680,10792,Premium,2022-12-04,2023-11-16,499,Expired
3681,9741,Basic,2022-02-05,2022-11-30,199,Expired
3682,16894,Premium,2022-09-28,2023-04-08,499,Expired
3683,12199,Premium,2022-12-09,2023-03-19,499,Expired
3684,16979,Premium,2022-09-12,2022-12-14,499,Expired
3685,2096,Basic,2022-03-03,2023-06-04,199,Expired
3686,18258,Basic,2022-04-14,2023-11-28,199,Expired
3687,6144,Premium,2022-03-25,2023-02-20,499,Expired
3688,7027,Basic,2022-12-08,2024-11-23,199,Expired
3689,3478,Basic,2023-05-29,2023-09-26,199,Expired
3690,5922,Premium,2022-07-02,2023-05-14,499,Expired
3691,1195,Basic,2023-03-26,2024-10-18,199,Expired
3692,2637,Premium,2023-01-29,2024-12-16,499,Cancelled
3693,1011,Basic,2023-04-15,2024-12-31,199,Expired
3694,10654,Premium,2022-12-22,2023-06-18,499,Expired
3695,3653,Premium,2022-09-29,2024-03-10,499,Expired
3696,19971,Basic,2022-09-24,2024-09-03,199,Expired
3697,13782,Premium,2023-01-07,2024-10-28,499,Expired
3698,3434,Premium,2022-09-25,2024-01-15,499,Cancelled
3699,6545,Basic,2022-03-17,2024-01-02,199,Cancelled
3700,11312,Fleet,2022-09-20,2023-01-11,999,Expired
3701,7931,Premium,2022-05-01,2023-03-22,499,Expired
3702,8774,Premium,2023-01-12,2023-07-08,499,Expired
3703,16812,Basic,2023-02-17,2024-06-18,199,Expired
3704,5386,Basic,2023-05-19,2023-10-29,199,Expired
3705,6713,Premium,2022-10-03,2024-06-19,499,Expired
3706,10927,Premium,2022-09-30,2023-01-21,499,Expired
3707,901,Basic,2022-08-05,2022-12-16,199,Expired
3708,13414,Premium,2022-08-15,2024-03-06,499,Cancelled
3709,935,Basic,2022-10-25,2023-09-22,199,Expired
3710,6367,Basic,2022-07-08,2024-06-05,199,Expired
3711,13776,Fleet,2022-09-07,2023-03-31,999,Expired
3712,18581,Basic,2023-06-04,2024-08-10,199,Expired
3713,11760,Premium,2022-08-17,2023-08-08,499,Expired
3714,10374,Fleet,2023-01-29,2024-09-08,999,Expired
3715,5577,Basic,2022-06-12,2024-03-21,199,Cancelled
3716,18337,Basic,2023-01-13,2024-06-01,199,Cancelled
3717,3303,Premium,2023-05-23,2023-12-05,499,Expired
3718,1344,Basic,2022-11-06,2023-05-21,199,Expired
3719,16898,Premium,2022-05-13,2023-12-27,499,Expired
3720,360,Premium,2022-05-22,2024-03-24,499,Expired
3721,7919,Basic,2022-04-06,2023-11-14,199,Expired
3722,10909,Premium,2022-05-09,2024-02-28,499,Expired
3723,18395,Basic,2022-12-23,2024-03-06,199,Expired
3724,16969,Basic,2022-05-20,2023-09-01,199,Expired
3725,960,Basic,2022-05-19,2022-09-29,199,Expired
3726,10278,Basic,2022-09-21,2024-09-08,199,Expired
3727,1149,Basic,2022-03-21,2024-01-27,199,Cancelled
3728,2955,Premium,2022-11-24,2023-11-26,499,Expired
3729,5187,Basic,2022-05-03,2023-04-24,199,Expired
3730,2052,Premium,2022-12-10,2024-05-12,499,Expired
3731,19273,Premium,2022-08-31,2023-01-28,499,Expired
3732,2055,Premium,2022-10-07,2023-02-06,499,Expired
3733,11217,Basic,2023-05-04,2025-04-14,199,Expired
3734,2502,Premium,2022-12-02,2024-05-30,499,Expired
3735,12458,Basic,2022-03-01,2022-07-05,199,Expired
3736,9073,Premium,2023-02-03,2024-10-02,499,Expired
3737,9935,Premium,2023-02-19,2024-02-22,499,Expired
3738,13454,Basic,2022-03-13,2023-06-29,199,Expired
3739,10221,Premium,2022-12-23,2023-12-01,499,Expired
3740,2324,Fleet,2022-09-06,2023-04-23,999,Cancelled
3741,223,Basic,2023-05-21,2023-11-26,199,Expired
3742,18309,Basic,2022-10-06,2023-10-25,199,Expired
3743,18195,Basic,2022-11-07,2023-09-11,199,Expired
3744,5860,Basic,2022-05-10,2023-08-28,199,Expired
3745,4339,Premium,2022-10-04,2023-05-31,499,Expired
3746,8490,Basic,2023-03-12,2023-08-15,199,Expired
3747,3157,Premium,2022-09-30,2023-04-25,499,Cancelled
3748,669,Basic,2022-02-17,2023-11-25,199,Expired
3749,15945,Premium,2022-12-26,2024-12-10,499,Expired
3750,10645,Fleet,2022-06-08,2022-09-30,999,Expired
3751,13598,Basic,2022-11-20,2024-11-09,199,Cancelled
3752,10680,Premium,2022-08-24,2023-12-04,499,Expired
3753,14932,Basic,2022-08-15,2024-05-25,199,Cancelled
3754,19330,Basic,2022-09-29,2023-02-05,199,Expired
3755,12067,Premium,2022-05-26,2022-12-20,499,Expired
3756,19242,Basic,2022-07-11,2024-02-22,199,Expired
3757,14494,Premium,2022-07-09,2024-01-28,499,Cancelled
3758,3609,Basic,2022-07-20,2024-03-17,199,Expired
3759,19012,Basic,2022-06-18,2023-12-10,199,Expired
3760,7812,Basic,2022-07-04,2023-04-03,199,Expired
3761,17512,Fleet,2022-11-22,2024-07-25,999,Expired
3762,12462,Premium,2022-08-06,2023-05-11,499,Expired
3763,10202,Premium,2022-05-24,2024-04-12,499,Cancelled
3764,3844,Basic,2022-11-16,2024-03-01,199,Expired
3765,14648,Basic,2023-01-05,2024-05-21,199,Expired
3766,8148,Premium,2022-09-04,2024-05-27,499,Expired
3767,4692,Basic,2022-07-29,2024-01-27,199,Expired
3768,5298,Basic,2022-08-17,2024-06-16,199,Expired
3769,17388,Premium,2023-01-09,2024-03-05,499,Cancelled
3770,15865,Basic,2022-06-11,2023-01-31,199,Expired
3771,15750,Basic,2023-02-03,2024-12-23,199,Expired
3772,7177,Basic,2022-12-19,2023-04-29,199,Cancelled
3773,15044,Basic,2022-04-27,2022-11-06,199,Expired
3774,5764,Basic,2022-05-01,2024-04-16,199,Expired
3775,9145,Premium,2023-01-10,2024-07-08,499,Cancelled
3776,13461,Basic,2022-09-06,2023-09-01,199,Expired
3777,13748,Basic,2022-02-02,2023-06-30,199,Expired
3778,1057,Premium,2022-04-24,2023-01-08,499,Expired
3779,9723,Premium,2023-01-09,2023-06-25,499,Expired
3780,12167,Premium,2022-11-06,2024-08-13,499,Expired
3781,6516,Basic,2022-12-18,2023-06-05,199,Expired
3782,2395,Basic,2023-04-23,2024-08-05,199,Expired
3783,460,Premium,2023-01-02,2024-12-14,499,Expired
3784,17821,Fleet,2023-05-20,2025-02-08,999,Expired
3785,10446,Basic,2023-04-11,2024-11-24,199,Expired
3786,14186,Basic,2022-04-29,2023-03-07,199,Expired
3787,9376,Basic,2022-08-18,2024-08-12,199,Expired
3788,18748,Basic,2022-12-18,2024-08-07,199,Expired
3789,12664,Fleet,2022-09-28,2024-02-10,999,Expired
3790,12878,Premium,2022-07-04,2022-12-16,499,Expired
3791,16059,Premium,2023-01-25,2023-06-08,499,Expired
3792,5161,Premium,2022-11-15,2023-08-02,499,Expired
3793,9358,Premium,2022-12-15,2023-12-27,499,Expired
3794,4529,Basic,2022-10-31,2024-10-26,199,Expired
3795,2158,Premium,2023-01-09,2023-07-18,499,Expired
3796,12546,Fleet,2022-10-16,2023-06-25,999,Expired
3797,10287,Premium,2022-06-18,2023-05-02,499,Expired
3798,9254,Basic,2022-06-04,2023-05-15,199,Expired
3799,6165,Basic,2022-11-21,2023-06-07,199,Expired
3800,3538,Premium,2022-03-07,2022-11-26,499,Expired
3801,12139,Basic,2022-05-09,2023-03-07,199,Expired
3802,4340,Premium,2022-11-17,2024-10-20,499,Expired
3803,16163,Basic,2022-11-06,2023-07-01,199,Cancelled
3804,5889,Premium,2022-03-26,2023-02-10,499,Expired
3805,13438,Premium,2022-07-19,2023-07-02,499,Expired
3806,13725,Basic,2022-05-12,2023-03-13,199,Expired
3807,2747,Premium,2022-05-14,2024-02-28,499,Expired
3808,6154,Basic,2022-09-19,2023-03-25,199,Expired
3809,15368,Basic,2022-09-07,2023-02-06,199,Expired
3810,103,Premium,2022-04-26,2023-06-09,499,Expired
3811,5686,Basic,2022-05-21,2023-12-03,199,Expired
3812,1662,Fleet,2022-06-02,2024-02-23,999,Expired
3813,14651,Basic,2022-06-21,2023-12-25,199,Expired
3814,2685,Premium,2023-01-10,2024-08-29,499,Expired
3815,9413,Basic,2022-10-12,2024-03-26,199,Expired
3816,7342,Basic,2023-02-02,2024-12-16,199,Expired
3817,14526,Basic,2022-12-30,2024-04-19,199,Cancelled
3818,19723,Basic,2022-09-30,2023-05-21,199,Expired
3819,11717,Premium,2022-07-06,2022-12-31,499,Expired
3820,15155,Basic,2023-03-17,2023-10-27,199,Expired
3821,1695,Premium,2023-01-26,2024-12-06,499,Cancelled
3822,9200,Basic,2022-04-16,2023-07-04,199,Expired
3823,1066,Premium,2023-03-19,2024-12-28,499,Expired
3824,7306,Premium,2022-08-23,2022-12-22,499,Expired
3825,12810,Fleet,2023-03-16,2024-08-30,999,Expired
3826,11732,Premium,2023-05-24,2024-02-12,499,Cancelled
3827,16608,Basic,2022-08-20,2023-05-05,199,Expired
3828,18520,Premium,2022-08-24,2023-04-04,499,Expired
3829,15351,Premium,2022-04-23,2024-02-29,499,Cancelled
3830,5251,Fleet,2022-02-03,2023-07-20,999,Cancelled
3831,3480,Basic,2022-05-15,2023-12-05,199,Expired
3832,5750,Basic,2023-03-17,2024-04-30,199,Expired
3833,17741,Basic,2022-11-10,2024-04-22,199,Expired
3834,721,Basic,2022-02-28,2024-02-02,199,Cancelled
3835,3966,Premium,2022-12-27,2024-10-24,499,Expired
3836,35,Basic,2023-01-23,2024-09-01,199,Expired
3837,11563,Basic,2022-10-24,2024-06-14,199,Expired
3838,13176,Basic,2022-09-16,2023-07-01,199,Expired
3839,2359,Basic,2022-12-16,2024-02-27,199,Expired
3840,11712,Basic,2022-03-12,2023-11-22,199,Cancelled
3841,15160,Basic,2022-12-21,2023-08-14,199,Expired
3842,8981,Premium,2022-11-24,2023-11-27,499,Expired
3843,2894,Basic,2022-05-29,2022-10-08,199,Expired
3844,2609,Basic,2022-05-19,2022-10-27,199,Expired
3845,6293,Basic,2022-05-16,2024-04-09,199,Expired
3846,938,Premium,2023-01-28,2024-10-12,499,Expired
3847,397,Basic,2022-11-10,2023-12-29,199,Expired
3848,14541,Premium,2023-01-12,2024-10-23,499,Expired
3849,17234,Premium,2023-01-13,2024-07-14,499,Expired
3850,17417,Basic,2022-04-04,2024-02-14,199,Cancelled
3851,15137,Basic,2023-01-12,2023-09-10,199,Expired
3852,12532,Premium,2022-10-27,2023-12-31,499,Cancelled
3853,2135,Basic,2022-07-19,2023-02-25,199,Expired
3854,11652,Basic,2022-03-23,2023-01-12,199,Expired
3855,15293,Fleet,2022-01-18,2022-11-02,999,Expired
3856,15365,Premium,2022-10-10,2024-01-20,499,Expired
3857,7114,Premium,2023-01-15,2024-04-22,499,Expired
3858,15397,Premium,2022-07-02,2023-10-06,499,Expired
3859,10781,Basic,2022-12-27,2024-01-29,199,Expired
3860,18840,Premium,2022-03-24,2023-07-02,499,Expired
3861,3120,Fleet,2022-05-28,2023-05-27,999,Expired
3862,13721,Basic,2022-10-14,2024-06-02,199,Expired
3863,5283,Basic,2022-08-26,2023-10-27,199,Cancelled
3864,1211,Basic,2022-11-20,2023-04-09,199,Expired
3865,4105,Premium,2022-10-11,2023-10-06,499,Expired
3866,17266,Basic,2022-05-24,2024-03-21,199,Expired
3867,19949,Premium,2022-06-11,2023-04-04,499,Cancelled
3868,1086,Premium,2023-02-27,2024-06-27,499,Expired
3869,7889,Premium,2022-05-15,2023-06-11,499,Expired
3870,8951,Basic,2022-05-30,2023-03-06,199,Expired
3871,7592,Basic,2022-08-06,2023-05-15,199,Expired
3872,6384,Premium,2023-05-31,2023-12-28,499,Expired
3873,19698,Basic,2022-09-07,2023-01-09,199,Expired
3874,10280,Basic,2022-03-20,2024-02-16,199,Cancelled
3875,12060,Basic,2022-03-29,2022-12-22,199,Expired
3876,10385,Basic,2022-11-07,2023-04-26,199,Cancelled
3877,10830,Basic,2022-09-08,2023-05-21,199,Expired
3878,17596,Premium,2022-07-31,2024-05-05,499,Expired
3879,10320,Basic,2022-12-17,2023-06-11,199,Expired
3880,9210,Basic,2023-03-22,2023-12-29,199,Expired
3881,3380,Basic,2022-12-27,2023-05-09,199,Expired
3882,2636,Basic,2022-10-28,2023-10-22,199,Expired
3883,10480,Basic,2022-04-24,2023-06-28,199,Expired
3884,1459,Basic,2022-07-14,2022-11-22,199,Expired
3885,7923,Fleet,2023-03-09,2024-09-13,999,Expired
3886,1319,Premium,2023-01-27,2024-10-03,499,Expired
3887,1770,Basic,2023-01-20,2024-07-13,199,Expired
3888,13024,Basic,2022-11-13,2023-06-16,199,Cancelled
3889,10570,Premium,2022-07-06,2022-11-04,499,Expired
3890,11699,Basic,2022-06-06,2022-09-14,199,Expired
3891,9005,Basic,2022-02-13,2022-06-23,199,Expired
3892,8475,Basic,2022-09-15,2023-09-04,199,Expired
3893,2584,Basic,2022-12-09,2023-10-04,199,Expired
3894,11828,Basic,2022-11-28,2023-10-14,199,Cancelled
3895,3610,Premium,2023-02-02,2024-10-08,499,Expired
3896,3335,Basic,2022-09-19,2024-01-03,199,Cancelled
3897,16257,Basic,2022-08-20,2023-07-08,199,Expired
3898,3563,Basic,2022-05-24,2023-07-02,199,Cancelled
3899,16317,Basic,2022-07-06,2022-10-13,199,Expired
3900,1476,Fleet,2022-10-01,2023-03-24,999,Expired
3901,131,Premium,2023-02-04,2024-04-21,499,Expired
3902,9162,Premium,2023-04-26,2023-10-19,499,Expired
3903,12712,Premium,2022-06-14,2023-09-07,499,Expired
3904,5761,Premium,2023-04-05,2024-03-03,499,Cancelled
3905,15626,Basic,2023-01-12,2023-07-29,199,Expired
3906,12111,Basic,2022-04-09,2023-06-08,199,Expired
3907,15575,Premium,2022-06-25,2024-05-26,499,Expired
3908,13165,Basic,2022-12-22,2023-08-07,199,Cancelled
3909,2752,Premium,2022-08-08,2023-10-23,499,Expired
3910,5107,Basic,2022-12-29,2024-07-07,199,Expired
3911,9238,Fleet,2023-03-02,2025-01-08,999,Expired
3912,6780,Premium,2022-08-19,2023-10-26,499,Expired
3913,7179,Basic,2022-07-10,2023-10-20,199,Expired
3914,1826,Premium,2022-07-25,2024-04-13,499,Expired
3915,15973,Premium,2023-03-24,2024-01-11,499,Expired
3916,9316,Premium,2022-04-11,2024-03-06,499,Expired
3917,4011,Basic,2022-06-23,2023-05-22,199,Expired
3918,340,Premium,2022-07-06,2023-06-17,499,Expired
3919,13755,Premium,2023-03-01,2024-03-06,499,Cancelled
3920,4418,Premium,2022-03-14,2024-01-03,499,Cancelled
3921,11321,Basic,2022-10-27,2024-02-13,199,Expired
3922,15721,Premium,2022-02-21,2023-08-07,499,Expired
3923,14245,Basic,2022-03-29,2024-01-18,199,Expired
3924,14721,Premium,2022-04-16,2024-02-21,499,Expired
3925,8139,Premium,2022-12-25,2024-08-20,499,Expired
3926,4129,Basic,2022-06-27,2022-12-10,199,Expired
3927,6742,Basic,2022-11-25,2024-03-25,199,Expired
3928,17669,Premium,2023-04-04,2024-01-28,499,Expired
3929,15463,Premium,2022-07-03,2023-03-31,499,Expired
3930,2217,Basic,2023-01-16,2023-06-01,199,Expired
3931,9001,Premium,2023-01-25,2024-07-01,499,Expired
3932,2996,Basic,2022-08-26,2023-03-14,199,Expired
3933,15121,Basic,2023-04-03,2023-11-19,199,Expired
3934,12430,Basic,2022-11-13,2024-02-06,199,Expired
3935,19062,Basic,2022-09-22,2023-07-07,199,Expired
3936,11115,Premium,2022-06-06,2022-09-18,499,Expired
3937,6504,Fleet,2022-10-30,2024-08-18,999,Cancelled
3938,19203,Premium,2023-03-15,2023-10-25,499,Expired
3939,12335,Fleet,2022-04-27,2022-08-31,999,Expired
3940,9452,Premium,2022-03-30,2022-12-30,499,Expired
3941,5084,Premium,2022-06-13,2023-07-15,499,Expired
3942,12315,Basic,2022-06-27,2023-01-13,199,Expired
3943,8479,Premium,2022-05-03,2023-12-08,499,Expired
3944,15957,Premium,2022-10-07,2023-02-03,499,Expired
3945,16232,Basic,2022-07-09,2023-08-19,199,Expired
3946,9625,Basic,2023-03-12,2024-10-07,199,Expired
3947,656,Basic,2022-05-30,2023-09-02,199,Expired
3948,18964,Basic,2022-09-01,2023-09-14,199,Expired
3949,15419,Basic,2022-12-10,2024-01-11,199,Expired
3950,2590,Basic,2022-12-19,2023-03-24,199,Cancelled
3951,15403,Basic,2023-01-27,2024-09-11,199,Cancelled
3952,5981,Basic,2023-01-30,2024-12-30,199,Cancelled
3953,7827,Basic,2023-02-03,2024-08-20,199,Expired
3954,3351,Basic,2022-08-23,2023-06-19,199,Cancelled
3955,11734,Basic,2023-01-16,2023-05-12,199,Expired
3956,8417,Premium,2022-11-19,2023-09-25,499,Expired
3957,6088,Basic,2023-03-11,2024-07-30,199,Expired
3958,3224,Basic,2022-04-07,2023-03-25,199,Expired
3959,12884,Premium,2022-10-23,2023-12-07,499,Expired
3960,12336,Basic,2022-01-13,2022-07-07,199,Expired
3961,8366,Basic,2022-11-12,2024-05-27,199,Cancelled
3962,11079,Basic,2022-03-27,2022-08-19,199,Expired
3963,3616,Basic,2022-05-22,2023-12-16,199,Expired
3964,17786,Basic,2022-04-20,2023-10-13,199,Cancelled
3965,450,Premium,2022-10-18,2023-05-08,499,Expired
3966,14862,Basic,2022-12-16,2024-05-14,199,Expired
3967,10045,Premium,2022-05-01,2024-03-28,499,Expired
3968,11419,Premium,2022-09-19,2023-10-28,499,Expired
3969,15619,Basic,2022-05-24,2022-12-18,199,Expired
3970,6408,Premium,2022-09-14,2023-01-30,499,Expired
3971,8697,Premium,2022-08-06,2024-06-06,499,Cancelled
3972,19475,Fleet,2023-03-13,2023-07-29,999,Expired
3973,11077,Basic,2023-01-18,2024-11-12,199,Expired
3974,5816,Premium,2022-12-04,2024-04-13,499,Expired
3975,536,Basic,2022-10-12,2023-08-13,199,Expired
3976,9235,Basic,2022-10-28,2024-07-17,199,Expired
3977,14621,Basic,2022-06-05,2023-02-09,199,Expired
3978,5427,Premium,2022-12-23,2023-06-22,499,Expired
3979,11021,Premium,2022-09-26,2023-01-02,499,Expired
3980,2426,Premium,2023-03-31,2024-10-13,499,Expired
3981,1837,Basic,2022-03-23,2022-12-29,199,Expired
3982,10355,Basic,2023-04-09,2024-04-30,199,Expired
3983,4743,Premium,2022-06-23,2023-03-30,499,Cancelled
3984,10464,Fleet,2023-02-23,2025-01-05,999,Expired
3985,7464,Basic,2022-03-21,2022-09-02,199,Expired
3986,17299,Basic,2022-09-22,2023-09-19,199,Expired
3987,3464,Basic,2022-07-15,2024-05-06,199,Cancelled
3988,14635,Basic,2022-09-04,2023-06-22,199,Expired
3989,2681,Basic,2022-05-12,2022-10-12,199,Expired
3990,10120,Premium,2022-09-09,2024-03-25,499,Expired
3991,6374,Premium,2022-07-12,2023-11-24,499,Expired
3992,1891,Basic,2022-05-01,2022-11-16,199,Expired
3993,1039,Basic,2022-12-25,2024-12-18,199,Cancelled
3994,17605,Basic,2022-06-28,2023-04-06,199,Expired
3995,12558,Basic,2023-05-24,2024-11-02,199,Expired
3996,4074,Basic,2022-02-19,2022-06-18,199,Expired
3997,7443,Premium,2022-08-15,2024-03-12,499,Expired
3998,10000,Fleet,2022-07-20,2022-12-04,999,Expired
3999,1871,Premium,2023-02-11,2024-09-07,499,Cancelled
4000,15197,Basic,2022-11-03,2023-08-16,199,Expired
4001,5895,Basic,2022-08-09,2024-07-09,199,Expired
4002,3729,Premium,2023-01-11,2023-11-30,499,Expired
4003,8959,Premium,2022-09-03,2024-03-01,499,Cancelled
4004,7672,Premium,2022-05-07,2023-02-18,499,Expired
4005,6000,Premium,2022-05-03,2024-02-29,499,Cancelled
4006,5752,Fleet,2022-12-17,2024-04-23,999,Expired
4007,1689,Basic,2022-10-16,2024-01-22,199,Cancelled
4008,6837,Premium,2022-10-21,2023-10-11,499,Expired
4009,6537,Premium,2022-06-08,2022-12-19,499,Expired
4010,4843,Basic,2022-07-15,2022-11-12,199,Cancelled
4011,15845,Basic,2023-04-09,2024-02-23,199,Expired
4012,197,Premium,2022-06-06,2023-07-11,499,Expired
4013,519,Basic,2022-09-13,2024-02-29,199,Expired
4014,10582,Basic,2022-12-23,2023-12-25,199,Expired
4015,13321,Basic,2023-02-13,2023-09-07,199,Expired
4016,10791,Basic,2022-08-26,2023-12-12,199,Expired
4017,16940,Premium,2022-11-24,2024-11-03,499,Expired
4018,842,Premium,2022-12-10,2023-10-13,499,Expired
4019,9508,Fleet,2022-12-09,2024-07-04,999,Expired
4020,10483,Premium,2022-03-20,2024-02-19,499,Expired
4021,5175,Premium,2023-02-13,2023-11-30,499,Expired
4022,19947,Basic,2022-04-29,2023-06-10,199,Expired
4023,14470,Premium,2023-03-02,2025-01-12,499,Expired
4024,7609,Premium,2022-10-23,2023-02-16,499,Expired
4025,11265,Basic,2023-03-07,2023-12-16,199,Cancelled
4026,14021,Basic,2023-06-05,2024-10-19,199,Expired
4027,18602,Fleet,2022-12-19,2024-06-26,999,Expired
4028,19264,Premium,2022-04-25,2024-03-20,499,Expired
4029,7098,Premium,2022-12-21,2023-07-15,499,Expired
4030,12597,Premium,2022-11-30,2024-02-19,499,Expired
4031,455,Premium,2022-11-14,2023-03-04,499,Expired
4032,18087,Premium,2022-04-04,2022-12-19,499,Expired
4033,18221,Premium,2023-02-20,2023-11-26,499,Expired
4034,2863,Premium,2022-09-22,2023-08-21,499,Expired
4035,17393,Premium,2023-05-08,2023-12-17,499,Expired
4036,3853,Basic,2023-01-17,2023-08-30,199,Expired
4037,14005,Basic,2023-04-23,2024-11-04,199,Expired
4038,183,Basic,2022-07-01,2022-10-26,199,Expired
4039,15128,Basic,2023-02-26,2023-09-30,199,Cancelled
4040,18773,Basic,2022-05-12,2023-08-03,199,Expired
4041,13419,Premium,2022-12-06,2024-07-31,499,Expired
4042,2523,Basic,2022-04-10,2023-04-21,199,Expired
4043,16261,Basic,2022-07-08,2022-11-19,199,Expired
4044,4983,Premium,2022-08-20,2024-04-17,499,Expired
4045,16569,Premium,2022-10-08,2024-02-03,499,Expired
4046,19447,Basic,2022-05-11,2023-05-26,199,Expired
4047,100,Basic,2022-12-01,2023-03-20,199,Expired
4048,11033,Premium,2022-09-22,2023-09-01,499,Cancelled
4049,10485,Premium,2023-01-22,2024-11-14,499,Expired
4050,15050,Premium,2022-12-03,2023-12-25,499,Expired
4051,10929,Premium,2023-01-14,2024-09-08,499,Expired
4052,18501,Basic,2023-01-29,2024-06-01,199,Cancelled
4053,12009,Premium,2022-09-23,2023-09-05,499,Expired
4054,18418,Basic,2022-08-02,2023-05-03,199,Expired
4055,19622,Fleet,2023-02-04,2024-01-17,999,Expired
4056,16482,Premium,2022-06-27,2022-09-30,499,Expired
4057,9189,Basic,2023-05-17,2024-04-26,199,Cancelled
4058,15007,Premium,2022-12-20,2024-04-14,499,Expired
4059,4742,Basic,2022-08-23,2023-09-15,199,Expired
4060,1708,Fleet,2023-05-09,2024-09-03,999,Expired
4061,255,Premium,2023-02-02,2023-10-06,499,Expired
4062,13545,Basic,2022-05-30,2023-08-14,199,Cancelled
4063,8442,Basic,2022-06-16,2023-05-23,199,Expired
4064,1303,Premium,2022-03-31,2023-02-19,499,Expired
4065,14442,Premium,2023-03-13,2024-02-18,499,Expired
4066,15077,Fleet,2022-06-23,2023-11-18,999,Expired
4067,19383,Basic,2022-07-15,2024-05-31,199,Cancelled
4068,6919,Premium,2023-01-25,2024-05-03,499,Expired
4069,8455,Basic,2022-06-24,2023-08-07,199,Expired
4070,4626,Premium,2022-12-20,2024-07-09,499,Expired
4071,3931,Fleet,2022-09-19,2023-08-17,999,Expired
4072,7181,Premium,2022-06-10,2023-06-30,499,Expired
4073,19846,Basic,2022-05-22,2023-07-18,199,Expired
4074,8826,Premium,2022-08-11,2024-05-09,499,Expired
4075,934,Basic,2022-11-25,2024-08-07,199,Expired
4076,260,Basic,2022-07-19,2023-06-09,199,Expired
4077,19081,Premium,2022-11-21,2023-06-07,499,Expired
4078,15875,Basic,2022-08-01,2023-12-18,199,Expired
4079,9091,Fleet,2022-11-20,2023-07-19,999,Expired
4080,2519,Basic,2022-11-07,2023-02-12,199,Expired
4081,19854,Premium,2023-02-22,2024-03-10,499,Expired
4082,1374,Basic,2023-01-08,2023-11-03,199,Expired
4083,19879,Basic,2022-05-24,2022-10-10,199,Expired
4084,4049,Fleet,2022-05-20,2023-06-11,999,Expired
4085,6351,Premium,2022-08-19,2023-07-30,499,Cancelled
4086,8044,Basic,2023-03-16,2024-10-22,199,Expired
4087,14596,Basic,2022-10-10,2024-06-25,199,Cancelled
4088,2010,Basic,2022-06-16,2023-09-10,199,Expired
4089,7807,Premium,2022-03-08,2023-01-13,499,Expired
4090,19837,Premium,2022-05-17,2024-05-03,499,Expired
4091,11342,Basic,2022-12-27,2024-06-01,199,Expired
4092,3951,Premium,2022-11-03,2023-05-29,499,Cancelled
4093,9816,Premium,2022-08-28,2023-05-01,499,Expired
4094,16446,Fleet,2023-01-31,2024-02-21,999,Cancelled
4095,2913,Basic,2023-01-04,2024-01-17,199,Expired
4096,16192,Premium,2022-11-25,2024-07-13,499,Expired
4097,2875,Premium,2022-06-10,2023-09-07,499,Expired
4098,8307,Premium,2023-03-15,2025-03-10,499,Expired
4099,1038,Basic,2022-10-26,2024-10-25,199,Expired
4100,2705,Basic,2023-02-09,2024-08-12,199,Expired
4101,8109,Premium,2022-10-31,2023-10-27,499,Expired
4102,8569,Fleet,2023-05-03,2024-09-28,999,Expired
4103,9576,Basic,2022-05-10,2023-10-25,199,Cancelled
4104,13573,Basic,2022-11-04,2024-07-03,199,Expired
4105,9350,Fleet,2023-02-01,2024-10-22,999,Expired
4106,11845,Basic,2022-03-11,2022-09-17,199,Cancelled
4107,14986,Basic,2022-03-17,2022-09-20,199,Expired
4108,9656,Basic,2022-08-12,2024-07-18,199,Expired
4109,15555,Fleet,2022-12-12,2024-06-11,999,Expired
4110,15054,Basic,2023-02-17,2024-04-22,199,Expired
4111,10612,Basic,2023-02-14,2023-12-23,199,Expired
4112,13164,Basic,2022-04-09,2022-08-10,199,Expired
4113,11860,Premium,2022-06-06,2024-03-01,499,Expired
4114,13346,Premium,2023-01-16,2024-07-03,499,Expired
4115,15507,Premium,2022-10-17,2024-10-01,499,Expired
4116,1541,Premium,2022-03-03,2024-01-23,499,Expired
4117,15679,Basic,2023-04-23,2023-10-11,199,Expired
4118,2698,Basic,2022-12-05,2024-11-28,199,Expired
4119,2287,Fleet,2022-04-06,2023-09-28,999,Expired
4120,4789,Premium,2022-11-08,2024-01-11,499,Expired
4121,16031,Basic,2022-03-27,2022-07-01,199,Expired
4122,18932,Basic,2022-10-28,2023-12-22,199,Cancelled
4123,13693,Premium,2022-03-11,2023-04-28,499,Cancelled
4124,17514,Basic,2022-12-05,2024-07-27,199,Cancelled
4125,6809,Premium,2022-05-26,2023-03-15,499,Expired
4126,19029,Basic,2022-12-04,2024-03-22,199,Expired
4127,8711,Premium,2022-10-19,2024-07-08,499,Expired
4128,13905,Fleet,2023-02-21,2023-08-29,999,Expired
4129,19516,Premium,2023-03-05,2024-09-08,499,Expired
4130,11833,Premium,2022-10-05,2024-08-09,499,Cancelled
4131,15281,Basic,2022-08-07,2022-12-01,199,Expired
4132,10347,Basic,2022-04-01,2023-12-17,199,Expired
4133,5164,Premium,2022-09-12,2024-03-02,499,Cancelled
4134,1334,Premium,2022-07-22,2023-01-16,499,Expired
4135,5717,Premium,2022-06-08,2023-04-23,499,Expired
4136,14170,Premium,2023-03-22,2023-09-14,499,Expired
4137,10009,Basic,2022-09-16,2023-05-30,199,Expired
4138,15195,Basic,2022-09-28,2023-03-26,199,Cancelled
4139,1985,Premium,2022-09-29,2023-03-27,499,Expired
4140,4732,Basic,2023-03-11,2023-11-22,199,Cancelled
4141,2436,Fleet,2022-10-31,2023-06-19,999,Expired
4142,9484,Basic,2022-12-01,2023-04-02,199,Expired
4143,10257,Basic,2023-02-26,2023-11-13,199,Expired
4144,19350,Basic,2022-12-18,2024-03-25,199,Expired
4145,12847,Fleet,2022-09-04,2023-05-31,999,Expired
4146,7802,Premium,2022-09-17,2024-03-09,499,Expired
4147,3921,Basic,2023-02-13,2023-10-12,199,Expired
4148,14060,Premium,2022-10-21,2023-04-25,499,Expired
4149,9606,Basic,2023-02-14,2024-01-26,199,Expired
4150,5364,Fleet,2022-01-24,2022-10-14,999,Expired
4151,7563,Fleet,2022-04-25,2024-02-10,999,Expired
4152,9878,Fleet,2022-12-31,2024-01-01,999,Cancelled
4153,19142,Basic,2022-11-04,2024-06-20,199,Expired
4154,2814,Premium,2022-05-16,2024-03-12,499,Expired
4155,7498,Basic,2022-11-12,2024-10-27,199,Expired
4156,537,Basic,2023-03-07,2024-02-26,199,Expired
4157,17952,Premium,2022-11-30,2023-06-08,499,Cancelled
4158,1140,Premium,2022-04-28,2023-12-17,499,Expired
4159,4117,Basic,2023-02-16,2025-01-18,199,Expired
4160,6096,Basic,2023-03-27,2023-11-24,199,Expired
4161,16117,Premium,2022-01-17,2022-12-01,499,Expired
4162,17874,Premium,2022-06-03,2024-02-17,499,Expired
4163,618,Fleet,2022-09-27,2023-06-04,999,Expired
4164,1311,Basic,2022-10-08,2023-07-30,199,Expired
4165,15105,Basic,2022-11-05,2024-05-23,199,Expired
4166,17024,Basic,2022-02-18,2022-10-22,199,Expired
4167,3252,Premium,2022-07-07,2022-10-08,499,Expired
4168,3548,Premium,2022-06-11,2023-11-06,499,Expired
4169,18642,Premium,2022-09-28,2024-04-12,499,Expired
4170,11759,Basic,2022-09-05,2024-04-15,199,Expired
4171,6628,Premium,2023-01-15,2024-11-11,499,Expired
4172,15467,Basic,2022-07-26,2024-05-29,199,Expired
4173,5001,Basic,2023-02-10,2025-01-12,199,Cancelled
4174,7717,Basic,2022-06-29,2022-10-11,199,Expired
4175,7720,Basic,2022-06-04,2022-09-21,199,Expired
4176,7801,Basic,2022-08-17,2024-02-13,199,Expired
4177,10105,Basic,2022-06-02,2023-03-26,199,Expired
4178,18340,Premium,2022-10-04,2024-03-26,499,Expired
4179,1122,Basic,2022-09-12,2023-01-05,199,Expired
4180,2657,Premium,2022-07-07,2023-05-20,499,Cancelled
4181,3479,Basic,2022-05-31,2023-12-19,199,Expired
4182,8674,Fleet,2022-12-19,2023-06-07,999,Expired
4183,17127,Basic,2022-06-04,2023-04-29,199,Expired
4184,16528,Basic,2023-04-14,2023-12-09,199,Expired
4185,7034,Premium,2022-10-06,2024-05-04,499,Expired
4186,11468,Fleet,2022-08-08,2023-05-26,999,Expired
4187,19988,Basic,2022-09-08,2023-08-05,199,Expired
4188,3527,Basic,2023-01-31,2024-09-25,199,Expired
4189,1836,Premium,2022-07-14,2022-12-01,499,Expired
4190,8346,Basic,2022-03-15,2024-01-03,199,Cancelled
4191,16465,Fleet,2022-04-20,2023-12-01,999,Cancelled
4192,9672,Basic,2022-04-11,2024-02-16,199,Expired
4193,1043,Basic,2022-07-29,2024-02-11,199,Expired
4194,9318,Basic,2022-03-04,2022-12-19,199,Expired
4195,15703,Basic,2022-10-07,2023-09-29,199,Expired
4196,983,Basic,2022-09-03,2023-08-11,199,Expired
4197,9546,Basic,2022-02-19,2023-10-29,199,Expired
4198,4405,Basic,2023-01-03,2024-07-22,199,Expired
4199,18466,Premium,2022-09-27,2024-07-07,499,Expired
4200,18855,Premium,2022-12-17,2023-12-20,499,Expired
4201,11801,Premium,2022-12-20,2023-11-18,499,Cancelled
4202,19164,Premium,2023-03-02,2024-03-26,499,Cancelled
4203,378,Basic,2022-12-04,2024-09-04,199,Expired
4204,358,Basic,2023-02-02,2024-01-04,199,Expired
4205,12623,Basic,2022-11-24,2023-04-02,199,Expired
4206,19743,Basic,2022-09-10,2024-01-20,199,Expired
4207,13296,Basic,2022-09-24,2023-10-09,199,Expired
4208,7913,Basic,2022-04-20,2023-01-24,199,Expired
4209,13215,Basic,2023-01-30,2023-11-14,199,Expired
4210,9872,Basic,2023-05-29,2024-06-29,199,Expired
4211,17962,Premium,2022-10-03,2024-08-04,499,Cancelled
4212,16622,Basic,2022-10-10,2023-10-29,199,Expired
4213,2235,Basic,2022-10-07,2024-02-10,199,Expired
4214,19188,Premium,2022-05-04,2023-06-24,499,Cancelled
4215,14465,Premium,2022-12-05,2023-10-15,499,Expired
4216,12223,Basic,2023-01-06,2023-05-08,199,Expired
4217,19900,Premium,2023-02-20,2023-10-31,499,Expired
4218,15732,Basic,2022-11-09,2024-10-26,199,Expired
4219,8615,Premium,2023-01-28,2024-06-08,499,Expired
4220,7785,Basic,2022-11-03,2024-08-12,199,Expired
4221,17848,Basic,2022-08-05,2024-01-10,199,Cancelled
4222,5486,Premium,2022-06-29,2023-03-20,499,Cancelled
4223,7224,Fleet,2022-11-10,2023-12-02,999,Cancelled
4224,4549,Basic,2022-03-31,2023-04-13,199,Cancelled
4225,18933,Basic,2022-09-28,2023-05-16,199,Expired
4226,2719,Basic,2022-11-11,2023-12-06,199,Expired
4227,5848,Basic,2022-11-13,2023-10-24,199,Expired
4228,1257,Basic,2023-03-11,2023-12-17,199,Expired
4229,2641,Basic,2022-12-27,2024-01-30,199,Expired
4230,2653,Basic,2022-10-15,2024-05-18,199,Expired
4231,7126,Premium,2023-04-12,2025-03-16,499,Expired
4232,4414,Premium,2022-11-19,2023-11-07,499,Expired
4233,8754,Fleet,2023-02-23,2023-12-26,999,Expired
4234,9164,Premium,2022-10-03,2024-06-26,499,Expired
4235,1337,Premium,2023-02-26,2023-06-02,499,Expired
4236,114,Basic,2022-09-08,2023-01-08,199,Expired
4237,15496,Premium,2022-06-22,2023-12-03,499,Expired
4238,16667,Fleet,2022-12-23,2024-10-08,999,Expired
4239,9160,Basic,2023-05-27,2023-11-07,199,Expired
4240,13484,Premium,2022-11-15,2024-01-08,499,Expired
4241,17758,Basic,2022-09-25,2023-03-18,199,Expired
4242,13105,Basic,2022-06-30,2023-11-05,199,Expired
4243,18327,Basic,2023-02-10,2024-08-19,199,Cancelled
4244,12763,Premium,2022-08-07,2023-11-28,499,Cancelled
4245,4346,Premium,2023-01-31,2024-02-01,499,Cancelled
4246,7050,Premium,2023-02-02,2024-05-20,499,Expired
4247,381,Basic,2022-11-24,2023-06-18,199,Expired
4248,4844,Basic,2022-08-15,2023-11-15,199,Expired
4249,15142,Basic,2022-09-30,2023-11-16,199,Cancelled
4250,16368,Premium,2022-10-19,2023-07-21,499,Cancelled
4251,19284,Basic,2022-05-11,2023-05-29,199,Expired
4252,11104,Fleet,2023-01-08,2024-11-18,999,Expired
4253,136,Basic,2022-11-06,2024-08-07,199,Cancelled
4254,10420,Basic,2023-03-10,2024-02-14,199,Expired
4255,10959,Basic,2022-07-02,2023-05-19,199,Expired
4256,12077,Basic,2022-09-01,2024-02-01,199,Expired
4257,14755,Premium,2023-02-15,2023-11-03,499,Cancelled
4258,11615,Basic,2022-04-21,2022-08-14,199,Expired
4259,5679,Basic,2022-11-07,2023-03-16,199,Expired
4260,11666,Premium,2022-11-28,2023-08-03,499,Expired
4261,7290,Fleet,2022-11-11,2023-06-03,999,Expired
4262,2088,Basic,2022-06-24,2022-09-27,199,Expired
4263,9812,Basic,2022-12-31,2024-07-28,199,Expired
4264,6474,Basic,2023-02-05,2023-12-05,199,Expired
4265,18967,Basic,2022-06-14,2022-10-04,199,Expired
4266,3998,Premium,2022-07-14,2023-06-23,499,Expired
4267,10088,Premium,2022-12-09,2024-03-04,499,Expired
4268,14498,Basic,2022-06-29,2022-10-08,199,Cancelled
4269,4357,Premium,2023-04-10,2024-05-09,499,Expired
4270,19906,Basic,2023-03-10,2024-12-14,199,Expired
4271,3289,Basic,2022-05-07,2022-12-12,199,Expired
4272,9250,Basic,2022-11-09,2024-04-27,199,Cancelled
4273,426,Basic,2022-10-28,2024-01-13,199,Expired
4274,18010,Basic,2023-04-17,2024-09-14,199,Expired
4275,18612,Basic,2022-03-22,2023-03-07,199,Expired
4276,19299,Premium,2023-01-23,2023-07-01,499,Expired
4277,10896,Premium,2023-02-12,2024-01-07,499,Expired
4278,5509,Basic,2022-12-08,2024-11-13,199,Cancelled
4279,16491,Basic,2023-02-17,2024-09-12,199,Expired
4280,7426,Basic,2022-11-12,2024-11-07,199,Expired
4281,7088,Basic,2023-01-03,2023-09-17,199,Expired
4282,10150,Basic,2022-06-16,2023-04-24,199,Expired
4283,6978,Fleet,2023-02-20,2023-09-19,999,Expired
4284,7536,Premium,2022-03-23,2022-07-31,499,Expired
4285,3215,Basic,2022-08-17,2024-02-08,199,Expired
4286,9026,Fleet,2022-06-16,2024-05-15,999,Cancelled
4287,1834,Basic,2022-08-27,2024-06-26,199,Expired
4288,3659,Basic,2023-03-29,2023-10-16,199,Expired
4289,14062,Premium,2022-05-14,2022-08-31,499,Expired
4290,16376,Basic,2023-04-04,2025-03-15,199,Cancelled
4291,18494,Premium,2022-12-23,2023-11-07,499,Expired
4292,15181,Basic,2022-12-06,2024-11-02,199,Expired
4293,9542,Basic,2023-03-05,2023-11-04,199,Expired
4294,12725,Basic,2022-09-26,2024-08-08,199,Expired
4295,7489,Premium,2022-10-01,2024-05-25,499,Expired
4296,14518,Fleet,2022-10-20,2024-03-02,999,Cancelled
4297,8414,Premium,2022-02-14,2023-10-16,499,Expired
4298,6511,Premium,2022-12-30,2023-04-06,499,Expired
4299,654,Premium,2022-08-17,2024-05-26,499,Expired
4300,8031,Basic,2022-12-24,2024-07-13,199,Expired
4301,12039,Basic,2022-03-29,2024-01-25,199,Cancelled
4302,3235,Premium,2023-04-21,2025-03-24,499,Expired
4303,15569,Premium,2022-08-23,2023-11-09,499,Expired
4304,2727,Premium,2022-08-01,2023-03-24,499,Expired
4305,1114,Fleet,2023-02-05,2023-08-05,999,Cancelled
4306,12138,Basic,2022-09-22,2024-01-08,199,Cancelled
4307,13564,Premium,2022-12-07,2023-04-14,499,Expired
4308,374,Basic,2022-12-04,2023-04-04,199,Expired
4309,2100,Basic,2022-08-19,2024-02-15,199,Expired
4310,7135,Basic,2022-12-31,2024-11-25,199,Expired
4311,2994,Basic,2022-06-21,2023-04-24,199,Cancelled
4312,8171,Basic,2022-08-03,2023-07-29,199,Expired
4313,1276,Premium,2022-09-22,2023-07-23,499,Expired
4314,10255,Fleet,2022-07-04,2023-10-02,999,Expired
4315,4305,Premium,2022-04-02,2023-04-10,499,Expired
4316,9751,Basic,2022-03-08,2024-02-19,199,Expired
4317,8261,Fleet,2022-09-07,2024-04-14,999,Expired
4318,9433,Basic,2022-11-02,2023-07-20,199,Expired
4319,2133,Basic,2022-08-16,2023-08-22,199,Expired
4320,16602,Basic,2022-09-08,2023-03-31,199,Expired
4321,16846,Premium,2022-12-07,2023-12-29,499,Expired
4322,13929,Premium,2022-12-07,2023-09-12,499,Expired
4323,17703,Basic,2022-07-15,2023-11-22,199,Expired
4324,9067,Premium,2022-10-01,2024-04-21,499,Expired
4325,9669,Premium,2022-08-04,2022-12-24,499,Cancelled
4326,6115,Basic,2023-01-17,2023-07-19,199,Expired
4327,10765,Premium,2022-08-08,2023-01-27,499,Cancelled
4328,13526,Premium,2022-10-15,2024-08-05,499,Expired
4329,5639,Basic,2022-05-10,2024-03-22,199,Expired
4330,863,Basic,2022-07-24,2022-12-23,199,Expired
4331,7295,Premium,2022-07-22,2023-09-23,499,Expired
4332,12112,Premium,2022-12-15,2024-09-12,499,Expired
4333,10040,Basic,2022-08-20,2024-07-07,199,Expired
4334,7178,Premium,2022-05-22,2024-01-05,499,Expired
4335,1721,Basic,2022-06-25,2022-10-12,199,Expired
4336,11687,Basic,2023-02-15,2024-07-22,199,Expired
4337,8319,Basic,2022-11-19,2024-05-24,199,Expired
4338,15901,Basic,2022-10-17,2023-12-28,199,Expired
4339,18539,Basic,2022-08-13,2024-04-16,199,Expired
4340,6391,Premium,2022-07-22,2024-02-09,499,Expired
4341,639,Premium,2023-01-27,2024-02-10,499,Expired
4342,12637,Basic,2022-11-07,2023-08-17,199,Expired
4343,4133,Premium,2022-09-29,2023-01-17,499,Expired
4344,567,Basic,2022-07-22,2023-02-20,199,Expired
4345,9531,Basic,2022-05-18,2023-10-19,199,Cancelled
4346,16075,Basic,2023-01-14,2023-12-30,199,Expired
4347,11451,Fleet,2022-09-13,2024-01-29,999,Expired
4348,1306,Basic,2022-08-04,2023-04-14,199,Cancelled
4349,19105,Premium,2022-08-18,2023-09-18,499,Expired
4350,4304,Premium,2022-03-04,2022-07-29,499,Expired
4351,8374,Basic,2022-09-28,2023-12-08,199,Expired
4352,13244,Basic,2022-12-28,2024-02-24,199,Cancelled
4353,14558,Premium,2022-11-14,2024-02-17,499,Expired
4354,14801,Fleet,2022-09-01,2023-03-30,999,Expired
4355,10820,Premium,2022-08-08,2023-11-21,499,Expired
4356,10958,Premium,2022-01-17,2022-07-20,499,Expired
4357,8305,Basic,2022-12-21,2023-12-16,199,Expired
4358,13376,Basic,2023-02-04,2024-10-31,199,Cancelled
4359,13338,Premium,2023-01-16,2024-06-13,499,Expired
4360,1796,Basic,2022-10-19,2024-02-29,199,Expired
4361,8032,Premium,2022-11-01,2023-06-24,499,Expired
4362,10471,Premium,2023-04-06,2025-03-23,499,Expired
4363,1965,Basic,2022-12-25,2024-06-12,199,Expired
4364,2630,Basic,2022-08-15,2024-05-19,199,Cancelled
4365,8088,Basic,2022-08-14,2023-04-13,199,Expired
4366,14321,Premium,2022-08-31,2023-05-08,499,Cancelled
4367,11100,Basic,2022-05-27,2022-11-13,199,Expired
4368,17639,Basic,2023-02-08,2023-06-20,199,Expired
4369,8234,Basic,2022-09-08,2023-03-25,199,Expired
4370,18850,Premium,2023-06-01,2024-01-07,499,Expired
4371,5611,Basic,2022-06-11,2023-11-16,199,Expired
4372,6245,Fleet,2022-11-23,2023-05-16,999,Expired
4373,12527,Premium,2022-10-07,2023-08-02,499,Expired
4374,6416,Premium,2022-11-02,2024-02-02,499,Expired
4375,11010,Basic,2023-02-22,2024-09-03,199,Expired
4376,6007,Basic,2023-01-27,2024-09-18,199,Cancelled
4377,2544,Premium,2022-11-16,2023-08-27,499,Expired
4378,3885,Basic,2022-11-24,2023-11-29,199,Cancelled
4379,6014,Basic,2022-09-15,2024-08-11,199,Expired
4380,2276,Premium,2022-12-30,2024-08-18,499,Expired
4381,8464,Premium,2022-11-27,2024-02-11,499,Expired
4382,10576,Premium,2022-03-22,2023-11-12,499,Expired
4383,421,Basic,2023-01-15,2024-02-15,199,Expired
4384,285,Basic,2022-10-12,2023-11-06,199,Expired
4385,999,Fleet,2022-02-28,2023-02-25,999,Expired
4386,17968,Basic,2022-09-16,2024-04-26,199,Expired
4387,3182,Premium,2023-04-24,2024-01-18,499,Expired
4388,6370,Fleet,2022-04-29,2022-08-02,999,Expired
4389,16249,Basic,2022-04-14,2023-03-27,199,Expired
4390,18008,Basic,2022-08-17,2022-12-30,199,Expired
4391,3835,Fleet,2022-10-15,2023-06-23,999,Cancelled
4392,18287,Fleet,2022-07-29,2024-07-14,999,Expired
4393,3246,Basic,2022-05-31,2023-12-08,199,Expired
4394,4282,Basic,2022-05-04,2023-05-22,199,Expired
4395,11810,Basic,2023-01-08,2025-01-07,199,Expired
4396,18318,Basic,2023-03-05,2025-01-23,199,Cancelled
4397,8923,Premium,2023-02-23,2023-10-07,499,Expired
4398,12499,Basic,2022-09-05,2023-04-22,199,Cancelled
4399,8376,Basic,2023-04-24,2024-05-09,199,Expired
4400,17751,Basic,2022-11-08,2024-01-21,199,Expired
4401,9043,Basic,2022-07-24,2023-08-06,199,Expired
4402,5419,Fleet,2022-11-12,2023-06-10,999,Expired
4403,17901,Basic,2022-02-07,2022-10-31,199,Expired
4404,16229,Basic,2023-04-15,2025-01-22,199,Expired
4405,12598,Fleet,2022-10-02,2023-05-31,999,Expired
4406,13556,Premium,2022-11-28,2023-02-28,499,Expired
4407,683,Basic,2022-11-24,2023-04-06,199,Expired
4408,6030,Basic,2023-02-21,2024-02-18,199,Cancelled
4409,12471,Premium,2022-08-03,2023-06-12,499,Expired
4410,151,Premium,2022-05-25,2023-01-08,499,Expired
4411,19409,Premium,2023-04-07,2025-03-17,499,Expired
4412,5565,Basic,2023-01-26,2024-08-19,199,Cancelled
4413,3412,Basic,2022-04-22,2023-12-25,199,Expired
4414,8295,Basic,2022-07-04,2023-12-03,199,Expired
4415,14878,Basic,2023-02-05,2024-02-03,199,Expired
4416,14837,Premium,2022-05-27,2024-03-01,499,Expired
4417,8529,Premium,2022-12-06,2024-01-28,499,Expired
4418,9148,Premium,2023-03-03,2023-12-02,499,Expired
4419,16831,Basic,2022-05-14,2024-03-20,199,Expired
4420,5459,Premium,2023-02-03,2024-06-06,499,Cancelled
4421,6139,Basic,2023-01-07,2024-04-18,199,Cancelled
4422,4437,Basic,2023-01-02,2023-04-29,199,Expired
4423,14820,Basic,2022-09-03,2023-10-18,199,Expired
4424,4316,Premium,2022-12-10,2023-11-26,499,Cancelled
4425,15113,Basic,2023-04-10,2024-02-13,199,Expired
4426,2662,Basic,2022-06-27,2024-03-03,199,Expired
4427,17552,Premium,2022-04-24,2023-06-18,499,Expired
4428,13025,Premium,2022-06-18,2024-02-22,499,Expired
4429,13864,Premium,2023-02-03,2023-05-20,499,Cancelled
4430,3789,Basic,2022-11-12,2023-04-12,199,Expired
4431,16135,Basic,2023-05-02,2025-02-06,199,Expired
4432,1277,Premium,2022-12-28,2024-09-15,499,Expired
4433,16331,Premium,2023-04-10,2024-10-11,499,Expired
4434,5906,Premium,2022-09-13,2024-07-21,499,Expired
4435,5116,Premium,2022-11-13,2024-05-24,499,Expired
4436,12693,Basic,2022-11-18,2023-05-08,199,Expired
4437,117,Basic,2022-03-16,2022-09-02,199,Expired
4438,16269,Basic,2022-07-16,2023-08-20,199,Expired
4439,17630,Premium,2023-04-27,2024-12-03,499,Expired
4440,18770,Basic,2022-06-13,2022-10-10,199,Expired
4441,11725,Basic,2023-02-09,2023-07-05,199,Expired
4442,1113,Premium,2022-06-12,2023-07-25,499,Expired
4443,17399,Basic,2022-04-03,2023-12-09,199,Expired
4444,19675,Premium,2022-12-28,2024-09-16,499,Expired
4445,15810,Basic,2022-12-01,2023-03-16,199,Expired
4446,19561,Basic,2022-05-17,2023-04-21,199,Cancelled
4447,18585,Basic,2022-04-09,2022-07-18,199,Expired
4448,3652,Basic,2023-04-27,2024-12-12,199,Expired
4449,8337,Basic,2022-08-29,2024-01-08,199,Expired
4450,1256,Basic,2023-02-05,2023-05-18,199,Expired
4451,3685,Basic,2022-07-27,2024-01-17,199,Cancelled
4452,14025,Premium,2022-07-06,2023-04-18,499,Expired
4453,15432,Basic,2022-12-22,2023-10-07,199,Expired
4454,18985,Basic,2023-01-05,2023-09-30,199,Expired
4455,13692,Premium,2022-09-09,2023-01-30,499,Cancelled
4456,2482,Basic,2022-08-10,2023-06-21,199,Expired
4457,7859,Basic,2023-03-03,2024-05-20,199,Expired
4458,7712,Premium,2022-03-27,2024-03-02,499,Expired
4459,10157,Basic,2022-06-22,2023-07-27,199,Expired
4460,17406,Premium,2022-07-21,2023-06-21,499,Expired
4461,830,Basic,2023-04-08,2024-10-01,199,Cancelled
4462,17545,Premium,2022-07-03,2023-08-20,499,Expired
4463,1603,Premium,2022-07-10,2024-01-28,499,Expired
4464,16863,Basic,2022-08-06,2022-12-07,199,Expired
4465,3059,Fleet,2022-11-29,2023-10-09,999,Expired
4466,14738,Basic,2022-12-10,2024-07-29,199,Expired
4467,10824,Basic,2022-11-27,2023-07-07,199,Expired
4468,16050,Basic,2022-05-17,2023-11-11,199,Expired
4469,15950,Basic,2023-02-11,2025-02-05,199,Expired
4470,5260,Basic,2022-10-13,2023-12-21,199,Expired
4471,10462,Basic,2022-11-27,2023-05-31,199,Expired
4472,11907,Basic,2022-11-05,2023-11-28,199,Expired
4473,9364,Premium,2022-08-02,2023-07-27,499,Cancelled
4474,17871,Basic,2022-04-11,2022-12-13,199,Expired
4475,13964,Premium,2022-08-26,2022-12-06,499,Expired
4476,16957,Basic,2022-11-03,2024-09-07,199,Expired
4477,1922,Basic,2022-11-04,2023-07-26,199,Cancelled
4478,11076,Premium,2022-08-05,2024-04-05,499,Expired
4479,10779,Basic,2022-04-24,2022-10-22,199,Expired
4480,9521,Basic,2022-09-05,2023-11-02,199,Expired
4481,11319,Basic,2022-12-18,2023-11-22,199,Expired
4482,12232,Basic,2022-10-04,2023-01-22,199,Cancelled
4483,7597,Basic,2022-02-20,2023-08-16,199,Expired
4484,15346,Premium,2022-10-23,2024-01-08,499,Expired
4485,3852,Premium,2022-08-22,2024-05-21,499,Expired
4486,3939,Basic,2023-01-19,2024-07-28,199,Cancelled
4487,13865,Basic,2023-01-31,2024-02-21,199,Cancelled
4488,4497,Premium,2023-03-26,2025-02-27,499,Expired
4489,14157,Basic,2023-03-18,2023-09-04,199,Expired
4490,7890,Basic,2022-06-28,2023-08-27,199,Expired
4491,14719,Premium,2023-03-03,2023-09-01,499,Expired
4492,14337,Basic,2023-02-26,2024-12-23,199,Cancelled
4493,6536,Basic,2022-04-12,2023-05-05,199,Expired
4494,3608,Basic,2022-07-05,2023-07-19,199,Expired
4495,13896,Basic,2022-03-10,2022-11-06,199,Cancelled
4496,1321,Premium,2022-04-29,2023-04-16,499,Cancelled
4497,12753,Premium,2023-04-12,2024-06-11,499,Expired
4498,17281,Basic,2022-10-14,2023-06-29,199,Expired
4499,13540,Premium,2023-02-09,2024-02-09,499,Expired
4500,169,Premium,2022-10-27,2023-07-31,499,Expired
4501,18390,Basic,2023-03-20,2023-12-19,199,Expired
4502,12500,Basic,2022-03-18,2023-07-27,199,Expired
4503,17646,Basic,2023-03-09,2023-07-12,199,Expired
4504,13350,Premium,2022-11-29,2024-04-21,499,Expired
4505,12781,Basic,2023-01-07,2024-05-28,199,Expired
4506,14065,Fleet,2022-12-03,2024-04-03,999,Cancelled
4507,399,Premium,2022-05-01,2024-03-16,499,Expired
4508,6028,Basic,2022-11-09,2024-05-20,199,Expired
4509,5866,Premium,2022-10-25,2024-03-19,499,Expired
4510,150,Basic,2022-09-06,2023-08-12,199,Expired
4511,3070,Premium,2022-04-25,2023-05-08,499,Expired
4512,16255,Fleet,2022-08-11,2023-10-15,999,Expired
4513,95,Fleet,2022-11-09,2024-08-29,999,Expired
4514,17436,Premium,2022-09-17,2023-01-13,499,Expired
4515,13578,Premium,2022-09-08,2023-04-28,499,Expired
4516,11959,Basic,2022-12-24,2024-06-29,199,Cancelled
4517,13335,Premium,2022-04-14,2022-08-20,499,Cancelled
4518,6068,Basic,2022-12-19,2024-03-29,199,Expired
4519,12819,Premium,2022-12-02,2024-07-07,499,Cancelled
4520,1497,Premium,2022-09-07,2023-10-17,499,Expired
4521,6661,Basic,2022-10-19,2023-07-18,199,Expired
4522,13252,Premium,2023-05-18,2025-01-18,499,Expired
4523,6872,Basic,2022-08-15,2024-07-06,199,Expired
4524,12216,Basic,2022-12-25,2024-06-27,199,Expired
4525,7862,Premium,2022-08-19,2023-12-19,499,Cancelled
4526,7145,Premium,2022-07-02,2023-11-20,499,Expired
4527,17787,Basic,2023-01-03,2024-08-09,199,Expired
4528,18603,Premium,2022-10-14,2023-10-22,499,Expired
4529,3747,Basic,2022-08-03,2023-06-22,199,Expired
4530,12244,Basic,2022-10-07,2024-07-28,199,Expired
4531,16967,Basic,2023-05-31,2024-01-14,199,Expired
4532,9195,Premium,2023-04-22,2025-03-13,499,Expired
4533,19310,Basic,2022-08-17,2024-04-11,199,Expired
4534,19480,Premium,2023-03-24,2024-07-15,499,Expired
4535,1930,Basic,2022-04-16,2023-10-15,199,Expired
4536,12831,Basic,2022-05-20,2024-05-13,199,Expired
4537,10440,Premium,2023-02-09,2024-03-20,499,Expired
4538,14999,Fleet,2023-03-07,2024-02-29,999,Expired
4539,1968,Basic,2022-08-20,2024-05-14,199,Expired
4540,9782,Basic,2022-08-24,2023-05-29,199,Expired
4541,13253,Basic,2023-05-07,2024-06-07,199,Expired
4542,1635,Basic,2022-08-19,2023-12-04,199,Expired
4543,8785,Basic,2022-05-01,2023-10-06,199,Expired
4544,6614,Basic,2023-05-17,2024-04-09,199,Expired
4545,10740,Basic,2022-07-02,2023-07-28,199,Expired
4546,7709,Premium,2023-04-20,2024-02-12,499,Expired
4547,19501,Premium,2023-04-15,2024-11-13,499,Expired
4548,15880,Basic,2023-01-31,2023-11-17,199,Expired
4549,11140,Basic,2022-05-23,2023-09-07,199,Expired
4550,9353,Basic,2022-08-29,2024-03-08,199,Expired
4551,1480,Basic,2023-03-13,2023-08-24,199,Expired
4552,7914,Premium,2022-07-01,2024-02-23,499,Cancelled
4553,7337,Premium,2022-12-12,2023-08-27,499,Expired
4554,1499,Basic,2022-11-28,2024-01-20,199,Expired
4555,18384,Basic,2022-07-11,2023-07-24,199,Expired
4556,8901,Premium,2023-03-11,2023-10-30,499,Cancelled
4557,15896,Basic,2022-02-02,2024-01-17,199,Cancelled
4558,12617,Premium,2022-05-07,2023-01-30,499,Cancelled
4559,5720,Premium,2022-09-15,2024-02-16,499,Expired
4560,12289,Basic,2023-04-27,2024-10-24,199,Expired
4561,1333,Fleet,2022-06-25,2022-11-29,999,Expired
4562,7271,Basic,2023-02-12,2024-04-12,199,Expired
4563,13846,Premium,2022-02-15,2023-10-10,499,Expired
4564,13166,Premium,2022-07-25,2022-11-05,499,Expired
4565,2689,Premium,2022-09-22,2023-07-24,499,Expired
4566,1715,Premium,2022-06-05,2024-04-13,499,Cancelled
4567,17589,Premium,2022-02-08,2023-08-02,499,Expired
4568,10614,Basic,2023-02-23,2024-03-16,199,Expired
4569,15076,Premium,2023-01-05,2023-04-18,499,Expired
4570,11196,Fleet,2022-10-25,2024-10-09,999,Expired
4571,15354,Basic,2022-07-09,2023-04-13,199,Expired
4572,17389,Premium,2022-11-18,2024-01-03,499,Expired
4573,3856,Premium,2023-01-10,2023-06-10,499,Expired
4574,16427,Basic,2022-07-28,2023-03-28,199,Expired
4575,4114,Basic,2022-09-20,2023-10-12,199,Expired
4576,8226,Basic,2022-10-06,2023-01-07,199,Expired
4577,14864,Basic,2023-01-15,2024-04-26,199,Expired
4578,2716,Basic,2022-11-14,2023-10-01,199,Expired
4579,11371,Premium,2022-08-14,2024-01-19,499,Expired
4580,317,Premium,2022-03-24,2022-09-09,499,Expired
4581,6979,Premium,2023-01-05,2024-05-01,499,Expired
4582,15520,Premium,2022-11-25,2024-07-19,499,Expired
4583,18486,Basic,2022-06-01,2022-10-13,199,Expired
4584,19631,Basic,2023-03-16,2024-06-23,199,Expired
4585,15610,Basic,2022-10-14,2024-02-19,199,Expired
4586,7008,Fleet,2022-09-28,2024-09-07,999,Expired
4587,2819,Basic,2022-06-11,2024-04-17,199,Expired
4588,5501,Basic,2022-06-27,2023-05-14,199,Expired
4589,951,Basic,2022-10-23,2023-02-02,199,Expired
4590,11334,Premium,2022-07-15,2023-07-16,499,Cancelled
4591,4603,Basic,2022-11-17,2024-10-16,199,Expired
4592,12304,Basic,2023-06-13,2024-10-06,199,Expired
4593,31,Premium,2023-05-03,2023-09-01,499,Expired
4594,6904,Premium,2022-12-23,2024-08-27,499,Expired
4595,1640,Fleet,2023-03-03,2023-12-26,999,Expired
4596,6418,Basic,2022-12-26,2024-07-09,199,Expired
4597,7977,Basic,2023-02-14,2023-10-28,199,Expired
4598,14406,Premium,2022-03-25,2023-02-08,499,Cancelled
4599,4457,Premium,2023-04-04,2024-10-16,499,Expired
4600,11829,Premium,2022-08-10,2024-06-27,499,Expired
4601,15482,Premium,2022-08-31,2023-10-06,499,Expired
4602,16892,Basic,2023-01-23,2023-10-22,199,Expired
4603,6114,Fleet,2022-06-18,2023-10-31,999,Expired
4604,6358,Basic,2022-05-16,2024-03-12,199,Expired
4605,1966,Basic,2022-10-02,2024-08-10,199,Expired
4606,17387,Basic,2023-01-19,2024-02-19,199,Expired
4607,1585,Fleet,2022-04-12,2023-12-13,999,Expired
4608,2026,Premium,2023-02-11,2024-07-26,499,Expired
4609,18783,Premium,2023-01-11,2024-04-11,499,Expired
4610,9618,Basic,2022-06-13,2023-09-10,199,Expired
4611,13847,Fleet,2022-03-17,2024-02-27,999,Expired
4612,19695,Basic,2022-12-21,2023-05-01,199,Expired
4613,15883,Basic,2023-02-23,2023-08-31,199,Expired
4614,14577,Fleet,2022-03-30,2023-05-13,999,Expired
4615,18046,Basic,2022-08-29,2022-11-28,199,Expired
4616,2929,Basic,2022-04-24,2023-07-23,199,Expired
4617,18458,Basic,2022-07-31,2023-12-18,199,Expired
4618,11323,Basic,2023-06-10,2024-10-30,199,Expired
4619,8484,Basic,2022-05-01,2023-06-09,199,Expired
4620,18399,Basic,2022-07-04,2023-09-15,199,Expired
4621,14064,Basic,2022-08-21,2023-09-29,199,Expired
4622,18497,Premium,2022-11-26,2024-01-26,499,Cancelled
4623,19752,Fleet,2022-09-21,2023-02-24,999,Expired
4624,1594,Basic,2023-01-07,2024-10-26,199,Expired
4625,9660,Basic,2022-06-05,2022-11-24,199,Cancelled
4626,6533,Basic,2022-01-31,2022-07-29,199,Expired
4627,701,Premium,2022-08-26,2022-12-30,499,Expired
4628,13645,Premium,2022-04-09,2022-12-22,499,Expired
4629,15426,Premium,2022-12-17,2023-03-22,499,Cancelled
4630,9129,Premium,2022-08-23,2022-12-23,499,Expired
4631,14809,Basic,2022-06-14,2022-10-14,199,Expired
4632,6199,Premium,2022-09-24,2023-01-21,499,Expired
4633,3996,Premium,2022-06-21,2022-10-14,499,Expired
4634,7472,Basic,2022-11-16,2024-01-16,199,Expired
4635,1315,Premium,2022-05-14,2024-04-06,499,Expired
4636,8740,Premium,2022-05-22,2024-04-07,499,Expired
4637,765,Premium,2023-02-28,2023-12-22,499,Expired
4638,17734,Basic,2022-09-16,2023-02-21,199,Expired
4639,4343,Premium,2022-08-16,2023-03-13,499,Expired
4640,5953,Basic,2022-01-13,2022-09-27,199,Expired
4641,7320,Premium,2023-01-25,2023-09-09,499,Expired
4642,12549,Premium,2023-02-19,2024-06-29,499,Expired
4643,9836,Basic,2022-07-18,2023-03-19,199,Expired
4644,13989,Premium,2022-07-05,2022-10-22,499,Expired
4645,39,Basic,2022-02-11,2022-11-12,199,Expired
4646,3614,Premium,2023-04-28,2024-07-08,499,Expired
4647,1456,Basic,2022-11-29,2023-10-14,199,Expired
4648,15111,Fleet,2022-08-30,2023-07-02,999,Expired
4649,13344,Basic,2022-11-23,2023-08-03,199,Expired
4650,8140,Basic,2023-02-23,2024-10-28,199,Expired
4651,2895,Basic,2022-12-20,2024-06-13,199,Expired
4652,13254,Basic,2022-06-10,2024-02-29,199,Cancelled
4653,7782,Basic,2022-08-27,2023-06-23,199,Expired
4654,5626,Premium,2022-08-24,2023-10-07,499,Expired
4655,18270,Basic,2022-07-15,2023-10-25,199,Expired
4656,16919,Basic,2022-09-11,2023-10-21,199,Expired
4657,1054,Premium,2022-10-18,2023-03-01,499,Expired
4658,13696,Basic,2022-05-10,2023-11-25,199,Expired
4659,10334,Basic,2022-10-24,2023-01-23,199,Expired
4660,14868,Fleet,2022-08-17,2023-04-12,999,Expired
4661,13962,Basic,2023-01-10,2024-09-28,199,Expired
4662,12551,Basic,2022-09-25,2023-12-16,199,Expired
4663,6146,Basic,2022-05-18,2023-09-28,199,Expired
4664,5949,Premium,2022-07-27,2023-04-07,499,Expired
4665,2808,Basic,2023-03-21,2023-09-30,199,Expired
4666,14158,Premium,2022-07-19,2022-11-16,499,Cancelled
4667,7557,Premium,2023-01-20,2024-08-16,499,Cancelled
4668,13899,Fleet,2023-02-13,2024-05-10,999,Cancelled
4669,305,Premium,2022-05-01,2022-09-14,499,Expired
4670,18891,Basic,2023-05-07,2024-09-09,199,Expired
4671,5225,Premium,2023-03-28,2025-01-04,499,Expired
4672,15120,Basic,2023-03-20,2024-09-21,199,Expired
4673,7729,Basic,2023-05-09,2024-10-21,199,Expired
4674,17203,Basic,2023-02-24,2024-12-10,199,Cancelled
4675,6696,Basic,2022-02-24,2022-09-23,199,Expired
4676,15404,Basic,2022-12-27,2024-01-26,199,Expired
4677,253,Basic,2023-04-08,2024-09-19,199,Expired
4678,512,Fleet,2022-03-23,2023-08-18,999,Expired
4679,17733,Basic,2022-09-01,2023-02-16,199,Cancelled
4680,13001,Premium,2022-12-20,2023-10-15,499,Expired
4681,15309,Basic,2022-07-24,2023-12-03,199,Expired
4682,6970,Basic,2022-07-17,2023-06-15,199,Expired
4683,18532,Basic,2023-04-20,2023-10-16,199,Expired
4684,9359,Basic,2022-06-01,2023-01-02,199,Expired
4685,12358,Basic,2022-09-03,2024-06-02,199,Cancelled
4686,18125,Basic,2022-09-21,2022-12-30,199,Expired
4687,751,Basic,2022-05-07,2024-01-11,199,Expired
4688,15546,Premium,2023-04-17,2024-04-28,499,Expired
4689,9855,Basic,2022-06-25,2022-10-15,199,Expired
4690,743,Fleet,2022-03-04,2023-04-19,999,Expired
4691,19369,Basic,2022-09-04,2022-12-05,199,Cancelled
4692,177,Basic,2022-08-20,2023-11-20,199,Expired
4693,11207,Basic,2022-09-07,2024-08-18,199,Expired
4694,8286,Basic,2022-09-08,2024-01-27,199,Expired
4695,17560,Basic,2022-06-04,2022-12-10,199,Expired
4696,12866,Premium,2022-10-23,2024-05-30,499,Expired
4697,9578,Basic,2022-01-23,2023-09-03,199,Expired
4698,8770,Premium,2022-05-24,2023-11-01,499,Expired
4699,6887,Fleet,2022-12-02,2024-06-19,999,Expired
4700,8192,Premium,2022-10-21,2023-06-12,499,Expired
4701,17416,Premium,2022-03-28,2023-11-06,499,Expired
4702,14323,Premium,2022-08-13,2022-11-25,499,Expired
4703,382,Premium,2022-06-28,2023-05-05,499,Expired
4704,14753,Premium,2023-03-21,2024-02-18,499,Cancelled
4705,9932,Basic,2023-04-23,2024-07-18,199,Expired
4706,15887,Premium,2022-10-28,2024-05-23,499,Expired
4707,7202,Premium,2022-10-17,2023-12-25,499,Expired
4708,9746,Basic,2022-02-24,2023-11-14,199,Expired
4709,14806,Basic,2022-12-15,2023-11-11,199,Expired
4710,8646,Basic,2023-05-05,2024-08-18,199,Expired
4711,9871,Fleet,2023-02-12,2024-08-26,999,Expired
4712,7516,Fleet,2022-08-09,2023-02-06,999,Expired
4713,6016,Premium,2023-01-13,2024-08-28,499,Expired
4714,15808,Basic,2022-04-04,2023-06-22,199,Cancelled
4715,9779,Basic,2022-08-20,2024-03-13,199,Expired
4716,13267,Fleet,2022-12-23,2024-09-05,999,Expired
4717,8744,Fleet,2022-06-12,2022-11-04,999,Expired
4718,985,Premium,2022-06-29,2023-11-09,499,Expired
4719,440,Basic,2022-02-28,2024-01-05,199,Expired
4720,8399,Basic,2022-09-29,2024-02-18,199,Cancelled
4721,3782,Basic,2023-02-16,2023-12-30,199,Expired
4722,15655,Premium,2022-09-24,2023-01-01,499,Cancelled
4723,12732,Basic,2022-03-29,2023-02-22,199,Expired
4724,19531,Premium,2022-07-14,2024-07-08,499,Expired
4725,5473,Premium,2023-01-09,2024-12-30,499,Cancelled
4726,12197,Fleet,2022-10-20,2023-03-11,999,Expired
4727,18910,Premium,2022-12-18,2023-10-18,499,Cancelled
4728,13800,Basic,2022-11-28,2024-06-20,199,Expired
4729,13189,Basic,2022-03-07,2022-09-27,199,Expired
4730,12510,Basic,2022-11-25,2024-01-18,199,Cancelled
4731,1227,Basic,2022-12-04,2024-06-07,199,Expired
4732,7986,Basic,2023-04-28,2024-10-30,199,Expired
4733,14184,Premium,2022-11-11,2023-10-25,499,Expired
4734,11634,Fleet,2023-03-06,2023-10-25,999,Expired
4735,17958,Fleet,2022-06-29,2022-10-18,999,Expired
4736,904,Basic,2023-02-13,2024-11-19,199,Cancelled
4737,13981,Premium,2023-02-04,2024-10-23,499,Expired
4738,15271,Basic,2022-04-26,2023-08-06,199,Cancelled
4739,8281,Fleet,2022-07-17,2023-05-15,999,Expired
4740,7108,Basic,2022-12-28,2024-06-02,199,Expired
4741,13343,Basic,2022-10-02,2023-09-05,199,Cancelled
4742,11009,Premium,2023-02-12,2023-09-26,499,Expired
4743,367,Basic,2023-03-24,2025-01-16,199,Expired
4744,10135,Premium,2022-06-27,2023-03-20,499,Expired
4745,3080,Basic,2022-07-14,2024-07-03,199,Expired
4746,16768,Premium,2022-07-27,2022-11-08,499,Expired
4747,3017,Basic,2022-04-19,2023-05-15,199,Cancelled
4748,6937,Basic,2022-11-14,2023-03-20,199,Expired
4749,17994,Basic,2022-05-10,2022-10-29,199,Expired
4750,10747,Basic,2022-07-24,2023-06-11,199,Expired
4751,1654,Premium,2023-02-06,2024-01-11,499,Expired
4752,15924,Fleet,2023-02-07,2024-06-07,999,Expired
4753,3423,Basic,2022-05-19,2022-09-06,199,Expired
4754,13314,Fleet,2022-09-28,2024-03-04,999,Expired
4755,15869,Fleet,2022-05-22,2023-04-09,999,Expired
4756,8926,Basic,2023-01-18,2023-09-06,199,Expired
4757,13187,Basic,2022-09-08,2023-12-22,199,Expired
4758,1207,Premium,2022-08-26,2023-12-16,499,Expired
4759,12716,Premium,2022-08-21,2023-02-17,499,Expired
4760,8929,Basic,2022-07-24,2023-09-18,199,Expired
4761,14478,Basic,2023-01-23,2023-11-25,199,Expired
4762,1487,Basic,2022-09-03,2024-01-13,199,Expired
4763,12327,Premium,2023-03-05,2023-12-16,499,Expired
4764,11960,Basic,2023-03-24,2023-06-26,199,Expired
4765,86,Basic,2023-02-28,2025-02-10,199,Expired
4766,5666,Premium,2023-02-02,2024-06-13,499,Expired
4767,168,Basic,2022-10-28,2023-02-06,199,Cancelled
4768,5378,Fleet,2023-05-04,2025-04-14,999,Cancelled
4769,15941,Premium,2022-08-23,2023-03-29,499,Expired
4770,15632,Basic,2022-11-14,2024-06-21,199,Expired
4771,4895,Basic,2023-02-01,2023-12-05,199,Expired
4772,7204,Basic,2022-04-15,2022-07-22,199,Expired
4773,18888,Premium,2022-05-17,2023-10-25,499,Expired
4774,1419,Premium,2022-09-16,2024-02-10,499,Expired
4775,7749,Premium,2022-10-23,2023-12-18,499,Expired
4776,2255,Premium,2022-06-01,2023-04-02,499,Expired
4777,4064,Basic,2022-06-18,2022-12-20,199,Cancelled
4778,8861,Premium,2022-07-15,2023-07-26,499,Expired
4779,19647,Premium,2022-03-16,2022-07-28,499,Cancelled
4780,9015,Premium,2022-10-05,2023-06-12,499,Expired
4781,8395,Basic,2022-10-24,2023-07-06,199,Expired
4782,10283,Basic,2022-12-22,2023-06-29,199,Expired
4783,4245,Premium,2022-09-27,2023-03-26,499,Expired
4784,13531,Basic,2022-08-13,2022-12-06,199,Expired
4785,2439,Basic,2022-12-25,2023-05-01,199,Expired
4786,5141,Basic,2023-02-23,2024-05-08,199,Expired
4787,2070,Fleet,2022-09-09,2023-12-21,999,Expired
4788,15225,Basic,2022-05-21,2023-09-15,199,Expired
4789,13106,Fleet,2022-11-01,2023-06-13,999,Expired
4790,17254,Basic,2022-11-20,2023-10-17,199,Expired
4791,6668,Basic,2022-10-02,2023-12-04,199,Expired
4792,1079,Fleet,2022-12-20,2023-08-16,999,Cancelled
4793,12833,Basic,2022-07-22,2023-05-16,199,Expired
4794,2176,Basic,2022-05-10,2024-02-27,199,Expired
4795,4126,Basic,2022-12-12,2024-03-08,199,Cancelled
4796,625,Premium,2022-08-09,2023-07-18,499,Expired
4797,10537,Premium,2022-09-15,2023-12-29,499,Cancelled
4798,16344,Basic,2023-04-23,2024-01-08,199,Expired
4799,4106,Basic,2022-06-28,2024-02-07,199,Expired
4800,3551,Basic,2022-12-26,2023-05-03,199,Expired
4801,7537,Fleet,2022-06-29,2024-03-22,999,Expired
4802,13662,Basic,2022-08-03,2024-04-28,199,Cancelled
4803,148,Basic,2022-04-01,2023-02-19,199,Expired
4804,6799,Basic,2023-04-13,2023-09-22,199,Expired
4805,5787,Basic,2022-08-02,2023-07-03,199,Cancelled
4806,17886,Premium,2022-09-20,2023-02-07,499,Expired
4807,1355,Basic,2022-09-15,2023-12-11,199,Expired
4808,8757,Premium,2022-11-05,2024-02-11,499,Expired
4809,11011,Premium,2022-11-25,2023-09-25,499,Expired
4810,18677,Premium,2022-03-02,2022-09-22,499,Expired
4811,19064,Basic,2022-04-26,2022-09-18,199,Expired
4812,13196,Premium,2022-07-15,2023-03-22,499,Expired
4813,16542,Basic,2022-07-22,2023-08-10,199,Expired
4814,16320,Fleet,2022-11-26,2024-04-27,999,Cancelled
4815,14970,Fleet,2023-04-06,2024-04-04,999,Expired
4816,6307,Basic,2022-08-12,2023-11-30,199,Expired
4817,7585,Basic,2022-05-12,2023-06-16,199,Expired
4818,16290,Premium,2023-05-20,2023-09-15,499,Expired
4819,10456,Fleet,2022-06-10,2023-06-22,999,Expired
4820,8224,Basic,2022-10-06,2024-07-18,199,Expired
4821,19968,Basic,2022-06-29,2022-11-08,199,Expired
4822,16148,Basic,2022-03-05,2023-04-13,199,Expired
4823,2448,Basic,2022-01-23,2023-01-24,199,Expired
4824,1888,Basic,2022-04-21,2023-01-10,199,Expired
4825,8819,Fleet,2022-10-22,2023-12-27,999,Expired
4826,14775,Basic,2023-02-01,2023-08-03,199,Expired
4827,11873,Basic,2023-02-06,2024-01-29,199,Expired
4828,906,Basic,2023-01-11,2023-04-14,199,Expired
4829,15001,Premium,2022-07-29,2024-06-01,499,Expired
4830,17878,Basic,2022-06-23,2023-09-03,199,Expired
4831,4897,Premium,2022-08-15,2023-02-22,499,Cancelled
4832,19425,Basic,2022-04-01,2023-01-14,199,Expired
4833,9860,Premium,2022-11-06,2023-12-25,499,Expired
4834,12086,Premium,2022-12-07,2023-11-10,499,Expired
4835,14151,Basic,2022-07-19,2023-09-22,199,Expired
4836,9595,Premium,2022-06-06,2024-05-02,499,Expired
4837,3103,Basic,2022-11-27,2024-07-24,199,Expired
4838,12084,Premium,2022-08-21,2023-04-21,499,Expired
4839,518,Basic,2022-12-07,2023-03-12,199,Cancelled
4840,15182,Basic,2022-08-26,2023-08-15,199,Expired
4841,6203,Basic,2022-02-02,2022-06-07,199,Cancelled
4842,9884,Premium,2022-03-04,2023-07-11,499,Expired
4843,10303,Basic,2022-02-17,2023-10-20,199,Expired
4844,12568,Basic,2023-02-13,2024-09-30,199,Expired
4845,9196,Premium,2022-10-01,2023-12-11,499,Expired
4846,10904,Basic,2022-09-04,2023-08-31,199,Expired
4847,10613,Basic,2022-03-08,2023-05-02,199,Expired
4848,4751,Basic,2022-08-23,2023-04-30,199,Expired
4849,17712,Basic,2022-08-23,2023-08-23,199,Expired
4850,18151,Premium,2022-08-08,2023-07-22,499,Expired
4851,10160,Basic,2023-04-16,2023-08-03,199,Expired
4852,15099,Basic,2022-11-16,2023-10-27,199,Expired
4853,8207,Basic,2022-12-21,2023-10-14,199,Cancelled
4854,14661,Premium,2023-02-23,2024-06-20,499,Expired
4855,19267,Basic,2022-06-26,2023-10-20,199,Expired
4856,9810,Premium,2022-05-13,2023-07-23,499,Cancelled
4857,6926,Basic,2023-01-12,2024-07-21,199,Expired
4858,12300,Premium,2022-12-12,2023-08-08,499,Expired
4859,3108,Premium,2022-11-25,2023-04-10,499,Expired
4860,2007,Premium,2022-07-11,2024-02-24,499,Expired
4861,14355,Premium,2022-05-13,2023-09-29,499,Expired
4862,11867,Basic,2022-10-16,2023-03-09,199,Expired
4863,2734,Basic,2022-07-15,2023-04-28,199,Cancelled
4864,12168,Basic,2022-09-17,2024-02-27,199,Expired
4865,17698,Premium,2022-03-31,2023-05-15,499,Expired
4866,1694,Premium,2022-12-03,2024-10-18,499,Expired
4867,16432,Premium,2023-03-21,2024-05-09,499,Expired
4868,11506,Basic,2022-11-02,2023-09-19,199,Expired
4869,4386,Basic,2022-09-14,2024-08-01,199,Expired
4870,16853,Basic,2022-07-29,2023-08-05,199,Expired
4871,10979,Premium,2022-09-22,2023-04-23,499,Expired
4872,9385,Basic,2022-08-14,2023-07-30,199,Expired
4873,3290,Basic,2022-12-04,2024-04-12,199,Expired
4874,17375,Basic,2022-05-20,2023-09-22,199,Expired
4875,2500,Basic,2022-10-19,2023-02-10,199,Cancelled
4876,15967,Basic,2022-07-31,2022-11-10,199,Expired
4877,15576,Basic,2022-04-22,2022-09-26,199,Expired
4878,19239,Basic,2023-02-24,2024-09-04,199,Expired
4879,16126,Basic,2022-04-08,2024-04-07,199,Expired
4880,7984,Fleet,2023-03-22,2023-09-28,999,Expired
4881,13202,Basic,2023-04-30,2023-08-04,199,Expired
4882,15013,Premium,2022-04-20,2023-06-20,499,Expired
4883,15795,Basic,2022-08-28,2024-06-20,199,Expired
4884,10063,Basic,2022-08-30,2023-02-06,199,Expired
4885,17193,Premium,2023-01-01,2024-04-14,499,Expired
4886,2575,Basic,2022-10-06,2024-04-22,199,Expired
4887,15614,Basic,2022-03-22,2022-09-03,199,Expired
4888,14336,Basic,2022-07-17,2024-05-25,199,Expired
4889,4221,Basic,2022-05-05,2023-01-25,199,Expired
4890,12695,Basic,2022-05-15,2024-02-02,199,Expired
4891,17097,Basic,2023-02-25,2024-06-13,199,Expired
4892,14586,Premium,2023-02-20,2024-01-16,499,Expired
4893,16994,Basic,2022-12-12,2023-06-02,199,Expired
4894,13103,Basic,2022-10-02,2024-01-11,199,Expired
4895,9240,Basic,2022-10-21,2023-07-08,199,Expired
4896,13144,Premium,2022-06-30,2024-02-17,499,Expired
4897,14751,Basic,2022-04-18,2022-11-03,199,Expired
4898,4090,Basic,2022-12-15,2023-05-29,199,Expired
4899,9516,Fleet,2022-11-14,2024-01-28,999,Expired
4900,17835,Premium,2022-06-10,2023-02-28,499,Expired
4901,8342,Fleet,2023-02-04,2023-07-05,999,Expired
4902,12470,Fleet,2023-01-28,2023-12-28,999,Expired
4903,7317,Basic,2022-08-29,2023-01-13,199,Expired
4904,3602,Basic,2022-08-31,2023-07-21,199,Expired
4905,7998,Premium,2022-03-14,2023-12-13,499,Expired
4906,18300,Basic,2023-02-07,2024-04-24,199,Expired
4907,16387,Basic,2022-11-14,2023-06-06,199,Expired
4908,8269,Basic,2023-03-05,2024-01-02,199,Expired
4909,12286,Basic,2023-03-10,2023-07-16,199,Expired
4910,2924,Premium,2022-11-16,2023-06-22,499,Expired
4911,14298,Premium,2022-11-04,2024-02-17,499,Expired
4912,1065,Basic,2023-05-20,2024-07-13,199,Expired
4913,16436,Basic,2022-08-13,2024-01-19,199,Expired
4914,13316,Basic,2022-02-21,2022-07-09,199,Expired
4915,8523,Basic,2022-03-20,2024-03-17,199,Expired
4916,1772,Basic,2022-05-03,2023-12-19,199,Expired
4917,333,Premium,2022-06-16,2023-05-10,499,Expired
4918,3990,Premium,2023-05-09,2025-03-06,499,Expired
4919,9116,Fleet,2022-11-18,2024-03-10,999,Expired
4920,13926,Premium,2022-09-10,2024-02-01,499,Expired
4921,3866,Basic,2022-12-28,2024-05-28,199,Expired
4922,8688,Premium,2022-08-01,2024-06-02,499,Expired
4923,5590,Premium,2023-01-18,2023-09-24,499,Cancelled
4924,19658,Premium,2023-03-04,2024-06-16,499,Expired
4925,5632,Basic,2023-03-12,2023-07-02,199,Expired
4926,19821,Basic,2022-09-17,2024-08-21,199,Expired
4927,14778,Premium,2022-06-28,2023-12-09,499,Cancelled
4928,7835,Basic,2022-08-16,2023-05-09,199,Expired
4929,15277,Basic,2022-10-02,2023-01-26,199,Expired
4930,2300,Premium,2023-03-26,2023-09-17,499,Expired
4931,4468,Basic,2022-05-17,2023-04-07,199,Expired
4932,8256,Basic,2022-07-14,2024-04-27,199,Expired
4933,11844,Basic,2022-10-03,2023-11-22,199,Expired
4934,4247,Premium,2023-04-14,2024-12-31,499,Expired
4935,14486,Fleet,2022-12-27,2024-08-28,999,Expired
4936,8355,Basic,2022-08-21,2024-03-15,199,Expired
4937,13204,Premium,2023-04-28,2024-11-25,499,Expired
4938,10756,Basic,2022-05-14,2023-03-08,199,Expired
4939,1684,Fleet,2022-11-26,2024-07-02,999,Cancelled
4940,15690,Premium,2023-03-28,2024-03-04,499,Expired
4941,19761,Basic,2023-01-23,2024-07-04,199,Expired
4942,17789,Premium,2023-01-20,2024-04-21,499,Expired
4943,15611,Premium,2022-10-16,2023-04-20,499,Expired
4944,12201,Basic,2022-04-05,2023-04-20,199,Cancelled
4945,579,Basic,2022-04-27,2023-04-17,199,Expired
4946,9657,Basic,2022-11-17,2024-01-01,199,Expired
4947,335,Premium,2023-05-08,2024-03-15,499,Expired
4948,14711,Premium,2022-06-24,2024-04-08,499,Expired
4949,17520,Basic,2022-12-07,2024-03-14,199,Expired
4950,9749,Basic,2022-08-27,2023-04-29,199,Expired
4951,4586,Premium,2022-12-30,2024-09-13,499,Expired
4952,16704,Basic,2022-05-23,2023-10-17,199,Expired
4953,14658,Basic,2022-10-24,2023-03-16,199,Expired
4954,10657,Basic,2022-10-14,2023-06-13,199,Expired
4955,9110,Premium,2023-02-07,2023-08-28,499,Expired
4956,677,Basic,2022-06-09,2023-05-08,199,Expired
4957,14382,Basic,2022-06-20,2023-11-20,199,Expired
4958,12420,Fleet,2022-08-13,2023-01-31,999,Expired
4959,9863,Premium,2023-03-08,2024-04-03,499,Expired
4960,783,Basic,2022-06-22,2023-02-04,199,Expired
4961,13257,Basic,2023-04-16,2024-09-19,199,Expired
4962,6299,Premium,2022-09-06,2023-05-01,499,Expired
4963,6063,Fleet,2022-12-17,2023-11-30,999,Expired
4964,1797,Basic,2023-05-07,2024-08-08,199,Expired
4965,13557,Basic,2022-09-01,2023-05-26,199,Expired
4966,5220,Fleet,2022-10-20,2023-04-06,999,Expired
4967,9681,Premium,2022-12-11,2023-12-11,499,Expired
4968,11737,Premium,2022-03-01,2022-06-18,499,Expired
4969,15698,Premium,2022-12-11,2023-09-21,499,Cancelled
4970,13682,Basic,2023-02-04,2023-12-14,199,Cancelled
4971,15551,Premium,2023-01-14,2023-12-26,499,Expired
4972,17793,Premium,2022-10-06,2023-03-26,499,Cancelled
4973,3167,Premium,2022-11-16,2023-08-04,499,Cancelled
4974,4062,Basic,2022-01-31,2023-02-02,199,Expired
4975,9419,Fleet,2022-03-19,2023-03-18,999,Expired
4976,10005,Premium,2022-09-16,2023-09-22,499,Expired
4977,7031,Fleet,2023-03-16,2025-02-21,999,Cancelled
4978,10185,Basic,2023-01-04,2024-07-28,199,Expired
4979,2837,Basic,2022-03-27,2024-02-21,199,Expired
4980,19706,Basic,2022-10-02,2023-09-24,199,Expired
4981,7307,Basic,2022-10-14,2024-04-29,199,Cancelled
4982,1956,Basic,2023-03-26,2024-09-13,199,Expired
4983,13697,Premium,2022-11-05,2024-09-24,499,Expired
4984,16521,Premium,2022-10-02,2023-07-21,499,Expired
4985,14373,Premium,2022-08-21,2022-12-28,499,Expired
4986,13730,Premium,2022-06-21,2022-10-13,499,Expired
4987,13174,Premium,2022-08-27,2024-06-01,499,Expired
4988,19099,Premium,2022-07-23,2024-07-21,499,Expired
4989,9813,Basic,2023-01-31,2023-06-14,199,Expired
4990,534,Premium,2022-10-01,2024-02-03,499,Expired
4991,13648,Premium,2022-05-09,2023-03-13,499,Expired
4992,470,Basic,2022-05-19,2022-11-07,199,Expired
4993,18937,Basic,2022-07-13,2023-12-23,199,Expired
4994,9490,Basic,2022-06-24,2024-03-02,199,Expired
4995,5917,Premium,2022-01-28,2023-06-23,499,Cancelled
4996,3762,Fleet,2023-02-14,2024-02-11,999,Expired
4997,5479,Basic,2022-07-30,2023-08-30,199,Cancelled
4998,5806,Basic,2022-08-28,2024-07-14,199,Expired
4999,10085,Fleet,2022-07-26,2023-04-12,999,Expired
5000,13495,Fleet,2023-02-06,2023-07-26,999,Cancelled
5001,5515,Basic,2022-11-04,2023-11-17,199,Expired
5002,1267,Basic,2022-03-26,2022-08-15,199,Expired
5003,5865,Premium,2023-02-07,2024-11-06,499,Expired
5004,15866,Basic,2022-04-03,2023-02-10,199,Expired
5005,12893,Basic,2022-08-22,2024-06-13,199,Expired
5006,5743,Basic,2022-08-08,2023-08-19,199,Cancelled
5007,13654,Basic,2022-12-13,2024-05-12,199,Expired
5008,3781,Premium,2022-11-08,2024-06-05,499,Expired
5009,12575,Fleet,2022-07-11,2023-03-04,999,Expired
5010,15734,Premium,2023-02-10,2025-02-02,499,Expired
5011,8986,Basic,2022-02-05,2023-11-15,199,Expired
5012,14536,Basic,2022-01-03,2023-12-02,199,Expired
5013,14108,Basic,2022-08-23,2023-11-05,199,Expired
5014,10207,Premium,2023-04-14,2024-09-16,499,Cancelled
5015,19973,Premium,2023-03-30,2023-12-15,499,Cancelled
5016,11812,Basic,2022-09-22,2023-08-12,199,Expired
5017,1567,Basic,2023-03-01,2023-07-07,199,Expired
5018,11277,Basic,2023-01-15,2024-07-30,199,Expired
5019,7753,Premium,2022-11-28,2024-10-05,499,Expired
5020,5858,Basic,2022-10-28,2024-10-27,199,Expired
5021,4515,Fleet,2022-03-19,2023-01-11,999,Expired
5022,7656,Basic,2022-04-08,2023-10-10,199,Cancelled
5023,12026,Basic,2022-07-10,2023-09-30,199,Cancelled
5024,5909,Basic,2022-10-08,2023-12-31,199,Expired
5025,19145,Premium,2022-06-24,2024-01-31,499,Expired
5026,1545,Premium,2022-10-31,2023-07-05,499,Expired
5027,11417,Premium,2022-06-04,2023-03-15,499,Expired
5028,8846,Premium,2022-12-01,2024-11-12,499,Expired
5029,2605,Premium,2022-10-06,2024-09-02,499,Expired
5030,9151,Basic,2022-07-14,2022-12-19,199,Expired
5031,15641,Fleet,2022-09-06,2023-12-04,999,Cancelled
5032,14657,Premium,2022-05-19,2022-12-15,499,Expired
5033,5765,Fleet,2022-06-12,2023-04-22,999,Cancelled
5034,1282,Basic,2023-03-15,2024-11-20,199,Expired
5035,16005,Premium,2022-04-02,2023-07-31,499,Expired
5036,7776,Basic,2022-09-01,2023-06-14,199,Expired
5037,8890,Premium,2022-07-19,2023-04-19,499,Expired
5038,2472,Basic,2022-12-18,2024-03-30,199,Expired
5039,19305,Fleet,2023-01-24,2023-05-25,999,Expired
5040,13815,Fleet,2022-08-16,2022-11-26,999,Cancelled
5041,18814,Basic,2022-06-23,2023-01-19,199,Expired
5042,13228,Basic,2022-10-09,2024-03-18,199,Expired
5043,17291,Basic,2023-01-26,2025-01-09,199,Expired
5044,17043,Basic,2022-06-08,2022-11-09,199,Expired
5045,6182,Premium,2022-09-18,2023-08-30,499,Expired
5046,19726,Basic,2022-04-18,2024-02-07,199,Expired
5047,11776,Basic,2023-02-17,2025-01-24,199,Expired
5048,6330,Fleet,2023-01-27,2023-08-28,999,Cancelled
5049,4127,Basic,2023-06-06,2024-11-10,199,Expired
5050,14852,Basic,2022-06-04,2022-12-28,199,Expired
5051,17191,Premium,2023-01-24,2024-12-28,499,Expired
5052,3600,Basic,2022-10-15,2023-03-10,199,Expired
5053,5513,Fleet,2022-08-19,2022-11-21,999,Expired
5054,14165,Basic,2022-12-16,2024-01-21,199,Cancelled
5055,9692,Basic,2022-10-28,2023-02-11,199,Expired
5056,4295,Fleet,2022-03-20,2023-11-27,999,Cancelled
5057,14222,Basic,2022-09-04,2023-06-17,199,Expired
5058,5944,Basic,2023-04-29,2023-12-08,199,Expired
5059,11122,Basic,2022-06-16,2024-05-29,199,Expired
5060,4094,Basic,2022-07-31,2024-07-28,199,Expired
5061,18903,Basic,2022-11-10,2023-03-15,199,Expired
5062,16417,Basic,2022-10-17,2023-10-30,199,Expired
5063,9623,Premium,2022-09-02,2024-04-14,499,Expired
5064,19238,Basic,2022-08-27,2023-12-26,199,Expired
5065,3403,Basic,2022-04-18,2024-04-13,199,Expired
5066,19248,Basic,2023-05-20,2024-05-06,199,Expired
5067,7795,Basic,2022-10-23,2023-03-04,199,Expired
5068,18835,Basic,2022-06-10,2023-06-14,199,Expired
5069,13022,Basic,2022-10-03,2023-09-16,199,Expired
5070,7915,Premium,2022-02-28,2023-11-26,499,Expired
5071,10229,Premium,2022-12-21,2024-04-26,499,Expired
5072,8394,Premium,2023-04-17,2024-09-30,499,Cancelled
5073,6400,Basic,2023-02-17,2024-08-11,199,Expired
5074,16857,Basic,2022-07-12,2023-02-03,199,Cancelled
5075,17611,Basic,2022-09-16,2024-06-05,199,Cancelled
5076,13127,Premium,2022-11-07,2023-08-14,499,Expired
5077,5755,Premium,2022-10-25,2023-06-11,499,Expired
5078,15861,Premium,2022-11-08,2023-12-23,499,Cancelled
5079,3987,Premium,2022-11-14,2024-01-07,499,Expired
5080,7640,Basic,2022-08-12,2023-11-24,199,Cancelled
5081,17735,Basic,2022-11-10,2024-03-09,199,Expired
5082,11894,Premium,2022-02-09,2023-05-11,499,Expired
5083,3825,Basic,2023-04-25,2023-07-27,199,Expired
5084,18902,Premium,2023-03-19,2025-01-28,499,Expired
5085,7871,Basic,2022-08-20,2022-12-18,199,Cancelled
5086,18269,Basic,2023-01-09,2023-11-20,199,Expired
5087,19108,Basic,2022-10-24,2023-04-30,199,Expired
5088,18984,Basic,2022-07-10,2024-01-26,199,Expired
5089,158,Basic,2022-08-02,2024-06-07,199,Expired
5090,11843,Basic,2022-07-31,2024-04-06,199,Expired
5091,189,Premium,2022-12-14,2024-12-01,499,Expired
5092,3578,Premium,2023-01-06,2024-10-16,499,Expired
5093,2494,Basic,2022-03-09,2022-06-16,199,Cancelled
5094,11377,Basic,2023-01-15,2024-07-03,199,Expired
5095,14982,Basic,2022-08-02,2023-11-02,199,Expired
5096,6109,Basic,2022-04-27,2022-09-14,199,Expired
5097,10865,Premium,2022-09-03,2022-12-28,499,Cancelled
5098,8009,Basic,2022-12-12,2024-03-13,199,Expired
5099,17708,Premium,2022-06-19,2024-02-09,499,Cancelled
5100,19826,Fleet,2022-06-15,2024-04-26,999,Expired
5101,9150,Basic,2022-07-10,2024-04-27,199,Expired
5102,15242,Premium,2022-12-09,2024-05-01,499,Expired
5103,13672,Basic,2022-09-16,2024-01-08,199,Expired
5104,18705,Fleet,2022-05-29,2024-03-07,999,Expired
5105,18725,Basic,2022-07-18,2023-01-15,199,Expired
5106,3014,Basic,2022-08-17,2023-03-19,199,Expired
5107,10388,Fleet,2022-11-23,2023-11-09,999,Expired
5108,11107,Basic,2022-06-09,2023-04-11,199,Expired
5109,8444,Premium,2023-03-30,2024-03-18,499,Expired
5110,19323,Basic,2022-07-10,2023-05-20,199,Expired
5111,7886,Basic,2022-09-06,2023-04-20,199,Expired
5112,12977,Basic,2022-08-11,2023-12-15,199,Expired
5113,16729,Premium,2022-01-27,2022-08-25,499,Cancelled
5114,6106,Basic,2023-04-24,2024-04-11,199,Cancelled
5115,15613,Basic,2022-04-24,2024-02-17,199,Expired
5116,15627,Premium,2022-03-19,2023-10-28,499,Expired
5117,3640,Basic,2023-02-11,2024-06-27,199,Expired
5118,429,Basic,2022-05-01,2022-12-26,199,Expired
5119,13711,Basic,2022-08-10,2023-09-24,199,Expired
5120,19464,Basic,2022-07-26,2024-07-24,199,Expired
5121,15472,Basic,2022-02-26,2022-06-05,199,Expired
5122,14394,Basic,2022-09-29,2024-03-07,199,Expired
5123,14945,Basic,2022-07-23,2023-12-22,199,Cancelled
5124,9990,Basic,2022-10-25,2024-04-19,199,Expired
5125,11989,Basic,2022-11-02,2023-10-14,199,Expired
5126,9675,Premium,2022-12-14,2024-12-07,499,Expired
5127,2360,Premium,2023-03-13,2024-08-26,499,Expired
5128,674,Fleet,2022-05-19,2023-09-02,999,Cancelled
5129,13770,Basic,2022-04-17,2023-07-04,199,Expired
5130,9943,Basic,2022-07-20,2024-03-13,199,Expired
5131,13820,Basic,2022-11-20,2024-07-24,199,Expired
5132,9914,Basic,2022-04-11,2023-08-07,199,Expired
5133,6513,Basic,2022-06-07,2023-12-19,199,Expired
5134,2821,Premium,2023-05-18,2024-01-02,499,Expired
5135,19966,Basic,2022-02-20,2023-04-02,199,Expired
5136,14048,Premium,2022-07-15,2024-07-10,499,Expired
5137,2792,Basic,2022-10-27,2024-07-27,199,Expired
5138,16353,Premium,2023-03-04,2024-02-05,499,Expired
5139,9920,Basic,2022-03-24,2022-07-12,199,Expired
5140,19950,Basic,2022-05-06,2024-03-19,199,Expired
5141,15549,Basic,2022-07-12,2023-08-05,199,Expired
5142,1327,Premium,2022-12-22,2024-10-12,499,Expired
5143,13843,Premium,2023-02-19,2024-08-09,499,Expired
5144,10528,Premium,2022-06-13,2023-02-01,499,Cancelled
5145,8586,Basic,2022-09-16,2023-12-21,199,Expired
5146,916,Basic,2022-09-28,2023-01-01,199,Cancelled
5147,17982,Basic,2023-02-01,2024-08-03,199,Cancelled
5148,8779,Basic,2022-12-27,2023-09-28,199,Expired
5149,1651,Basic,2022-09-19,2023-11-28,199,Expired
5150,11623,Basic,2022-09-21,2023-04-27,199,Expired
5151,13101,Basic,2022-10-09,2023-01-10,199,Cancelled
5152,7604,Premium,2022-08-09,2024-03-10,499,Expired
5153,5223,Premium,2023-01-13,2024-05-09,499,Cancelled
5154,15645,Fleet,2022-09-12,2024-03-16,999,Expired
5155,436,Premium,2022-07-17,2024-02-07,499,Expired
5156,6690,Fleet,2023-01-13,2023-04-27,999,Expired
5157,17499,Basic,2023-03-02,2023-09-15,199,Expired
5158,14096,Basic,2022-02-28,2023-07-02,199,Expired
5159,13499,Premium,2022-08-27,2022-12-06,499,Expired
5160,18174,Premium,2022-07-15,2023-09-19,499,Cancelled
5161,2563,Basic,2022-06-15,2023-04-17,199,Expired
5162,18750,Premium,2022-04-24,2023-04-23,499,Expired
5163,19036,Basic,2022-10-23,2023-08-08,199,Expired
5164,3199,Fleet,2022-11-27,2023-09-11,999,Expired
5165,15017,Basic,2022-08-08,2023-04-08,199,Expired
5166,17077,Basic,2022-11-07,2023-10-30,199,Expired
5167,18981,Basic,2022-09-10,2023-11-02,199,Expired
5168,15890,Premium,2022-09-02,2023-03-31,499,Expired
5169,19989,Basic,2023-03-16,2024-05-08,199,Cancelled
5170,5663,Premium,2022-10-23,2024-08-10,499,Expired
5171,7628,Premium,2022-11-05,2023-06-11,499,Expired
5172,532,Basic,2023-03-12,2024-02-07,199,Expired
5173,19823,Basic,2022-06-22,2023-06-22,199,Expired
5174,17820,Premium,2023-01-04,2024-10-16,499,Expired
5175,6600,Fleet,2023-01-25,2024-01-15,999,Expired
5176,11132,Basic,2022-12-14,2023-12-06,199,Cancelled
5177,6316,Fleet,2022-10-07,2024-07-28,999,Expired
5178,12515,Basic,2022-05-26,2024-02-18,199,Expired
5179,16836,Basic,2023-02-05,2024-04-17,199,Expired
5180,13963,Premium,2023-01-28,2023-09-20,499,Expired
5181,15006,Basic,2022-02-09,2023-04-07,199,Expired
5182,15537,Basic,2023-02-23,2023-10-17,199,Expired
5183,11007,Premium,2022-08-13,2024-04-26,499,Expired
5184,5029,Premium,2022-05-13,2023-06-18,499,Cancelled
5185,281,Fleet,2022-12-31,2023-05-16,999,Expired
5186,11818,Basic,2023-03-18,2024-12-17,199,Expired
5187,5929,Basic,2022-10-15,2023-03-09,199,Expired
5188,7837,Premium,2022-03-26,2023-02-17,499,Expired
5189,18324,Basic,2022-12-08,2024-11-22,199,Expired
5190,18079,Fleet,2022-04-28,2023-06-04,999,Expired
5191,1644,Basic,2022-09-22,2023-01-31,199,Cancelled
5192,1890,Premium,2022-06-21,2023-08-19,499,Expired
5193,12682,Basic,2022-08-30,2023-03-20,199,Expired
5194,12135,Basic,2022-11-19,2024-01-03,199,Expired
5195,12590,Premium,2022-12-16,2024-10-16,499,Expired
5196,3595,Basic,2022-11-29,2024-03-10,199,Expired
5197,2997,Premium,2022-07-19,2023-10-05,499,Cancelled
5198,4502,Basic,2022-05-17,2023-01-02,199,Cancelled
5199,10994,Fleet,2022-07-08,2023-02-07,999,Expired
5200,18584,Basic,2022-11-05,2023-05-29,199,Expired
5201,3194,Basic,2022-10-25,2023-03-16,199,Expired
5202,5993,Basic,2022-07-01,2024-06-23,199,Expired
5203,18957,Premium,2022-05-08,2023-10-14,499,Expired
5204,12737,Premium,2022-08-21,2023-09-02,499,Expired
5205,18283,Basic,2022-12-08,2024-03-03,199,Expired
5206,10127,Premium,2023-06-18,2024-04-09,499,Expired
5207,16939,Basic,2022-07-17,2023-06-17,199,Expired
5208,576,Premium,2022-08-22,2023-01-30,499,Expired
5209,8232,Basic,2022-09-17,2023-07-16,199,Expired
5210,1353,Basic,2022-09-05,2023-06-13,199,Cancelled
5211,3903,Basic,2022-05-28,2024-03-21,199,Expired
5212,16964,Fleet,2022-05-09,2024-01-28,999,Expired
5213,12161,Fleet,2022-08-20,2023-11-04,999,Expired
5214,4155,Basic,2023-02-21,2024-10-07,199,Expired
5215,7647,Basic,2022-10-26,2023-05-17,199,Expired
5216,11682,Basic,2022-10-22,2024-05-17,199,Expired
5217,506,Fleet,2022-03-14,2023-10-27,999,Expired
5218,2858,Premium,2022-11-19,2023-09-10,499,Expired
5219,7853,Fleet,2022-07-19,2024-01-07,999,Expired
5220,1433,Fleet,2022-06-20,2023-05-19,999,Cancelled
5221,4555,Basic,2023-06-15,2024-08-07,199,Expired
5222,12963,Basic,2022-07-30,2024-01-20,199,Expired
5223,9815,Fleet,2022-09-11,2022-12-18,999,Expired
5224,9596,Premium,2022-12-17,2023-10-14,499,Expired
5225,16346,Premium,2022-12-27,2024-11-22,499,Expired
5226,8424,Fleet,2022-12-16,2023-05-18,999,Expired
5227,3372,Basic,2022-05-22,2022-09-23,199,Expired
5228,4368,Basic,2022-04-06,2022-10-19,199,Expired
5229,7110,Basic,2023-02-16,2023-10-10,199,Expired
5230,14550,Fleet,2022-09-30,2023-02-27,999,Expired
5231,19389,Basic,2022-04-02,2022-10-25,199,Expired
5232,611,Basic,2022-09-26,2024-08-14,199,Cancelled
5233,13539,Premium,2022-06-13,2023-03-22,499,Expired
5234,8408,Basic,2023-03-18,2023-12-29,199,Expired
5235,19665,Basic,2022-05-22,2023-10-13,199,Expired
5236,18689,Basic,2023-01-05,2023-11-21,199,Expired
5237,10012,Fleet,2022-02-28,2023-06-22,999,Expired
5238,9252,Basic,2022-10-04,2023-06-20,199,Expired
5239,14260,Basic,2023-01-21,2023-10-06,199,Expired
5240,18648,Basic,2023-05-03,2025-02-03,199,Expired
5241,17513,Basic,2022-11-09,2023-12-28,199,Expired
5242,10591,Fleet,2022-07-10,2024-01-02,999,Cancelled
5243,3449,Basic,2023-03-27,2023-08-19,199,Expired
5244,14018,Fleet,2022-10-27,2023-03-08,999,Cancelled
5245,4801,Premium,2023-02-24,2024-09-18,499,Cancelled
5246,9937,Premium,2023-03-23,2024-01-03,499,Expired
5247,13813,Basic,2023-02-14,2024-05-08,199,Expired
5248,10295,Basic,2023-05-14,2023-12-11,199,Expired
5249,6166,Basic,2023-02-01,2024-09-05,199,Cancelled
5250,17378,Basic,2022-12-27,2023-10-27,199,Expired
5251,19603,Premium,2023-01-06,2024-09-27,499,Expired
5252,12591,Basic,2022-05-19,2022-12-01,199,Expired
5253,17069,Basic,2022-05-29,2023-09-07,199,Expired
5254,3945,Premium,2022-08-15,2023-06-11,499,Expired
5255,8469,Basic,2022-08-23,2022-12-04,199,Expired
5256,4309,Premium,2023-02-05,2024-01-27,499,Expired
5257,2920,Premium,2022-09-06,2023-05-22,499,Expired
5258,3502,Premium,2023-04-10,2024-03-17,499,Expired
5259,13873,Fleet,2022-07-22,2022-12-21,999,Expired
5260,4661,Premium,2023-01-12,2024-07-23,499,Expired
5261,13421,Basic,2022-04-19,2022-09-07,199,Expired
5262,17111,Basic,2022-08-02,2023-07-19,199,Cancelled
5263,17491,Basic,2022-10-17,2024-01-19,199,Expired
5264,10802,Basic,2022-08-05,2023-11-08,199,Expired
5265,8531,Premium,2022-11-15,2024-07-23,499,Expired
5266,449,Fleet,2023-03-10,2024-07-13,999,Expired
5267,10318,Premium,2023-01-12,2024-06-01,499,Expired
5268,8624,Basic,2022-05-07,2023-01-02,199,Expired
5269,11256,Basic,2022-07-11,2023-02-17,199,Expired
5270,14929,Premium,2022-07-26,2023-11-25,499,Expired
5271,11097,Premium,2022-08-21,2022-12-31,499,Expired
5272,16665,Premium,2022-07-25,2022-12-16,499,Cancelled
5273,14079,Basic,2022-05-22,2024-03-31,199,Expired
5274,13276,Premium,2023-05-02,2025-04-01,499,Expired
5275,8215,Basic,2022-05-03,2024-03-07,199,Cancelled
5276,5548,Premium,2022-12-02,2023-09-28,499,Expired
5277,1128,Basic,2023-04-06,2024-12-01,199,Expired
5278,17114,Basic,2022-03-14,2022-06-23,199,Expired
5279,4408,Basic,2022-04-28,2023-03-12,199,Expired
5280,1800,Basic,2022-07-30,2023-03-02,199,Expired
5281,6435,Premium,2022-07-08,2024-04-21,499,Expired
5282,18956,Premium,2022-11-11,2023-09-17,499,Expired
5283,7525,Basic,2022-09-18,2023-01-31,199,Expired
5284,19390,Premium,2022-05-14,2023-10-10,499,Expired
5285,10661,Basic,2023-04-09,2024-02-27,199,Expired
5286,5016,Premium,2023-03-30,2024-06-06,499,Expired
5287,6025,Basic,2022-08-04,2023-11-09,199,Expired
5288,12587,Basic,2022-05-05,2023-02-15,199,Cancelled
5289,3442,Premium,2022-08-23,2023-02-18,499,Expired
5290,9086,Fleet,2022-05-16,2023-01-16,999,Expired
5291,13953,Basic,2023-01-25,2024-02-08,199,Expired
5292,13523,Premium,2022-12-31,2024-01-28,499,Expired
5293,4385,Premium,2023-04-06,2024-08-01,499,Expired
5294,4289,Premium,2022-07-03,2023-12-30,499,Expired
5295,13921,Premium,2023-02-15,2023-05-20,499,Expired
5296,11026,Basic,2022-08-29,2023-04-28,199,Expired
5297,14969,Basic,2022-07-27,2023-10-02,199,Expired
5298,11742,Premium,2023-03-27,2024-09-30,499,Cancelled
5299,12114,Basic,2022-06-19,2023-05-18,199,Expired
5300,3261,Basic,2023-03-12,2025-02-28,199,Expired
5301,14975,Premium,2022-11-11,2023-08-16,499,Expired
5302,14765,Basic,2022-12-02,2024-01-11,199,Expired
5303,6481,Premium,2023-04-14,2023-08-06,499,Expired
5304,7576,Basic,2022-10-20,2023-10-21,199,Expired
5305,8689,Basic,2022-05-28,2022-11-25,199,Cancelled
5306,15662,Basic,2023-02-08,2024-06-15,199,Cancelled
5307,5071,Premium,2022-10-06,2024-07-28,499,Expired
5308,10248,Basic,2023-02-25,2024-01-20,199,Expired
5309,2948,Premium,2022-10-27,2023-07-18,499,Expired
5310,2841,Basic,2022-11-16,2023-10-24,199,Expired
5311,8123,Premium,2022-12-26,2024-01-21,499,Expired
5312,11498,Premium,2022-11-07,2024-10-02,499,Expired
5313,8411,Basic,2022-06-19,2022-10-19,199,Expired
5314,178,Premium,2022-10-16,2023-12-15,499,Expired
5315,7817,Fleet,2023-02-05,2024-07-16,999,Expired
5316,12377,Basic,2023-01-15,2023-07-09,199,Expired
5317,14194,Premium,2022-07-02,2023-10-29,499,Expired
5318,11667,Premium,2022-08-15,2023-09-09,499,Expired
5319,8942,Basic,2022-10-31,2023-05-11,199,Expired
5320,4082,Fleet,2022-08-20,2024-01-30,999,Expired
5321,1512,Premium,2022-05-04,2023-09-25,499,Expired
5322,7415,Basic,2022-11-23,2023-10-13,199,Expired
5323,9346,Fleet,2022-09-27,2023-07-27,999,Expired
5324,3943,Basic,2023-02-14,2023-05-18,199,Expired
5325,17632,Basic,2022-03-14,2022-10-11,199,Expired
5326,14347,Premium,2022-12-19,2023-11-23,499,Expired
5327,8486,Basic,2022-05-14,2022-09-07,199,Expired
5328,19274,Premium,2022-09-29,2023-04-29,499,Expired
5329,18345,Basic,2022-12-25,2023-05-09,199,Expired
5330,7556,Basic,2023-01-12,2024-03-21,199,Expired
5331,474,Basic,2022-07-15,2024-04-02,199,Expired
5332,10090,Fleet,2023-02-24,2024-01-27,999,Expired
5333,18849,Fleet,2022-06-04,2023-01-29,999,Cancelled
5334,1847,Basic,2022-07-02,2022-11-01,199,Expired
5335,13173,Premium,2022-10-28,2023-08-18,499,Expired
5336,14843,Basic,2022-12-11,2024-06-16,199,Expired
5337,7657,Basic,2022-07-17,2024-06-19,199,Cancelled
5338,19192,Premium,2022-11-12,2024-03-11,499,Expired
5339,16561,Basic,2023-02-17,2024-03-02,199,Expired
5340,6308,Premium,2022-05-23,2024-03-21,499,Expired
5341,19445,Basic,2022-05-27,2023-12-28,199,Cancelled
5342,1328,Basic,2022-06-25,2023-11-25,199,Expired
5343,6791,Premium,2023-01-26,2023-07-09,499,Expired
5344,3419,Basic,2022-12-27,2024-09-23,199,Cancelled
5345,11258,Basic,2023-05-02,2024-04-07,199,Expired
5346,7039,Basic,2023-03-01,2025-02-27,199,Cancelled
5347,6324,Basic,2022-08-02,2023-10-01,199,Expired
5348,1682,Premium,2022-06-30,2024-01-05,499,Expired
5349,1453,Basic,2022-08-04,2023-06-27,199,Cancelled
5350,776,Basic,2022-12-29,2024-05-29,199,Expired
5351,2110,Fleet,2022-12-29,2023-04-04,999,Expired
5352,11416,Premium,2022-08-30,2023-02-28,499,Expired
5353,15297,Premium,2022-07-25,2023-01-06,499,Expired
5354,10018,Basic,2022-10-01,2023-10-01,199,Expired
5355,1366,Basic,2022-10-31,2023-12-09,199,Cancelled
5356,9911,Basic,2022-05-19,2022-08-20,199,Expired
5357,10159,Basic,2022-12-11,2024-11-18,199,Expired
5358,8145,Basic,2022-06-11,2022-09-26,199,Expired
5359,8058,Fleet,2022-10-22,2023-09-06,999,Expired
5360,8115,Basic,2022-07-19,2024-03-20,199,Expired
5361,12688,Basic,2023-02-09,2025-02-07,199,Cancelled
5362,300,Basic,2022-10-24,2024-01-28,199,Expired
5363,1108,Fleet,2023-02-02,2023-09-14,999,Expired
5364,851,Premium,2022-12-17,2023-11-29,499,Expired
5365,5450,Basic,2022-09-04,2024-02-15,199,Cancelled
5366,8931,Basic,2022-08-10,2023-10-12,199,Expired
5367,7473,Basic,2022-03-31,2023-03-18,199,Expired
5368,7467,Basic,2022-10-19,2024-10-08,199,Expired
5369,2247,Premium,2022-11-11,2024-07-12,499,Expired
5370,16188,Fleet,2023-01-18,2024-01-26,999,Expired
5371,17867,Basic,2022-04-23,2024-02-17,199,Expired
5372,3032,Basic,2022-07-09,2024-05-22,199,Cancelled
5373,1609,Premium,2023-03-02,2024-05-24,499,Expired
5374,9913,Premium,2022-08-31,2023-03-31,499,Expired
5375,5737,Basic,2023-02-03,2023-08-28,199,Expired
5376,9,Basic,2023-05-02,2025-02-28,199,Expired
5377,13181,Basic,2022-10-10,2023-04-23,199,Expired
5378,5972,Basic,2022-09-05,2024-07-04,199,Expired
5379,19084,Basic,2022-09-13,2024-03-13,199,Expired
5380,4041,Premium,2022-12-31,2023-10-17,499,Expired
5381,17902,Basic,2022-08-26,2022-12-16,199,Expired
5382,12554,Basic,2022-07-10,2023-08-03,199,Expired
5383,11520,Basic,2022-08-05,2023-11-15,199,Expired
5384,13190,Premium,2022-09-30,2023-09-10,499,Expired
5385,15629,Basic,2023-01-27,2023-05-25,199,Expired
5386,16259,Premium,2022-10-28,2023-07-09,499,Expired
5387,5102,Basic,2023-01-30,2024-07-05,199,Expired
5388,16278,Basic,2022-12-05,2024-01-29,199,Cancelled
5389,15047,Premium,2022-06-25,2024-04-26,499,Expired
5390,3098,Basic,2022-02-19,2023-10-14,199,Expired
5391,9706,Basic,2022-10-01,2024-06-23,199,Expired
5392,18061,Basic,2022-10-20,2023-03-15,199,Expired
5393,4788,Basic,2022-11-13,2023-10-02,199,Cancelled
5394,13627,Basic,2023-03-10,2023-09-03,199,Cancelled
5395,16787,Basic,2022-07-03,2023-03-27,199,Expired
5396,14912,Premium,2022-05-31,2022-09-08,499,Cancelled
5397,16339,Basic,2022-09-16,2023-01-06,199,Expired
5398,8974,Premium,2022-11-29,2024-02-23,499,Expired
5399,8936,Premium,2022-02-22,2023-10-03,499,Expired
5400,3658,Basic,2022-05-05,2023-03-09,199,Expired
5401,3707,Basic,2022-04-16,2022-11-25,199,Cancelled
5402,1191,Basic,2022-05-14,2024-03-10,199,Expired
5403,11392,Basic,2023-01-16,2024-07-26,199,Expired
5404,18219,Premium,2022-06-04,2023-01-15,499,Cancelled
5405,15313,Basic,2022-09-30,2024-08-25,199,Expired
5406,14143,Basic,2023-03-25,2023-11-17,199,Cancelled
5407,13070,Basic,2022-11-10,2024-04-22,199,Expired
5408,9406,Premium,2022-12-16,2023-07-20,499,Expired
5409,5847,Basic,2023-01-21,2024-10-23,199,Expired
5410,15825,Basic,2022-12-06,2024-11-22,199,Expired
5411,13397,Basic,2022-09-30,2023-08-05,199,Expired
5412,9199,Fleet,2022-06-12,2023-06-07,999,Expired
5413,19543,Premium,2022-03-31,2022-11-05,499,Expired
5414,7727,Premium,2022-07-21,2023-05-06,499,Expired
5415,5736,Basic,2022-08-31,2022-12-18,199,Expired
5416,18434,Fleet,2023-03-28,2025-01-22,999,Expired
5417,6445,Premium,2022-09-10,2023-12-29,499,Expired
5418,10605,Premium,2022-05-14,2023-06-11,499,Expired
5419,10860,Basic,2022-09-30,2024-08-17,199,Expired
5420,13507,Basic,2022-04-18,2022-07-24,199,Expired
5421,5941,Fleet,2023-02-09,2023-11-01,999,Expired
5422,12297,Basic,2022-09-24,2023-08-07,199,Expired
5423,7507,Premium,2022-03-04,2023-09-24,499,Expired
5424,19548,Premium,2022-11-23,2024-01-14,499,Expired
5425,6608,Premium,2022-05-29,2022-12-04,499,Expired
5426,11193,Premium,2022-07-05,2023-01-14,499,Expired
5427,11583,Premium,2022-07-10,2023-07-13,499,Expired
5428,16150,Premium,2022-04-12,2024-03-15,499,Expired
5429,2479,Basic,2023-02-16,2024-03-05,199,Cancelled
5430,8937,Premium,2022-08-24,2023-12-01,499,Expired
5431,13149,Basic,2023-03-30,2024-01-30,199,Expired
5432,18594,Basic,2022-05-01,2022-11-28,199,Cancelled
5433,12701,Basic,2022-08-08,2024-02-09,199,Expired
5434,6581,Fleet,2022-04-03,2023-07-17,999,Expired
5435,1809,Basic,2022-05-04,2023-05-10,199,Expired
5436,7586,Basic,2023-02-18,2023-11-12,199,Expired
5437,15572,Premium,2023-01-18,2023-05-16,499,Expired
5438,16102,Basic,2022-05-31,2024-02-25,199,Expired
5439,264,Basic,2022-08-04,2023-12-12,199,Expired
5440,15819,Basic,2022-07-28,2024-04-26,199,Cancelled
5441,19271,Basic,2023-05-22,2024-03-30,199,Expired
5442,8728,Premium,2022-06-22,2022-10-28,499,Expired
5443,15453,Basic,2023-03-28,2024-06-25,199,Expired
5444,14295,Fleet,2022-10-19,2023-05-18,999,Expired
5445,1572,Basic,2022-04-02,2023-05-01,199,Expired
5446,12379,Premium,2022-04-09,2022-09-19,499,Cancelled
5447,13472,Premium,2022-11-21,2024-05-28,499,Expired
5448,6485,Basic,2022-10-03,2023-01-17,199,Cancelled
5449,12571,Basic,2022-06-22,2022-09-30,199,Expired
5450,10981,Basic,2022-04-15,2023-05-04,199,Expired
5451,19841,Premium,2022-08-26,2024-05-13,499,Expired
5452,14312,Basic,2022-06-04,2023-08-10,199,Cancelled
5453,1371,Premium,2022-06-06,2022-09-12,499,Cancelled
5454,3091,Premium,2023-02-07,2024-12-09,499,Expired
5455,5039,Basic,2023-02-14,2024-07-14,199,Cancelled
5456,14507,Basic,2022-07-16,2023-03-31,199,Expired
5457,12834,Basic,2023-01-26,2024-04-13,199,Expired
5458,15725,Basic,2023-01-05,2024-02-19,199,Expired
5459,15345,Basic,2022-11-11,2024-02-27,199,Cancelled
5460,18492,Premium,2023-02-02,2024-03-07,499,Expired
5461,16591,Basic,2022-05-18,2023-12-02,199,Expired
5462,14959,Basic,2022-07-22,2023-11-15,199,Expired
5463,18374,Premium,2023-03-21,2024-06-09,499,Cancelled
5464,18138,Basic,2023-03-20,2024-02-16,199,Expired
5465,16547,Basic,2023-03-15,2024-11-20,199,Expired
5466,17892,Fleet,2022-08-07,2023-03-12,999,Expired
5467,5550,Premium,2022-12-30,2024-11-03,499,Expired
5468,9144,Fleet,2022-12-03,2024-07-06,999,Expired
5469,14203,Basic,2022-09-29,2023-10-25,199,Expired
5470,13084,Basic,2022-02-19,2023-11-08,199,Expired
5471,14104,Basic,2022-05-05,2023-01-31,199,Expired
5472,10011,Fleet,2023-02-09,2024-12-21,999,Expired
5473,11452,Basic,2022-11-24,2023-10-25,199,Expired
5474,14670,Basic,2022-07-02,2023-04-19,199,Expired
5475,15187,Basic,2022-06-29,2024-03-12,199,Expired
5476,12971,Basic,2022-11-22,2023-12-24,199,Expired
5477,19677,Premium,2022-07-22,2023-08-12,499,Expired
5478,1977,Basic,2023-01-26,2024-03-09,199,Expired
5479,11150,Premium,2022-07-07,2022-10-14,499,Expired
5480,1443,Fleet,2023-03-14,2024-02-05,999,Expired
5481,8675,Basic,2022-11-22,2023-09-16,199,Expired
5482,7511,Basic,2023-01-14,2024-10-20,199,Expired
5483,2310,Premium,2023-04-01,2024-07-14,499,Cancelled
5484,12246,Basic,2023-03-17,2023-08-15,199,Expired
5485,1767,Basic,2022-09-21,2024-05-08,199,Expired
5486,19577,Premium,2022-12-21,2023-07-01,499,Expired
5487,9396,Basic,2023-05-30,2025-01-07,199,Expired
5488,11648,Premium,2023-02-01,2023-07-15,499,Expired
5489,1489,Basic,2022-08-03,2024-03-26,199,Expired
5490,4908,Fleet,2022-08-14,2023-03-17,999,Expired
5491,9647,Basic,2023-02-12,2024-03-07,199,Expired
5492,7883,Basic,2022-11-19,2024-06-01,199,Expired
5493,11897,Premium,2022-05-29,2022-10-06,499,Expired
5494,7347,Basic,2022-09-22,2023-10-15,199,Expired
5495,19789,Premium,2022-04-10,2022-10-26,499,Expired
5496,7388,Basic,2022-12-10,2023-10-08,199,Expired
5497,15174,Basic,2022-07-04,2024-01-05,199,Expired
5498,9214,Basic,2023-01-06,2024-09-25,199,Expired
5499,14404,Basic,2022-10-26,2023-07-03,199,Cancelled
5500,4639,Basic,2022-12-22,2024-11-27,199,Expired
5501,10053,Basic,2023-01-10,2024-06-23,199,Expired
5502,19610,Premium,2022-07-06,2024-07-04,499,Expired
5503,14828,Premium,2022-07-18,2022-10-16,499,Expired
5504,14111,Fleet,2022-10-23,2023-03-10,999,Expired
5505,1656,Basic,2023-01-23,2024-09-22,199,Cancelled
5506,9039,Basic,2022-08-21,2024-07-18,199,Expired
5507,2862,Basic,2022-06-06,2023-04-09,199,Expired
5508,5432,Basic,2022-12-15,2024-03-11,199,Expired
5509,7564,Basic,2022-09-05,2024-03-30,199,Expired
5510,2184,Basic,2022-04-25,2023-06-05,199,Expired
5511,14776,Basic,2022-12-31,2023-10-23,199,Expired
5512,7908,Basic,2023-03-01,2024-08-31,199,Expired
5513,18757,Fleet,2022-10-30,2023-02-18,999,Expired
5514,6548,Basic,2023-03-16,2023-12-01,199,Expired
5515,19703,Fleet,2022-04-20,2023-04-11,999,Expired
5516,16508,Premium,2022-07-18,2023-04-11,499,Expired
5517,13558,Basic,2022-07-16,2023-12-07,199,Expired
5518,4813,Basic,2023-03-12,2024-11-24,199,Expired
5519,2127,Premium,2022-11-24,2023-12-26,499,Expired
5520,15396,Fleet,2022-06-01,2022-11-12,999,Cancelled
5521,15428,Premium,2023-02-01,2023-06-21,499,Expired
5522,1012,Basic,2023-01-17,2024-10-20,199,Expired
5523,8370,Basic,2022-07-18,2024-04-10,199,Expired
5524,2089,Basic,2022-10-29,2024-01-27,199,Expired
5525,14107,Basic,2022-07-14,2022-10-13,199,Expired
5526,982,Basic,2023-01-17,2024-09-06,199,Expired
5527,7160,Basic,2023-02-20,2024-08-14,199,Expired
5528,6452,Basic,2022-12-10,2023-03-27,199,Expired
5529,12640,Basic,2022-09-12,2023-04-30,199,Expired
5530,4835,Basic,2022-02-24,2023-03-21,199,Expired
5531,9673,Premium,2023-01-12,2025-01-06,499,Expired
5532,5268,Premium,2022-10-11,2023-02-20,499,Expired
5533,6111,Basic,2022-04-19,2022-08-11,199,Expired
5534,8343,Basic,2022-09-29,2023-07-26,199,Cancelled
5535,1247,Basic,2023-01-02,2024-01-01,199,Expired
5536,18484,Basic,2022-05-29,2024-03-03,199,Expired
5537,2075,Premium,2023-03-03,2023-12-06,499,Expired
5538,10461,Basic,2022-11-17,2024-02-24,199,Cancelled
5539,7048,Basic,2022-06-13,2023-10-20,199,Expired
5540,19791,Fleet,2022-04-03,2024-02-18,999,Expired
5541,8828,Basic,2022-06-13,2022-11-24,199,Expired
5542,3291,Premium,2022-11-19,2024-11-08,499,Expired
5543,915,Fleet,2023-06-14,2024-01-31,999,Expired
5544,14345,Fleet,2023-04-21,2024-03-19,999,Expired
5545,14947,Fleet,2022-12-29,2024-12-23,999,Cancelled
5546,16393,Premium,2023-01-07,2024-01-29,499,Expired
5547,6390,Basic,2022-10-06,2024-03-26,199,Expired
5548,18830,Basic,2022-12-10,2023-11-09,199,Expired
5549,11744,Premium,2022-07-10,2023-12-01,499,Expired
5550,6495,Basic,2022-12-29,2023-04-11,199,Expired
5551,14519,Basic,2023-04-10,2024-06-05,199,Expired
5552,8409,Premium,2022-11-03,2024-05-23,499,Expired
5553,15193,Premium,2022-07-12,2023-12-08,499,Expired
5554,7946,Premium,2023-05-14,2023-11-04,499,Expired
5555,19862,Basic,2022-08-06,2023-07-25,199,Cancelled
5556,15389,Premium,2022-06-18,2022-12-31,499,Expired
5557,17032,Basic,2022-10-31,2024-09-28,199,Expired
5558,10616,Basic,2022-10-04,2024-09-04,199,Expired
5559,3388,Basic,2023-02-13,2023-09-17,199,Cancelled
5560,16810,Premium,2022-08-21,2024-07-19,499,Expired
5561,18057,Premium,2022-08-31,2023-02-14,499,Expired
5562,15214,Fleet,2022-03-19,2023-08-26,999,Cancelled
5563,17274,Basic,2022-12-15,2023-04-27,199,Expired
5564,3814,Premium,2023-05-03,2024-10-04,499,Expired
5565,797,Premium,2022-04-03,2023-02-15,499,Expired
5566,10217,Basic,2022-09-26,2023-01-07,199,Cancelled
5567,13979,Basic,2022-03-27,2023-02-13,199,Expired
5568,17442,Basic,2022-08-16,2023-05-22,199,Expired
5569,2620,Premium,2022-09-09,2023-08-05,499,Expired
5570,11290,Basic,2022-12-21,2024-06-16,199,Expired
5571,9287,Basic,2023-04-04,2024-01-01,199,Expired
5572,1749,Basic,2022-11-19,2023-08-28,199,Expired
5573,17532,Basic,2022-10-03,2024-04-30,199,Expired
5574,8661,Basic,2022-03-20,2022-09-17,199,Expired
5575,5310,Basic,2023-04-05,2023-08-04,199,Cancelled
5576,1123,Basic,2022-11-26,2024-04-29,199,Expired
5577,3102,Basic,2022-07-15,2022-12-01,199,Expired
5578,85,Basic,2022-09-04,2023-10-29,199,Expired
5579,16017,Basic,2022-03-29,2023-10-03,199,Cancelled
5580,17304,Fleet,2022-06-14,2023-09-17,999,Expired
5581,13567,Premium,2023-03-02,2024-06-26,499,Expired
5582,11584,Basic,2023-04-01,2024-05-06,199,Expired
5583,3100,Fleet,2022-06-05,2023-09-14,999,Expired
5584,9093,Basic,2022-07-02,2023-10-25,199,Expired
5585,9971,Premium,2022-12-14,2023-07-18,499,Cancelled
5586,11569,Basic,2022-08-12,2023-05-15,199,Expired
5587,12619,Premium,2022-06-08,2022-10-12,499,Cancelled
5588,14601,Basic,2022-05-01,2022-11-01,199,Expired
5589,12144,Basic,2022-02-08,2024-01-15,199,Expired
5590,17928,Premium,2022-08-30,2024-05-06,499,Expired
5591,17134,Premium,2023-01-20,2024-02-11,499,Expired
5592,5659,Fleet,2023-01-30,2024-06-07,999,Expired
5593,17283,Basic,2022-12-13,2024-10-21,199,Expired
5594,10812,Premium,2023-03-12,2024-06-15,499,Expired
5595,13406,Premium,2023-02-21,2023-06-23,499,Expired
5596,19857,Basic,2023-01-21,2024-09-18,199,Expired
5597,5119,Basic,2022-07-02,2024-05-30,199,Expired
5598,2232,Premium,2022-07-05,2023-07-27,499,Expired
5599,13555,Basic,2023-01-31,2024-07-08,199,Cancelled
5600,3054,Basic,2022-11-18,2023-02-21,199,Expired
5601,9729,Basic,2022-11-13,2023-05-01,199,Expired
5602,6099,Fleet,2023-02-08,2023-10-02,999,Expired
5603,15983,Premium,2022-05-03,2023-04-04,499,Expired
5604,14464,Basic,2022-10-13,2024-05-03,199,Expired
5605,1593,Basic,2022-07-03,2024-04-02,199,Expired
5606,4851,Basic,2023-01-02,2023-12-31,199,Expired
5607,19566,Premium,2022-05-05,2023-10-28,499,Expired
5608,12816,Basic,2022-07-25,2024-04-01,199,Expired
5609,5690,Basic,2023-01-27,2024-09-11,199,Expired
5610,10599,Basic,2022-08-14,2023-05-30,199,Expired
5611,9567,Fleet,2022-04-24,2022-08-11,999,Expired
5612,3222,Basic,2022-06-08,2024-04-07,199,Expired
5613,14169,Premium,2022-10-23,2023-03-11,499,Expired
5614,8917,Basic,2022-10-31,2024-09-12,199,Expired
5615,3547,Basic,2022-11-07,2023-06-27,199,Expired
5616,13959,Basic,2023-05-17,2023-10-24,199,Expired
5617,2405,Basic,2022-07-02,2022-12-26,199,Expired
5618,19465,Basic,2022-05-25,2022-12-19,199,Cancelled
5619,5712,Premium,2023-05-03,2024-01-13,499,Expired
5620,3370,Fleet,2022-06-20,2023-10-23,999,Cancelled
5621,8011,Basic,2022-06-09,2022-12-19,199,Expired
5622,17381,Basic,2023-04-16,2024-06-02,199,Expired
5623,11675,Fleet,2022-04-30,2023-06-19,999,Expired
5624,17118,Basic,2022-03-05,2024-01-06,199,Expired
5625,15239,Basic,2023-02-01,2023-07-25,199,Expired
5626,14095,Premium,2023-03-14,2024-02-09,499,Cancelled
5627,8611,Fleet,2022-08-25,2023-02-07,999,Expired
5628,13745,Basic,2022-09-14,2023-03-31,199,Cancelled
5629,14269,Basic,2022-12-30,2024-01-10,199,Expired
5630,435,Basic,2022-02-25,2022-06-11,199,Expired
5631,2529,Basic,2022-07-06,2023-05-09,199,Expired
5632,6225,Premium,2022-07-27,2023-08-19,499,Expired
5633,4857,Fleet,2023-01-31,2023-06-23,999,Expired
5634,18529,Fleet,2022-08-01,2024-07-12,999,Expired
5635,19597,Basic,2022-07-07,2022-12-08,199,Expired
5636,11058,Premium,2022-04-15,2023-02-01,499,Expired
5637,2835,Premium,2022-09-25,2024-02-27,499,Expired
5638,2204,Premium,2022-07-07,2023-03-19,499,Expired
5639,3446,Basic,2022-11-26,2023-12-12,199,Expired
5640,5827,Basic,2022-12-07,2023-09-02,199,Expired
5641,18733,Premium,2022-09-26,2024-02-17,499,Expired
5642,510,Basic,2022-04-08,2022-10-19,199,Cancelled
5643,4281,Basic,2023-04-06,2023-07-06,199,Expired
5644,15930,Basic,2022-12-18,2024-02-04,199,Expired
5645,17893,Premium,2022-08-29,2023-11-26,499,Expired
5646,12959,Premium,2022-10-31,2024-10-19,499,Expired
5647,8333,Premium,2022-05-03,2024-02-02,499,Expired
5648,7745,Basic,2023-01-13,2023-08-31,199,Expired
5649,18167,Fleet,2022-06-16,2023-05-01,999,Expired
5650,19356,Basic,2022-10-23,2023-05-30,199,Expired
5651,8915,Premium,2022-07-01,2024-03-18,499,Expired
5652,12957,Basic,2022-08-15,2023-12-08,199,Expired
5653,17487,Basic,2023-03-03,2023-11-08,199,Expired
5654,7303,Premium,2022-06-27,2023-05-04,499,Expired
5655,9416,Premium,2022-07-05,2022-12-09,499,Cancelled
5656,13097,Basic,2022-01-24,2023-09-17,199,Expired
5657,8365,Basic,2022-04-24,2023-03-29,199,Expired
5658,7673,Premium,2022-12-30,2023-10-02,499,Cancelled
5659,13016,Fleet,2023-03-05,2024-01-03,999,Expired
5660,18124,Premium,2022-07-03,2024-03-13,499,Expired
5661,933,Premium,2022-04-08,2023-07-20,499,Expired
5662,13900,Basic,2022-03-05,2023-03-19,199,Cancelled
5663,18190,Basic,2023-02-17,2023-10-12,199,Expired
5664,17528,Basic,2022-12-11,2023-10-03,199,Expired
5665,14058,Basic,2022-04-07,2023-12-27,199,Expired
5666,3686,Premium,2022-03-07,2023-06-26,499,Expired
5667,3485,Basic,2022-09-05,2023-10-15,199,Cancelled
5668,18579,Fleet,2022-04-27,2024-01-23,999,Cancelled
5669,12560,Basic,2023-03-13,2024-09-13,199,Expired
5670,15848,Basic,2022-07-14,2024-02-08,199,Expired
5671,6467,Basic,2022-10-31,2023-11-30,199,Expired
5672,11347,Basic,2022-06-04,2023-02-01,199,Expired
5673,3338,Basic,2022-10-05,2024-07-04,199,Expired
5674,1369,Fleet,2023-02-26,2023-08-28,999,Expired
5675,19226,Fleet,2022-08-28,2023-10-03,999,Expired
5676,9512,Fleet,2022-09-15,2023-09-25,999,Expired
5677,1548,Premium,2022-09-27,2023-01-04,499,Expired
5678,6052,Basic,2022-12-31,2023-11-19,199,Expired
5679,2585,Premium,2022-08-17,2024-04-17,499,Expired
5680,17476,Basic,2023-02-16,2025-01-24,199,Cancelled
5681,19436,Fleet,2022-04-23,2023-04-19,999,Expired
5682,9614,Premium,2022-10-28,2024-08-28,499,Expired
5683,7364,Basic,2023-04-18,2025-01-14,199,Expired
5684,1819,Basic,2022-02-06,2022-08-17,199,Expired
5685,10926,Basic,2022-06-26,2023-07-05,199,Expired
5686,18609,Basic,2022-06-06,2023-08-23,199,Expired
5687,354,Basic,2022-03-26,2022-12-08,199,Expired
5688,9069,Basic,2022-07-18,2023-10-13,199,Cancelled
5689,18948,Basic,2023-02-23,2024-01-26,199,Expired
5690,1083,Basic,2023-04-27,2024-05-28,199,Cancelled
5691,7970,Premium,2022-09-24,2024-01-25,499,Expired
5692,18682,Basic,2022-01-20,2023-08-12,199,Expired
5693,1936,Basic,2022-06-13,2023-02-19,199,Expired
5694,11916,Basic,2022-07-27,2023-01-27,199,Expired
5695,4900,Basic,2022-10-26,2024-05-25,199,Expired
5696,11792,Basic,2022-12-15,2024-10-28,199,Cancelled
5697,5658,Basic,2022-05-17,2022-11-11,199,Cancelled
5698,8767,Basic,2022-11-02,2023-08-21,199,Expired
5699,14710,Basic,2023-02-14,2023-08-26,199,Expired
5700,3992,Basic,2022-06-11,2023-10-09,199,Expired
5701,3448,Basic,2022-09-10,2024-04-20,199,Cancelled
5702,19606,Basic,2022-06-27,2024-02-07,199,Expired
5703,7787,Basic,2022-03-28,2023-01-13,199,Expired
5704,17475,Basic,2022-08-03,2023-08-21,199,Cancelled
5705,8608,Basic,2022-12-16,2023-07-04,199,Cancelled
5706,11702,Basic,2022-08-13,2024-02-17,199,Expired
5707,15768,Premium,2022-12-02,2024-03-26,499,Cancelled
5708,15188,Basic,2022-06-05,2022-10-04,199,Expired
5709,18871,Basic,2022-12-24,2024-05-23,199,Expired
5710,2565,Basic,2022-06-27,2023-01-18,199,Expired
5711,2919,Basic,2022-11-25,2024-11-23,199,Expired
5712,4596,Premium,2022-12-10,2024-11-18,499,Cancelled
5713,5158,Basic,2023-02-13,2024-10-30,199,Expired
5714,5863,Premium,2022-08-15,2023-12-11,499,Expired
5715,17792,Basic,2023-02-04,2024-08-25,199,Cancelled
5716,5322,Basic,2022-10-10,2023-01-20,199,Expired
5717,8201,Basic,2022-02-09,2023-07-19,199,Cancelled
5718,11914,Basic,2023-02-04,2024-04-04,199,Expired
5719,12960,Premium,2022-06-28,2023-08-12,499,Expired
5720,10778,Basic,2022-09-26,2024-05-01,199,Expired
5721,15004,Basic,2022-06-28,2022-10-16,199,Expired
5722,5143,Basic,2023-03-14,2024-02-25,199,Expired
5723,6493,Premium,2022-10-23,2023-06-17,499,Expired
5724,4994,Basic,2022-09-08,2023-08-28,199,Cancelled
5725,5156,Basic,2022-10-31,2023-02-05,199,Expired
5726,14447,Basic,2022-03-17,2023-03-09,199,Cancelled
5727,15493,Fleet,2022-06-08,2022-09-11,999,Expired
5728,2292,Premium,2023-04-21,2024-03-08,499,Expired
5729,13801,Basic,2022-10-16,2024-02-22,199,Expired
5730,11287,Basic,2022-08-24,2023-09-13,199,Cancelled
5731,3604,Basic,2023-03-09,2023-12-18,199,Expired
5732,5095,Fleet,2022-08-28,2023-07-22,999,Expired
5733,7945,Premium,2022-11-09,2024-08-24,499,Expired
5734,8205,Premium,2022-11-07,2023-03-11,499,Expired
5735,14071,Basic,2023-03-16,2023-07-22,199,Cancelled
5736,14674,Basic,2023-01-28,2023-11-06,199,Cancelled
5737,13897,Basic,2022-06-07,2023-09-02,199,Expired
5738,1660,Basic,2023-01-16,2024-02-28,199,Expired
5739,10575,Basic,2022-01-22,2023-05-30,199,Expired
5740,11467,Basic,2023-01-13,2024-04-03,199,Expired
5741,19595,Premium,2022-10-30,2024-06-09,499,Expired
5742,843,Premium,2022-03-23,2022-12-09,499,Expired
5743,2978,Basic,2022-04-30,2022-10-22,199,Expired
5744,4027,Premium,2022-09-15,2024-08-03,499,Cancelled
5745,17883,Fleet,2023-01-26,2024-02-09,999,Expired
5746,5749,Basic,2022-10-10,2023-01-21,199,Expired
5747,2092,Basic,2022-05-21,2023-06-14,199,Cancelled
5748,6754,Premium,2023-03-06,2024-09-04,499,Cancelled
5749,7616,Premium,2022-09-28,2023-10-07,499,Expired
5750,3064,Premium,2022-10-24,2024-04-22,499,Expired
5751,12576,Basic,2022-10-14,2023-02-08,199,Cancelled
5752,6779,Basic,2022-05-24,2023-12-13,199,Expired
5753,9906,Basic,2022-12-21,2024-07-31,199,Cancelled
5754,19927,Basic,2023-01-02,2024-04-12,199,Expired
5755,10701,Basic,2023-03-01,2024-12-15,199,Expired
5756,19967,Premium,2022-11-06,2024-02-27,499,Expired
5757,2634,Fleet,2022-10-19,2024-06-13,999,Expired
5758,15539,Basic,2022-10-30,2024-05-20,199,Expired
5759,9635,Premium,2023-02-24,2023-07-01,499,Expired
5760,7218,Premium,2022-08-07,2024-07-18,499,Cancelled
5761,7406,Premium,2022-05-28,2023-07-08,499,Expired
5762,14692,Basic,2022-10-25,2023-03-10,199,Cancelled
5763,4101,Premium,2022-03-14,2023-01-29,499,Expired
5764,1237,Basic,2022-09-28,2024-01-18,199,Expired
5765,2901,Fleet,2022-12-04,2023-03-07,999,Expired
5766,15859,Basic,2022-10-09,2023-12-06,199,Expired
5767,18378,Basic,2022-10-03,2023-10-16,199,Expired
5768,15,Basic,2022-08-08,2023-06-10,199,Expired
5769,5653,Premium,2022-09-16,2023-11-26,499,Expired
5770,4779,Basic,2022-08-07,2023-12-31,199,Expired
5771,2793,Premium,2022-10-01,2024-04-24,499,Expired
5772,2928,Basic,2023-05-24,2023-11-30,199,Expired
5773,11318,Basic,2022-04-08,2023-07-10,199,Expired
5774,6552,Fleet,2022-08-16,2023-04-20,999,Expired
5775,9314,Basic,2022-07-04,2023-09-30,199,Expired
5776,6507,Basic,2022-05-25,2023-04-26,199,Expired
5777,6951,Premium,2022-11-30,2023-11-02,499,Expired
5778,16318,Premium,2023-02-28,2024-08-05,499,Cancelled
5779,18233,Basic,2022-08-14,2023-03-17,199,Cancelled
5780,18419,Basic,2022-11-22,2024-05-05,199,Expired
5781,13009,Basic,2023-01-13,2023-08-22,199,Cancelled
5782,2607,Basic,2022-09-30,2024-07-13,199,Expired
5783,2859,Basic,2022-07-13,2024-02-14,199,Expired
5784,6845,Basic,2022-05-12,2024-04-22,199,Expired
5785,17161,Basic,2023-03-12,2024-02-07,199,Cancelled
5786,16791,Premium,2022-12-19,2023-11-11,499,Expired
5787,6,Premium,2023-03-07,2024-05-26,499,Expired
5788,16324,Premium,2022-11-20,2023-06-07,499,Expired
5789,5013,Premium,2023-01-25,2023-06-08,499,Cancelled
5790,11421,Basic,2022-08-15,2024-05-18,199,Expired
5791,18915,Basic,2022-04-01,2022-07-18,199,Expired
5792,7154,Fleet,2022-08-23,2024-03-26,999,Expired
5793,10903,Basic,2023-06-07,2025-01-19,199,Cancelled
5794,19210,Basic,2022-07-17,2022-11-08,199,Expired
5795,17124,Premium,2022-10-19,2024-01-19,499,Expired
5796,19444,Basic,2023-01-05,2024-10-31,199,Expired
5797,7917,Basic,2022-05-20,2022-11-30,199,Expired
5798,14705,Premium,2022-11-24,2024-09-01,499,Expired
5799,11325,Basic,2023-04-14,2024-06-19,199,Expired
5800,17915,Basic,2022-07-14,2023-01-06,199,Expired
5801,3363,Basic,2022-07-11,2023-07-08,199,Expired
5802,12466,Basic,2022-08-27,2023-08-05,199,Expired
5803,1939,Basic,2022-05-03,2023-01-21,199,Expired
5804,7902,Basic,2022-08-17,2023-09-04,199,Cancelled
5805,16769,Basic,2022-06-15,2022-09-29,199,Expired
5806,5849,Basic,2022-11-02,2023-12-04,199,Expired
5807,4871,Fleet,2022-09-30,2023-01-11,999,Expired
5808,3878,Premium,2023-01-18,2023-10-30,499,Expired
5809,11108,Premium,2022-05-22,2023-03-20,499,Expired
5810,16554,Basic,2022-12-24,2023-09-30,199,Expired
5811,12404,Premium,2023-02-18,2024-04-22,499,Expired
5812,2885,Premium,2022-05-12,2023-12-28,499,Expired
5813,3715,Basic,2022-03-16,2023-07-29,199,Expired
5814,14508,Fleet,2023-01-02,2023-08-18,999,Expired
5815,3481,Fleet,2023-01-27,2024-12-20,999,Expired
5816,10632,Basic,2023-01-06,2023-11-02,199,Expired
5817,5070,Basic,2022-12-06,2023-07-28,199,Expired
5818,17250,Premium,2022-10-10,2024-04-18,499,Cancelled
5819,3028,Basic,2022-03-24,2023-09-21,199,Expired
5820,15183,Basic,2022-08-03,2024-02-24,199,Expired
5821,13357,Basic,2022-08-21,2023-12-15,199,Expired
5822,9984,Basic,2022-11-08,2023-09-04,199,Expired
5823,14274,Basic,2022-04-22,2022-11-22,199,Expired
5824,10134,Basic,2022-04-30,2023-09-13,199,Expired
5825,10317,Premium,2022-11-10,2023-12-28,499,Expired
5826,6098,Premium,2022-02-25,2023-03-01,499,Cancelled
5827,5466,Premium,2023-03-08,2023-09-02,499,Cancelled
5828,7614,Basic,2022-01-21,2023-04-19,199,Expired
5829,4706,Fleet,2022-06-03,2023-01-22,999,Expired
5830,12588,Premium,2022-08-16,2023-04-16,499,Expired
5831,6490,Premium,2022-08-05,2023-05-13,499,Expired
5832,569,Basic,2022-11-11,2024-04-06,199,Expired
5833,18328,Basic,2022-06-19,2024-04-21,199,Cancelled
5834,17095,Basic,2023-03-27,2024-04-21,199,Expired
5835,5888,Basic,2022-09-26,2024-03-22,199,Expired
5836,15056,Basic,2022-06-30,2023-03-15,199,Expired
5837,17720,Basic,2022-03-03,2023-12-14,199,Cancelled
5838,14265,Basic,2022-12-12,2024-11-05,199,Expired
5839,13312,Premium,2022-07-25,2023-11-18,499,Expired
5840,16374,Premium,2023-02-27,2024-03-15,499,Cancelled
5841,4716,Fleet,2022-08-28,2023-04-10,999,Expired
5842,11888,Fleet,2023-01-24,2024-04-26,999,Cancelled
5843,10243,Premium,2022-05-05,2024-04-16,499,Expired
5844,2334,Basic,2022-05-10,2023-08-06,199,Expired
5845,2456,Basic,2022-08-11,2023-12-02,199,Expired
5846,19468,Premium,2022-11-16,2024-11-06,499,Expired
5847,10403,Basic,2022-07-30,2024-01-07,199,Expired
5848,19053,Basic,2022-07-15,2023-06-10,199,Expired
5849,2526,Fleet,2023-03-17,2023-10-26,999,Expired
5850,1685,Premium,2022-04-21,2022-11-20,499,Expired
5851,9225,Basic,2022-04-16,2022-11-21,199,Cancelled
5852,10920,Basic,2023-01-31,2023-11-17,199,Expired
5853,5497,Premium,2022-05-15,2024-01-07,499,Expired
5854,5536,Fleet,2022-10-16,2024-02-11,999,Expired
5855,13698,Basic,2023-05-25,2024-11-17,199,Expired
5856,4455,Premium,2023-05-19,2024-12-29,499,Expired
5857,15554,Basic,2022-04-20,2024-02-29,199,Cancelled
5858,9211,Basic,2022-06-22,2024-01-02,199,Expired
5859,11522,Basic,2023-04-11,2023-10-07,199,Expired
5860,8560,Basic,2022-12-20,2024-03-12,199,Expired
5861,19586,Premium,2023-01-11,2024-02-11,499,Expired
5862,18596,Fleet,2022-04-06,2023-08-25,999,Expired
5863,14611,Basic,2023-01-21,2024-03-30,199,Expired
5864,2614,Basic,2022-10-10,2024-05-21,199,Cancelled
5865,10301,Basic,2022-05-17,2023-07-13,199,Cancelled
5866,9877,Basic,2022-12-31,2024-12-14,199,Expired
5867,13092,Premium,2023-02-07,2025-01-02,499,Expired
5868,5365,Basic,2022-10-26,2024-05-06,199,Cancelled
5869,11779,Fleet,2022-05-28,2023-09-29,999,Expired
5870,1992,Premium,2022-06-08,2023-08-23,499,Expired
5871,19220,Premium,2022-06-14,2023-04-20,499,Expired
5872,3947,Basic,2022-09-29,2024-03-03,199,Expired
5873,1576,Premium,2022-11-26,2024-06-27,499,Expired
5874,1584,Basic,2022-07-04,2024-05-25,199,Expired
5875,1521,Premium,2022-06-28,2023-10-16,499,Expired
5876,12042,Premium,2023-04-07,2024-04-27,499,Expired
5877,1618,Fleet,2022-09-25,2023-01-27,999,Cancelled
5878,492,Basic,2022-04-29,2023-05-13,199,Expired
5879,3930,Fleet,2022-04-15,2023-11-20,999,Expired
5880,14041,Premium,2022-12-24,2023-03-30,499,Expired
5881,8263,Premium,2022-01-21,2023-12-25,499,Expired
5882,4447,Basic,2022-09-22,2023-05-26,199,Expired
5883,1331,Basic,2022-10-29,2024-09-06,199,Expired
5884,5417,Basic,2022-09-27,2023-02-12,199,Expired
5885,8592,Basic,2022-09-11,2024-04-18,199,Expired
5886,6078,Premium,2022-04-11,2023-04-16,499,Cancelled
5887,15978,Fleet,2022-04-29,2024-01-25,999,Expired
5888,10822,Premium,2022-07-28,2023-08-06,499,Cancelled
5889,5059,Basic,2022-05-21,2022-11-06,199,Expired
5890,3583,Basic,2022-12-10,2023-04-30,199,Expired
5891,6393,Basic,2022-09-16,2023-06-04,199,Expired
5892,18920,Basic,2022-10-06,2024-04-23,199,Expired
5893,18989,Premium,2022-09-23,2024-05-24,499,Expired
5894,2319,Basic,2022-11-16,2024-10-05,199,Cancelled
5895,16529,Basic,2022-10-30,2024-03-03,199,Cancelled
5896,406,Basic,2023-02-04,2023-12-22,199,Expired
5897,220,Basic,2023-03-31,2024-06-16,199,Expired
5898,4124,Basic,2022-03-30,2022-11-24,199,Expired
5899,17837,Premium,2023-01-09,2024-01-15,499,Expired
5900,9718,Basic,2022-05-30,2023-08-30,199,Expired
5901,15580,Premium,2022-05-23,2022-12-29,499,Expired
5902,16699,Basic,2022-04-09,2022-12-17,199,Expired
5903,2038,Basic,2022-01-15,2023-05-05,199,Expired
5904,1023,Premium,2022-11-20,2024-02-21,499,Expired
5905,11977,Premium,2022-07-01,2023-08-27,499,Cancelled
5906,15376,Fleet,2022-07-12,2024-04-07,999,Expired
5907,10877,Basic,2022-02-06,2023-03-03,199,Expired
5908,267,Basic,2023-04-22,2025-03-29,199,Expired
5909,10435,Basic,2022-09-12,2023-09-06,199,Expired
5910,11093,Premium,2023-03-11,2023-07-17,499,Expired
5911,10782,Basic,2023-05-11,2024-03-28,199,Expired
5912,3828,Basic,2022-03-30,2023-05-27,199,Expired
5913,18363,Basic,2023-01-14,2025-01-08,199,Expired
5914,6181,Premium,2022-03-07,2022-06-09,499,Cancelled
5915,9071,Basic,2023-02-20,2023-08-04,199,Expired
5916,11975,Basic,2022-09-09,2023-11-28,199,Expired
5917,2743,Basic,2023-05-06,2024-07-19,199,Expired
5918,4666,Premium,2022-03-22,2023-09-24,499,Expired
5919,15857,Premium,2022-06-24,2023-01-11,499,Expired
5920,1264,Fleet,2023-04-05,2023-12-03,999,Expired
5921,13552,Premium,2023-03-10,2024-12-12,499,Cancelled
5922,3585,Fleet,2023-01-14,2023-04-29,999,Cancelled
5923,8914,Premium,2022-12-24,2024-01-24,499,Expired
5924,7956,Premium,2022-10-15,2023-02-10,499,Expired
5925,18249,Basic,2023-04-12,2025-03-29,199,Expired
5926,15599,Premium,2022-06-04,2023-12-15,499,Expired
5927,4763,Basic,2022-06-27,2023-03-06,199,Expired
5928,10888,Basic,2022-06-02,2023-09-08,199,Expired
5929,1669,Basic,2022-06-25,2024-03-10,199,Expired
5930,14964,Premium,2022-09-10,2024-08-06,499,Expired
5931,16653,Basic,2023-03-27,2023-11-25,199,Expired
5932,16717,Fleet,2022-12-26,2024-02-08,999,Expired
5933,16578,Basic,2022-12-16,2023-09-24,199,Expired
5934,15478,Premium,2023-01-02,2024-04-09,499,Expired
5935,16480,Basic,2022-09-29,2024-03-03,199,Expired
5936,16785,Premium,2022-11-19,2024-08-11,499,Expired
5937,7559,Basic,2022-10-02,2023-07-06,199,Expired
5938,12780,Premium,2023-01-02,2023-07-08,499,Expired
5939,3834,Basic,2023-02-03,2023-06-25,199,Expired
5940,7049,Basic,2022-10-31,2023-05-04,199,Cancelled
5941,10263,Fleet,2023-02-05,2024-12-01,999,Expired
5942,4709,Premium,2022-10-08,2023-06-03,499,Expired
5943,19285,Basic,2022-09-06,2023-06-12,199,Expired
5944,8575,Basic,2022-09-24,2024-01-26,199,Expired
5945,5441,Premium,2023-03-20,2023-11-14,499,Expired
5946,8764,Basic,2022-12-29,2023-06-12,199,Expired
5947,5964,Premium,2022-09-21,2023-06-12,499,Expired
5948,19132,Premium,2022-06-08,2023-10-20,499,Expired
5949,16096,Fleet,2022-06-29,2023-04-02,999,Expired
5950,8952,Premium,2022-04-15,2023-01-14,499,Expired
5951,17009,Basic,2022-08-07,2023-12-27,199,Expired
5952,14769,Premium,2022-11-21,2024-04-01,499,Expired
5953,759,Basic,2023-01-04,2023-12-01,199,Cancelled
5954,11418,Premium,2023-01-03,2023-04-07,499,Expired
5955,7308,Basic,2023-01-05,2024-02-02,199,Expired
5956,15179,Premium,2023-01-05,2024-04-12,499,Cancelled
5957,13039,Premium,2023-01-07,2024-09-29,499,Expired
5958,3593,Premium,2022-05-16,2024-03-03,499,Expired
5959,14346,Basic,2022-08-19,2023-12-26,199,Cancelled
5960,14564,Basic,2022-06-03,2023-05-17,199,Expired
5961,12051,Basic,2022-04-24,2023-09-25,199,Expired
5962,16873,Basic,2022-07-06,2024-05-14,199,Cancelled
5963,14268,Basic,2022-07-29,2024-06-20,199,Expired
5964,5089,Premium,2022-08-04,2022-12-16,499,Expired
5965,19817,Fleet,2023-02-21,2023-11-08,999,Expired
5966,5618,Basic,2022-09-09,2023-12-30,199,Expired
5967,7552,Basic,2022-03-28,2024-03-09,199,Expired
5968,896,Premium,2022-11-29,2024-01-15,499,Expired
5969,19042,Premium,2022-05-17,2023-01-12,499,Expired
5970,8668,Premium,2023-04-08,2025-03-13,499,Expired
5971,19991,Fleet,2023-03-07,2024-08-17,999,Expired
5972,1226,Basic,2022-02-03,2023-11-06,199,Expired
5973,16191,Basic,2022-07-28,2024-03-21,199,Cancelled
5974,18455,Basic,2023-02-09,2024-12-28,199,Expired
5975,3334,Basic,2022-07-29,2023-06-16,199,Expired
5976,4755,Premium,2022-07-03,2023-05-28,499,Expired
5977,3620,Premium,2022-08-05,2024-06-09,499,Expired
5978,13434,Fleet,2023-01-27,2024-03-31,999,Cancelled
5979,16485,Premium,2022-12-31,2024-12-20,499,Expired
5980,11834,Basic,2023-03-26,2024-06-12,199,Expired
5981,10985,Basic,2022-07-26,2022-12-07,199,Expired
5982,6527,Fleet,2022-08-27,2023-12-11,999,Expired
5983,14182,Premium,2022-09-29,2024-09-03,499,Cancelled
5984,4861,Basic,2023-05-20,2024-06-03,199,Expired
5985,18141,Premium,2022-05-05,2023-08-14,499,Cancelled
5986,19655,Premium,2023-03-03,2023-08-29,499,Expired
5987,8391,Basic,2022-06-25,2023-06-14,199,Expired
5988,2223,Premium,2023-05-08,2025-01-28,499,Expired
5989,4680,Premium,2022-08-05,2023-01-04,499,Expired
5990,8487,Basic,2022-07-11,2024-05-05,199,Expired
5991,3797,Fleet,2023-05-22,2024-01-11,999,Expired
5992,2228,Premium,2022-09-28,2023-04-01,499,Expired
5993,15388,Premium,2022-02-24,2022-09-09,499,Expired
5994,946,Premium,2023-03-14,2024-02-03,499,Expired
5995,1275,Basic,2023-05-11,2024-03-28,199,Expired
5996,4465,Basic,2022-09-09,2023-10-22,199,Expired
5997,15657,Fleet,2022-07-20,2023-07-20,999,Expired
5998,19147,Basic,2022-06-12,2024-04-21,199,Expired
5999,10568,Basic,2022-08-27,2024-01-31,199,Expired
6000,9166,Fleet,2022-07-31,2023-11-27,999,Expired
6001,17219,Basic,2022-11-23,2024-04-10,199,Expired
6002,15189,Basic,2022-11-09,2023-03-11,199,Expired
6003,11296,Fleet,2023-01-18,2024-06-11,999,Expired
6004,19773,Basic,2022-06-16,2023-03-05,199,Expired
6005,13073,Premium,2022-10-16,2024-06-10,499,Expired
6006,19922,Basic,2022-10-05,2023-11-27,199,Expired
6007,6650,Basic,2022-10-22,2023-05-19,199,Expired
6008,11582,Basic,2023-02-26,2024-07-15,199,Expired
6009,8077,Premium,2022-06-28,2024-03-08,499,Expired
6010,10912,Premium,2022-10-02,2024-04-26,499,Expired
6011,2789,Premium,2023-02-26,2023-11-10,499,Expired
6012,4902,Basic,2022-09-09,2023-09-13,199,Cancelled
6013,1181,Premium,2023-03-04,2024-06-29,499,Expired
6014,9263,Premium,2022-11-15,2023-06-09,499,Expired
6015,16778,Basic,2022-08-29,2024-07-13,199,Expired
6016,6498,Basic,2022-06-19,2022-11-26,199,Expired
6017,6888,Premium,2022-07-12,2023-08-19,499,Expired
6018,5423,Basic,2023-01-21,2023-08-06,199,Cancelled
6019,3494,Basic,2022-04-25,2022-12-31,199,Expired
6020,12464,Fleet,2023-03-16,2024-02-29,999,Expired
6021,1460,Premium,2022-05-17,2023-01-04,499,Expired
6022,6456,Basic,2023-03-29,2025-02-20,199,Expired
6023,7248,Premium,2022-02-16,2023-04-28,499,Expired
6024,5359,Fleet,2022-09-29,2023-04-30,999,Expired
6025,15422,Premium,2023-01-14,2023-08-29,499,Expired
6026,17682,Premium,2022-08-19,2022-12-28,499,Expired
6027,6701,Fleet,2022-10-21,2024-05-20,999,Expired
6028,11153,Basic,2022-03-24,2024-01-14,199,Expired
6029,12845,Basic,2022-04-22,2023-06-01,199,Cancelled
6030,12632,Premium,2022-06-21,2023-05-24,499,Expired
6031,1587,Basic,2023-05-09,2023-12-27,199,Expired
6032,1396,Premium,2022-09-12,2023-05-01,499,Expired
6033,17850,Basic,2023-01-29,2023-12-16,199,Expired
6034,9869,Basic,2022-12-07,2024-07-29,199,Cancelled
6035,3890,Basic,2022-08-07,2024-07-24,199,Cancelled
6036,19075,Basic,2022-11-15,2024-08-18,199,Expired
6037,18796,Premium,2022-12-21,2024-02-02,499,Expired
6038,13784,Basic,2022-09-03,2024-04-07,199,Expired
6039,5621,Premium,2023-05-11,2023-09-20,499,Cancelled
6040,14908,Basic,2022-07-23,2023-04-15,199,Expired
6041,4852,Basic,2023-02-18,2024-10-02,199,Cancelled
6042,11500,Fleet,2022-10-02,2023-01-28,999,Expired
6043,19343,Basic,2022-10-09,2023-08-11,199,Expired
6044,15565,Premium,2022-08-10,2023-10-14,499,Expired
6045,14671,Basic,2023-01-10,2023-04-16,199,Expired
6046,18243,Basic,2022-06-04,2022-10-17,199,Expired
6047,4850,Basic,2023-01-27,2024-04-03,199,Expired
6048,3300,Basic,2022-12-03,2023-12-16,199,Expired
6049,11308,Basic,2022-07-17,2023-11-19,199,Expired
6050,15981,Premium,2022-11-29,2023-05-06,499,Expired
6051,7331,Basic,2022-06-02,2024-04-14,199,Expired
6052,9103,Basic,2022-06-12,2023-02-14,199,Expired
6053,12531,Basic,2022-09-25,2023-06-06,199,Expired
6054,13834,Premium,2022-06-22,2023-11-26,499,Expired
6055,3033,Premium,2022-09-21,2023-09-06,499,Expired
6056,3904,Premium,2022-11-29,2024-09-20,499,Expired
6057,2095,Basic,2022-03-01,2024-02-19,199,Expired
6058,4470,Basic,2023-04-25,2024-02-26,199,Expired
6059,2183,Basic,2022-12-09,2023-11-20,199,Expired
6060,15969,Basic,2022-05-18,2023-01-11,199,Expired
6061,4460,Basic,2022-11-08,2024-03-28,199,Expired
6062,18752,Basic,2022-12-12,2024-09-29,199,Cancelled
6063,7734,Basic,2023-01-09,2023-08-02,199,Expired
6064,15457,Premium,2022-04-30,2023-02-27,499,Expired
6065,1830,Premium,2022-04-14,2023-04-01,499,Cancelled
6066,9062,Basic,2022-09-01,2023-08-15,199,Expired
6067,18961,Basic,2022-08-01,2024-02-06,199,Expired
6068,4786,Premium,2022-06-15,2023-06-16,499,Cancelled
6069,18550,Premium,2022-06-05,2022-10-11,499,Expired
6070,6067,Premium,2023-02-09,2023-11-04,499,Cancelled
6071,7947,Premium,2023-01-30,2023-08-17,499,Expired
6072,2246,Basic,2023-01-18,2023-04-30,199,Expired
6073,1485,Basic,2022-08-24,2023-06-24,199,Cancelled
6074,4546,Premium,2022-05-20,2023-04-27,499,Expired
6075,18595,Basic,2022-06-28,2023-06-22,199,Cancelled
6076,18646,Fleet,2022-05-02,2023-02-27,999,Expired
6077,3648,Premium,2022-11-15,2024-03-05,499,Expired
6078,4930,Premium,2023-05-13,2024-12-30,499,Expired
6079,5505,Basic,2022-09-30,2024-09-13,199,Expired
6080,11898,Premium,2022-09-02,2023-02-24,499,Expired
6081,12586,Premium,2022-08-01,2022-12-30,499,Expired
6082,12958,Basic,2022-01-03,2022-11-26,199,Expired
6083,3832,Basic,2022-09-13,2024-02-15,199,Expired
6084,12600,Fleet,2023-03-19,2024-12-18,999,Expired
6085,16762,Premium,2022-07-10,2024-04-13,499,Expired
6086,6715,Basic,2022-07-31,2023-01-30,199,Expired
6087,14523,Fleet,2023-05-25,2025-05-17,999,Expired
6088,6984,Basic,2022-11-29,2023-11-01,199,Expired
6089,15529,Premium,2023-04-08,2025-02-17,499,Expired
6090,4916,Basic,2022-07-26,2024-07-03,199,Expired
6091,12553,Basic,2023-01-08,2023-07-10,199,Expired
6092,19486,Basic,2022-07-08,2022-11-25,199,Expired
6093,16677,Premium,2022-08-25,2023-09-06,499,Expired
6094,7279,Basic,2022-02-27,2022-10-19,199,Expired
6095,9646,Premium,2023-04-11,2023-12-07,499,Expired
6096,469,Basic,2022-12-05,2024-05-06,199,Expired
6097,28,Basic,2022-11-06,2024-03-05,199,Expired
6098,13997,Basic,2023-02-04,2023-11-27,199,Expired
6099,16226,Premium,2022-10-15,2023-08-10,499,Expired
6100,4148,Fleet,2022-09-27,2024-03-20,999,Expired
6101,18616,Premium,2022-08-20,2024-02-26,499,Cancelled
6102,806,Fleet,2023-01-05,2024-04-06,999,Expired
6103,17005,Basic,2023-02-15,2024-09-04,199,Expired
6104,11553,Basic,2022-10-09,2023-07-26,199,Expired
6105,14749,Premium,2022-06-04,2022-10-29,499,Expired
6106,12137,Basic,2022-07-23,2022-11-30,199,Expired
6107,7542,Premium,2023-04-09,2023-12-03,499,Expired
6108,17986,Basic,2022-09-10,2023-12-15,199,Expired
6109,1144,Basic,2022-11-09,2024-02-29,199,Expired
6110,10158,Premium,2022-05-22,2023-03-18,499,Cancelled
6111,2738,Basic,2022-10-24,2024-06-26,199,Expired
6112,14068,Basic,2022-03-28,2023-06-18,199,Cancelled
6113,16630,Basic,2022-05-14,2023-03-04,199,Expired
6114,7101,Premium,2023-01-01,2023-10-23,499,Expired
6115,12901,Premium,2022-07-07,2024-02-29,499,Cancelled
6116,8020,Premium,2022-05-20,2024-01-25,499,Expired
6117,6751,Basic,2023-01-25,2023-06-08,199,Cancelled
6118,8903,Premium,2022-06-12,2023-03-13,499,Cancelled
6119,8493,Basic,2022-08-15,2023-11-28,199,Expired
6120,7750,Premium,2022-08-31,2023-04-19,499,Expired
6121,13912,Basic,2022-03-04,2023-04-21,199,Expired
6122,15334,Fleet,2022-12-31,2023-04-04,999,Expired
6123,7153,Fleet,2022-06-24,2023-01-20,999,Expired
6124,16512,Basic,2022-08-16,2024-02-10,199,Expired
6125,3743,Basic,2022-07-28,2022-11-18,199,Cancelled
6126,84,Basic,2022-10-20,2024-01-04,199,Expired
6127,17151,Basic,2022-07-12,2023-09-22,199,Expired
6128,926,Basic,2022-09-11,2022-12-28,199,Expired
6129,15311,Premium,2022-07-08,2023-09-07,499,Expired
6130,12228,Basic,2022-09-06,2022-12-15,199,Expired
6131,10270,Premium,2023-02-23,2025-01-14,499,Expired
6132,16079,Basic,2022-05-19,2023-09-07,199,Expired
6133,8871,Basic,2022-05-14,2023-06-22,199,Expired
6134,14118,Fleet,2022-07-19,2024-03-22,999,Expired
6135,14339,Premium,2022-10-04,2023-08-10,499,Expired
6136,16698,Premium,2022-12-07,2023-05-12,499,Cancelled
6137,2537,Premium,2022-07-17,2023-12-14,499,Expired
6138,8693,Basic,2022-08-31,2024-03-31,199,Expired
6139,16208,Premium,2022-07-06,2022-11-24,499,Expired
6140,8640,Basic,2022-11-17,2024-01-26,199,Expired
6141,8038,Basic,2022-09-24,2023-05-17,199,Expired
6142,16038,Basic,2022-06-27,2022-11-17,199,Expired
6143,17965,Basic,2022-02-17,2023-02-07,199,Expired
6144,13213,Basic,2022-10-15,2023-05-28,199,Expired
6145,2799,Basic,2022-05-09,2024-04-10,199,Expired
6146,11661,Fleet,2022-04-29,2023-01-14,999,Expired
6147,18665,Premium,2023-03-09,2024-06-16,499,Expired
6148,16834,Basic,2022-10-26,2024-08-10,199,Expired
6149,19023,Basic,2022-10-01,2023-12-02,199,Cancelled
6150,7069,Basic,2022-08-11,2023-11-02,199,Expired
6151,16277,Fleet,2022-07-17,2023-03-19,999,Expired
6152,9893,Basic,2022-12-31,2024-03-20,199,Expired
6153,5596,Basic,2022-04-10,2024-03-21,199,Expired
6154,11656,Basic,2022-07-27,2024-03-08,199,Expired
6155,2325,Basic,2022-01-18,2022-10-31,199,Cancelled
6156,11771,Basic,2022-05-08,2023-08-17,199,Cancelled
6157,11769,Basic,2023-04-19,2025-02-01,199,Expired
6158,4864,Fleet,2023-01-05,2024-11-05,999,Expired
6159,10337,Premium,2022-05-02,2022-10-19,499,Expired
6160,8230,Basic,2023-04-14,2024-06-05,199,Expired
6161,11397,Basic,2022-03-06,2023-12-17,199,Expired
6162,5442,Basic,2022-11-15,2023-12-08,199,Cancelled
6163,17123,Basic,2022-07-26,2023-08-11,199,Expired
6164,6253,Fleet,2022-08-25,2024-04-21,999,Expired
6165,5342,Premium,2022-10-19,2023-07-20,499,Expired
6166,3731,Premium,2022-07-27,2022-12-15,499,Expired
6167,8867,Basic,2022-11-18,2023-05-12,199,Expired
6168,11969,Premium,2022-06-18,2024-03-10,499,Cancelled
6169,8268,Premium,2022-10-24,2023-04-16,499,Expired
6170,15620,Basic,2022-11-01,2023-09-08,199,Expired
6171,13739,Premium,2023-03-19,2023-07-24,499,Expired
6172,10899,Premium,2022-08-30,2023-03-05,499,Expired
6173,8035,Premium,2022-05-23,2023-06-07,499,Expired
6174,6825,Premium,2022-12-12,2023-07-12,499,Expired
6175,17953,Basic,2022-05-20,2022-11-11,199,Cancelled
6176,12795,Premium,2022-10-25,2024-10-13,499,Expired
6177,18019,Basic,2022-12-28,2024-12-16,199,Expired
6178,11027,Basic,2023-03-26,2025-01-01,199,Expired
6179,4503,Fleet,2022-04-23,2023-03-18,999,Expired
6180,3981,Basic,2022-02-26,2022-09-16,199,Expired
6181,9533,Basic,2023-03-26,2024-10-16,199,Expired
6182,14571,Premium,2022-07-31,2023-07-15,499,Expired
6183,2164,Premium,2022-10-29,2024-07-28,499,Cancelled
6184,12440,Basic,2022-09-29,2024-03-04,199,Expired
6185,2897,Basic,2023-01-24,2023-11-13,199,Expired
6186,18377,Basic,2022-12-24,2023-11-25,199,Expired
6187,16756,Basic,2022-07-02,2023-01-18,199,Expired
6188,15165,Basic,2022-08-16,2023-08-02,199,Expired
6189,10369,Premium,2022-04-20,2022-08-05,499,Expired
6190,19117,Basic,2022-09-25,2023-04-01,199,Expired
6191,13821,Basic,2023-02-09,2023-12-06,199,Cancelled
6192,12728,Fleet,2022-08-12,2023-07-06,999,Expired
6193,876,Premium,2022-10-31,2024-05-19,499,Expired
6194,15048,Basic,2023-02-17,2023-10-05,199,Expired
6195,14958,Premium,2022-02-06,2022-07-14,499,Expired
6196,8524,Premium,2023-01-30,2025-01-10,499,Expired
6197,9016,Basic,2022-11-09,2023-07-04,199,Expired
6198,11356,Basic,2022-08-01,2023-07-31,199,Expired
6199,12899,Premium,2022-12-08,2024-10-12,499,Expired
6200,4370,Premium,2022-03-26,2023-01-30,499,Expired
6201,3022,Basic,2023-01-22,2023-04-27,199,Expired
6202,8956,Basic,2023-03-16,2023-11-09,199,Expired
6203,14794,Basic,2023-01-13,2024-02-27,199,Expired
6204,6818,Basic,2022-07-06,2023-10-29,199,Expired
6205,14036,Basic,2022-08-05,2024-07-28,199,Expired
6206,10389,Fleet,2022-08-15,2023-08-04,999,Expired
6207,1048,Basic,2023-02-11,2023-09-07,199,Expired
6208,6934,Basic,2022-07-16,2024-03-29,199,Expired
6209,16718,Basic,2022-07-12,2024-02-23,199,Expired
6210,10237,Basic,2022-04-06,2023-06-21,199,Expired
6211,17575,Premium,2022-09-29,2023-04-21,499,Expired
6212,9154,Basic,2022-12-21,2024-08-13,199,Cancelled
6213,4354,Fleet,2022-12-26,2023-08-23,999,Cancelled
6214,19694,Basic,2022-10-27,2024-01-24,199,Expired
6215,795,Fleet,2022-03-09,2022-11-22,999,Expired
6216,3746,Basic,2023-02-17,2024-07-18,199,Expired
6217,7724,Basic,2022-09-25,2024-02-03,199,Expired
6218,10549,Basic,2022-04-22,2022-08-06,199,Expired
6219,2803,Premium,2023-03-07,2024-07-24,499,Expired
6220,10960,Basic,2022-12-01,2023-11-15,199,Expired
6221,15031,Basic,2022-08-24,2023-08-08,199,Expired
6222,13806,Basic,2023-01-19,2023-08-10,199,Expired
6223,16039,Premium,2022-09-03,2023-08-25,499,Cancelled
6224,17326,Premium,2022-06-10,2023-11-15,499,Cancelled
6225,2195,Basic,2022-12-01,2024-08-22,199,Cancelled
6226,8300,Basic,2022-12-03,2023-05-13,199,Expired
6227,12309,Premium,2022-05-21,2022-10-25,499,Expired
6228,3043,Basic,2023-04-15,2024-09-19,199,Expired
6229,10475,Basic,2022-07-22,2023-10-16,199,Expired
6230,1044,Fleet,2022-12-28,2024-06-13,999,Expired
6231,11748,Basic,2023-03-18,2024-07-07,199,Expired
6232,1677,Premium,2023-01-15,2023-11-06,499,Cancelled
6233,8822,Premium,2023-01-12,2023-12-24,499,Expired
6234,6835,Basic,2023-01-14,2024-11-17,199,Expired
6235,15906,Premium,2023-02-06,2024-07-30,499,Expired
6236,4279,Basic,2023-01-21,2024-07-08,199,Expired
6237,3836,Basic,2023-04-05,2023-07-10,199,Expired
6238,1881,Premium,2022-10-30,2024-08-06,499,Expired
6239,19255,Basic,2023-01-08,2024-09-15,199,Expired
6240,6726,Premium,2022-08-10,2023-05-16,499,Cancelled
6241,5026,Premium,2022-07-23,2023-09-15,499,Expired
6242,13111,Basic,2022-09-08,2023-10-17,199,Expired
6243,1776,Basic,2022-02-17,2022-06-10,199,Expired
6244,16476,Basic,2022-10-23,2023-09-04,199,Cancelled
6245,16993,Premium,2022-08-27,2024-05-17,499,Expired
6246,17308,Fleet,2022-08-27,2023-08-18,999,Expired
6247,7815,Basic,2023-01-02,2023-07-20,199,Expired
6248,8589,Basic,2023-02-22,2023-06-15,199,Expired
6249,14981,Basic,2022-04-09,2023-11-18,199,Expired
6250,5943,Basic,2022-06-18,2023-09-06,199,Expired
6251,2693,Basic,2022-10-11,2023-07-24,199,Expired
6252,9654,Premium,2022-04-21,2023-01-16,499,Expired
6253,7885,Premium,2022-12-25,2024-01-05,499,Expired
6254,15220,Basic,2022-12-01,2024-10-19,199,Expired
6255,7752,Premium,2023-01-01,2024-05-04,499,Expired
6256,13535,Basic,2023-01-25,2023-07-12,199,Expired
6257,16715,Basic,2022-06-07,2023-10-06,199,Cancelled
6258,11981,Basic,2023-02-18,2024-04-18,199,Expired
6259,200,Premium,2023-01-29,2025-01-18,499,Expired
6260,4398,Basic,2022-05-30,2024-01-02,199,Expired
6261,14504,Basic,2022-03-03,2024-01-15,199,Expired
6262,555,Premium,2022-09-02,2023-07-09,499,Cancelled
6263,7360,Basic,2023-03-06,2024-12-27,199,Cancelled
6264,346,Basic,2023-03-17,2025-01-24,199,Expired
6265,16025,Premium,2023-02-13,2023-05-26,499,Cancelled
6266,10306,Basic,2023-01-21,2024-06-20,199,Expired
6267,13604,Basic,2022-11-26,2024-08-28,199,Expired
6268,4177,Premium,2022-08-12,2022-12-19,499,Cancelled
6269,2237,Fleet,2022-12-09,2023-09-21,999,Cancelled
6270,7409,Basic,2022-06-04,2023-08-13,199,Expired
6271,6152,Premium,2022-05-31,2023-01-24,499,Cancelled
6272,5844,Basic,2022-09-10,2023-05-31,199,Expired
6273,581,Premium,2023-01-23,2024-07-20,499,Expired
6274,2155,Basic,2022-12-17,2024-04-30,199,Expired
6275,6326,Fleet,2022-12-05,2023-10-12,999,Expired
6276,5340,Basic,2022-08-27,2024-08-18,199,Expired
6277,14198,Premium,2022-05-30,2024-05-18,499,Expired
6278,1792,Premium,2023-01-15,2024-09-16,499,Expired
6279,3693,Basic,2023-05-28,2025-05-22,199,Expired
6280,8518,Basic,2022-05-22,2022-10-12,199,Expired
6281,832,Basic,2022-10-23,2023-07-29,199,Expired
6282,9133,Fleet,2022-05-18,2024-02-03,999,Expired
6283,13735,Premium,2022-05-15,2023-10-23,499,Expired
6284,14461,Premium,2023-04-16,2023-10-23,499,Expired
6285,12185,Basic,2022-12-24,2023-04-09,199,Expired
6286,9388,Basic,2022-06-24,2023-07-07,199,Expired
6287,2454,Basic,2023-01-13,2024-09-10,199,Expired
6288,16918,Basic,2022-11-17,2024-02-07,199,Expired
6289,13037,Fleet,2022-07-13,2022-10-15,999,Cancelled
6290,8193,Basic,2022-05-16,2023-06-11,199,Expired
6291,361,Basic,2023-03-23,2024-03-06,199,Expired
6292,5008,Premium,2022-05-04,2022-12-08,499,Expired
6293,7183,Basic,2022-12-22,2024-11-28,199,Expired
6294,13433,Basic,2022-07-26,2023-03-12,199,Cancelled
6295,290,Premium,2023-03-25,2025-03-20,499,Expired
6296,17464,Basic,2022-12-21,2023-09-26,199,Expired
6297,2376,Basic,2023-03-23,2024-12-27,199,Cancelled
6298,19600,Basic,2022-09-10,2023-09-02,199,Expired
6299,2056,Fleet,2022-08-04,2023-03-06,999,Expired
6300,18405,Premium,2022-04-10,2023-05-12,499,Expired
6301,12880,Basic,2022-03-21,2022-11-28,199,Cancelled
6302,5083,Premium,2022-07-09,2023-09-16,499,Expired
6303,10050,Basic,2022-08-29,2024-03-24,199,Cancelled
6304,11149,Basic,2023-04-02,2024-01-05,199,Expired
6305,5726,Premium,2022-11-26,2023-07-30,499,Expired
6306,17976,Basic,2023-01-18,2023-09-24,199,Expired
6307,6868,Basic,2023-01-09,2023-06-17,199,Expired
6308,8296,Basic,2022-05-26,2023-05-23,199,Expired
6309,12028,Basic,2022-09-08,2022-12-16,199,Expired
6310,9986,Basic,2022-09-03,2023-08-13,199,Expired
6311,16214,Basic,2022-07-17,2023-09-16,199,Expired
6312,5387,Premium,2022-12-22,2024-10-08,499,Expired
6313,15899,Premium,2022-06-06,2023-03-12,499,Expired
6314,5576,Basic,2022-09-21,2024-08-26,199,Expired
6315,4561,Basic,2022-09-24,2023-09-26,199,Expired
6316,17504,Basic,2022-12-18,2023-12-03,199,Expired
6317,18294,Basic,2022-10-14,2023-12-29,199,Expired
6318,7318,Basic,2022-11-04,2023-07-24,199,Expired
6319,18161,Basic,2022-11-17,2023-02-16,199,Expired
6320,6535,Fleet,2022-06-20,2023-11-25,999,Expired
6321,11510,Premium,2022-06-16,2022-12-15,499,Cancelled
6322,7151,Basic,2022-08-28,2024-01-02,199,Expired
6323,12517,Premium,2022-06-09,2023-01-12,499,Expired
6324,6356,Premium,2022-07-13,2024-02-24,499,Expired
6325,5279,Basic,2022-03-27,2023-01-04,199,Expired
6326,11042,Basic,2022-10-03,2024-09-19,199,Cancelled
6327,18155,Basic,2022-09-06,2023-08-27,199,Expired
6328,9444,Basic,2023-02-10,2024-07-12,199,Expired
6329,5134,Premium,2022-06-30,2024-01-14,499,Expired
6330,17149,Fleet,2022-01-26,2022-08-22,999,Expired
6331,3109,Basic,2023-05-25,2024-02-17,199,Expired
6332,6389,Basic,2022-03-06,2023-06-28,199,Expired
6333,864,Premium,2022-08-17,2024-04-06,499,Expired
6334,3255,Premium,2022-10-31,2024-06-03,499,Expired
6335,10258,Basic,2023-02-08,2024-06-24,199,Cancelled
6336,19757,Fleet,2022-09-28,2023-01-17,999,Expired
6337,9479,Premium,2023-01-28,2023-06-20,499,Expired
6338,1509,Basic,2022-09-11,2023-12-30,199,Expired
6339,2873,Basic,2022-12-13,2023-09-18,199,Expired
6340,15240,Basic,2023-04-17,2023-11-05,199,Expired
6341,12705,Premium,2022-08-18,2023-05-07,499,Expired
6342,16113,Premium,2022-03-05,2023-11-26,499,Cancelled
6343,8380,Basic,2023-01-17,2024-12-30,199,Expired
6344,6012,Basic,2022-02-16,2022-09-07,199,Cancelled
6345,6557,Premium,2022-05-10,2023-05-11,499,Expired
6346,4125,Premium,2022-08-08,2023-11-13,499,Expired
6347,3439,Basic,2022-09-09,2023-07-10,199,Cancelled
6348,12848,Premium,2022-12-27,2023-10-11,499,Expired
6349,10804,Premium,2023-04-08,2023-07-26,499,Cancelled
6350,15308,Premium,2023-03-14,2023-08-20,499,Cancelled
6351,4217,Premium,2022-08-31,2024-01-13,499,Expired
6352,6546,Fleet,2022-07-16,2023-06-01,999,Expired
6353,17905,Basic,2023-05-07,2023-11-20,199,Expired
6354,5376,Basic,2022-04-30,2022-10-05,199,Expired
6355,16467,Premium,2022-10-26,2024-04-04,499,Expired
6356,5614,Premium,2022-05-22,2022-09-24,499,Expired
6357,2735,Premium,2022-09-17,2023-10-01,499,Expired
6358,15295,Premium,2022-03-16,2023-03-09,499,Expired
6359,675,Premium,2022-09-20,2024-04-28,499,Expired
6360,1712,Premium,2022-05-11,2023-08-03,499,Expired
6361,16206,Basic,2022-04-13,2023-11-08,199,Expired
6362,19751,Premium,2022-07-23,2022-11-06,499,Expired
6363,7626,Basic,2022-02-19,2022-09-30,199,Expired
6364,4790,Basic,2022-02-06,2023-08-09,199,Expired
6365,8777,Basic,2023-03-21,2024-04-14,199,Expired
6366,13647,Basic,2023-01-09,2023-05-15,199,Expired
6367,2900,Premium,2022-10-22,2024-03-16,499,Expired
6368,4036,Premium,2023-03-07,2023-07-24,499,Expired
6369,12048,Premium,2022-11-18,2023-10-04,499,Expired
6370,4991,Premium,2022-04-26,2023-08-17,499,Expired
6371,10565,Basic,2022-04-25,2023-06-07,199,Expired
6372,15545,Premium,2022-06-12,2023-04-06,499,Cancelled
6373,4258,Basic,2022-09-29,2023-03-03,199,Expired
6374,6905,Fleet,2022-07-05,2023-08-15,999,Expired
6375,5474,Fleet,2022-08-03,2024-05-23,999,Expired
6376,17705,Premium,2023-04-01,2024-04-04,499,Expired
6377,14985,Fleet,2022-07-29,2024-06-20,999,Expired
6378,12838,Basic,2022-12-11,2024-01-11,199,Cancelled
6379,1255,Basic,2023-06-08,2024-07-03,199,Expired
6380,14341,Basic,2022-06-21,2023-06-05,199,Expired
6381,10856,Premium,2023-02-04,2024-06-27,499,Expired
6382,11572,Basic,2022-08-11,2023-12-21,199,Expired
6383,19102,Basic,2022-09-05,2023-10-20,199,Expired
6384,2123,Basic,2023-05-25,2025-04-09,199,Expired
6385,2674,Premium,2022-12-23,2024-01-09,499,Expired
6386,13015,Basic,2023-03-09,2023-12-08,199,Expired
6387,18043,Basic,2022-06-17,2023-12-24,199,Expired
6388,6119,Basic,2023-01-21,2024-02-05,199,Expired
6389,3954,Basic,2022-09-23,2023-11-22,199,Cancelled
6390,1517,Premium,2022-12-04,2023-11-08,499,Expired
6391,16426,Premium,2022-10-14,2023-08-23,499,Expired
6392,3612,Premium,2022-07-21,2023-06-11,499,Cancelled
6393,792,Premium,2022-09-01,2023-06-04,499,Expired
6394,7072,Basic,2022-08-17,2023-11-21,199,Expired
6395,1866,Basic,2023-02-16,2024-07-24,199,Expired
6396,6065,Basic,2023-02-25,2024-07-05,199,Expired
6397,338,Basic,2023-02-11,2024-06-15,199,Expired
6398,14693,Basic,2022-11-21,2024-03-01,199,Expired
6399,9420,Fleet,2023-06-02,2023-11-07,999,Expired
6400,2345,Basic,2022-12-25,2023-08-18,199,Expired
6401,4005,Basic,2022-02-16,2023-05-02,199,Expired
6402,16311,Basic,2022-08-12,2022-12-16,199,Expired
6403,10598,Basic,2022-05-20,2023-02-21,199,Expired
6404,19937,Basic,2023-02-17,2024-05-24,199,Cancelled
6405,16838,Basic,2022-07-08,2023-03-26,199,Cancelled
6406,5707,Premium,2023-01-17,2024-10-03,499,Expired
6407,8940,Fleet,2022-02-17,2022-10-14,999,Expired
6408,8132,Basic,2022-10-13,2024-01-02,199,Expired
6409,10494,Premium,2022-06-17,2024-03-04,499,Expired
6410,6869,Basic,2023-01-18,2023-12-25,199,Cancelled
6411,12413,Premium,2023-05-12,2024-11-12,499,Expired
6412,6833,Basic,2022-10-17,2023-10-30,199,Expired
6413,16503,Basic,2022-07-15,2022-10-29,199,Expired
6414,16540,Fleet,2022-09-03,2023-06-19,999,Expired
6415,18000,Basic,2022-06-28,2022-10-18,199,Expired
6416,16557,Basic,2022-11-07,2023-07-13,199,Expired
6417,34,Premium,2022-11-24,2023-05-26,499,Expired
6418,1077,Basic,2022-05-23,2024-03-18,199,Expired
6419,312,Premium,2022-09-17,2024-08-29,499,Expired
6420,18813,Premium,2022-08-21,2024-07-16,499,Expired
6421,16401,Fleet,2022-12-15,2023-06-23,999,Expired
6422,9193,Premium,2022-02-09,2023-04-19,499,Expired
6423,12512,Fleet,2023-02-04,2024-11-13,999,Expired
6424,5400,Basic,2023-06-11,2023-09-27,199,Expired
6425,9955,Premium,2023-02-06,2023-12-17,499,Expired
6426,9832,Basic,2022-10-14,2023-12-09,199,Expired
6427,15045,Basic,2022-05-13,2023-05-20,199,Expired
6428,15363,Basic,2022-07-23,2023-05-19,199,Expired
6429,12311,Basic,2022-08-11,2023-01-25,199,Expired
6430,240,Premium,2022-05-02,2023-09-08,499,Expired
6431,5159,Premium,2022-03-02,2023-10-02,499,Expired
6432,13294,Basic,2022-12-21,2024-08-29,199,Expired
6433,473,Basic,2022-09-03,2024-05-20,199,Expired
6434,12661,Fleet,2022-05-28,2023-10-10,999,Expired
6435,17089,Premium,2022-03-19,2024-02-26,499,Expired
6436,5887,Basic,2022-06-01,2023-06-16,199,Expired
6437,12121,Premium,2022-09-16,2024-05-25,499,Expired
6438,5271,Basic,2022-09-15,2024-08-04,199,Expired
6439,1746,Premium,2023-01-30,2023-10-12,499,Expired
6440,14636,Basic,2022-12-05,2024-04-26,199,Cancelled
6441,13035,Premium,2022-10-25,2024-09-23,499,Expired
6442,4257,Basic,2023-02-02,2024-05-15,199,Cancelled
6443,5281,Basic,2022-01-30,2023-06-07,199,Expired
6444,12638,Premium,2023-03-22,2024-08-09,499,Expired
6445,12895,Basic,2023-02-16,2024-02-07,199,Expired
6446,14779,Basic,2022-11-06,2023-04-03,199,Expired
6447,1025,Premium,2022-04-17,2023-08-25,499,Expired
6448,4719,Basic,2023-04-26,2024-10-31,199,Expired
6449,16057,Basic,2022-11-22,2024-08-31,199,Expired
6450,15833,Fleet,2022-12-22,2024-11-14,999,Expired
6451,2907,Basic,2022-07-14,2023-09-17,199,Expired
6452,11921,Fleet,2022-08-08,2024-07-18,999,Expired
6453,16349,Basic,2022-07-31,2022-11-27,199,Expired
6454,14745,Basic,2022-08-19,2023-10-15,199,Expired
6455,1704,Basic,2023-01-27,2023-12-26,199,Expired
6456,14592,Premium,2023-01-20,2024-03-16,499,Expired
6457,6349,Premium,2023-01-02,2024-01-04,499,Cancelled
6458,3744,Basic,2022-07-27,2023-10-22,199,Expired
6459,7697,Premium,2022-08-12,2024-04-24,499,Expired
6460,8542,Basic,2022-09-08,2023-07-29,199,Expired
6461,18837,Premium,2022-12-14,2024-10-10,499,Expired
6462,9055,Fleet,2022-10-06,2023-04-13,999,Expired
6463,17944,Fleet,2022-08-25,2024-05-28,999,Expired
6464,4204,Basic,2022-06-15,2023-05-18,199,Expired
6465,12547,Basic,2022-08-28,2023-08-18,199,Expired
6466,18834,Basic,2022-04-25,2023-01-06,199,Cancelled
6467,18052,Basic,2023-01-23,2023-10-09,199,Expired
6468,6804,Basic,2023-05-24,2024-12-22,199,Expired
6469,11251,Fleet,2023-01-07,2024-09-14,999,Cancelled
6470,8397,Basic,2023-02-04,2024-04-02,199,Cancelled
6471,8806,Premium,2022-09-07,2023-02-02,499,Expired
6472,11961,Basic,2022-06-13,2023-06-24,199,Cancelled
6473,11431,Basic,2022-03-29,2023-12-31,199,Expired
6474,12930,Premium,2022-12-07,2024-06-03,499,Expired
6475,9398,Basic,2023-01-29,2023-08-01,199,Expired
6476,6724,Basic,2022-08-30,2023-06-02,199,Expired
6477,18112,Basic,2022-11-29,2023-03-26,199,Cancelled
6478,12172,Fleet,2022-10-02,2023-10-07,999,Expired
6479,2358,Premium,2023-04-14,2023-11-02,499,Cancelled
6480,4665,Basic,2022-02-03,2022-11-25,199,Expired
6481,8238,Basic,2022-05-15,2024-04-22,199,Cancelled
6482,19921,Premium,2022-10-18,2024-04-07,499,Expired
6483,12777,Basic,2023-04-04,2025-01-01,199,Expired
6484,4128,Fleet,2022-12-28,2023-06-14,999,Cancelled
6485,7463,Basic,2022-11-26,2023-07-17,199,Expired
6486,16288,Premium,2022-06-24,2023-01-16,499,Expired
6487,14629,Basic,2023-01-11,2023-05-31,199,Cancelled
6488,5708,Basic,2022-09-23,2023-07-31,199,Cancelled
6489,9407,Basic,2023-02-20,2023-10-22,199,Expired
6490,16216,Basic,2022-10-07,2023-09-30,199,Expired
6491,2125,Premium,2022-03-23,2023-03-23,499,Expired
6492,12762,Premium,2022-08-05,2023-07-30,499,Cancelled
6493,5660,Premium,2022-12-28,2023-06-09,499,Expired
6494,6959,Premium,2023-02-13,2023-12-27,499,Expired
6495,3977,Basic,2022-12-19,2024-05-05,199,Expired
6496,733,Basic,2022-12-22,2023-08-15,199,Expired
6497,12037,Basic,2022-11-23,2023-05-26,199,Cancelled
6498,5197,Basic,2023-05-20,2024-04-25,199,Expired
6499,13318,Basic,2022-12-08,2024-01-22,199,Expired
6500,3764,Premium,2023-05-09,2024-12-20,499,Expired
6501,80,Basic,2022-10-17,2023-11-30,199,Expired
6502,4562,Fleet,2023-05-25,2025-04-12,999,Expired
6503,2332,Premium,2022-05-10,2024-01-11,499,Expired
6504,4507,Fleet,2023-01-17,2023-10-23,999,Expired
6505,19712,Basic,2022-08-10,2023-04-23,199,Cancelled
6506,334,Basic,2022-07-03,2024-01-24,199,Expired
6507,10541,Premium,2022-11-29,2023-09-03,499,Expired
6508,5181,Premium,2022-11-05,2024-06-10,499,Expired
6509,15471,Premium,2022-09-19,2024-09-11,499,Expired
6510,18126,Basic,2023-01-18,2024-10-02,199,Expired
6511,19396,Premium,2022-06-28,2023-06-18,499,Expired
6512,17094,Basic,2023-03-06,2024-10-21,199,Expired
6513,10266,Premium,2022-05-01,2023-01-31,499,Expired
6514,2189,Premium,2023-03-01,2024-10-08,499,Cancelled
6515,18563,Premium,2023-03-19,2024-12-02,499,Expired
6516,9956,Basic,2022-08-15,2023-08-28,199,Expired
6517,10008,Premium,2022-08-19,2023-09-07,499,Expired
6518,6178,Basic,2023-01-26,2023-07-11,199,Expired
6519,19592,Premium,2022-09-28,2024-04-11,499,Expired
6520,15069,Premium,2022-10-03,2023-09-26,499,Cancelled
6521,9246,Premium,2022-11-27,2024-04-21,499,Expired
6522,4290,Premium,2022-01-07,2023-10-11,499,Expired
6523,11039,Basic,2022-12-16,2024-01-03,199,Expired
6524,17087,Basic,2023-04-03,2024-02-11,199,Expired
6525,11385,Premium,2022-11-10,2024-07-09,499,Expired
6526,12136,Fleet,2022-08-09,2023-12-14,999,Cancelled
6527,5401,Basic,2022-03-25,2024-02-23,199,Expired
6528,215,Basic,2022-06-28,2024-04-06,199,Expired
6529,12900,Premium,2022-12-21,2024-12-11,499,Expired
6530,15806,Basic,2023-01-01,2024-02-10,199,Expired
6531,15773,Premium,2022-11-05,2024-07-05,499,Expired
6532,18702,Basic,2022-11-22,2024-10-14,199,Expired
6533,16980,Fleet,2022-12-17,2023-04-16,999,Expired
6534,19453,Basic,2022-08-31,2023-11-09,199,Expired
6535,3155,Premium,2022-12-05,2024-10-20,499,Expired
6536,8199,Basic,2022-05-16,2023-05-10,199,Expired
6537,8766,Premium,2022-07-20,2022-11-30,499,Expired
6538,5050,Basic,2022-09-29,2024-04-17,199,Expired
6539,107,Basic,2023-01-01,2024-01-18,199,Cancelled
6540,8441,Basic,2022-11-14,2024-03-28,199,Expired
6541,12935,Premium,2022-11-01,2023-07-10,499,Expired
6542,3405,Premium,2022-11-23,2023-07-17,499,Expired
6543,5640,Premium,2022-06-23,2023-12-18,499,Cancelled
6544,7475,Basic,2023-02-01,2024-01-02,199,Expired
6545,8285,Premium,2022-09-15,2023-09-04,499,Expired
6546,6603,Fleet,2023-03-09,2023-10-02,999,Expired
6547,6526,Basic,2022-05-25,2023-03-01,199,Expired
6548,7803,Basic,2023-06-19,2023-12-10,199,Expired
6549,6388,Premium,2023-05-21,2024-06-20,499,Expired
6550,11918,Premium,2022-01-14,2023-04-08,499,Expired
6551,5097,Basic,2022-06-24,2024-06-05,199,Expired
6552,12919,Basic,2022-02-09,2023-09-06,199,Expired
6553,19578,Basic,2022-12-05,2024-05-13,199,Expired
6554,1529,Premium,2022-09-10,2024-05-16,499,Expired
6555,16757,Basic,2023-04-06,2024-11-23,199,Expired
6556,6947,Basic,2022-11-20,2024-05-01,199,Cancelled
6557,966,Basic,2022-07-23,2023-04-30,199,Expired
6558,9451,Basic,2023-01-21,2023-10-28,199,Expired
6559,1663,Premium,2022-03-31,2022-07-25,499,Expired
6560,456,Premium,2022-04-13,2022-08-12,499,Expired
6561,19131,Basic,2023-02-13,2025-01-18,199,Expired
6562,8483,Premium,2022-11-23,2024-03-17,499,Cancelled
6563,15798,Basic,2023-02-24,2024-10-23,199,Expired
6564,10500,Basic,2022-02-28,2023-11-22,199,Expired
6565,6816,Fleet,2022-11-20,2023-12-09,999,Expired
6566,15051,Basic,2022-04-19,2022-10-23,199,Cancelled
6567,8886,Basic,2022-11-23,2023-08-27,199,Expired
6568,17414,Fleet,2022-08-16,2024-03-23,999,Expired
6569,19843,Premium,2022-04-02,2023-01-23,499,Expired
6570,18217,Basic,2023-01-02,2024-07-25,199,Expired
6571,15273,Basic,2022-07-22,2023-09-07,199,Expired
6572,11889,Basic,2022-08-02,2023-08-05,199,Expired
6573,11752,Premium,2022-08-27,2023-07-10,499,Expired
6574,17843,Basic,2022-10-03,2023-01-06,199,Expired
6575,9648,Premium,2022-10-27,2023-12-17,499,Expired
6576,8843,Basic,2022-08-13,2023-03-02,199,Expired
6577,17847,Basic,2022-08-11,2024-07-21,199,Expired
6578,19951,Basic,2022-06-11,2024-01-30,199,Expired
6579,6730,Basic,2023-02-19,2023-06-12,199,Expired
6580,14951,Basic,2022-07-17,2024-03-25,199,Expired
6581,14236,Basic,2023-01-10,2024-02-06,199,Expired
6582,3647,Premium,2023-02-23,2024-05-27,499,Expired
6583,12107,Basic,2022-05-14,2022-08-14,199,Expired
6584,13271,Basic,2022-09-23,2024-09-11,199,Expired
6585,9168,Basic,2023-01-18,2024-02-01,199,Expired
6586,174,Basic,2023-03-09,2023-09-10,199,Expired
6587,10884,Premium,2022-07-21,2023-06-22,499,Expired
6588,336,Premium,2023-03-24,2023-10-14,499,Expired
6589,5152,Basic,2022-12-09,2023-12-20,199,Expired
6590,9296,Premium,2022-06-16,2022-12-23,499,Expired
6591,11302,Premium,2022-09-21,2023-07-13,499,Expired
6592,16592,Basic,2022-10-18,2024-02-03,199,Expired
6593,1527,Basic,2022-04-22,2023-09-17,199,Expired
6594,400,Basic,2022-04-19,2022-11-12,199,Expired
6595,17001,Basic,2023-03-06,2024-10-01,199,Expired
6596,5389,Premium,2022-06-28,2022-11-17,499,Expired
6597,750,Basic,2022-06-21,2022-09-27,199,Expired
6598,612,Premium,2022-01-31,2023-10-06,499,Cancelled
6599,13638,Premium,2022-07-23,2024-05-20,499,Expired
6600,11618,Basic,2022-12-13,2024-07-25,199,Expired
6601,7071,Basic,2022-08-07,2023-11-30,199,Expired
6602,13011,Basic,2023-02-19,2024-12-06,199,Expired
6603,6689,Premium,2022-09-22,2024-04-09,499,Expired
6604,9977,Basic,2023-02-19,2024-10-19,199,Expired
6605,5176,Fleet,2022-07-03,2023-01-23,999,Expired
6606,19354,Basic,2022-05-11,2022-08-22,199,Cancelled
6607,13416,Premium,2022-08-03,2023-03-31,499,Expired
6608,3088,Basic,2022-11-14,2023-11-13,199,Cancelled
6609,16579,Premium,2023-02-16,2023-12-13,499,Expired
6610,17175,Premium,2023-06-05,2025-04-03,499,Expired
6611,19608,Basic,2022-04-10,2024-01-06,199,Expired
6612,3188,Premium,2023-03-14,2023-07-19,499,Expired
6613,16882,Basic,2022-11-13,2024-05-09,199,Expired
6614,2031,Premium,2022-10-29,2023-07-31,499,Expired
6615,7487,Premium,2022-10-07,2024-01-28,499,Expired
6616,246,Premium,2022-08-16,2024-06-08,499,Expired
6617,17091,Basic,2023-03-28,2024-07-26,199,Expired
6618,15106,Premium,2023-02-14,2024-11-14,499,Expired
6619,19569,Premium,2022-12-25,2024-09-08,499,Expired
6620,15765,Basic,2022-05-21,2023-10-11,199,Expired
6621,14874,Premium,2022-11-19,2023-10-08,499,Expired
6622,10937,Basic,2022-10-22,2023-11-21,199,Expired
6623,15581,Basic,2022-06-08,2023-09-25,199,Expired
6624,10353,Basic,2022-04-25,2022-10-20,199,Expired
6625,18271,Premium,2023-01-01,2024-09-23,499,Expired
6626,15063,Premium,2022-03-31,2023-09-14,499,Expired
6627,3737,Basic,2022-07-13,2024-04-04,199,Expired
6628,16445,Fleet,2022-08-23,2023-09-04,999,Expired
6629,8089,Premium,2022-10-18,2023-01-17,499,Expired
6630,17571,Basic,2022-05-03,2024-04-05,199,Expired
6631,15431,Basic,2023-03-12,2025-01-31,199,Expired
6632,9854,Fleet,2022-11-24,2023-04-11,999,Expired
6633,11210,Basic,2023-02-02,2023-05-20,199,Expired
6634,1563,Premium,2022-05-31,2024-01-11,499,Expired
6635,16781,Basic,2022-11-30,2023-09-11,199,Expired
6636,14162,Basic,2022-04-13,2023-04-09,199,Expired
6637,18963,Basic,2022-08-26,2023-06-05,199,Expired
6638,5624,Basic,2022-08-06,2024-03-03,199,Expired
6639,17824,Basic,2022-10-11,2023-04-06,199,Expired
6640,8453,Basic,2022-12-19,2023-10-17,199,Expired
6641,6700,Basic,2022-05-13,2023-10-07,199,Expired
6642,2756,Basic,2022-08-14,2024-01-13,199,Expired
6643,3213,Basic,2022-07-18,2023-01-26,199,Cancelled
6644,2695,Basic,2022-06-03,2023-12-10,199,Expired
6645,17842,Basic,2022-03-15,2022-10-09,199,Cancelled
6646,10935,Basic,2023-02-04,2024-03-17,199,Expired
6647,17592,Basic,2022-06-12,2023-08-18,199,Expired
6648,10775,Basic,2022-11-16,2024-11-14,199,Expired
6649,19940,Premium,2022-02-19,2024-02-08,499,Expired
6650,4722,Fleet,2022-03-10,2023-07-17,999,Expired
6651,14531,Premium,2022-08-05,2023-05-20,499,Cancelled
6652,15530,Basic,2022-12-30,2024-10-22,199,Expired
6653,11507,Fleet,2022-07-23,2023-12-24,999,Expired
6654,10604,Basic,2022-12-23,2024-04-27,199,Expired
6655,5966,Fleet,2022-05-16,2022-08-27,999,Expired
6656,12697,Basic,2022-08-14,2023-01-31,199,Expired
6657,18058,Basic,2023-03-21,2023-12-04,199,Expired
6658,63,Premium,2022-07-27,2023-10-10,499,Expired
6659,15574,Basic,2023-01-10,2024-08-17,199,Cancelled
6660,15937,Basic,2022-01-27,2022-06-02,199,Expired
6661,4097,Fleet,2023-01-12,2025-01-08,999,Expired
6662,6460,Premium,2022-03-17,2023-02-22,499,Expired
6663,2214,Premium,2022-08-03,2022-11-26,499,Cancelled
6664,7164,Basic,2022-07-31,2023-03-18,199,Expired
6665,13131,Premium,2023-03-13,2025-01-11,499,Expired
6666,3337,Premium,2022-10-02,2024-04-22,499,Expired
6667,6931,Basic,2022-04-06,2023-01-16,199,Expired
6668,11365,Basic,2022-11-27,2023-03-13,199,Expired
6669,2349,Premium,2022-10-03,2024-07-19,499,Expired
6670,10944,Premium,2022-06-23,2024-05-12,499,Expired
6671,10728,Premium,2022-03-26,2022-12-07,499,Expired
6672,19038,Fleet,2023-01-26,2024-07-05,999,Expired
6673,15289,Basic,2023-01-20,2024-09-24,199,Expired
6674,5147,Premium,2022-05-04,2024-03-01,499,Expired
6675,8820,Premium,2023-05-05,2025-03-10,499,Expired
6676,15953,Premium,2022-06-07,2023-12-10,499,Cancelled
6677,19740,Basic,2022-05-25,2022-12-10,199,Expired
6678,14051,Basic,2022-09-29,2023-06-16,199,Expired
6679,13877,Premium,2022-10-04,2024-03-28,499,Expired
6680,10905,Basic,2022-11-27,2024-06-13,199,Expired
6681,15233,Fleet,2022-07-07,2023-12-14,999,Expired
6682,11504,Premium,2022-07-24,2023-01-17,499,Expired
6683,15282,Basic,2022-11-10,2024-09-17,199,Expired
6684,16026,Basic,2023-04-12,2023-12-29,199,Cancelled
6685,8710,Basic,2022-04-06,2023-05-02,199,Expired
6686,11199,Basic,2022-05-22,2022-09-06,199,Expired
6687,8695,Basic,2022-08-16,2023-07-14,199,Expired
6688,2684,Basic,2022-09-08,2023-06-01,199,Expired
6689,17428,Basic,2022-10-13,2024-03-24,199,Expired
6690,8797,Premium,2023-01-17,2023-12-16,499,Expired
6691,13116,Premium,2022-06-13,2023-01-22,499,Expired
6692,14414,Premium,2023-02-10,2024-04-15,499,Expired
6693,4423,Premium,2022-11-25,2024-06-11,499,Expired
6694,15092,Basic,2022-08-08,2024-03-31,199,Expired
6695,2680,Basic,2022-05-02,2023-07-05,199,Expired
6696,16852,Premium,2022-08-21,2024-03-13,499,Cancelled
6697,13424,Basic,2022-04-11,2024-02-19,199,Expired
6698,7772,Basic,2022-03-28,2023-04-22,199,Expired
6699,16803,Basic,2022-08-17,2024-07-10,199,Expired
6700,1522,Basic,2022-07-15,2024-02-06,199,Expired
6701,10099,Basic,2022-08-25,2024-06-08,199,Expired
6702,7683,Basic,2022-06-23,2023-02-02,199,Expired
6703,5031,Fleet,2023-03-21,2023-09-26,999,Cancelled
6704,12797,Premium,2022-11-22,2023-05-09,499,Expired
6705,18485,Basic,2023-02-04,2024-08-15,199,Expired
6706,18091,Premium,2022-08-19,2024-04-30,499,Expired
6707,2528,Premium,2022-07-31,2023-03-28,499,Cancelled
6708,19849,Basic,2022-12-12,2023-05-23,199,Expired
6709,3592,Premium,2022-10-12,2023-04-24,499,Expired
6710,16437,Basic,2022-02-21,2022-08-23,199,Expired
6711,15249,Premium,2022-05-21,2024-03-09,499,Expired
6712,3906,Fleet,2022-12-16,2024-05-02,999,Expired
6713,13452,Basic,2022-08-02,2023-11-16,199,Expired
6714,13089,Basic,2022-07-28,2023-05-02,199,Expired
6715,1676,Basic,2022-08-07,2022-12-07,199,Expired
6716,11806,Basic,2022-12-21,2024-01-11,199,Expired
6717,10138,Basic,2022-08-26,2023-04-18,199,Cancelled
6718,10731,Basic,2022-05-15,2022-08-21,199,Expired
6719,9227,Basic,2022-12-13,2024-09-02,199,Expired
6720,2057,Premium,2022-03-01,2023-08-13,499,Expired
6721,15713,Premium,2022-08-28,2023-06-14,499,Expired
6722,19014,Basic,2022-11-24,2024-11-17,199,Expired
6723,2305,Basic,2022-11-09,2024-06-12,199,Expired
6724,19153,Premium,2022-06-25,2024-05-04,499,Expired
6725,4554,Basic,2022-09-09,2024-01-28,199,Expired
6726,15176,Basic,2022-07-12,2023-07-06,199,Expired
6727,7121,Basic,2022-07-20,2023-01-18,199,Expired
6728,12410,Premium,2022-05-31,2023-03-21,499,Expired
6729,16519,Fleet,2022-05-10,2022-12-02,999,Expired
6730,9845,Basic,2022-12-08,2024-02-25,199,Expired
6731,19449,Premium,2022-09-11,2023-08-15,499,Expired
6732,9786,Basic,2022-08-17,2023-09-13,199,Expired
6733,5347,Basic,2023-01-23,2023-08-23,199,Expired
6734,13237,Premium,2022-11-02,2023-05-13,499,Expired
6735,18487,Basic,2022-09-21,2024-08-17,199,Expired
6736,5362,Basic,2022-06-30,2023-06-19,199,Expired
6737,5285,Basic,2022-10-02,2023-02-13,199,Expired
6738,14827,Basic,2022-05-10,2023-01-25,199,Expired
6739,1897,Premium,2022-12-31,2023-06-25,499,Expired
6740,15751,Basic,2022-10-09,2024-05-22,199,Expired
6741,8811,Premium,2023-03-01,2024-03-24,499,Expired
6742,4430,Basic,2022-12-11,2024-10-08,199,Expired
6743,15237,Basic,2022-07-20,2023-10-19,199,Expired
6744,18365,Fleet,2022-11-18,2024-03-05,999,Expired
6745,15691,Basic,2023-04-18,2024-09-25,199,Cancelled
6746,3775,Basic,2023-06-03,2024-12-04,199,Expired
6747,10072,Fleet,2022-06-24,2024-01-21,999,Expired
6748,3317,Premium,2022-08-21,2023-09-19,499,Expired
6749,8133,Premium,2022-04-05,2023-07-17,499,Expired
6750,14620,Basic,2022-09-21,2023-04-06,199,Expired
6751,5292,Premium,2022-05-18,2023-05-25,499,Expired
6752,16989,Premium,2022-01-23,2023-06-11,499,Cancelled
6753,17370,Premium,2022-03-18,2022-06-16,499,Expired
6754,16190,Basic,2022-06-13,2024-04-18,199,Expired
6755,17501,Basic,2022-07-20,2024-02-27,199,Expired
6756,11427,Premium,2022-07-20,2023-11-30,499,Expired
6757,4222,Premium,2022-12-22,2024-10-02,499,Expired
6758,17364,Premium,2022-06-29,2023-03-29,499,Expired
6759,12360,Premium,2022-08-06,2022-12-01,499,Expired
6760,4425,Fleet,2023-02-17,2024-05-16,999,Expired
6761,8456,Premium,2022-08-21,2024-07-22,499,Expired
6762,19848,Premium,2022-06-30,2024-05-13,499,Cancelled
6763,13933,Premium,2022-08-23,2024-07-26,499,Expired
6764,1616,Basic,2023-04-12,2024-09-30,199,Cancelled
6765,18423,Basic,2023-01-24,2023-08-25,199,Expired
6766,8471,Premium,2022-11-08,2023-11-17,499,Expired
6767,3974,Premium,2022-12-07,2024-02-13,499,Expired
6768,17331,Basic,2022-05-01,2023-07-07,199,Expired
6769,5568,Premium,2022-12-08,2023-07-26,499,Expired
6770,18216,Basic,2022-08-09,2023-12-12,199,Expired
6771,1599,Basic,2023-04-22,2024-06-19,199,Expired
6772,18759,Premium,2022-03-21,2023-09-29,499,Expired
6773,10585,Basic,2022-11-11,2024-09-08,199,Cancelled
6774,1804,Basic,2022-08-12,2024-06-17,199,Expired
6775,18038,Premium,2022-03-30,2024-02-28,499,Expired
6776,10213,Premium,2022-09-08,2023-05-01,499,Expired
6777,18044,Premium,2022-02-24,2023-03-02,499,Expired
6778,9947,Basic,2022-07-18,2024-07-10,199,Expired
6779,16701,Basic,2022-11-22,2023-07-15,199,Expired
6780,7016,Premium,2023-02-08,2023-11-29,499,Expired
6781,8851,Fleet,2023-03-17,2025-01-01,999,Expired
6782,7203,Basic,2022-09-16,2024-09-12,199,Expired
6783,1733,Basic,2022-12-23,2023-05-25,199,Expired
6784,10364,Basic,2023-01-26,2024-09-06,199,Cancelled
6785,773,Basic,2023-05-03,2024-12-15,199,Expired
6786,8600,Premium,2022-09-07,2024-08-08,499,Expired
6787,17769,Fleet,2022-12-26,2024-11-28,999,Expired
6788,13074,Fleet,2023-05-04,2023-11-02,999,Expired
6789,2333,Basic,2022-06-22,2023-09-17,199,Expired
6790,11110,Premium,2022-08-19,2023-09-13,499,Expired
6791,16686,Basic,2023-05-06,2025-03-19,199,Expired
6792,6444,Basic,2022-05-16,2023-02-14,199,Expired
6793,395,Premium,2023-02-01,2023-11-18,499,Cancelled
6794,12053,Premium,2022-09-09,2023-06-18,499,Expired
6795,3428,Fleet,2022-08-11,2024-03-02,999,Expired
6796,14342,Fleet,2022-11-09,2023-09-06,999,Expired
6797,2596,Premium,2023-02-12,2024-05-24,499,Expired
6798,12177,Basic,2023-02-10,2024-02-05,199,Cancelled
6799,4949,Premium,2022-07-05,2024-06-21,499,Cancelled
6800,5126,Basic,2022-06-19,2023-03-24,199,Expired
6801,11200,Basic,2022-07-26,2023-09-01,199,Expired
6802,6920,Basic,2022-06-09,2024-01-19,199,Cancelled
6803,17236,Basic,2022-07-22,2023-06-16,199,Expired
6804,16984,Basic,2022-08-31,2023-04-21,199,Expired
6805,13095,Basic,2023-03-01,2023-08-15,199,Expired
6806,12524,Premium,2022-03-02,2024-02-23,499,Expired
6807,7593,Basic,2022-02-12,2022-09-09,199,Expired
6808,8869,Basic,2022-09-02,2024-04-28,199,Expired
6809,5718,Premium,2022-09-08,2024-05-20,499,Expired
6810,11683,Basic,2023-04-30,2025-02-20,199,Expired
6811,2030,Basic,2022-12-10,2024-01-15,199,Expired
6812,15447,Premium,2022-06-14,2023-04-10,499,Expired
6813,19851,Basic,2022-11-15,2023-11-12,199,Expired
6814,2058,Premium,2022-05-27,2023-07-09,499,Cancelled
6815,18626,Fleet,2022-11-21,2023-11-04,999,Expired
6816,10022,Premium,2022-09-07,2023-04-16,499,Expired
6817,13733,Premium,2022-03-13,2022-07-08,499,Expired
6818,4238,Basic,2022-12-16,2023-08-04,199,Expired
6819,10370,Premium,2023-02-25,2023-07-25,499,Expired
6820,19429,Premium,2022-05-07,2023-09-22,499,Cancelled
6821,4724,Fleet,2022-07-20,2023-09-25,999,Expired
6822,19719,Premium,2023-03-19,2023-10-27,499,Expired
6823,12123,Basic,2022-04-09,2024-03-07,199,Expired
6824,8500,Fleet,2022-10-23,2024-05-02,999,Expired
6825,14264,Premium,2022-12-11,2024-06-30,499,Expired
6826,872,Basic,2022-06-07,2023-12-01,199,Expired
6827,2817,Basic,2022-12-05,2023-12-24,199,Expired
6828,14585,Basic,2022-09-01,2023-03-20,199,Expired
6829,17359,Premium,2022-09-26,2024-06-19,499,Expired
6830,10084,Premium,2022-06-17,2022-12-08,499,Expired
6831,13094,Premium,2022-05-21,2023-01-09,499,Expired
6832,4099,Premium,2022-08-27,2024-07-31,499,Expired
6833,13572,Basic,2022-10-20,2023-09-28,199,Expired
6834,13388,Basic,2023-01-31,2024-07-23,199,Expired
6835,8383,Basic,2022-08-22,2023-07-23,199,Expired
6836,6952,Premium,2022-02-06,2023-06-19,499,Cancelled
6837,15206,Fleet,2022-05-20,2023-08-14,999,Cancelled
6838,19750,Fleet,2023-01-07,2023-07-12,999,Expired
6839,8736,Premium,2022-07-20,2023-04-28,499,Cancelled
6840,14712,Basic,2022-12-29,2024-05-26,199,Expired
6841,2289,Fleet,2023-03-12,2024-03-10,999,Expired
6842,1944,Basic,2022-06-14,2023-04-01,199,Expired
6843,5722,Fleet,2022-10-04,2024-09-27,999,Cancelled
6844,17150,Basic,2022-12-27,2024-12-14,199,Expired
6845,9179,Basic,2023-02-12,2025-01-25,199,Expired
6846,14267,Basic,2022-11-12,2023-02-28,199,Expired
6847,12115,Basic,2023-04-30,2024-03-23,199,Cancelled
6848,3026,Basic,2022-12-28,2024-01-16,199,Expired
6849,4058,Basic,2022-10-19,2023-04-24,199,Expired
6850,10455,Basic,2022-09-27,2023-08-30,199,Expired
6851,10377,Premium,2022-07-01,2022-11-29,499,Cancelled
6852,892,Basic,2022-05-29,2023-01-31,199,Expired
6853,276,Basic,2022-12-29,2024-06-08,199,Expired
6854,11807,Fleet,2022-10-28,2024-08-26,999,Expired
6855,3577,Basic,2023-02-10,2024-06-04,199,Expired
6856,17084,Premium,2023-04-14,2024-11-21,499,Expired
6857,18293,Premium,2022-02-24,2022-05-28,499,Expired
6858,5517,Basic,2022-04-28,2023-09-14,199,Expired
6859,5911,Premium,2023-03-24,2024-01-27,499,Expired
6860,3679,Basic,2022-10-08,2024-01-08,199,Expired
6861,5682,Basic,2022-09-08,2023-11-15,199,Expired
6862,13432,Basic,2022-05-22,2023-01-31,199,Cancelled
6863,19721,Basic,2022-07-04,2023-12-03,199,Expired
6864,17909,Basic,2022-08-04,2023-03-26,199,Expired
6865,9881,Premium,2022-11-14,2024-03-01,499,Expired
6866,10891,Basic,2022-10-05,2023-04-02,199,Expired
6867,1400,Premium,2022-06-26,2023-02-01,499,Expired
6868,21,Basic,2022-04-29,2023-04-18,199,Cancelled
6869,8271,Basic,2023-03-04,2024-04-07,199,Cancelled
6870,14561,Basic,2022-04-27,2023-07-18,199,Cancelled
6871,14350,Fleet,2022-11-30,2024-08-27,999,Expired
6872,12069,Basic,2022-01-30,2023-08-12,199,Expired
6873,9007,Basic,2022-07-19,2024-02-27,199,Expired
6874,14421,Basic,2022-09-13,2023-05-12,199,Expired
6875,14928,Basic,2022-07-15,2022-11-18,199,Expired
6876,1852,Basic,2023-03-05,2024-11-12,199,Expired
6877,4140,Basic,2022-09-23,2023-04-23,199,Expired
6878,2474,Basic,2022-06-27,2023-01-08,199,Expired
6879,12863,Basic,2022-09-17,2023-01-07,199,Expired
6880,4593,Premium,2022-12-18,2024-09-07,499,Expired
6881,8141,Premium,2022-08-04,2023-02-04,499,Cancelled
6882,16464,Basic,2023-01-04,2023-07-27,199,Expired
6883,1923,Premium,2022-07-03,2024-01-10,499,Cancelled
6884,19876,Fleet,2022-10-04,2024-08-09,999,Expired
6885,10608,Basic,2022-12-21,2024-04-25,199,Expired
6886,16173,Premium,2022-03-18,2023-11-09,499,Expired
6887,8063,Premium,2023-03-20,2025-03-18,499,Expired
6888,14385,Premium,2022-11-17,2023-05-18,499,Expired
6889,16178,Premium,2022-09-07,2023-08-12,499,Expired
6890,2343,Premium,2022-10-01,2024-02-03,499,Expired
6891,19812,Basic,2022-03-03,2023-03-30,199,Expired
6892,19349,Basic,2023-03-05,2023-12-08,199,Expired
6893,18496,Premium,2023-01-02,2024-07-15,499,Expired
6894,6261,Premium,2022-12-17,2024-07-03,499,Expired
6895,9573,Basic,2022-03-14,2023-07-07,199,Expired
6896,19341,Fleet,2022-11-28,2024-04-14,999,Expired
6897,15963,Basic,2023-04-29,2023-09-03,199,Cancelled
6898,15172,Basic,2023-04-03,2024-05-03,199,Cancelled
6899,14455,Basic,2022-05-19,2024-02-08,199,Expired
6900,10621,Basic,2022-06-11,2023-04-07,199,Expired
6901,7095,Basic,2023-02-03,2023-11-20,199,Expired
6902,9797,Basic,2022-06-26,2023-05-23,199,Expired
6903,11869,Premium,2022-12-19,2023-07-24,499,Cancelled
6904,18542,Basic,2022-08-30,2024-07-17,199,Expired
6905,4131,Premium,2023-05-04,2025-01-21,499,Expired
6906,10091,Fleet,2022-08-20,2023-04-24,999,Expired
6907,18771,Basic,2022-07-11,2023-01-29,199,Expired
6908,3221,Basic,2022-05-21,2023-06-26,199,Expired
6909,1218,Basic,2023-05-21,2023-12-03,199,Expired
6910,19510,Basic,2022-07-16,2023-07-20,199,Expired
6911,10227,Basic,2023-06-06,2024-01-02,199,Cancelled
6912,6828,Basic,2023-05-13,2025-02-19,199,Expired
6913,15253,Premium,2023-03-31,2023-10-25,499,Expired
6914,6346,Premium,2022-04-01,2023-10-03,499,Expired
6915,17345,Premium,2022-12-09,2023-03-09,499,Expired
6916,14403,Basic,2022-06-27,2023-05-01,199,Expired
6917,2392,Premium,2023-03-23,2025-02-05,499,Cancelled
6918,15122,Basic,2022-11-11,2024-06-12,199,Expired
6919,1955,Basic,2022-10-14,2024-06-16,199,Expired
6920,6322,Basic,2022-08-19,2023-03-20,199,Expired
6921,17563,Basic,2022-06-09,2023-02-07,199,Expired
6922,9940,Basic,2022-10-05,2024-08-18,199,Expired
6923,5546,Basic,2022-12-15,2024-10-08,199,Expired
6924,1741,Basic,2022-07-04,2024-01-08,199,Expired
6925,6054,Basic,2022-05-22,2023-06-28,199,Expired
6926,19435,Premium,2022-09-18,2023-05-24,499,Expired
6927,16909,Basic,2023-04-03,2024-10-28,199,Cancelled
6928,13769,Basic,2022-11-26,2024-02-23,199,Expired
6929,458,Basic,2023-01-29,2024-07-23,199,Expired
6930,9192,Basic,2022-10-01,2023-12-02,199,Expired
6931,13268,Premium,2022-09-27,2023-02-17,499,Expired
6932,5963,Premium,2022-12-03,2024-03-30,499,Expired
6933,12402,Basic,2022-12-15,2023-11-25,199,Cancelled
6934,11168,Basic,2022-07-14,2023-10-03,199,Expired
6935,1346,Basic,2022-11-04,2023-10-08,199,Expired
6936,64,Basic,2023-03-06,2023-11-14,199,Expired
6937,15966,Premium,2023-01-05,2023-11-29,499,Expired
6938,11724,Basic,2022-05-23,2023-12-12,199,Cancelled
6939,15717,Basic,2022-06-23,2023-10-09,199,Expired
6940,16595,Basic,2022-06-22,2024-06-08,199,Expired
6941,7496,Premium,2022-10-27,2023-12-15,499,Cancelled
6942,3030,Basic,2022-06-30,2023-04-05,199,Expired
6943,7937,Fleet,2022-11-16,2023-08-18,999,Expired
6944,18236,Basic,2022-12-11,2023-12-30,199,Expired
6945,9564,Premium,2022-03-11,2023-12-28,499,Expired
6946,15331,Basic,2022-07-22,2023-02-16,199,Expired
6947,19156,Premium,2022-09-24,2023-07-05,499,Expired
6948,7733,Fleet,2022-07-26,2024-06-22,999,Expired
6949,13363,Basic,2022-09-18,2023-08-24,199,Expired
6950,7589,Premium,2022-09-08,2022-12-28,499,Expired
6951,18098,Premium,2022-12-09,2024-04-09,499,Cancelled
6952,1455,Basic,2022-12-15,2023-10-09,199,Expired
6953,15390,Premium,2022-08-15,2022-11-27,499,Expired
6954,18202,Basic,2022-06-28,2023-03-11,199,Expired
6955,3452,Basic,2022-11-23,2024-04-05,199,Cancelled
6956,14074,Basic,2023-05-09,2023-10-24,199,Expired
6957,13107,Premium,2023-02-16,2023-06-22,499,Expired
6958,12320,Basic,2022-05-31,2024-03-17,199,Expired
6959,1818,Premium,2022-04-16,2022-08-16,499,Expired
6960,18662,Premium,2022-09-11,2023-11-08,499,Expired
6961,7761,Premium,2022-06-03,2023-09-23,499,Cancelled
6962,62,Premium,2022-12-08,2024-07-16,499,Expired
6963,19633,Premium,2022-08-27,2024-06-04,499,Expired
6964,7004,Premium,2022-05-13,2024-04-07,499,Cancelled
6965,5313,Basic,2022-11-27,2023-06-30,199,Expired
6966,3099,Premium,2022-11-03,2023-03-22,499,Expired
6967,7512,Basic,2022-09-20,2024-05-22,199,Expired
6968,12321,Basic,2022-12-05,2024-05-16,199,Expired
6969,17034,Basic,2023-02-20,2023-07-26,199,Expired
6970,19247,Basic,2022-09-17,2024-01-28,199,Expired
6971,11409,Premium,2022-05-27,2023-10-16,499,Expired
6972,5165,Basic,2022-07-07,2023-01-29,199,Expired
6973,19885,Basic,2023-01-07,2023-06-27,199,Cancelled
6974,14709,Basic,2022-09-11,2024-07-04,199,Cancelled
6975,9051,Basic,2022-05-09,2023-05-07,199,Expired
6976,6823,Premium,2022-09-29,2023-04-18,499,Expired
6977,634,Basic,2022-08-02,2023-05-18,199,Expired
6978,6708,Basic,2022-11-10,2024-09-20,199,Cancelled
6979,1924,Basic,2022-10-28,2024-02-27,199,Expired
6980,13460,Premium,2022-12-08,2023-04-29,499,Expired
6981,7540,Basic,2022-09-12,2023-05-15,199,Expired
6982,7932,Basic,2023-02-05,2023-09-30,199,Expired
6983,3133,Basic,2023-03-11,2023-09-12,199,Expired
6984,11219,Fleet,2022-09-24,2023-11-06,999,Expired
6985,12700,Basic,2023-01-08,2023-05-11,199,Expired
6986,18559,Basic,2023-01-08,2024-02-03,199,Expired
6987,13269,Premium,2022-01-18,2022-12-06,499,Expired
6988,18177,Basic,2022-06-06,2023-05-04,199,Expired
6989,7666,Basic,2022-12-29,2024-05-01,199,Expired
6990,13281,Fleet,2023-01-01,2023-12-30,999,Cancelled
6991,3148,Basic,2022-10-28,2023-08-04,199,Expired
6992,17421,Premium,2023-05-28,2025-01-23,499,Expired
6993,4715,Basic,2023-04-09,2024-04-12,199,Expired
6994,16415,Premium,2022-12-29,2023-10-18,499,Expired
6995,5002,Premium,2022-11-15,2024-08-27,499,Expired
6996,10433,Premium,2022-12-14,2024-07-19,499,Expired
6997,6805,Basic,2023-04-19,2024-03-10,199,Expired
6998,19962,Premium,2022-09-03,2023-01-27,499,Expired
6999,15706,Premium,2022-11-24,2024-01-25,499,Expired
7000,3438,Premium,2022-04-15,2024-04-12,499,Expired
7001,14391,Premium,2023-04-05,2024-03-08,499,Expired
7002,18110,Premium,2022-12-10,2023-08-02,499,Expired
7003,4966,Basic,2023-02-06,2023-09-02,199,Expired
7004,10803,Fleet,2022-12-15,2024-11-17,999,Expired
7005,8289,Premium,2022-10-27,2023-07-15,499,Expired
7006,19127,Premium,2022-12-30,2024-12-08,499,Expired
7007,7047,Basic,2023-04-07,2024-04-24,199,Expired
7008,19692,Premium,2022-08-10,2023-09-26,499,Expired
7009,4170,Basic,2023-01-04,2023-09-08,199,Expired
7010,8474,Premium,2022-12-31,2023-11-17,499,Expired
7011,408,Premium,2022-08-15,2024-08-09,499,Expired
7012,9840,Basic,2022-09-12,2024-06-18,199,Expired
7013,7797,Basic,2022-06-14,2024-03-14,199,Expired
7014,13951,Premium,2022-07-14,2024-06-17,499,Expired
7015,4123,Basic,2023-01-17,2023-08-30,199,Expired
7016,1624,Premium,2022-11-07,2023-06-01,499,Expired
7017,1596,Fleet,2023-02-10,2024-12-15,999,Expired
7018,10070,Premium,2023-04-04,2024-08-01,499,Expired
7019,19380,Basic,2023-02-11,2024-07-06,199,Expired
7020,6357,Basic,2022-08-04,2024-02-14,199,Expired
7021,171,Premium,2022-12-11,2024-08-12,499,Expired
7022,4905,Premium,2022-09-28,2024-07-10,499,Expired
7023,2883,Basic,2022-12-24,2024-10-26,199,Expired
7024,3206,Basic,2023-04-13,2024-12-25,199,Expired
7025,10736,Premium,2022-06-30,2023-12-09,499,Expired
7026,12594,Basic,2022-10-11,2023-05-27,199,Expired
7027,12826,Premium,2023-03-11,2024-08-29,499,Expired
7028,9873,Basic,2022-10-11,2024-09-13,199,Expired
7029,11787,Basic,2022-09-18,2024-04-22,199,Cancelled
7030,14072,Basic,2022-07-08,2022-11-04,199,Expired
7031,5406,Premium,2023-06-22,2024-12-03,499,Expired
7032,11245,Premium,2022-10-08,2024-07-16,499,Expired
7033,19663,Premium,2023-02-23,2023-10-17,499,Expired
7034,15327,Basic,2023-02-15,2024-02-26,199,Expired
7035,1386,Basic,2022-11-11,2024-10-24,199,Expired
7036,7418,Premium,2023-02-18,2023-10-14,499,Expired
7037,1296,Fleet,2022-08-27,2024-05-31,999,Expired
7038,684,Basic,2022-10-14,2024-05-04,199,Cancelled
7039,10116,Basic,2023-01-05,2024-01-13,199,Cancelled
7040,17363,Basic,2022-03-23,2022-11-18,199,Expired
7041,16869,Basic,2022-10-12,2024-07-07,199,Expired
7042,15962,Premium,2022-06-27,2023-02-18,499,Expired
7043,15395,Basic,2023-01-14,2024-07-09,199,Expired
7044,16074,Premium,2023-01-14,2024-10-25,499,Expired
7045,17938,Basic,2022-04-29,2023-11-21,199,Expired
7046,9817,Basic,2022-03-06,2023-08-31,199,Expired
7047,680,Basic,2023-01-16,2023-05-11,199,Expired
7048,19360,Premium,2022-02-15,2022-09-12,499,Expired
7049,1498,Premium,2022-12-10,2024-10-05,499,Expired
7050,12140,Premium,2023-02-02,2024-03-08,499,Expired
7051,801,Basic,2022-12-11,2023-12-16,199,Expired
7052,14870,Basic,2022-03-26,2023-08-22,199,Expired
7053,748,Basic,2022-09-11,2023-11-16,199,Expired
7054,16865,Basic,2022-06-27,2023-08-30,199,Expired
7055,4030,Basic,2022-11-20,2023-08-30,199,Expired
7056,5982,Basic,2022-10-26,2024-10-24,199,Expired
7057,10384,Basic,2022-03-28,2023-05-04,199,Expired
7058,7879,Premium,2022-10-20,2023-03-18,499,Expired
7059,2207,Premium,2023-05-13,2024-05-25,499,Cancelled
7060,3057,Basic,2022-10-10,2023-12-05,199,Expired
7061,10409,Premium,2022-08-20,2024-05-15,499,Expired
7062,591,Premium,2022-05-28,2023-02-06,499,Expired
7063,10864,Basic,2023-02-11,2025-01-26,199,Expired
7064,7841,Premium,2022-06-30,2023-06-06,499,Expired
7065,3690,Premium,2022-07-27,2023-06-10,499,Expired
7066,18184,Basic,2022-04-26,2023-01-20,199,Expired
7067,1492,Basic,2022-08-20,2023-12-15,199,Expired
7068,19682,Basic,2022-08-27,2023-12-13,199,Expired
7069,17165,Premium,2022-03-21,2024-03-08,499,Expired
7070,17427,Basic,2022-12-01,2024-06-18,199,Expired
7071,517,Basic,2022-04-23,2023-01-09,199,Expired
7072,18703,Fleet,2022-12-05,2024-09-19,999,Expired
7073,1406,Basic,2023-04-19,2024-06-29,199,Expired
7074,5266,Fleet,2023-02-17,2024-01-11,999,Expired
7075,18983,Basic,2022-03-13,2023-11-07,199,Expired
7076,963,Premium,2022-03-22,2023-01-22,499,Expired
7077,15881,Basic,2023-01-29,2024-02-06,199,Expired
7078,11490,Basic,2022-11-05,2023-05-25,199,Expired
7079,11220,Basic,2022-12-12,2023-12-18,199,Expired
7080,11628,Basic,2022-07-03,2023-11-02,199,Expired
7081,10030,Basic,2022-11-07,2024-01-25,199,Expired
7082,16741,Fleet,2022-07-05,2023-04-22,999,Expired
7083,18535,Basic,2022-06-08,2023-08-24,199,Expired
7084,12446,Fleet,2022-09-30,2024-09-01,999,Expired
7085,3287,Premium,2022-07-19,2023-02-22,499,Expired
7086,11399,Premium,2022-03-12,2022-08-07,499,Expired
7087,14736,Premium,2022-01-23,2023-04-05,499,Expired
7088,5842,Basic,2022-08-18,2023-06-08,199,Expired
7089,7111,Premium,2022-08-17,2024-03-18,499,Expired
7090,5804,Premium,2022-06-26,2022-11-05,499,Expired
7091,16018,Basic,2022-08-16,2024-05-09,199,Expired
7092,6519,Premium,2022-11-01,2023-08-17,499,Cancelled
7093,1504,Basic,2022-05-20,2023-02-19,199,Expired
7094,1188,Premium,2022-07-11,2023-03-09,499,Expired
7095,4317,Premium,2022-10-14,2024-08-15,499,Expired
7096,12063,Fleet,2022-10-16,2023-08-02,999,Cancelled
7097,13329,Basic,2023-02-04,2025-01-28,199,Cancelled
7098,19150,Premium,2022-12-04,2023-03-19,499,Expired
7099,15870,Premium,2022-05-31,2023-01-17,499,Expired
7100,12027,Premium,2022-11-12,2023-07-18,499,Cancelled
7101,4686,Basic,2022-10-04,2023-01-05,199,Expired
7102,7198,Basic,2022-06-11,2023-01-28,199,Expired
7103,4683,Basic,2023-01-09,2023-07-06,199,Expired
7104,19882,Basic,2022-07-14,2022-10-23,199,Expired
7105,8146,Basic,2023-01-11,2023-08-14,199,Expired
7106,2992,Basic,2022-11-28,2023-07-27,199,Cancelled
7107,17050,Basic,2022-12-07,2023-08-09,199,Expired
7108,4765,Basic,2022-09-11,2024-04-04,199,Expired
7109,16907,Premium,2022-04-09,2023-09-19,499,Expired
7110,19832,Basic,2022-12-04,2023-10-04,199,Expired
7111,3326,Basic,2022-09-08,2023-02-24,199,Expired
7112,13407,Premium,2022-11-02,2024-10-11,499,Cancelled
7113,12740,Fleet,2023-01-20,2025-01-01,999,Expired
7114,19593,Premium,2022-09-05,2023-12-16,499,Cancelled
7115,11012,Premium,2022-08-06,2023-08-31,499,Expired
7116,825,Premium,2022-12-16,2024-05-05,499,Expired
7117,14462,Premium,2023-02-04,2024-02-01,499,Expired
7118,19784,Premium,2023-01-13,2024-03-04,499,Expired
7119,16253,Premium,2022-12-01,2024-01-03,499,Expired
7120,15591,Basic,2022-12-13,2024-01-15,199,Expired
7121,8405,Basic,2022-07-26,2023-08-31,199,Expired
7122,1613,Basic,2022-05-08,2022-12-03,199,Expired
7123,4956,Basic,2022-07-29,2024-03-29,199,Expired
7124,7754,Premium,2022-08-03,2023-10-23,499,Expired
7125,19324,Premium,2022-03-07,2023-12-23,499,Expired
7126,6134,Basic,2022-09-10,2023-03-03,199,Expired
7127,6235,Premium,2023-01-28,2024-06-03,499,Expired
7128,12383,Basic,2022-11-14,2023-12-08,199,Expired
7129,9304,Premium,2022-12-11,2024-06-01,499,Expired
7130,7793,Fleet,2022-09-15,2024-01-16,999,Expired
7131,1452,Basic,2022-11-05,2023-04-30,199,Expired
7132,15720,Basic,2023-02-24,2023-09-05,199,Expired
7133,1514,Basic,2022-12-26,2024-06-27,199,Expired
7134,2676,Fleet,2022-08-28,2024-08-11,999,Expired
7135,7811,Premium,2022-08-05,2023-08-04,499,Cancelled
7136,13609,Premium,2022-06-30,2022-12-12,499,Expired
7137,6609,Premium,2022-02-16,2022-12-25,499,Cancelled
7138,18311,Basic,2023-02-01,2023-10-06,199,Expired
7139,7828,Basic,2022-11-06,2024-06-23,199,Expired
7140,7688,Basic,2022-06-25,2023-11-08,199,Expired
7141,16876,Premium,2022-03-19,2023-07-24,499,Expired
7142,12401,Premium,2022-09-27,2023-02-10,499,Expired
7143,16814,Fleet,2022-09-10,2023-10-10,999,Expired
7144,1745,Basic,2022-05-31,2024-05-14,199,Expired
7145,19351,Basic,2023-02-01,2024-06-18,199,Expired
7146,4863,Basic,2022-10-24,2023-06-17,199,Expired
7147,1823,Premium,2022-06-18,2023-03-28,499,Expired
7148,812,Basic,2022-04-09,2023-06-24,199,Expired
7149,869,Basic,2022-10-20,2023-03-02,199,Expired
7150,12605,Premium,2023-02-22,2023-10-12,499,Expired
7151,19868,Basic,2022-07-25,2023-03-14,199,Expired
7152,19931,Premium,2022-12-11,2024-01-19,499,Expired
7153,19488,Premium,2022-11-12,2024-07-12,499,Expired
7154,13195,Premium,2022-11-29,2023-09-15,499,Expired
7155,7022,Basic,2023-04-10,2023-07-23,199,Expired
7156,14360,Premium,2022-12-01,2024-09-19,499,Expired
7157,3281,Fleet,2022-04-24,2023-05-02,999,Expired
7158,18083,Basic,2023-03-16,2024-09-28,199,Expired
7159,11608,Basic,2022-05-31,2024-03-13,199,Expired
7160,11202,Basic,2023-01-21,2024-08-17,199,Expired
7161,9939,Premium,2022-04-22,2023-05-05,499,Expired
7162,17979,Basic,2022-06-06,2022-12-09,199,Cancelled
7163,17500,Basic,2022-11-25,2023-08-11,199,Expired
7164,10969,Basic,2022-12-02,2023-09-01,199,Expired
7165,13155,Basic,2022-04-30,2024-04-10,199,Expired
7166,19621,Fleet,2022-02-26,2023-08-11,999,Expired
7167,5415,Basic,2022-05-22,2023-09-06,199,Expired
7168,10572,Premium,2022-09-23,2024-08-03,499,Expired
7169,14919,Basic,2022-06-10,2022-12-07,199,Cancelled
7170,19381,Basic,2023-02-09,2023-06-05,199,Expired
7171,14669,Premium,2022-10-01,2024-07-11,499,Expired
7172,14020,Premium,2022-09-18,2024-02-28,499,Expired
7173,3525,Basic,2023-01-18,2025-01-12,199,Expired
7174,7362,Fleet,2022-06-25,2023-03-17,999,Expired
7175,10816,Basic,2022-07-05,2023-03-29,199,Expired
7176,17196,Basic,2022-09-30,2024-07-12,199,Cancelled
7177,6150,Premium,2022-10-24,2024-02-20,499,Expired
7178,5421,Basic,2022-02-10,2023-05-11,199,Cancelled
7179,6725,Basic,2023-02-15,2023-09-25,199,Cancelled
7180,16001,Fleet,2022-09-30,2023-07-17,999,Expired
7181,5080,Basic,2023-01-20,2024-06-18,199,Expired
7182,18069,Premium,2022-05-15,2022-11-13,499,Expired
7183,2559,Premium,2022-02-17,2022-07-30,499,Expired
7184,4964,Premium,2022-02-24,2022-07-14,499,Expired
7185,15939,Basic,2022-11-05,2023-10-20,199,Expired
7186,1845,Basic,2022-08-03,2023-11-17,199,Expired
7187,10467,Basic,2023-03-31,2024-09-10,199,Expired
7188,17262,Premium,2022-12-07,2024-04-09,499,Expired
7189,15889,Basic,2022-12-01,2024-01-23,199,Expired
7190,12021,Basic,2022-10-23,2024-07-08,199,Expired
7191,11528,Premium,2022-10-17,2024-06-05,499,Expired
7192,19511,Premium,2023-01-06,2023-07-22,499,Expired
7193,17506,Basic,2022-09-06,2023-04-20,199,Expired
7194,4534,Basic,2023-05-03,2024-07-25,199,Expired
7195,17323,Basic,2022-03-30,2022-10-11,199,Expired
7196,8659,Basic,2022-11-15,2023-06-01,199,Expired
7197,4045,Basic,2023-01-16,2023-12-10,199,Expired
7198,12538,Basic,2022-05-24,2023-07-19,199,Expired
7199,19336,Basic,2023-01-02,2023-09-15,199,Cancelled
7200,10573,Fleet,2022-11-24,2023-06-03,999,Expired
7201,16724,Premium,2022-07-29,2024-07-05,499,Expired
7202,5295,Premium,2022-11-20,2023-09-17,499,Expired
7203,4474,Fleet,2022-03-07,2022-10-17,999,Expired
7204,3373,Basic,2023-04-05,2024-06-13,199,Expired
7205,9469,Basic,2022-08-29,2024-01-03,199,Expired
7206,6409,Premium,2023-03-25,2024-01-21,499,Expired
7207,10092,Premium,2022-05-16,2023-07-23,499,Expired
7208,3635,Basic,2022-03-04,2023-06-10,199,Expired
7209,7477,Fleet,2022-06-01,2022-09-24,999,Expired
7210,15790,Premium,2022-03-18,2022-07-14,499,Cancelled
7211,1744,Premium,2023-01-01,2024-03-25,499,Expired
7212,5350,Basic,2023-05-18,2024-10-25,199,Expired
7213,10770,Premium,2022-08-01,2023-05-07,499,Expired
7214,16402,Basic,2022-08-11,2023-05-18,199,Expired
7215,2017,Fleet,2022-07-07,2023-03-11,999,Cancelled
7216,3518,Premium,2022-04-04,2024-04-03,499,Expired
7217,11855,Basic,2023-01-15,2024-01-10,199,Expired
7218,18570,Premium,2023-02-08,2024-08-17,499,Expired
7219,18873,Basic,2022-12-14,2024-05-11,199,Expired
7220,13661,Basic,2022-08-09,2023-04-16,199,Cancelled
7221,19416,Fleet,2022-07-24,2024-02-23,999,Cancelled
7222,17955,Basic,2023-01-29,2024-10-11,199,Expired
7223,14880,Basic,2022-11-17,2024-02-21,199,Expired
7224,4605,Fleet,2022-12-22,2023-10-03,999,Expired
7225,3397,Premium,2022-02-11,2023-04-09,499,Expired
7226,6148,Premium,2022-08-01,2023-08-20,499,Expired
7227,16454,Basic,2022-06-21,2023-03-23,199,Expired
7228,30,Fleet,2022-06-29,2023-10-02,999,Expired
7229,521,Basic,2022-12-28,2024-08-08,199,Expired
7230,6129,Premium,2022-10-26,2024-05-21,499,Expired
7231,17836,Premium,2022-11-16,2024-10-12,499,Expired
7232,14668,Premium,2022-06-05,2023-03-08,499,Expired
7233,8591,Basic,2022-10-05,2024-01-10,199,Expired
7234,132,Basic,2022-06-24,2023-10-29,199,Expired
7235,19897,Basic,2022-10-29,2024-06-18,199,Expired
7236,4644,Basic,2022-09-02,2022-12-11,199,Expired
7237,5525,Basic,2022-11-19,2024-07-18,199,Expired
7238,3818,Premium,2022-04-20,2024-02-03,499,Expired
7239,15702,Basic,2022-05-14,2023-12-23,199,Expired
7240,10002,Basic,2023-01-27,2025-01-02,199,Expired
7241,17691,Premium,2022-10-22,2023-03-04,499,Expired
7242,16738,Fleet,2023-04-14,2024-04-12,999,Expired
7243,4827,Premium,2023-03-14,2024-08-27,499,Expired
7244,18686,Premium,2022-09-29,2022-12-31,499,Expired
7245,6175,Basic,2022-08-01,2024-05-13,199,Expired
7246,5529,Basic,2022-03-08,2023-04-17,199,Expired
7247,10265,Basic,2023-03-10,2024-07-04,199,Expired
7248,19293,Basic,2022-03-03,2023-02-06,199,Cancelled
7249,1980,Basic,2023-05-14,2024-01-09,199,Expired
7250,8488,Basic,2022-06-30,2023-01-13,199,Expired
7251,12488,Premium,2023-04-25,2023-08-14,499,Expired
7252,18387,Basic,2022-07-07,2024-02-25,199,Expired
7253,8204,Fleet,2023-04-30,2023-11-26,999,Expired
7254,9963,Basic,2022-11-22,2024-01-17,199,Expired
7255,14565,Premium,2022-12-23,2023-08-28,499,Expired
7256,18055,Premium,2023-02-23,2024-11-19,499,Expired
7257,12812,Premium,2022-12-23,2023-08-11,499,Expired
7258,18815,Premium,2022-07-20,2024-01-24,499,Cancelled
7259,16585,Fleet,2022-06-29,2023-12-13,999,Cancelled
7260,3598,Premium,2022-05-15,2022-12-27,499,Expired
7261,15873,Basic,2022-10-18,2023-11-25,199,Cancelled
7262,14876,Fleet,2022-10-06,2024-08-10,999,Expired
7263,2202,Premium,2023-02-10,2023-06-30,499,Expired
7264,7855,Basic,2022-09-02,2024-02-22,199,Expired
7265,1580,Premium,2022-10-26,2023-08-20,499,Expired
7266,4399,Basic,2023-03-29,2024-06-13,199,Expired
7267,7629,Premium,2022-08-25,2023-12-08,499,Expired
7268,19017,Basic,2022-09-06,2023-05-14,199,Cancelled
7269,2327,Basic,2023-05-03,2024-09-25,199,Expired
7270,16580,Fleet,2022-03-23,2022-07-05,999,Cancelled
7271,16799,Basic,2022-12-26,2023-07-12,199,Expired
7272,19978,Premium,2023-02-17,2025-01-24,499,Expired
7273,12196,Basic,2022-12-28,2024-05-06,199,Expired
7274,11370,Basic,2022-12-24,2024-03-19,199,Expired
7275,16713,Basic,2022-02-03,2022-05-26,199,Cancelled
7276,14888,Basic,2022-02-23,2023-02-18,199,Expired
7277,13666,Fleet,2023-02-15,2023-10-11,999,Expired
7278,8705,Premium,2023-01-25,2023-06-12,499,Expired
7279,8175,Basic,2023-04-03,2023-07-24,199,Expired
7280,12310,Basic,2022-08-15,2022-12-31,199,Expired
7281,5925,Basic,2022-08-26,2024-05-09,199,Expired
7282,9702,Basic,2022-09-11,2023-09-28,199,Expired
7283,11716,Basic,2022-12-18,2024-03-07,199,Expired
7284,9327,Premium,2022-07-09,2022-10-28,499,Expired
7285,6865,Basic,2022-12-23,2024-10-02,199,Expired
7286,5067,Basic,2022-11-19,2024-01-28,199,Expired
7287,6841,Basic,2022-08-23,2023-03-24,199,Expired
7288,7909,Basic,2022-10-11,2024-05-14,199,Cancelled
7289,14402,Premium,2022-09-06,2024-03-04,499,Cancelled
7290,14206,Basic,2022-08-15,2024-04-30,199,Expired
7291,2770,Premium,2022-06-29,2022-11-14,499,Expired
7292,389,Basic,2022-02-06,2023-05-11,199,Expired
7293,1954,Basic,2022-08-18,2024-08-16,199,Expired
7294,16121,Fleet,2023-01-09,2023-06-11,999,Expired
7295,16252,Basic,2022-02-25,2023-12-13,199,Cancelled
7296,12370,Basic,2022-12-31,2024-10-14,199,Expired
7297,15755,Fleet,2022-05-31,2022-09-29,999,Cancelled
7298,17484,Basic,2022-11-19,2024-11-17,199,Expired
7299,316,Premium,2022-03-06,2022-08-23,499,Expired
7300,2005,Basic,2022-10-28,2024-06-03,199,Expired
7301,15455,Basic,2022-04-22,2024-03-15,199,Expired
7302,414,Basic,2023-04-28,2024-03-19,199,Expired
7303,7316,Premium,2022-12-05,2024-02-09,499,Expired
7304,13743,Basic,2022-12-11,2024-06-29,199,Expired
7305,18483,Basic,2022-05-13,2023-08-10,199,Expired
7306,6626,Basic,2022-11-11,2024-06-19,199,Expired
7307,6087,Basic,2022-12-12,2024-03-06,199,Expired
7308,3384,Premium,2023-03-17,2024-09-06,499,Expired
7309,7301,Fleet,2022-08-25,2024-08-17,999,Expired
7310,14174,Basic,2022-07-14,2024-04-04,199,Cancelled
7311,12842,Basic,2023-02-01,2024-08-05,199,Cancelled
7312,606,Basic,2022-07-07,2023-10-12,199,Expired
7313,16,Basic,2022-05-08,2024-04-24,199,Expired
7314,9933,Basic,2022-12-18,2024-05-02,199,Cancelled
7315,16187,Premium,2023-06-20,2024-05-19,499,Expired
7316,6413,Fleet,2022-02-07,2023-07-19,999,Expired
7317,11273,Premium,2022-11-26,2024-06-22,499,Expired
7318,12613,Basic,2022-10-16,2024-06-01,199,Expired
7319,10805,Basic,2023-02-01,2024-04-24,199,Expired
7320,5767,Basic,2022-10-28,2023-08-28,199,Expired
7321,3050,Basic,2022-12-04,2024-02-03,199,Expired
7322,3953,Premium,2022-04-04,2023-06-04,499,Cancelled
7323,16416,Basic,2022-05-28,2023-03-26,199,Expired
7324,310,Basic,2022-07-15,2023-01-30,199,Expired
7325,5465,Basic,2022-07-10,2023-12-16,199,Cancelled
7326,1484,Basic,2022-10-06,2024-04-14,199,Expired
7327,1254,Premium,2022-02-21,2023-05-28,499,Expired
7328,8830,Basic,2022-06-19,2024-05-07,199,Cancelled
7329,10187,Basic,2022-05-18,2023-09-19,199,Expired
7330,5988,Fleet,2022-08-10,2024-06-20,999,Expired
7331,6037,Basic,2022-07-10,2022-11-10,199,Expired
7332,1150,Basic,2022-02-22,2022-07-15,199,Expired
7333,9903,Basic,2022-08-12,2023-10-14,199,Cancelled
7334,2518,Basic,2022-06-06,2022-11-29,199,Expired
7335,13437,Basic,2023-01-01,2023-11-12,199,Cancelled
7336,9755,Premium,2023-03-26,2024-05-20,499,Expired
7337,14943,Premium,2022-10-25,2023-04-09,499,Expired
7338,2129,Premium,2022-03-17,2023-05-26,499,Expired
7339,703,Premium,2022-05-10,2023-06-16,499,Expired
7340,1948,Basic,2022-05-08,2023-05-16,199,Expired
7341,4867,Premium,2022-10-04,2023-07-29,499,Expired
7342,3675,Basic,2023-03-16,2024-11-19,199,Cancelled
7343,3843,Premium,2022-05-28,2023-03-05,499,Expired
7344,6570,Premium,2022-04-18,2022-08-14,499,Expired
7345,7591,Premium,2022-03-31,2023-08-03,499,Expired
7346,12203,Premium,2023-01-17,2024-06-16,499,Expired
7347,9802,Basic,2022-07-09,2023-09-17,199,Expired
7348,1112,Basic,2022-06-05,2024-02-27,199,Cancelled
7349,17553,Premium,2022-12-11,2024-12-02,499,Expired
7350,1905,Basic,2023-01-26,2023-12-20,199,Expired
7351,12879,Basic,2022-07-14,2024-06-21,199,Expired
7352,638,Basic,2022-05-07,2023-03-01,199,Expired
7353,249,Basic,2022-05-22,2022-11-09,199,Expired
7354,2407,Premium,2022-12-08,2023-10-06,499,Expired
7355,19426,Basic,2022-08-24,2022-12-13,199,Expired
7356,10658,Basic,2022-09-05,2023-04-11,199,Expired
7357,6747,Basic,2022-11-16,2024-08-19,199,Expired
7358,697,Basic,2022-06-12,2023-01-21,199,Expired
7359,18893,Basic,2022-07-17,2023-01-13,199,Cancelled
7360,1887,Premium,2022-10-21,2024-01-29,499,Expired
7361,17614,Basic,2022-12-06,2023-06-07,199,Expired
7362,10281,Basic,2023-02-16,2023-09-30,199,Expired
7363,2229,Premium,2022-05-19,2024-05-07,499,Expired
7364,10811,Basic,2023-06-19,2024-09-25,199,Expired
7365,14555,Basic,2022-10-20,2024-01-31,199,Cancelled
7366,10145,Basic,2022-12-22,2024-05-11,199,Expired
7367,5613,Fleet,2023-02-05,2024-10-28,999,Expired
7368,9806,Basic,2023-02-02,2024-09-08,199,Expired
7369,16280,Premium,2022-10-03,2023-10-02,499,Expired
7370,7156,Basic,2022-11-10,2024-03-19,199,Expired
7371,71,Premium,2022-07-26,2022-12-29,499,Expired
7372,10671,Basic,2022-11-03,2023-04-09,199,Expired
7373,14412,Basic,2023-03-29,2023-08-02,199,Cancelled
7374,5769,Basic,2022-12-07,2023-05-06,199,Expired
7375,1179,Premium,2023-01-25,2024-02-15,499,Expired
7376,7478,Basic,2022-12-26,2024-02-17,199,Expired
7377,12372,Fleet,2023-04-27,2024-03-27,999,Expired
7378,17788,Basic,2022-09-09,2024-08-07,199,Cancelled
7379,1892,Basic,2023-05-13,2025-04-22,199,Expired
7380,4845,Premium,2023-01-04,2024-05-07,499,Expired
7381,13177,Basic,2022-05-25,2023-09-24,199,Cancelled
7382,2011,Premium,2022-08-16,2023-06-26,499,Expired
7383,16861,Premium,2022-11-30,2024-05-02,499,Expired
7384,14706,Basic,2023-01-08,2025-01-05,199,Expired
7385,13533,Basic,2022-03-25,2024-01-05,199,Cancelled
7386,6426,Basic,2022-02-21,2023-07-06,199,Expired
7387,17340,Basic,2022-10-22,2023-08-04,199,Expired
7388,13223,Basic,2022-02-08,2023-12-04,199,Expired
7389,12656,Basic,2022-08-04,2023-02-15,199,Expired
7390,5965,Basic,2022-03-17,2023-02-22,199,Expired
7391,6248,Premium,2022-11-07,2024-04-01,499,Expired
7392,15082,Basic,2022-06-26,2023-01-05,199,Expired
7393,2090,Premium,2022-04-20,2022-09-21,499,Expired
7394,18885,Premium,2022-07-12,2023-02-28,499,Expired
7395,16211,Basic,2023-02-18,2024-11-28,199,Expired
7396,4192,Premium,2023-02-09,2023-08-22,499,Expired
7397,9761,Basic,2023-01-19,2023-07-31,199,Expired
7398,16146,Basic,2022-09-23,2024-02-05,199,Cancelled
7399,19957,Premium,2022-08-23,2023-12-09,499,Expired
7400,2958,Basic,2022-07-02,2022-11-17,199,Expired
7401,17556,Fleet,2022-12-07,2024-09-29,999,Cancelled
7402,11987,Basic,2022-03-23,2023-11-21,199,Expired
7403,434,Premium,2022-11-15,2024-04-10,499,Expired
7404,3539,Basic,2023-01-22,2024-10-23,199,Expired
7405,1084,Basic,2023-06-13,2024-10-29,199,Expired
7406,6908,Basic,2023-01-01,2023-04-16,199,Expired
7407,10102,Basic,2022-05-23,2024-03-07,199,Expired
7408,10863,Premium,2022-09-17,2022-12-29,499,Expired
7409,2854,Fleet,2022-09-24,2024-07-28,999,Expired
7410,4121,Basic,2022-09-27,2024-07-10,199,Expired
7411,8872,Basic,2022-06-27,2022-11-20,199,Expired
7412,7079,Basic,2023-01-25,2024-10-22,199,Cancelled
7413,12491,Premium,2022-08-17,2022-12-21,499,Expired
7414,7896,Basic,2023-01-17,2024-11-27,199,Expired
7415,945,Basic,2022-01-20,2023-02-22,199,Expired
7416,8272,Basic,2022-03-28,2023-05-10,199,Expired
7417,12332,Basic,2022-11-10,2023-07-09,199,Expired
7418,10934,Premium,2022-03-12,2022-11-13,499,Expired
7419,8407,Basic,2023-02-12,2023-09-26,199,Expired
7420,15770,Basic,2022-03-04,2022-09-01,199,Expired
7421,10286,Basic,2023-01-21,2023-11-19,199,Expired
7422,15863,Fleet,2022-09-13,2023-04-20,999,Expired
7423,19590,Basic,2022-12-23,2023-07-31,199,Expired
7424,1589,Premium,2022-07-26,2023-10-21,499,Expired
7425,19218,Premium,2022-07-28,2023-09-15,499,Expired
7426,13112,Basic,2022-08-17,2023-12-22,199,Expired
7427,3329,Basic,2022-09-24,2024-05-19,199,Cancelled
7428,3639,Basic,2023-04-27,2023-12-25,199,Expired
7429,13869,Basic,2022-09-16,2024-07-13,199,Expired
7430,10240,Fleet,2023-03-31,2024-06-20,999,Expired
7431,19724,Basic,2023-05-04,2024-12-12,199,Expired
7432,368,Basic,2022-10-17,2024-05-12,199,Expired
7433,9273,Basic,2022-11-11,2023-02-22,199,Expired
7434,14049,Basic,2023-02-12,2023-10-28,199,Expired
7435,15834,Basic,2022-12-08,2024-03-19,199,Expired
7436,12995,Fleet,2022-03-06,2023-05-01,999,Expired
7437,8046,Basic,2022-08-30,2023-07-23,199,Expired
7438,1153,Basic,2022-03-28,2022-08-29,199,Expired
7439,11720,Basic,2022-11-05,2024-10-04,199,Cancelled
7440,8143,Basic,2022-06-14,2022-10-21,199,Cancelled
7441,11754,Basic,2023-01-29,2024-07-08,199,Expired
7442,16032,Premium,2022-08-27,2023-10-20,499,Cancelled
7443,11171,Premium,2022-11-28,2024-10-05,499,Expired
7444,4314,Basic,2022-09-21,2023-08-08,199,Expired
7445,6275,Basic,2022-02-28,2024-02-22,199,Expired
7446,18410,Premium,2022-02-24,2022-11-17,499,Expired
7447,9496,Premium,2022-05-07,2023-08-15,499,Expired
7448,11915,Basic,2022-12-05,2024-12-02,199,Cancelled
7449,17174,Premium,2022-04-07,2023-05-10,499,Expired
7450,2013,Fleet,2022-08-08,2023-01-01,999,Cancelled
7451,2616,Basic,2022-11-15,2023-07-11,199,Expired
7452,6788,Basic,2022-11-12,2024-09-15,199,Expired
7453,2475,Premium,2022-12-04,2024-07-11,499,Expired
7454,6766,Premium,2022-11-02,2023-08-23,499,Expired
7455,14078,Premium,2022-09-20,2023-10-04,499,Expired
7456,2946,Basic,2022-06-14,2023-04-18,199,Expired
7457,16952,Fleet,2022-09-26,2023-05-10,999,Expired
7458,13479,Basic,2022-08-28,2024-01-29,199,Expired
7459,14650,Premium,2022-06-09,2023-02-23,499,Cancelled
7460,19635,Basic,2022-10-26,2023-11-29,199,Expired
7461,16108,Basic,2022-06-11,2022-10-01,199,Expired
7462,5861,Basic,2022-11-19,2024-10-24,199,Cancelled
7463,185,Basic,2023-02-21,2024-08-16,199,Expired
7464,3712,Basic,2022-07-08,2023-12-25,199,Expired
7465,14844,Fleet,2022-05-01,2024-04-09,999,Cancelled
7466,14175,Premium,2022-08-11,2023-03-01,499,Expired
7467,12814,Premium,2023-05-10,2023-12-06,499,Expired
7468,7529,Premium,2022-10-01,2023-04-01,499,Expired
7469,12083,Basic,2022-07-31,2023-05-16,199,Expired
7470,14883,Basic,2023-03-14,2024-03-31,199,Expired
7471,3695,Basic,2022-12-26,2024-09-06,199,Expired
7472,10093,Premium,2022-09-06,2023-05-13,499,Cancelled
7473,11789,Basic,2022-05-15,2022-12-12,199,Cancelled
7474,5542,Fleet,2023-03-02,2023-12-09,999,Expired
7475,15954,Basic,2023-06-23,2024-04-04,199,Expired
7476,15678,Basic,2023-03-15,2025-02-04,199,Expired
7477,18023,Premium,2023-06-17,2025-04-29,499,Expired
7478,18540,Basic,2022-08-31,2023-08-09,199,Expired
7479,13983,Premium,2022-10-06,2023-12-18,499,Cancelled
7480,15243,Premium,2022-09-02,2023-05-21,499,Cancelled
7481,593,Basic,2022-12-11,2023-10-30,199,Cancelled
7482,7982,Fleet,2022-07-12,2022-11-15,999,Cancelled
7483,11332,Fleet,2022-07-05,2023-03-13,999,Expired
7484,6019,Basic,2022-03-13,2023-08-31,199,Expired
7485,3666,Basic,2023-02-08,2023-12-22,199,Expired
7486,1029,Basic,2022-12-18,2023-10-17,199,Expired
7487,10408,Premium,2022-11-14,2024-03-08,499,Cancelled
7488,3926,Fleet,2022-10-23,2023-02-02,999,Expired
7489,3163,Basic,2022-06-12,2023-10-07,199,Expired
7490,5778,Premium,2023-03-19,2023-08-13,499,Expired
7491,820,Premium,2022-08-06,2023-11-16,499,Expired
7492,539,Premium,2022-07-04,2024-05-24,499,Expired
7493,13093,Basic,2023-02-12,2023-08-27,199,Expired
7494,5563,Premium,2022-12-12,2024-01-11,499,Expired
7495,11340,Premium,2022-11-20,2023-06-29,499,Expired
7496,1361,Premium,2022-07-23,2023-07-13,499,Expired
7497,5951,Fleet,2022-01-21,2022-10-30,999,Cancelled
7498,7739,Premium,2022-08-19,2023-12-31,499,Expired
7499,16420,Basic,2022-07-06,2024-01-29,199,Expired
7500,14484,Premium,2022-07-08,2023-09-05,499,Expired
7501,15171,Basic,2022-10-03,2024-05-27,199,Expired
7502,8098,Fleet,2022-11-18,2023-11-19,999,Expired
7503,4906,Premium,2022-11-21,2023-02-20,499,Expired
7504,18469,Basic,2022-11-18,2024-10-18,199,Expired
7505,6657,Basic,2023-01-16,2023-07-08,199,Expired
7506,6539,Basic,2023-03-27,2023-08-03,199,Expired
7507,5728,Basic,2023-02-03,2024-05-15,199,Expired
7508,15488,Premium,2022-12-03,2023-05-25,499,Expired
7509,16114,Basic,2022-08-08,2023-08-30,199,Expired
7510,16472,Fleet,2023-01-12,2024-06-25,999,Cancelled
7511,8987,Basic,2022-02-20,2023-03-07,199,Expired
7512,11946,Premium,2022-03-13,2023-05-27,499,Expired
7513,2311,Basic,2022-08-06,2024-07-22,199,Expired
7514,529,Basic,2023-05-19,2023-12-17,199,Cancelled
7515,13764,Premium,2022-02-27,2022-11-29,499,Expired
7516,3468,Premium,2022-06-27,2023-11-07,499,Expired
7517,2370,Fleet,2022-06-10,2023-08-26,999,Expired
7518,10639,Basic,2022-05-24,2024-03-21,199,Cancelled
7519,3456,Premium,2023-01-02,2023-10-17,499,Cancelled
7520,12264,Basic,2022-04-05,2022-11-14,199,Cancelled
7521,17098,Basic,2022-10-19,2023-03-12,199,Expired
7522,9446,Basic,2022-09-05,2024-07-31,199,Expired
7523,12182,Premium,2022-10-08,2023-11-13,499,Expired
7524,2632,Basic,2022-02-24,2022-07-06,199,Expired
7525,10712,Basic,2023-06-18,2024-07-07,199,Expired
7526,12685,Premium,2022-11-20,2024-05-01,499,Expired
7527,19357,Premium,2022-02-22,2023-04-13,499,Expired
7528,7327,Premium,2022-07-18,2023-08-02,499,Expired
7529,9926,Premium,2022-04-22,2023-01-02,499,Expired
7530,9094,Basic,2022-09-20,2024-07-02,199,Expired
7531,4580,Basic,2022-11-10,2024-09-30,199,Cancelled
7532,8841,Basic,2022-07-02,2023-10-04,199,Expired
7533,304,Basic,2022-10-03,2024-02-07,199,Expired
7534,4163,Basic,2022-08-30,2023-10-04,199,Expired
7535,1766,Premium,2022-08-07,2024-07-23,499,Expired
7536,15754,Premium,2022-05-07,2024-03-22,499,Expired
7537,7581,Premium,2022-08-16,2023-06-17,499,Cancelled
7538,4537,Fleet,2022-08-22,2023-08-31,999,Expired
7539,12794,Basic,2022-09-03,2024-04-04,199,Expired
7540,9085,Premium,2022-06-06,2023-11-24,499,Expired
7541,12166,Basic,2022-12-25,2024-01-23,199,Expired
7542,17573,Basic,2022-09-28,2024-03-15,199,Expired
7543,17713,Premium,2023-01-30,2024-04-28,499,Expired
7544,466,Basic,2022-05-11,2023-04-11,199,Expired
7545,17251,Basic,2023-03-29,2024-11-06,199,Expired
7546,1198,Fleet,2022-03-12,2023-12-10,999,Expired
7547,17214,Basic,2023-05-07,2024-09-13,199,Expired
7548,14678,Premium,2023-05-26,2024-03-17,499,Expired
7549,4210,Basic,2023-02-09,2023-05-20,199,Expired
7550,9565,Premium,2023-01-02,2024-06-01,499,Expired
7551,17349,Premium,2022-11-16,2023-12-04,499,Expired
7552,8888,Basic,2022-06-29,2024-02-18,199,Cancelled
7553,6188,Premium,2022-04-04,2022-10-07,499,Expired
7554,5124,Fleet,2022-11-04,2023-05-18,999,Expired
7555,18652,Premium,2022-09-08,2023-06-04,499,Expired
7556,14823,Basic,2022-06-03,2023-09-09,199,Expired
7557,11629,Fleet,2022-12-31,2024-11-01,999,Cancelled
7558,10111,Basic,2023-03-12,2025-03-11,199,Expired
7559,7216,Basic,2022-06-19,2023-01-01,199,Expired
7560,10908,Premium,2022-12-28,2023-04-05,499,Expired
7561,9365,Basic,2022-01-13,2022-12-22,199,Expired
7562,11087,Basic,2022-11-02,2023-12-11,199,Expired
7563,6694,Premium,2022-05-02,2022-09-08,499,Expired
7564,2532,Premium,2023-01-28,2024-10-23,499,Expired
7565,17171,Premium,2023-01-07,2023-04-14,499,Expired
7566,13765,Premium,2022-10-17,2023-12-10,499,Expired
7567,4004,Basic,2023-02-06,2023-07-26,199,Expired
7568,10723,Premium,2022-11-24,2023-04-16,499,Expired
7569,2321,Premium,2022-03-19,2022-10-10,499,Expired
7570,19886,Premium,2023-02-03,2024-10-11,499,Expired
7571,2020,Premium,2022-08-31,2024-01-01,499,Expired
7572,10139,Basic,2022-03-26,2024-02-25,199,Expired
7573,14529,Basic,2023-05-17,2023-11-24,199,Expired
7574,568,Basic,2022-08-25,2023-05-31,199,Cancelled
7575,19420,Basic,2022-08-28,2024-05-28,199,Expired
7576,12562,Premium,2022-10-17,2023-12-30,499,Expired
7577,18786,Premium,2022-11-12,2024-07-24,499,Cancelled
7578,4112,Basic,2022-09-02,2023-04-27,199,Expired
7579,15910,Basic,2022-07-20,2024-01-25,199,Expired
7580,4487,Basic,2023-02-15,2025-02-10,199,Cancelled
7581,9587,Premium,2022-05-31,2024-03-12,499,Expired
7582,14286,Basic,2022-11-04,2023-09-14,199,Expired
7583,1946,Basic,2022-07-23,2024-03-18,199,Expired
7584,5170,Basic,2022-07-14,2024-01-17,199,Cancelled
7585,13208,Basic,2023-01-08,2023-06-24,199,Expired
7586,17598,Basic,2023-03-13,2024-08-12,199,Cancelled
7587,7488,Basic,2022-09-27,2024-02-19,199,Expired
7588,10126,Fleet,2022-05-19,2024-04-11,999,Expired
7589,14858,Premium,2022-10-29,2024-01-03,499,Expired
7590,2571,Basic,2022-09-27,2024-06-23,199,Expired
7591,8539,Basic,2022-07-15,2023-12-21,199,Expired
7592,10495,Basic,2022-07-28,2023-03-05,199,Expired
7593,14968,Premium,2022-11-13,2024-01-05,499,Expired
7594,11137,Premium,2022-07-11,2023-10-09,499,Expired
7595,17443,Fleet,2022-08-17,2023-01-06,999,Cancelled
7596,6922,Basic,2023-01-05,2024-08-08,199,Expired
7597,14434,Basic,2022-08-27,2023-04-24,199,Expired
7598,5051,Basic,2022-08-08,2023-03-03,199,Expired
7599,19252,Basic,2022-08-18,2024-05-03,199,Expired
7600,14746,Premium,2022-11-09,2024-07-14,499,Expired
7601,19500,Basic,2022-11-12,2023-11-19,199,Expired
7602,8638,Fleet,2023-01-23,2024-08-27,999,Expired
7603,12578,Premium,2022-12-20,2024-06-13,499,Expired
7604,4456,Basic,2022-07-11,2023-05-10,199,Expired
7605,18140,Basic,2023-02-16,2023-05-23,199,Expired
7606,3284,Premium,2022-09-25,2023-06-07,499,Expired
7607,12931,Basic,2022-09-10,2023-03-05,199,Expired
7608,1139,Basic,2022-06-13,2023-04-18,199,Cancelled
7609,12062,Basic,2022-08-02,2023-03-28,199,Expired
7610,10793,Basic,2022-03-20,2023-02-19,199,Expired
7611,17232,Premium,2023-01-07,2023-08-23,499,Cancelled
7612,12825,Fleet,2022-09-09,2023-06-11,999,Expired
7613,15114,Basic,2022-09-26,2023-05-26,199,Expired
7614,9393,Basic,2022-06-20,2023-01-24,199,Expired
7615,12306,Basic,2023-02-24,2025-01-14,199,Expired
7616,7515,Basic,2022-06-06,2022-10-30,199,Cancelled
7617,8461,Basic,2022-09-22,2023-05-01,199,Expired
7618,2597,Basic,2022-08-06,2022-12-11,199,Expired
7619,9329,Premium,2022-11-20,2023-04-01,499,Expired
7620,19690,Premium,2022-09-19,2023-07-25,499,Expired
7621,159,Basic,2022-05-09,2023-07-08,199,Cancelled
7622,13714,Basic,2022-05-11,2023-10-06,199,Expired
7623,2453,Basic,2022-11-18,2024-04-10,199,Cancelled
7624,8538,Basic,2022-07-17,2023-01-05,199,Expired
7625,1238,Basic,2023-02-15,2025-02-07,199,Expired
7626,18022,Fleet,2022-09-14,2023-05-03,999,Expired
7627,19563,Basic,2023-01-17,2024-04-21,199,Expired
7628,16284,Basic,2022-05-10,2023-12-02,199,Expired
7629,2061,Basic,2022-11-14,2023-11-13,199,Expired
7630,882,Premium,2022-10-08,2024-02-27,499,Expired
7631,5872,Basic,2022-10-10,2024-03-11,199,Expired
7632,3308,Premium,2022-07-25,2023-04-18,499,Expired
7633,17167,Premium,2022-05-01,2023-04-03,499,Expired
7634,19251,Premium,2022-10-17,2023-06-03,499,Expired
7635,7548,Basic,2022-12-24,2023-06-21,199,Expired
7636,4960,Basic,2022-02-12,2023-03-17,199,Cancelled
7637,7051,Fleet,2023-04-01,2025-01-24,999,Expired
7638,14857,Basic,2022-08-25,2022-11-29,199,Cancelled
7639,134,Fleet,2023-03-01,2024-11-10,999,Expired
7640,8422,Basic,2022-09-05,2023-05-10,199,Expired
7641,6763,Basic,2022-04-29,2023-10-05,199,Expired
7642,15548,Premium,2022-12-03,2023-10-09,499,Cancelled
7643,8562,Fleet,2022-04-16,2023-01-31,999,Cancelled
7644,4803,Premium,2023-02-26,2024-08-21,499,Expired
7645,7713,Fleet,2023-01-25,2024-06-04,999,Expired
7646,6300,Basic,2022-09-04,2024-01-25,199,Expired
7647,15244,Basic,2022-11-13,2023-05-18,199,Expired
7648,12415,Basic,2022-05-11,2022-08-15,199,Expired
7649,18132,Basic,2022-02-09,2022-06-06,199,Cancelled
7650,6506,Premium,2022-11-27,2023-05-28,499,Expired
7651,409,Basic,2022-10-21,2023-02-18,199,Expired
7652,10055,Basic,2022-12-11,2023-04-23,199,Expired
7653,8047,Premium,2022-12-17,2023-11-14,499,Expired
7654,8019,Basic,2022-06-01,2023-06-22,199,Expired
7655,15994,Basic,2022-11-19,2024-01-01,199,Expired
7656,2059,Basic,2022-09-04,2023-11-28,199,Cancelled
7657,16105,Basic,2023-01-17,2024-10-30,199,Cancelled
7658,12961,Basic,2023-03-02,2023-07-04,199,Expired
7659,9239,Premium,2022-10-09,2024-03-08,499,Expired
7660,5099,Fleet,2022-07-08,2023-01-06,999,Expired
7661,16664,Basic,2022-07-31,2024-01-01,199,Expired
7662,7076,Basic,2022-08-27,2023-03-07,199,Expired
7663,8248,Basic,2022-12-31,2024-07-09,199,Cancelled
7664,2765,Basic,2023-04-08,2024-01-12,199,Expired
7665,9787,Premium,2023-01-14,2024-10-13,499,Expired
7666,6340,Premium,2023-02-01,2024-12-14,499,Expired
7667,6499,Basic,2023-03-11,2024-07-14,199,Expired
7668,14905,Basic,2022-12-12,2023-10-17,199,Expired
7669,5822,Basic,2022-11-17,2023-03-23,199,Expired
7670,15284,Basic,2022-06-03,2023-10-19,199,Expired
7671,4717,Premium,2022-06-09,2023-12-02,499,Expired
7672,5046,Premium,2022-03-09,2023-03-11,499,Expired
7673,2216,Basic,2022-07-08,2023-09-03,199,Expired
7674,8966,Basic,2022-10-16,2024-05-18,199,Expired
7675,6995,Basic,2022-11-26,2023-02-25,199,Cancelled
7676,17423,Basic,2022-11-28,2024-05-01,199,Expired
7677,16669,Basic,2023-04-13,2023-07-30,199,Expired
7678,3046,Fleet,2022-08-11,2022-11-14,999,Expired
7679,15692,Premium,2022-12-17,2023-05-15,499,Expired
7680,1483,Basic,2022-10-29,2024-08-01,199,Expired
7681,10667,Basic,2022-12-02,2023-03-30,199,Expired
7682,5043,Basic,2022-06-25,2023-03-21,199,Expired
7683,12557,Basic,2022-06-15,2023-11-23,199,Cancelled
7684,2944,Premium,2022-09-23,2023-07-16,499,Expired
7685,18601,Fleet,2022-06-21,2023-04-06,999,Expired
7686,14231,Basic,2023-02-17,2024-06-30,199,Expired
7687,6633,Basic,2022-10-07,2023-06-28,199,Expired
7688,7722,Basic,2022-06-12,2023-03-14,199,Expired
7689,5445,Basic,2022-12-24,2024-03-17,199,Expired
7690,17522,Basic,2023-02-12,2024-11-27,199,Cancelled
7691,11878,Premium,2022-11-16,2023-02-23,499,Expired
7692,19254,Basic,2022-05-24,2022-12-21,199,Cancelled
7693,13409,Premium,2022-09-26,2024-07-28,499,Cancelled
7694,19781,Basic,2022-08-08,2024-05-26,199,Expired
7695,18784,Premium,2022-09-05,2023-02-27,499,Expired
7696,11215,Premium,2022-03-28,2023-04-29,499,Expired
7697,370,Premium,2022-01-28,2023-06-14,499,Expired
7698,3694,Premium,2022-09-04,2024-08-30,499,Cancelled
7699,2549,Premium,2022-08-15,2023-07-19,499,Expired
7700,13675,Fleet,2022-03-08,2023-12-04,999,Expired
7701,643,Premium,2022-11-30,2024-08-08,499,Expired
7702,15146,Basic,2022-12-30,2024-12-19,199,Expired
7703,12163,Premium,2023-01-14,2024-05-02,499,Expired
7704,3470,Basic,2022-11-22,2024-03-30,199,Expired
7705,15061,Premium,2023-05-04,2023-12-25,499,Expired
7706,12460,Premium,2023-01-13,2024-08-11,499,Cancelled
7707,13288,Basic,2022-09-07,2024-03-20,199,Expired
7708,16871,Basic,2022-12-02,2024-06-20,199,Expired
7709,8884,Basic,2022-12-17,2024-09-01,199,Expired
7710,4065,Basic,2022-07-09,2024-02-25,199,Expired
7711,4782,Premium,2023-02-27,2023-10-09,499,Expired
7712,1859,Basic,2022-11-21,2023-05-25,199,Cancelled
7713,10734,Basic,2022-08-17,2024-05-26,199,Expired
7714,6580,Basic,2022-06-04,2023-05-02,199,Cancelled
7715,7736,Basic,2023-02-03,2025-01-23,199,Expired
7716,13263,Premium,2022-12-17,2023-03-23,499,Expired
7717,4344,Premium,2022-08-29,2023-08-29,499,Cancelled
7718,18663,Basic,2022-09-06,2023-05-05,199,Expired
7719,8782,Basic,2022-11-24,2024-01-14,199,Expired
7720,13839,Premium,2022-02-19,2023-10-28,499,Expired
7721,3356,Basic,2023-04-14,2023-09-11,199,Expired
7722,522,Premium,2022-09-22,2023-08-03,499,Cancelled
7723,4031,Basic,2022-03-30,2023-12-07,199,Expired
7724,19419,Fleet,2022-09-19,2023-03-15,999,Expired
7725,17445,Premium,2023-01-07,2024-06-23,499,Expired
7726,19441,Basic,2022-09-16,2024-05-22,199,Expired
7727,14409,Basic,2022-11-11,2024-04-03,199,Expired
7728,7257,Premium,2022-09-21,2023-10-23,499,Cancelled
7729,18393,Premium,2022-11-11,2024-08-19,499,Expired
7730,13279,Premium,2023-02-04,2024-09-06,499,Expired
7731,9251,Basic,2022-06-06,2023-04-27,199,Expired
7732,5701,Premium,2022-08-13,2024-06-28,499,Expired
7733,16070,Premium,2022-08-12,2024-02-22,499,Expired
7734,9543,Basic,2023-04-24,2024-01-21,199,Expired
7735,16929,Premium,2022-11-03,2023-11-08,499,Expired
7736,5438,Premium,2022-12-29,2023-04-21,499,Expired
7737,4745,Basic,2022-11-01,2023-05-10,199,Expired
7738,1058,Basic,2022-08-01,2023-10-15,199,Expired
7739,18986,Premium,2022-08-31,2024-03-21,499,Expired
7740,7959,Basic,2023-02-11,2023-08-25,199,Expired
7741,10954,Premium,2022-09-26,2023-11-27,499,Expired
7742,14275,Premium,2023-05-05,2024-03-16,499,Expired
7743,873,Basic,2022-09-29,2023-04-23,199,Expired
7744,11747,Basic,2022-06-28,2023-09-25,199,Expired
7745,9040,Premium,2023-01-04,2023-10-06,499,Expired
7746,16066,Basic,2023-03-13,2023-09-21,199,Expired
7747,12604,Premium,2023-01-23,2024-09-23,499,Expired
7748,4016,Basic,2022-05-29,2023-05-12,199,Cancelled
7749,17543,Basic,2022-08-13,2023-12-08,199,Expired
7750,4232,Premium,2022-08-05,2023-04-20,499,Expired
7751,12302,Premium,2022-10-17,2023-08-27,499,Expired
7752,307,Basic,2023-01-13,2023-09-16,199,Expired
7753,16842,Basic,2022-05-19,2024-04-01,199,Expired
7754,17699,Premium,2022-08-10,2024-07-26,499,Expired
7755,3493,Premium,2022-05-17,2023-04-28,499,Expired
7756,10521,Basic,2022-07-02,2024-01-23,199,Expired
7757,5140,Fleet,2023-01-30,2023-12-24,999,Expired
7758,11040,Premium,2022-08-14,2024-06-12,499,Expired
7759,12972,Fleet,2022-11-21,2024-01-15,999,Expired
7760,19183,Basic,2022-11-10,2024-06-15,199,Cancelled
7761,5182,Basic,2022-12-13,2023-07-09,199,Cancelled
7762,11362,Premium,2022-11-18,2023-08-08,499,Expired
7763,11485,Premium,2022-12-01,2023-04-12,499,Expired
7764,1925,Premium,2022-10-16,2024-01-15,499,Expired
7765,18106,Basic,2022-05-16,2024-04-03,199,Expired
7766,9536,Basic,2023-06-13,2024-03-02,199,Expired
7767,13875,Premium,2023-01-26,2024-06-20,499,Expired
7768,13596,Basic,2022-10-12,2024-08-19,199,Cancelled
7769,16265,Fleet,2022-10-31,2024-04-21,999,Expired
7770,6209,Premium,2022-02-22,2022-07-26,499,Expired
7771,1352,Basic,2022-09-10,2023-07-30,199,Expired
7772,15694,Basic,2022-12-30,2024-10-10,199,Expired
7773,12691,Basic,2022-09-06,2024-01-28,199,Expired
7774,9599,Fleet,2022-10-07,2024-05-30,999,Expired
7775,5162,Basic,2023-01-23,2023-11-12,199,Expired
7776,13188,Basic,2022-06-23,2023-02-05,199,Expired
7777,867,Premium,2022-05-04,2023-04-26,499,Expired
7778,13057,Basic,2022-04-13,2022-12-16,199,Cancelled
7779,3345,Premium,2023-02-16,2024-08-21,499,Cancelled
7780,8196,Fleet,2022-08-28,2023-08-12,999,Cancelled
7781,4302,Basic,2022-12-03,2024-05-04,199,Cancelled
7782,9732,Basic,2022-08-29,2023-02-19,199,Cancelled
7783,3534,Basic,2022-02-18,2023-01-11,199,Expired
7784,2450,Premium,2022-04-09,2024-04-05,499,Expired
7785,7622,Premium,2022-12-13,2024-05-15,499,Expired
7786,18301,Premium,2023-04-24,2023-08-24,499,Expired
7787,1186,Basic,2022-09-22,2023-10-20,199,Expired
7788,4901,Fleet,2023-04-19,2024-03-12,999,Expired
7789,16962,Basic,2023-01-27,2024-09-12,199,Expired
7790,5937,Premium,2023-02-27,2024-01-03,499,Cancelled
7791,2265,Premium,2022-07-25,2023-03-12,499,Expired
7792,261,Basic,2022-08-29,2023-06-28,199,Expired
7793,17798,Basic,2022-06-19,2023-10-15,199,Expired
7794,18502,Premium,2022-08-26,2023-04-09,499,Cancelled
7795,3915,Basic,2022-08-26,2023-12-17,199,Expired
7796,17685,Basic,2022-05-14,2022-09-17,199,Expired
7797,1092,Basic,2022-01-20,2023-05-09,199,Expired
7798,17018,Basic,2023-03-31,2024-06-14,199,Expired
7799,6932,Premium,2022-08-19,2023-03-30,499,Expired
7800,4650,Basic,2022-02-08,2023-02-18,199,Expired
7801,2210,Premium,2022-06-08,2023-06-15,499,Expired
7802,14384,Premium,2023-06-11,2025-06-06,499,Cancelled
7803,16303,Basic,2023-01-11,2023-07-28,199,Expired
7804,9839,Premium,2022-12-09,2024-06-18,499,Expired
7805,7143,Basic,2022-11-03,2023-07-24,199,Expired
7806,834,Basic,2022-09-06,2023-12-03,199,Expired
7807,11514,Basic,2023-03-11,2024-06-18,199,Expired
7808,10886,Basic,2023-01-16,2024-02-17,199,Cancelled
7809,15817,Basic,2022-09-21,2023-06-04,199,Expired
7810,19546,Basic,2022-08-20,2023-07-08,199,Expired
7811,10460,Basic,2023-04-29,2024-03-12,199,Cancelled
7812,8257,Basic,2022-04-27,2022-12-24,199,Cancelled
7813,899,Fleet,2023-04-21,2024-09-20,999,Expired
7814,12511,Basic,2022-08-26,2023-12-27,199,Expired
7815,5272,Basic,2022-04-22,2022-11-07,199,Expired
7816,533,Fleet,2022-07-27,2023-10-31,999,Cancelled
7817,2418,Basic,2023-02-01,2024-04-02,199,Cancelled
7818,18754,Premium,2023-02-16,2023-09-18,499,Expired
7819,4677,Basic,2022-07-15,2023-02-02,199,Expired
7820,2922,Premium,2022-12-21,2024-10-22,499,Expired
7821,13710,Basic,2023-01-03,2024-10-03,199,Expired
7822,2250,Basic,2022-10-02,2024-09-20,199,Expired
7823,18188,Basic,2022-05-09,2022-10-05,199,Cancelled
7824,5480,Basic,2023-05-24,2024-05-19,199,Cancelled
7825,3474,Basic,2022-12-02,2024-11-15,199,Cancelled
7826,15480,Basic,2023-04-08,2024-12-03,199,Expired
7827,10457,Basic,2022-11-22,2023-04-28,199,Expired
7828,8378,Premium,2022-11-22,2024-02-01,499,Expired
7829,10589,Basic,2023-02-18,2024-08-23,199,Expired
7830,1719,Premium,2022-10-10,2023-12-20,499,Expired
7831,10606,Basic,2022-04-01,2023-07-02,199,Cancelled
7832,5803,Basic,2022-12-09,2023-07-13,199,Expired
7833,4193,Premium,2022-06-07,2023-04-21,499,Expired
7834,2460,Premium,2022-08-15,2023-09-08,499,Cancelled
7835,5294,Basic,2022-12-01,2024-01-20,199,Expired
7836,6794,Premium,2023-01-22,2023-09-09,499,Expired
7837,11322,Basic,2022-09-30,2024-03-03,199,Cancelled
7838,430,Basic,2022-09-04,2023-09-05,199,Cancelled
7839,2967,Premium,2022-03-05,2023-06-19,499,Expired
7840,17830,Premium,2023-02-28,2024-08-17,499,Expired
7841,17701,Fleet,2022-12-04,2024-01-16,999,Expired
7842,2116,Premium,2022-06-20,2022-10-22,499,Expired
7843,9321,Fleet,2023-04-22,2024-10-30,999,Cancelled
7844,9502,Basic,2022-05-25,2023-10-03,199,Expired
7845,17116,Basic,2022-03-28,2023-09-19,199,Expired
7846,13062,Basic,2022-11-22,2023-05-03,199,Expired
7847,19332,Basic,2023-04-08,2024-12-17,199,Expired
7848,9101,Basic,2022-02-17,2023-11-21,199,Cancelled
7849,11651,Basic,2022-06-04,2022-09-06,199,Expired
7850,16955,Basic,2022-08-11,2024-04-18,199,Expired
7851,3339,Basic,2022-07-26,2023-06-04,199,Expired
7852,10076,Basic,2022-08-15,2023-06-11,199,Expired
7853,7334,Basic,2022-03-23,2023-07-08,199,Expired
7854,3009,Basic,2022-03-15,2023-04-17,199,Expired
7855,18139,Premium,2023-03-11,2023-11-16,499,Expired
7856,14131,Basic,2022-12-01,2023-04-04,199,Expired
7857,17670,Premium,2022-09-25,2024-02-29,499,Expired
7858,11934,Fleet,2022-07-05,2022-10-25,999,Expired
7859,6622,Premium,2023-04-18,2024-09-17,499,Expired
7860,5854,Basic,2022-04-10,2023-10-31,199,Expired
7861,17794,Premium,2022-01-29,2022-07-30,499,Expired
7862,17856,Fleet,2023-02-26,2023-11-29,999,Expired
7863,7935,Fleet,2022-12-08,2023-06-05,999,Expired
7864,3692,Basic,2022-11-04,2024-11-03,199,Expired
7865,11637,Basic,2022-05-05,2023-06-22,199,Expired
7866,5768,Fleet,2022-06-06,2023-06-15,999,Expired
7867,9858,Basic,2022-08-04,2022-11-17,199,Expired
7868,18522,Premium,2023-01-07,2024-01-05,499,Expired
7869,4396,Basic,2022-09-24,2024-02-25,199,Expired
7870,6206,Basic,2022-01-30,2023-01-02,199,Expired
7871,2904,Basic,2022-06-03,2024-04-25,199,Cancelled
7872,1840,Basic,2022-04-14,2024-02-10,199,Expired
7873,11244,Basic,2022-02-20,2024-01-05,199,Expired
7874,8897,Basic,2022-10-15,2023-09-05,199,Expired
7875,17980,Basic,2022-04-16,2023-03-01,199,Cancelled
7876,13359,Fleet,2022-11-09,2023-12-16,999,Expired
7877,10544,Premium,2022-06-08,2022-09-13,499,Expired
7878,6759,Basic,2022-10-30,2024-07-13,199,Cancelled
7879,14019,Basic,2022-08-11,2023-11-12,199,Cancelled
7880,15335,Basic,2022-02-24,2022-10-14,199,Expired
7881,6578,Basic,2023-01-10,2023-12-02,199,Expired
7882,13102,Basic,2022-03-04,2022-07-29,199,Expired
7883,17627,Basic,2023-04-13,2023-08-21,199,Expired
7884,621,Basic,2022-07-24,2023-12-04,199,Expired
7885,1657,Fleet,2022-07-07,2022-10-22,999,Expired
7886,2629,Premium,2023-05-13,2025-04-27,499,Expired
7887,16788,Premium,2022-01-22,2022-06-01,499,Expired
7888,17680,Basic,2023-03-23,2024-05-20,199,Expired
7889,6509,Basic,2022-10-23,2023-03-16,199,Cancelled
7890,12647,Basic,2022-07-05,2024-05-18,199,Expired
7891,14086,Basic,2023-04-04,2023-07-16,199,Expired
7892,18317,Basic,2023-04-05,2025-03-11,199,Expired
7893,2000,Premium,2022-10-29,2024-03-10,499,Cancelled
7894,18047,Premium,2022-10-16,2023-05-23,499,Cancelled
7895,1687,Basic,2022-11-14,2023-03-13,199,Expired
7896,3882,Fleet,2022-06-10,2022-10-08,999,Expired
7897,5287,Basic,2022-10-19,2023-02-22,199,Cancelled
7898,6243,Basic,2023-01-18,2024-08-10,199,Expired
7899,7519,Basic,2022-08-10,2023-09-21,199,Expired
7900,13331,Basic,2022-12-01,2024-01-10,199,Expired
7901,15654,Premium,2022-05-10,2024-01-04,499,Expired
7902,4216,Basic,2023-02-22,2024-11-20,199,Expired
7903,13893,Basic,2023-02-17,2024-02-23,199,Expired
7904,6596,Basic,2022-09-11,2023-08-13,199,Expired
7905,13586,Basic,2023-02-01,2024-06-13,199,Expired
7906,16678,Basic,2022-06-09,2023-02-19,199,Expired
7907,8292,Basic,2023-03-28,2024-08-23,199,Expired
7908,3323,Premium,2022-08-06,2023-02-19,499,Expired
7909,7225,Basic,2023-01-02,2024-11-07,199,Expired
7910,1724,Premium,2022-06-05,2023-04-08,499,Cancelled
7911,5748,Fleet,2022-04-29,2024-04-18,999,Expired
7912,6105,Basic,2022-11-20,2023-05-06,199,Expired
7913,16536,Premium,2022-11-06,2023-11-05,499,Expired
7914,19197,Basic,2022-03-03,2023-04-07,199,Expired
7915,2408,Premium,2022-11-05,2023-06-16,499,Expired
7916,12222,Premium,2022-07-12,2023-10-11,499,Expired
7917,3466,Premium,2022-10-06,2024-09-01,499,Cancelled
7918,8150,Basic,2022-07-11,2024-06-24,199,Expired
7919,9572,Basic,2022-12-15,2023-06-23,199,Expired
7920,12006,Premium,2023-05-03,2024-02-01,499,Cancelled
7921,2172,Basic,2022-09-06,2023-09-21,199,Expired
7922,16013,Basic,2022-11-30,2024-10-18,199,Expired
7923,7832,Basic,2022-07-13,2023-06-16,199,Expired
7924,3605,Fleet,2022-12-15,2024-01-01,999,Expired
7925,8727,Fleet,2023-05-11,2024-03-27,999,Cancelled
7926,18329,Basic,2022-05-31,2023-08-17,199,Expired
7927,444,Premium,2022-10-28,2024-02-23,499,Expired
7928,3077,Premium,2022-08-28,2023-12-11,499,Expired
7929,19996,Premium,2022-10-11,2023-10-02,499,Expired
7930,15177,Premium,2023-03-24,2025-03-14,499,Expired
7931,377,Basic,2022-06-26,2023-11-16,199,Cancelled
7932,3461,Basic,2022-09-11,2024-05-16,199,Expired
7933,9580,Premium,2022-08-09,2023-11-20,499,Expired
7934,826,Basic,2022-07-02,2024-02-19,199,Cancelled
7935,7471,Premium,2022-11-26,2023-09-20,499,Expired
7936,705,Basic,2022-11-05,2023-05-16,199,Expired
7937,18966,Premium,2023-01-13,2024-11-26,499,Cancelled
7938,15559,Premium,2022-11-22,2024-07-21,499,Expired
7939,4013,Premium,2022-10-06,2023-09-14,499,Expired
7940,2656,Premium,2022-08-25,2023-03-16,499,Expired
7941,5478,Premium,2022-07-06,2024-04-27,499,Expired
7942,4951,Premium,2022-05-09,2023-02-15,499,Expired
7943,8294,Basic,2023-03-08,2023-06-11,199,Cancelled
7944,13266,Premium,2023-01-08,2024-10-26,499,Expired
7945,11037,Premium,2023-04-17,2023-09-29,499,Expired
7946,10438,Premium,2022-04-24,2023-01-13,499,Expired
7947,5839,Basic,2022-09-21,2024-03-07,199,Expired
7948,9253,Basic,2022-05-09,2023-12-03,199,Expired
7949,17679,Basic,2022-11-19,2023-11-02,199,Expired
7950,7600,Premium,2022-09-25,2024-01-14,499,Expired
7951,19096,Basic,2022-11-02,2024-08-18,199,Expired
7952,10813,Basic,2022-12-12,2024-02-10,199,Cancelled
7953,3443,Premium,2022-08-18,2024-01-04,499,Expired
7954,5974,Basic,2023-02-17,2024-12-05,199,Expired
7955,9951,Premium,2022-11-20,2024-03-31,499,Expired
7956,6821,Basic,2022-04-17,2022-09-04,199,Expired
7957,10039,Fleet,2022-11-28,2023-10-13,999,Cancelled
7958,8699,Basic,2022-10-24,2024-08-05,199,Expired
7959,209,Basic,2022-12-17,2023-10-06,199,Cancelled
7960,2338,Basic,2023-05-16,2024-03-18,199,Expired
7961,15777,Basic,2022-08-01,2024-06-15,199,Expired
7962,4873,Basic,2022-04-21,2024-02-15,199,Expired
7963,3067,Basic,2022-08-26,2023-12-27,199,Expired
7964,16890,Basic,2022-11-30,2024-03-06,199,Expired
7965,11538,Basic,2022-07-28,2024-05-19,199,Expired
7966,5622,Fleet,2023-02-14,2024-02-22,999,Expired
7967,4802,Premium,2023-03-04,2023-07-31,499,Expired
7968,3910,Basic,2022-10-19,2023-04-14,199,Expired
7969,13377,Premium,2022-08-15,2024-06-20,499,Expired
7970,7528,Premium,2022-09-19,2023-02-26,499,Cancelled
7971,15723,Basic,2023-01-04,2024-09-24,199,Cancelled
7972,17894,Fleet,2022-11-28,2024-07-26,999,Cancelled
7973,14150,Basic,2022-09-26,2023-05-15,199,Expired
7974,704,Premium,2022-12-11,2024-12-05,499,Expired
7975,8866,Basic,2022-04-17,2022-11-24,199,Cancelled
7976,5173,Premium,2022-06-24,2023-05-19,499,Expired
7977,1935,Basic,2022-12-17,2023-10-21,199,Expired
7978,18741,Basic,2022-04-29,2023-04-14,199,Expired
7979,18457,Premium,2022-12-15,2024-03-09,499,Expired
7980,4695,Basic,2023-02-21,2024-07-07,199,Expired
7981,5166,Basic,2022-08-25,2024-07-07,199,Expired
7982,13466,Basic,2023-02-11,2024-06-26,199,Expired
7983,5527,Basic,2022-09-22,2024-01-15,199,Expired
7984,10501,Premium,2022-10-01,2023-11-07,499,Expired
7985,14188,Premium,2022-05-29,2023-01-26,499,Expired
7986,2805,Basic,2022-10-23,2024-02-08,199,Cancelled
7987,13727,Premium,2022-09-14,2023-10-27,499,Expired
7988,2703,Premium,2022-07-26,2023-09-20,499,Expired
7989,15972,Basic,2022-11-28,2024-10-29,199,Expired
7990,12974,Fleet,2022-06-27,2022-11-24,999,Expired
7991,462,Premium,2022-12-31,2023-09-08,499,Expired
7992,13915,Basic,2022-12-28,2024-06-16,199,Expired
7993,754,Premium,2022-10-18,2023-07-27,499,Expired
7994,8157,Premium,2022-09-04,2024-06-06,499,Expired
7995,11901,Basic,2022-09-08,2024-05-07,199,Expired
7996,15406,Basic,2022-10-30,2023-08-03,199,Expired
7997,14954,Premium,2023-03-08,2025-01-17,499,Expired
7998,8014,Basic,2023-03-01,2023-09-20,199,Expired
7999,4130,Basic,2022-04-27,2023-04-23,199,Expired
8000,1050,Premium,2022-12-09,2023-12-18,499,Expired
8001,14790,Premium,2022-11-23,2023-10-14,499,Expired
8002,17636,Premium,2022-10-04,2023-05-13,499,Expired
8003,10514,Premium,2022-10-05,2024-04-11,499,Expired
8004,14356,Premium,2022-12-18,2024-11-16,499,Expired
8005,12545,Basic,2022-08-17,2024-02-02,199,Expired
8006,19649,Premium,2023-05-27,2024-01-01,499,Expired
8007,17690,Premium,2022-04-28,2023-05-28,499,Expired
8008,19515,Basic,2023-04-21,2024-01-17,199,Expired
8009,14436,Basic,2022-09-07,2023-11-24,199,Expired
8010,5826,Basic,2023-03-04,2024-01-03,199,Expired
8011,10534,Basic,2023-01-23,2024-11-25,199,Expired
8012,10825,Basic,2022-08-07,2023-12-19,199,Expired
8013,7829,Basic,2023-04-29,2025-04-21,199,Expired
8014,18767,Premium,2022-10-08,2023-07-29,499,Cancelled
8015,9989,Premium,2022-06-01,2023-09-20,499,Expired
8016,19835,Basic,2022-08-04,2024-07-27,199,Expired
8017,17342,Premium,2023-04-05,2023-10-17,499,Expired
8018,4618,Premium,2022-08-03,2024-01-20,499,Cancelled
8019,9277,Premium,2022-07-08,2023-10-14,499,Expired
8020,909,Fleet,2023-02-04,2024-02-20,999,Expired
8021,8840,Basic,2023-05-27,2025-01-19,199,Expired
8022,13589,Premium,2022-09-23,2024-05-22,499,Expired
8023,2294,Basic,2023-01-01,2024-01-07,199,Expired
8024,8194,Premium,2022-02-04,2022-10-04,499,Expired
8025,1842,Premium,2023-03-24,2024-07-13,499,Expired
8026,6893,Premium,2023-02-11,2023-07-25,499,Expired
8027,7274,Basic,2023-01-27,2024-08-06,199,Cancelled
8028,5652,Premium,2022-08-26,2022-12-21,499,Expired
8029,3389,Premium,2022-07-06,2023-04-22,499,Expired
8030,8747,Premium,2022-09-21,2024-08-22,499,Expired
8031,6675,Basic,2022-01-26,2022-09-15,199,Expired
8032,17739,Basic,2022-04-12,2022-11-29,199,Expired
8033,12258,Basic,2022-11-08,2024-08-23,199,Expired
8034,4122,Fleet,2023-02-15,2023-07-17,999,Expired
8035,19678,Basic,2022-06-19,2022-12-18,199,Expired
8036,1202,Basic,2022-07-18,2024-02-10,199,Expired
8037,18277,Basic,2022-12-25,2023-12-03,199,Cancelled
8038,8918,Premium,2023-02-13,2024-01-04,499,Expired
8039,112,Basic,2022-03-26,2024-02-04,199,Expired
8040,18220,Basic,2022-09-02,2023-10-08,199,Expired
8041,7230,Basic,2022-05-13,2024-02-11,199,Expired
8042,1702,Fleet,2022-11-02,2024-10-20,999,Expired
8043,5880,Premium,2022-10-10,2023-11-30,499,Expired
8044,12727,Premium,2022-04-26,2022-08-28,499,Expired
8045,12429,Basic,2022-10-14,2024-05-07,199,Cancelled
8046,17796,Basic,2023-05-01,2025-03-05,199,Expired
8047,10394,Basic,2022-07-30,2023-11-23,199,Expired
8048,9768,Premium,2022-03-28,2024-01-08,499,Expired
8049,979,Premium,2023-01-23,2024-05-10,499,Expired
8050,16160,Premium,2022-09-07,2023-10-14,499,Expired
8051,14291,Premium,2022-08-04,2024-07-23,499,Expired
8052,16635,Basic,2023-01-16,2023-09-01,199,Expired
8053,14679,Premium,2022-11-15,2023-04-03,499,Cancelled
8054,7731,Premium,2023-03-03,2024-09-20,499,Expired
8055,7571,Basic,2022-07-04,2023-09-30,199,Expired
8056,6195,Premium,2022-06-22,2023-11-25,499,Expired
8057,15926,Premium,2022-04-17,2024-04-12,499,Expired
8058,6551,Basic,2022-09-06,2023-03-03,199,Expired
8059,18874,Premium,2022-10-31,2024-03-19,499,Expired
8060,12274,Basic,2023-02-25,2024-06-02,199,Expired
8061,9721,Basic,2023-04-10,2024-03-24,199,Expired
8062,4961,Basic,2022-05-29,2024-05-18,199,Expired
8063,19720,Basic,2022-06-06,2024-05-15,199,Expired
8064,6843,Premium,2022-09-16,2023-04-21,499,Expired
8065,12005,Basic,2023-06-04,2025-04-06,199,Expired
8066,19418,Basic,2022-04-12,2022-07-29,199,Expired
8067,8497,Premium,2023-03-19,2024-06-26,499,Expired
8068,4365,Basic,2023-01-09,2024-05-04,199,Cancelled
8069,1409,Basic,2022-07-24,2024-05-09,199,Cancelled
8070,7137,Basic,2022-11-08,2023-03-02,199,Expired
8071,14226,Basic,2023-01-04,2024-04-08,199,Expired
8072,8566,Premium,2023-03-11,2025-01-14,499,Expired
8073,10035,Premium,2023-01-26,2024-10-27,499,Expired
8074,13848,Basic,2022-12-23,2023-09-20,199,Expired
8075,15668,Premium,2022-09-14,2023-10-31,499,Expired
8076,13828,Premium,2022-06-29,2023-01-14,499,Cancelled
8077,12205,Basic,2023-03-08,2023-06-09,199,Expired
8078,8310,Premium,2022-08-11,2024-01-10,499,Expired
8079,11803,Premium,2023-03-13,2024-06-15,499,Expired
8080,3387,Basic,2022-07-23,2024-07-05,199,Expired
8081,7113,Fleet,2023-01-22,2023-12-05,999,Expired
8082,7700,Basic,2023-04-16,2025-01-26,199,Cancelled
8083,16419,Premium,2023-04-27,2024-02-06,499,Cancelled
8084,9249,Premium,2022-03-16,2022-06-15,499,Expired
8085,13825,Basic,2022-05-02,2023-04-30,199,Expired
8086,18895,Basic,2023-04-21,2024-02-02,199,Expired
8087,10275,Basic,2022-12-23,2023-04-13,199,Cancelled
8088,4642,Fleet,2022-12-05,2024-05-08,999,Expired
8089,11980,Basic,2023-01-31,2023-10-13,199,Expired
8090,13242,Basic,2022-12-29,2024-09-27,199,Expired
8091,2417,Basic,2022-08-19,2023-11-04,199,Expired
8092,9190,Basic,2022-06-08,2024-04-12,199,Expired
8093,13210,Basic,2023-03-31,2024-11-10,199,Cancelled
8094,1615,Premium,2022-08-17,2022-12-27,499,Expired
8095,19080,Basic,2023-01-14,2025-01-04,199,Expired
8096,11216,Basic,2022-07-01,2023-12-29,199,Expired
8097,12277,Basic,2023-02-10,2023-06-29,199,Expired
8098,13162,Basic,2023-02-04,2023-05-23,199,Expired
8099,14148,Basic,2022-07-29,2024-02-14,199,Expired
8100,7336,Premium,2023-01-29,2024-02-12,499,Cancelled
8101,8619,Premium,2022-06-16,2022-10-17,499,Expired
8102,18157,Basic,2022-05-06,2024-04-01,199,Cancelled
8103,16054,Basic,2023-01-13,2024-07-25,199,Cancelled
8104,1973,Basic,2022-08-21,2024-01-01,199,Expired
8105,16302,Basic,2022-04-16,2023-03-18,199,Expired
8106,2367,Basic,2023-02-11,2023-11-30,199,Expired
8107,11075,Basic,2022-11-23,2023-06-11,199,Expired
8108,16675,Premium,2023-05-10,2023-10-21,499,Expired
8109,15653,Premium,2023-02-07,2024-11-06,499,Expired
8110,10548,Fleet,2022-06-09,2024-01-13,999,Cancelled
8111,16460,Basic,2022-01-27,2022-11-21,199,Expired
8112,11195,Premium,2022-11-10,2024-10-20,499,Expired
8113,4787,Basic,2022-03-20,2023-03-26,199,Expired
8114,3997,Basic,2022-08-18,2024-08-17,199,Expired
8115,8065,Basic,2022-12-08,2023-04-25,199,Expired
8116,7075,Premium,2022-09-20,2023-08-17,499,Expired
8117,16887,Premium,2022-07-08,2024-06-02,499,Expired
8118,7541,Basic,2022-07-15,2023-07-21,199,Expired
8119,4914,Basic,2022-09-11,2024-06-03,199,Expired
8120,3680,Premium,2022-10-24,2024-01-31,499,Expired
8121,17469,Basic,2022-07-23,2024-06-21,199,Expired
8122,14655,Fleet,2023-01-18,2024-02-15,999,Expired
8123,11533,Fleet,2022-10-18,2023-05-15,999,Expired
8124,8351,Premium,2022-10-20,2024-03-28,499,Expired
8125,14411,Basic,2022-07-07,2023-03-23,199,Cancelled
8126,18477,Basic,2023-03-06,2024-11-03,199,Expired
8127,16143,Basic,2022-10-15,2024-07-15,199,Cancelled
8128,14156,Basic,2022-08-18,2022-11-26,199,Expired
8129,4107,Premium,2022-07-12,2023-09-09,499,Expired
8130,15147,Basic,2023-01-20,2024-05-16,199,Cancelled
8131,8837,Fleet,2023-01-27,2024-06-20,999,Cancelled
8132,14626,Basic,2022-11-16,2023-10-26,199,Expired
8133,217,Premium,2023-06-16,2025-06-10,499,Expired
8134,17264,Basic,2022-08-28,2023-08-02,199,Cancelled
8135,4971,Premium,2022-07-17,2023-07-09,499,Expired
8136,19470,Basic,2023-04-07,2024-09-11,199,Expired
8137,5532,Basic,2022-03-13,2022-08-27,199,Expired
8138,5512,Fleet,2022-08-07,2023-09-01,999,Expired
8139,1671,Premium,2023-03-09,2024-07-02,499,Expired
8140,15649,Basic,2022-09-03,2023-03-21,199,Cancelled
8141,6102,Basic,2023-02-16,2024-01-25,199,Cancelled
8142,6396,Basic,2023-01-04,2024-08-03,199,Expired
8143,4708,Premium,2023-02-25,2023-08-16,499,Expired
8144,8730,Premium,2022-08-03,2023-10-13,499,Expired
8145,5609,Fleet,2023-03-20,2025-01-19,999,Expired
8146,3361,Basic,2022-07-18,2023-09-14,199,Expired
8147,16043,Basic,2022-12-04,2024-11-23,199,Cancelled
8148,14992,Premium,2022-04-26,2023-01-20,499,Expired
8149,8094,Premium,2022-05-18,2023-11-12,499,Expired
8150,14017,Basic,2022-11-26,2023-03-31,199,Cancelled
8151,17113,Premium,2022-03-05,2023-06-13,499,Expired
8152,4879,Premium,2022-04-27,2023-09-07,499,Expired
8153,3805,Premium,2022-11-07,2023-11-02,499,Expired
8154,14729,Premium,2022-09-07,2022-12-09,499,Expired
8155,15745,Premium,2022-04-01,2023-04-12,499,Expired
8156,6487,Basic,2022-08-22,2023-04-17,199,Expired
8157,19454,Premium,2023-03-11,2024-08-30,499,Expired
8158,6294,Basic,2022-06-21,2023-12-09,199,Cancelled
8159,12340,Premium,2022-01-23,2022-06-29,499,Expired
8160,7664,Basic,2022-09-11,2023-08-24,199,Expired
8161,19583,Premium,2023-02-25,2024-11-22,499,Expired
8162,7305,Basic,2022-12-27,2024-10-15,199,Expired
8163,5077,Basic,2023-01-19,2023-05-08,199,Expired
8164,8254,Premium,2022-07-01,2024-02-11,499,Expired
8165,14841,Basic,2023-01-17,2024-03-25,199,Expired
8166,4697,Basic,2022-08-18,2023-06-10,199,Expired
8167,7577,Premium,2022-10-13,2023-09-06,499,Expired
8168,8117,Basic,2022-02-12,2023-02-11,199,Expired
8169,2298,Basic,2022-09-23,2023-02-05,199,Cancelled
8170,1643,Premium,2022-06-22,2022-10-18,499,Expired
8171,9607,Premium,2022-09-01,2023-06-09,499,Expired
8172,7547,Premium,2023-02-17,2024-06-11,499,Expired
8173,10206,Premium,2023-03-09,2024-07-20,499,Expired
8174,10622,Basic,2022-12-10,2023-07-08,199,Expired
8175,764,Fleet,2022-03-21,2023-12-13,999,Expired
8176,15800,Premium,2022-11-10,2023-12-04,499,Cancelled
8177,11276,Fleet,2022-11-18,2024-02-13,999,Expired
8178,9300,Premium,2022-06-14,2023-06-20,499,Cancelled
8179,14243,Basic,2023-02-16,2023-09-18,199,Cancelled
8180,8396,Fleet,2022-06-15,2023-10-02,999,Expired
8181,645,Premium,2023-03-29,2023-10-19,499,Expired
8182,10936,Basic,2022-07-17,2023-01-22,199,Expired
8183,12308,Basic,2022-03-29,2022-08-31,199,Cancelled
8184,3298,Premium,2022-08-06,2024-05-24,499,Expired
8185,12219,Basic,2022-12-21,2023-11-08,199,Expired
8186,18931,Premium,2022-09-27,2024-08-13,499,Expired
8187,2341,Premium,2022-12-26,2024-08-18,499,Expired
8188,17453,Basic,2023-01-22,2023-08-16,199,Expired
8189,7431,Basic,2023-01-27,2024-12-18,199,Expired
8190,2914,Premium,2022-07-09,2023-01-06,499,Expired
8191,3352,Basic,2022-07-13,2023-04-13,199,Expired
8192,2391,Basic,2022-09-14,2023-12-13,199,Cancelled
8193,7005,Premium,2022-10-21,2024-03-17,499,Cancelled
8194,12448,Basic,2022-07-22,2022-11-28,199,Expired
8195,18002,Premium,2022-04-26,2023-11-24,499,Expired
8196,7208,Premium,2023-01-14,2024-05-15,499,Expired
8197,8758,Basic,2022-10-15,2023-09-25,199,Expired
8198,2478,Premium,2022-11-11,2023-10-06,499,Expired
8199,9415,Premium,2022-10-22,2023-01-22,499,Cancelled
8200,11968,Basic,2022-12-27,2024-02-08,199,Expired
8201,17200,Premium,2022-09-25,2023-08-30,499,Expired
8202,4559,Premium,2022-06-29,2022-11-07,499,Expired
8203,14246,Basic,2022-08-04,2023-05-05,199,Expired
8204,7905,Premium,2022-12-29,2024-08-21,499,Expired
8205,15850,Premium,2023-03-11,2023-07-20,499,Expired
8206,9274,Premium,2023-04-02,2024-06-03,499,Expired
8207,8816,Fleet,2022-07-30,2024-04-20,999,Expired
8208,7040,Basic,2022-12-19,2024-03-25,199,Expired
8209,9850,Premium,2023-03-22,2023-11-09,499,Expired
8210,6022,Basic,2023-01-04,2024-05-22,199,Expired
8211,1127,Basic,2022-06-29,2024-06-04,199,Expired
8212,15019,Premium,2022-04-10,2023-07-11,499,Expired
8213,7309,Premium,2022-11-23,2024-06-10,499,Expired
8214,19628,Basic,2022-08-06,2024-07-26,199,Expired
8215,6635,Basic,2022-11-07,2023-09-18,199,Expired
8216,15794,Basic,2022-12-27,2024-08-13,199,Expired
8217,13220,Basic,2023-02-09,2024-04-12,199,Cancelled
8218,17912,Premium,2022-08-02,2024-03-07,499,Expired
8219,1670,Premium,2022-05-31,2023-01-28,499,Cancelled
8220,16854,Basic,2022-08-12,2023-06-12,199,Expired
8221,8345,Basic,2022-09-12,2023-10-16,199,Expired
8222,8177,Premium,2023-02-08,2023-10-16,499,Expired
8223,11586,Basic,2022-08-24,2023-08-25,199,Expired
8224,17332,Premium,2022-08-31,2022-12-13,499,Expired
8225,11611,Premium,2022-08-26,2023-05-05,499,Expired
8226,3899,Basic,2022-12-20,2024-04-15,199,Expired
8227,6745,Premium,2022-07-09,2023-09-30,499,Expired
8228,7920,Premium,2022-02-20,2023-01-07,499,Expired
8229,6157,Premium,2023-01-07,2024-07-24,499,Expired
8230,3313,Premium,2022-10-19,2024-08-01,499,Expired
8231,480,Premium,2022-12-01,2024-11-07,499,Expired
8232,1597,Basic,2022-09-18,2023-08-17,199,Expired
8233,14814,Premium,2022-05-01,2023-06-28,499,Expired
8234,8916,Basic,2022-05-25,2023-09-17,199,Expired
8235,17663,Basic,2022-03-10,2022-09-16,199,Cancelled
8236,5716,Premium,2023-05-19,2024-09-08,499,Expired
8237,1787,Basic,2022-10-21,2024-08-15,199,Cancelled
8238,8255,Premium,2022-03-14,2023-04-08,499,Cancelled
8239,19794,Basic,2023-02-21,2023-10-24,199,Expired
8240,15355,Basic,2022-07-13,2022-10-28,199,Expired
8241,19077,Basic,2022-07-15,2024-02-09,199,Expired
8242,13731,Basic,2022-12-24,2023-10-17,199,Expired
8243,8041,Basic,2022-12-22,2023-12-30,199,Expired
8244,12948,Premium,2022-06-28,2023-07-27,499,Expired
8245,884,Basic,2022-04-21,2022-12-03,199,Cancelled
8246,544,Fleet,2023-04-24,2024-05-19,999,Expired
8247,11457,Fleet,2023-03-30,2024-12-21,999,Expired
8248,4920,Premium,2022-07-09,2023-12-05,499,Expired
8249,18798,Basic,2022-09-27,2024-04-19,199,Expired
8250,1978,Basic,2023-02-27,2023-09-22,199,Cancelled
8251,13637,Basic,2022-06-26,2023-05-08,199,Expired
8252,4458,Premium,2022-08-20,2023-04-24,499,Cancelled
8253,18864,Premium,2022-07-14,2022-11-11,499,Expired
8254,2161,Basic,2022-11-22,2023-09-01,199,Expired
8255,7821,Premium,2023-01-27,2024-04-06,499,Expired
8256,16314,Fleet,2022-09-05,2023-12-09,999,Expired
8257,14931,Basic,2022-04-24,2023-04-08,199,Expired
8258,18586,Premium,2022-11-13,2024-07-09,499,Expired
8259,5435,Basic,2023-01-11,2024-02-23,199,Cancelled
8260,17668,Premium,2022-09-17,2024-07-26,499,Expired
8261,18999,Premium,2023-03-17,2024-04-18,499,Expired
8262,17172,Basic,2022-05-17,2022-09-30,199,Expired
8263,511,Basic,2022-10-16,2024-10-13,199,Expired
8264,13198,Basic,2023-01-13,2024-04-19,199,Expired
8265,8195,Basic,2022-04-26,2024-02-22,199,Expired
8266,840,Premium,2022-09-30,2023-11-21,499,Expired
8267,15323,Basic,2022-04-22,2022-11-22,199,Expired
8268,19710,Basic,2022-10-12,2023-02-08,199,Cancelled
8269,12526,Basic,2022-07-26,2023-04-13,199,Expired
8270,4840,Basic,2022-10-15,2024-06-16,199,Expired
8271,4890,Basic,2023-01-01,2024-08-14,199,Expired
8272,17229,Basic,2022-08-05,2023-08-25,199,Expired
8273,763,Premium,2022-09-13,2024-01-07,499,Expired
8274,11013,Basic,2022-08-10,2024-02-26,199,Cancelled
8275,16287,Premium,2022-07-23,2022-10-25,499,Expired
8276,4841,Premium,2023-02-23,2024-12-31,499,Expired
8277,8359,Basic,2022-09-23,2024-03-21,199,Expired
8278,7077,Premium,2022-09-02,2024-03-28,499,Expired
8279,1143,Basic,2022-05-22,2023-07-03,199,Expired
8280,6190,Basic,2022-12-05,2024-01-18,199,Expired
8281,14861,Premium,2023-06-11,2024-07-16,499,Expired
8282,9501,Basic,2022-12-05,2023-05-28,199,Cancelled
8283,5462,Premium,2022-10-18,2024-08-17,499,Expired
8284,16988,Premium,2022-11-02,2024-01-23,499,Expired
8285,5157,Basic,2023-04-22,2024-03-08,199,Expired
8286,1802,Premium,2022-10-14,2024-03-23,499,Expired
8287,4757,Basic,2023-03-02,2024-02-14,199,Expired
8288,15414,Basic,2022-08-20,2023-01-03,199,Cancelled
8289,8910,Basic,2022-09-08,2023-02-05,199,Expired
8290,10529,Fleet,2022-04-24,2023-06-25,999,Expired
8291,531,Premium,2023-01-13,2023-09-09,499,Cancelled
8292,1920,Basic,2022-06-14,2023-03-27,199,Expired
8293,16250,Premium,2023-01-03,2023-07-28,499,Cancelled
8294,18056,Basic,2022-11-27,2023-11-22,199,Expired
8295,14177,Premium,2022-08-27,2022-12-22,499,Expired
8296,10476,Basic,2022-05-05,2023-09-03,199,Expired
8297,1950,Premium,2022-09-09,2023-10-29,499,Expired
8298,19057,Premium,2022-09-17,2023-02-04,499,Expired
8299,12170,Basic,2022-10-28,2023-03-10,199,Expired
8300,10961,Fleet,2023-03-29,2025-01-09,999,Expired
8301,17662,Basic,2022-06-19,2023-05-31,199,Expired
8302,13734,Basic,2023-01-13,2024-11-10,199,Expired
8303,12628,Premium,2022-10-23,2023-12-05,499,Expired
8304,19730,Basic,2022-04-06,2022-10-10,199,Expired
8305,18353,Premium,2022-06-07,2022-09-18,499,Expired
8306,6342,Premium,2022-08-22,2023-07-27,499,Expired
8307,9930,Basic,2023-01-15,2023-09-01,199,Expired
8308,12305,Premium,2022-11-14,2024-05-03,499,Cancelled
8309,10164,Fleet,2022-05-05,2023-01-04,999,Cancelled
8310,7895,Basic,2022-12-24,2023-11-03,199,Cancelled
8311,1904,Basic,2023-03-20,2023-06-20,199,Expired
8312,11920,Premium,2023-04-17,2023-11-02,499,Expired
8313,6680,Premium,2023-05-23,2025-02-20,499,Expired
8314,15571,Basic,2022-09-02,2023-05-30,199,Expired
8315,11260,Basic,2023-04-02,2023-09-04,199,Expired
8316,1184,Premium,2022-10-24,2023-05-22,499,Expired
8317,3061,Basic,2022-11-28,2023-03-26,199,Cancelled
8318,3860,Basic,2022-07-25,2022-11-11,199,Cancelled
8319,15908,Premium,2022-06-17,2023-05-01,499,Expired
8320,9125,Premium,2022-12-26,2024-02-24,499,Cancelled
8321,289,Premium,2023-02-12,2024-09-16,499,Expired
8322,583,Basic,2022-09-12,2024-06-04,199,Expired
8323,4688,Premium,2022-06-11,2022-09-12,499,Expired
8324,3271,Premium,2022-09-18,2024-05-21,499,Expired
8325,7036,Basic,2022-03-23,2023-02-14,199,Cancelled
8326,8945,Premium,2022-08-10,2022-11-29,499,Expired
8327,3880,Basic,2022-11-23,2024-05-22,199,Expired
8328,9483,Premium,2022-08-09,2023-02-19,499,Expired
8329,2181,Premium,2022-05-24,2023-11-20,499,Cancelled
8330,10416,Basic,2022-02-04,2022-07-10,199,Expired
8331,7624,Fleet,2022-10-17,2024-01-05,999,Expired
8332,9579,Premium,2022-12-01,2023-12-01,499,Expired
8333,17449,Basic,2022-11-21,2024-06-22,199,Cancelled
8334,11880,Basic,2022-11-25,2024-10-02,199,Cancelled
8335,11579,Basic,2022-08-12,2023-03-21,199,Expired
8336,10983,Basic,2022-03-10,2024-03-02,199,Expired
8337,9562,Basic,2022-05-10,2023-12-03,199,Expired
8338,8938,Premium,2022-05-13,2022-09-15,499,Expired
8339,19605,Basic,2023-04-09,2024-09-13,199,Expired
8340,6202,Basic,2022-12-15,2023-09-20,199,Expired
8341,18456,Basic,2023-02-22,2025-02-13,199,Expired
8342,11881,Basic,2022-08-29,2024-05-15,199,Expired
8343,7636,Premium,2022-01-29,2023-07-08,499,Expired
8344,17438,Basic,2022-12-03,2024-07-18,199,Expired
8345,9130,Basic,2023-01-16,2023-07-31,199,Expired
8346,11091,Premium,2023-02-08,2024-04-17,499,Cancelled
8347,18697,Premium,2022-06-23,2024-05-23,499,Expired
8348,186,Basic,2023-01-23,2024-10-26,199,Expired
8349,9988,Premium,2022-08-27,2024-06-11,499,Expired
8350,18468,Basic,2022-07-17,2023-10-19,199,Cancelled
8351,4063,Basic,2022-11-27,2024-05-23,199,Cancelled
8352,14614,Fleet,2023-03-02,2023-11-28,999,Expired
8353,1416,Basic,2022-12-27,2023-11-23,199,Expired
8354,19063,Premium,2022-08-24,2024-03-21,499,Expired
8355,8650,Fleet,2022-04-27,2022-09-10,999,Expired
8356,9280,Basic,2022-09-18,2023-08-30,199,Expired
8357,11213,Premium,2022-07-17,2022-11-25,499,Expired
8358,15695,Fleet,2022-05-07,2023-07-05,999,Expired
8359,8899,Premium,2022-11-18,2024-07-14,499,Expired
8360,16209,Basic,2022-12-04,2024-07-30,199,Expired
8361,19833,Basic,2022-12-16,2024-09-04,199,Expired
8362,13796,Basic,2022-05-23,2023-01-25,199,Expired
8363,13716,Basic,2022-04-16,2024-02-08,199,Expired
8364,18613,Basic,2022-12-03,2024-12-01,199,Expired
8365,9383,Premium,2023-04-23,2023-11-01,499,Expired
8366,6631,Premium,2022-10-16,2023-05-16,499,Expired
8367,7381,Basic,2022-06-22,2023-11-03,199,Expired
8368,12249,Fleet,2022-05-06,2023-04-14,999,Expired
8369,9961,Basic,2022-11-29,2024-09-10,199,Cancelled
8370,2953,Basic,2022-10-22,2024-06-14,199,Expired
8371,18790,Premium,2022-05-05,2023-07-22,499,Expired
8372,11314,Premium,2023-01-21,2024-04-12,499,Expired
8373,6806,Premium,2022-10-25,2023-08-14,499,Expired
8374,8879,Basic,2023-03-08,2024-02-29,199,Expired
8375,2206,Basic,2022-03-09,2023-10-07,199,Cancelled
8376,17109,Basic,2023-03-19,2024-12-19,199,Expired
8377,11662,Fleet,2022-10-01,2024-05-25,999,Expired
8378,19783,Premium,2022-05-19,2023-01-01,499,Expired
8379,2457,Basic,2022-09-13,2024-01-05,199,Cancelled
8380,6097,Basic,2022-07-14,2023-02-01,199,Expired
8381,19166,Basic,2023-03-08,2024-03-17,199,Expired
8382,17195,Basic,2023-03-14,2024-04-20,199,Expired
8383,7476,Premium,2022-09-24,2024-05-29,499,Expired
8384,2553,Basic,2022-04-14,2023-02-07,199,Expired
8385,6976,Basic,2022-08-23,2023-05-07,199,Expired
8386,1666,Basic,2022-07-09,2022-11-30,199,Expired
8387,3838,Premium,2022-10-19,2024-09-16,499,Expired
8388,17858,Basic,2022-08-08,2024-05-09,199,Expired
8389,2583,Basic,2022-12-18,2024-06-23,199,Expired
8390,803,Basic,2022-10-28,2024-07-25,199,Expired
8391,10477,Premium,2022-10-31,2024-02-26,499,Expired
8392,12073,Basic,2022-08-02,2023-08-20,199,Expired
8393,11864,Basic,2023-01-15,2023-11-20,199,Expired
8394,7964,Basic,2023-01-22,2023-07-06,199,Expired
8395,1812,Premium,2022-03-01,2023-07-17,499,Cancelled
8396,19283,Basic,2023-01-01,2023-09-30,199,Expired
8397,3528,Premium,2022-10-19,2023-02-18,499,Expired
8398,4296,Fleet,2022-07-03,2023-05-10,999,Expired
8399,603,Basic,2022-09-13,2023-11-20,199,Cancelled
8400,13532,Basic,2022-04-06,2023-05-06,199,Cancelled
8401,12191,Premium,2022-05-09,2023-03-05,499,Expired
8402,10057,Premium,2022-08-26,2023-07-03,499,Expired
8403,5041,Premium,2022-06-02,2023-10-20,499,Expired
8404,10688,Basic,2022-09-25,2024-08-02,199,Expired
8405,3276,Premium,2023-02-18,2023-08-07,499,Expired
8406,1761,Basic,2022-09-19,2023-09-08,199,Expired
8407,19010,Basic,2023-02-28,2023-12-16,199,Expired
8408,10601,Basic,2022-05-17,2022-09-19,199,Expired
8409,10846,Premium,2023-03-12,2025-02-06,499,Expired
8410,10869,Premium,2022-11-22,2024-08-30,499,Expired
8411,11154,Premium,2023-02-17,2024-10-24,499,Expired
8412,16340,Basic,2022-07-25,2024-06-18,199,Expired
8413,10169,Fleet,2022-01-23,2023-01-13,999,Expired
8414,12599,Fleet,2022-10-17,2024-02-20,999,Expired
8415,44,Fleet,2023-02-26,2024-07-14,999,Expired
8416,8808,Fleet,2022-10-18,2023-05-10,999,Expired
8417,4970,Basic,2022-06-17,2023-04-01,199,Expired
8418,19632,Premium,2022-06-19,2023-05-30,499,Expired
8419,14551,Premium,2022-05-15,2023-11-26,499,Expired
8420,10108,Basic,2022-10-07,2023-02-16,199,Expired
8421,14859,Premium,2022-09-17,2023-04-09,499,Expired
8422,14867,Premium,2022-06-14,2024-05-04,499,Expired
8423,875,Basic,2022-07-11,2022-11-24,199,Expired
8424,6878,Basic,2022-11-20,2024-07-13,199,Expired
8425,19819,Basic,2022-11-24,2023-06-27,199,Expired
8426,1627,Basic,2022-05-27,2023-05-22,199,Expired
8427,8799,Premium,2022-10-14,2023-02-20,499,Expired
8428,9724,Basic,2022-07-26,2023-05-10,199,Expired
8429,2281,Fleet,2023-03-03,2023-12-08,999,Cancelled
8430,14007,Basic,2023-05-17,2023-10-21,199,Expired
8431,980,Basic,2022-09-08,2023-08-30,199,Expired
8432,19344,Basic,2022-09-26,2023-01-06,199,Expired
8433,3820,Basic,2022-11-05,2024-09-12,199,Expired
8434,19514,Basic,2022-07-25,2024-01-28,199,Expired
8435,17192,Premium,2023-02-23,2023-06-18,499,Expired
8436,11400,Premium,2022-11-12,2023-04-14,499,Cancelled
8437,1180,Basic,2022-06-27,2024-04-28,199,Cancelled
8438,1019,Basic,2023-03-14,2024-10-27,199,Expired
8439,2956,Basic,2022-06-18,2024-02-12,199,Expired
8440,10211,Basic,2022-12-06,2024-04-06,199,Cancelled
8441,18851,Premium,2022-09-14,2024-04-26,499,Expired
8442,13511,Premium,2022-07-08,2024-06-26,499,Expired
8443,2401,Basic,2022-12-21,2023-04-05,199,Expired
8444,6946,Basic,2023-04-11,2024-11-07,199,Expired
8445,4647,Fleet,2023-03-11,2024-06-19,999,Expired
8446,17099,Premium,2022-11-30,2023-12-28,499,Expired
8447,14879,Premium,2022-12-18,2024-07-10,499,Expired
8448,10831,Premium,2022-09-13,2023-11-26,499,Expired
8449,5426,Basic,2023-02-07,2023-07-04,199,Expired
8450,950,Basic,2022-12-12,2024-01-06,199,Expired
8451,17164,Fleet,2023-01-15,2024-06-01,999,Cancelled
8452,11300,Premium,2023-04-26,2023-10-06,499,Expired
8453,5675,Basic,2022-04-12,2022-12-12,199,Expired
8454,10220,Premium,2022-06-06,2024-04-15,499,Expired
8455,15726,Basic,2022-07-21,2023-04-13,199,Expired
8456,5605,Premium,2022-06-17,2023-11-22,499,Expired
8457,15541,Basic,2022-09-14,2024-02-20,199,Cancelled
8458,322,Premium,2022-08-27,2023-08-13,499,Expired
8459,12886,Premium,2022-10-12,2024-02-16,499,Expired
8460,16728,Basic,2023-04-17,2025-01-16,199,Cancelled
8461,8218,Fleet,2022-01-15,2022-06-13,999,Expired
8462,17613,Fleet,2022-07-30,2023-05-07,999,Expired
8463,16604,Premium,2022-03-03,2023-01-23,499,Expired
8464,11156,Premium,2023-05-06,2024-02-25,499,Expired
8465,7255,Basic,2022-12-13,2023-12-21,199,Expired
8466,10685,Basic,2022-12-12,2023-03-12,199,Expired
8467,4360,Basic,2022-05-22,2023-05-03,199,Expired
8468,17537,Basic,2022-10-28,2023-10-25,199,Cancelled
8469,949,Fleet,2023-04-03,2025-03-04,999,Expired
8470,9030,Premium,2022-08-06,2023-04-20,499,Expired
8471,17593,Basic,2022-07-29,2024-04-09,199,Expired
8472,14112,Fleet,2022-04-08,2023-03-26,999,Expired
8473,10735,Premium,2022-08-26,2023-05-10,499,Cancelled
8474,5229,Premium,2022-12-04,2024-10-25,499,Expired
8475,12066,Basic,2022-11-26,2023-12-27,199,Cancelled
8476,8864,Basic,2022-10-21,2024-01-05,199,Expired
8477,4228,Premium,2022-11-24,2023-07-04,499,Cancelled
8478,10526,Premium,2022-06-28,2024-03-17,499,Expired
8479,19702,Basic,2022-08-13,2024-07-22,199,Cancelled
8480,10323,Premium,2022-04-15,2023-06-21,499,Expired
8481,11842,Basic,2022-01-29,2023-03-25,199,Expired
8482,16565,Basic,2022-07-11,2023-10-15,199,Cancelled
8483,15786,Basic,2022-12-02,2024-03-15,199,Expired
8484,6394,Premium,2022-08-23,2023-09-01,499,Expired
8485,5121,Basic,2023-04-27,2025-01-13,199,Expired
8486,17249,Basic,2022-09-06,2024-04-26,199,Cancelled
8487,11063,Basic,2022-10-29,2024-06-12,199,Expired
8488,5240,Basic,2022-09-10,2023-02-11,199,Expired
8489,8290,Basic,2022-12-17,2024-09-20,199,Expired
8490,15407,Basic,2022-07-25,2023-11-13,199,Expired
8491,17853,Fleet,2022-08-25,2024-02-02,999,Expired
8492,7392,Basic,2022-09-30,2024-08-04,199,Expired
8493,15112,Basic,2022-10-28,2023-06-25,199,Expired
8494,111,Premium,2022-12-10,2023-05-21,499,Cancelled
8495,15459,Basic,2022-10-16,2024-06-19,199,Expired
8496,11891,Basic,2023-02-20,2024-02-17,199,Expired
8497,4078,Premium,2022-04-14,2022-08-03,499,Expired
8498,17012,Basic,2022-03-25,2022-06-28,199,Expired
8499,10584,Basic,2022-04-10,2023-03-25,199,Expired
8500,6561,Basic,2022-06-18,2023-07-27,199,Expired
8501,8679,Basic,2022-11-14,2023-10-04,199,Expired
8502,10633,Basic,2022-07-26,2024-03-27,199,Expired
8503,8438,Basic,2022-09-09,2023-09-23,199,Expired
8504,5064,Basic,2022-10-01,2023-07-08,199,Expired
8505,12056,Basic,2022-11-08,2024-03-18,199,Expired
8506,96,Basic,2022-10-12,2023-01-24,199,Expired
8507,8590,Premium,2022-06-21,2023-08-13,499,Expired
8508,19580,Basic,2023-02-12,2024-06-05,199,Expired
8509,2612,Basic,2022-12-11,2023-07-05,199,Expired
8510,14401,Basic,2022-11-27,2023-04-03,199,Expired
8511,11710,Basic,2022-09-10,2024-08-01,199,Expired
8512,18738,Basic,2022-09-11,2023-12-04,199,Expired
8513,16157,Basic,2022-10-29,2024-10-21,199,Expired
8514,11974,Basic,2022-10-12,2023-01-29,199,Expired
8515,5704,Fleet,2022-04-03,2023-08-03,999,Cancelled
8516,16697,Premium,2022-10-17,2023-03-18,499,Expired
8517,16342,Premium,2022-09-21,2023-02-02,499,Expired
8518,9241,Basic,2022-08-04,2023-05-19,199,Expired
8519,18838,Basic,2022-08-12,2023-12-15,199,Cancelled
8520,6743,Premium,2022-08-10,2023-01-26,499,Expired
8521,11401,Premium,2023-03-01,2024-06-23,499,Expired
8522,4792,Basic,2022-05-23,2023-07-08,199,Expired
8523,12955,Premium,2022-05-29,2024-04-19,499,Expired
8524,8086,Basic,2022-04-29,2023-02-05,199,Expired
8525,320,Premium,2022-04-14,2022-12-06,499,Expired
8526,10350,Basic,2022-06-07,2022-12-27,199,Expired
8527,8528,Premium,2022-05-04,2023-08-19,499,Expired
8528,5914,Basic,2022-11-29,2024-04-01,199,Expired
8529,5615,Premium,2022-07-28,2023-11-18,499,Cancelled
8530,19736,Premium,2022-06-30,2024-06-22,499,Cancelled
8531,5494,Basic,2022-05-10,2024-03-08,199,Expired
8532,16204,Basic,2022-12-13,2023-05-29,199,Expired
8533,331,Premium,2022-10-06,2023-05-06,499,Cancelled
8534,3117,Premium,2023-01-21,2024-07-22,499,Expired
8535,9403,Basic,2023-01-31,2023-08-22,199,Expired
8536,3332,Fleet,2022-07-16,2023-10-18,999,Expired
8537,614,Basic,2022-05-07,2022-10-06,199,Expired
8538,15792,Fleet,2023-05-15,2023-12-22,999,Expired
8539,15301,Premium,2022-03-19,2024-02-15,499,Expired
8540,9548,Basic,2022-08-07,2023-09-09,199,Expired
8541,14656,Basic,2022-06-09,2022-11-27,199,Expired
8542,6159,Premium,2023-02-07,2024-10-28,499,Expired
8543,18229,Basic,2022-10-14,2023-11-19,199,Expired
8544,15582,Basic,2023-01-01,2024-08-16,199,Expired
8545,9243,Basic,2022-07-05,2024-01-06,199,Expired
8546,11643,Basic,2022-11-27,2023-12-02,199,Expired
8547,10990,Fleet,2022-09-20,2023-02-04,999,Cancelled
8548,8795,Premium,2022-11-15,2023-10-14,499,Expired
8549,13767,Basic,2022-12-08,2024-06-08,199,Cancelled
8550,7497,Basic,2023-03-12,2024-07-06,199,Expired
8551,18892,Premium,2022-07-27,2023-08-21,499,Expired
8552,3465,Basic,2022-03-07,2023-08-11,199,Expired
8553,14407,Basic,2022-09-16,2023-01-19,199,Expired
8554,6901,Fleet,2022-12-04,2024-01-08,999,Cancelled
8555,7875,Fleet,2022-07-03,2024-02-10,999,Expired
8556,6126,Basic,2022-12-29,2023-12-22,199,Cancelled
8557,1279,Basic,2022-09-17,2023-10-26,199,Expired
8558,19329,Basic,2023-01-20,2024-06-15,199,Expired
8559,11681,Premium,2022-09-05,2024-08-11,499,Expired
8560,9978,Premium,2022-10-02,2024-09-28,499,Expired
8561,11954,Premium,2022-09-11,2024-03-29,499,Expired
8562,6058,Basic,2022-02-12,2023-09-15,199,Expired
8563,14437,Fleet,2023-01-24,2023-07-12,999,Expired
8564,15609,Basic,2022-09-06,2024-01-23,199,Expired
8565,7019,Basic,2022-10-07,2023-03-12,199,Expired
8566,5689,Premium,2022-04-05,2022-08-03,499,Expired
8567,18285,Basic,2022-04-19,2023-04-27,199,Expired
8568,52,Fleet,2022-06-09,2023-12-10,999,Expired
8569,8501,Basic,2022-08-03,2022-11-18,199,Expired
8570,93,Basic,2022-11-24,2023-10-23,199,Expired
8571,8219,Premium,2022-09-06,2023-03-04,499,Expired
8572,16224,Basic,2022-07-10,2023-04-26,199,Expired
8573,4330,Basic,2022-07-03,2024-06-27,199,Expired
8574,8605,Premium,2022-10-23,2024-03-27,499,Expired
8575,11703,Basic,2023-03-22,2024-02-06,199,Expired
8576,19052,Basic,2022-08-05,2024-01-20,199,Expired
8577,7445,Basic,2022-07-12,2024-04-05,199,Expired
8578,12915,Basic,2022-06-14,2023-08-28,199,Expired
8579,8555,Fleet,2022-07-19,2024-06-05,999,Expired
8580,9621,Basic,2022-06-27,2024-01-18,199,Expired
8581,13053,Premium,2022-11-06,2024-05-03,499,Expired
8582,5341,Premium,2022-10-19,2023-11-20,499,Expired
8583,9617,Premium,2022-12-16,2023-04-19,499,Expired
8584,18827,Premium,2023-01-05,2023-10-28,499,Expired
8585,7823,Basic,2022-09-14,2023-08-20,199,Expired
8586,7972,Basic,2022-11-18,2023-02-23,199,Expired
8587,3870,Premium,2022-09-13,2024-04-13,499,Expired
8588,9023,Basic,2023-01-11,2023-06-29,199,Expired
8589,9264,Premium,2023-01-19,2024-02-21,499,Expired
8590,2594,Basic,2023-02-24,2024-06-08,199,Expired
8591,17374,Basic,2022-02-21,2023-04-18,199,Expired
8592,10807,Premium,2022-10-15,2023-01-15,499,Expired
8593,4527,Basic,2022-05-03,2024-03-19,199,Expired
8594,8485,Basic,2022-08-23,2023-10-22,199,Expired
8595,17419,Fleet,2022-02-23,2023-08-16,999,Expired
8596,6051,Premium,2023-02-08,2023-06-13,499,Expired
8597,8167,Basic,2022-10-28,2024-06-05,199,Expired
8598,16643,Basic,2022-12-27,2024-09-20,199,Expired
8599,6677,Premium,2022-08-13,2023-12-10,499,Expired
8600,14774,Basic,2022-12-25,2024-09-15,199,Cancelled
8601,14482,Premium,2022-08-09,2023-06-01,499,Cancelled
8602,7637,Fleet,2022-11-15,2023-09-18,999,Expired
8603,16990,Basic,2023-02-27,2024-11-26,199,Expired
8604,574,Premium,2022-08-06,2022-12-15,499,Cancelled
8605,16938,Premium,2023-03-23,2024-01-07,499,Expired
8606,6994,Premium,2022-10-16,2023-02-09,499,Cancelled
8607,5397,Premium,2023-01-14,2024-02-13,499,Expired
8608,12535,Premium,2023-06-12,2024-04-30,499,Expired
8609,8932,Basic,2022-09-02,2023-05-26,199,Expired
8610,5680,Premium,2022-03-14,2023-08-16,499,Expired
8611,69,Basic,2022-12-11,2023-04-30,199,Cancelled
8612,15988,Premium,2022-11-24,2023-08-31,499,Expired
8613,17482,Basic,2023-05-18,2023-12-31,199,Cancelled
8614,4747,Fleet,2022-12-30,2024-12-15,999,Expired
8615,8978,Basic,2023-04-11,2024-12-29,199,Expired
8616,14938,Basic,2022-08-16,2023-04-28,199,Expired
8617,10753,Premium,2023-01-19,2023-07-18,499,Expired
8618,5692,Basic,2022-05-25,2023-05-02,199,Expired
8619,15379,Basic,2023-03-29,2025-03-28,199,Expired
8620,19602,Basic,2022-07-28,2023-06-21,199,Expired
8621,11278,Basic,2023-02-09,2023-11-22,199,Cancelled
8622,15427,Fleet,2022-04-09,2023-01-07,999,Cancelled
8623,4342,Premium,2022-12-27,2024-06-08,499,Cancelled
8624,3018,Premium,2022-09-13,2024-07-27,499,Expired
8625,13216,Basic,2022-12-20,2024-04-28,199,Expired
8626,13283,Basic,2022-04-04,2023-03-11,199,Expired
8627,12221,Premium,2022-09-15,2022-12-25,499,Expired
8628,9299,Premium,2022-10-14,2023-06-26,499,Expired
8629,4076,Basic,2022-04-09,2022-12-27,199,Expired
8630,17621,Premium,2023-02-28,2024-02-03,499,Expired
8631,14979,Premium,2023-01-15,2024-07-02,499,Expired
8632,11817,Basic,2022-10-06,2023-08-26,199,Expired
8633,14480,Premium,2023-05-19,2024-05-29,499,Expired
8634,16733,Basic,2022-06-29,2023-11-29,199,Expired
8635,3496,Basic,2022-06-23,2024-02-24,199,Cancelled
8636,15078,Premium,2022-04-18,2023-07-08,499,Expired
8637,10828,Fleet,2022-08-11,2023-11-08,999,Expired
8638,18012,Basic,2022-09-09,2023-11-30,199,Expired
8639,14534,Basic,2023-04-10,2024-12-13,199,Expired
8640,1486,Basic,2022-11-30,2024-05-21,199,Expired
8641,7653,Premium,2023-01-13,2023-04-30,499,Expired
8642,18218,Basic,2022-07-27,2024-02-14,199,Expired
8643,13884,Fleet,2022-04-09,2022-09-10,999,Expired
8644,13818,Fleet,2022-10-15,2023-09-24,999,Expired
8645,676,Premium,2022-11-07,2023-12-26,499,Expired
8646,5135,Basic,2023-02-15,2023-12-23,199,Expired
8647,24,Basic,2022-08-18,2023-11-03,199,Expired
8648,18877,Basic,2023-03-20,2024-07-06,199,Expired
8649,13422,Fleet,2023-01-10,2024-04-15,999,Expired
8650,12124,Fleet,2023-04-01,2025-03-05,999,Expired
8651,16243,Premium,2022-10-30,2023-02-25,499,Expired
8652,2037,Premium,2023-01-19,2023-08-17,499,Expired
8653,3066,Basic,2022-04-21,2023-03-03,199,Expired
8654,16305,Premium,2022-06-29,2024-01-30,499,Expired
8655,6110,Basic,2022-03-17,2023-09-13,199,Cancelled
8656,14725,Basic,2023-01-13,2024-11-07,199,Expired
8657,7099,Premium,2022-12-30,2024-04-02,499,Expired
8658,6376,Basic,2022-11-20,2023-10-21,199,Expired
8659,16329,Fleet,2022-10-01,2024-06-07,999,Expired
8660,7981,Basic,2023-02-13,2024-08-25,199,Expired
8661,16082,Basic,2022-11-25,2023-11-07,199,Expired
8662,6928,Premium,2022-04-01,2023-02-13,499,Expired
8663,1042,Basic,2022-08-18,2024-05-22,199,Expired
8664,8726,Premium,2023-06-10,2025-03-06,499,Expired
8665,18088,Basic,2023-05-13,2023-12-03,199,Expired
8666,115,Fleet,2022-12-14,2024-02-22,999,Expired
8667,6992,Basic,2022-11-18,2024-02-07,199,Expired
8668,4251,Premium,2023-01-30,2023-09-30,499,Expired
8669,7551,Premium,2022-11-16,2023-04-10,499,Expired
8670,8423,Premium,2022-02-25,2023-08-26,499,Expired
8671,9526,Basic,2022-03-25,2023-04-20,199,Cancelled
8672,16732,Basic,2022-05-15,2023-03-17,199,Cancelled
8673,3854,Basic,2023-03-31,2024-05-28,199,Expired
8674,5814,Premium,2022-03-18,2023-06-08,499,Expired
8675,13151,Premium,2023-03-04,2023-06-13,499,Expired
8676,18906,Basic,2022-06-11,2024-05-27,199,Expired
8677,1759,Fleet,2022-10-03,2023-03-04,999,Expired
8678,12970,Premium,2022-07-22,2023-07-22,499,Expired
8679,7645,Premium,2022-06-21,2024-05-26,499,Cancelled
8680,3681,Fleet,2023-04-02,2025-02-25,999,Expired
8681,11605,Basic,2022-09-02,2022-12-23,199,Cancelled
8682,17995,Basic,2022-03-13,2022-08-14,199,Expired
8683,3599,Basic,2023-01-20,2024-02-27,199,Expired
8684,13333,Premium,2022-06-26,2023-07-24,499,Cancelled
8685,7411,Basic,2022-06-04,2022-10-03,199,Expired
8686,14276,Premium,2023-04-28,2023-09-01,499,Expired
8687,12539,Premium,2022-12-23,2024-07-25,499,Expired
8688,6279,Basic,2022-12-30,2024-12-29,199,Expired
8689,9135,Premium,2022-03-04,2024-02-28,499,Expired
8690,16452,Basic,2023-01-08,2024-10-23,199,Expired
8691,6320,Premium,2022-06-12,2023-02-15,499,Expired
8692,14497,Basic,2022-12-25,2024-10-08,199,Expired
8693,18681,Basic,2023-02-23,2025-01-13,199,Expired
8694,18794,Premium,2022-08-31,2024-05-21,499,Expired
8695,1781,Basic,2022-10-02,2024-04-28,199,Expired
8696,9683,Premium,2022-06-30,2022-12-07,499,Cancelled
8697,13969,Basic,2022-08-27,2023-08-04,199,Expired
8698,3823,Basic,2022-12-11,2024-06-20,199,Expired
8699,14700,Premium,2022-07-17,2023-01-12,499,Expired
8700,19013,Premium,2022-05-25,2023-08-08,499,Expired
8701,5838,Basic,2022-11-16,2023-12-19,199,Expired
8702,12229,Basic,2022-12-03,2024-09-04,199,Expired
8703,15005,Basic,2022-08-22,2023-09-29,199,Expired
8704,5045,Basic,2023-01-31,2023-07-16,199,Expired
8705,8933,Basic,2022-05-02,2022-10-18,199,Expired
8706,3839,Fleet,2022-09-09,2023-06-09,999,Cancelled
8707,6352,Basic,2022-04-04,2024-02-16,199,Expired
8708,17284,Basic,2022-10-23,2024-01-29,199,Expired
8709,14367,Fleet,2022-09-02,2023-03-14,999,Expired
8710,16743,Basic,2022-07-24,2024-05-28,199,Expired
8711,18645,Premium,2022-10-02,2024-09-13,499,Expired
8712,9000,Basic,2023-02-20,2023-09-20,199,Expired
8713,17014,Basic,2022-12-31,2023-10-01,199,Expired
8714,7791,Premium,2022-05-11,2022-09-02,499,Expired
8715,10789,Basic,2023-01-10,2024-07-10,199,Expired
8716,15210,Basic,2022-12-26,2024-06-19,199,Expired
8717,12775,Basic,2023-03-16,2024-09-22,199,Expired
8718,9021,Basic,2022-09-11,2024-02-10,199,Cancelled
8719,17260,Basic,2022-08-03,2024-06-16,199,Expired
8720,2985,Basic,2022-07-17,2023-03-21,199,Expired
8721,3280,Premium,2023-01-01,2023-05-20,499,Cancelled
8722,2816,Premium,2022-05-06,2024-02-23,499,Expired
8723,2650,Basic,2023-03-08,2023-09-17,199,Expired
8724,4924,Fleet,2023-01-27,2023-10-02,999,Expired
8725,12284,Premium,2022-04-18,2024-03-27,499,Expired
8726,2348,Fleet,2022-05-11,2022-08-27,999,Expired
8727,11847,Basic,2022-11-27,2023-05-21,199,Expired
8728,12629,Basic,2022-07-17,2023-05-23,199,Expired
8729,10372,Premium,2023-04-01,2023-09-09,499,Expired
8730,6636,Basic,2022-10-21,2024-06-21,199,Expired
8731,15465,Basic,2022-07-23,2023-08-22,199,Expired
8732,6709,Premium,2023-01-19,2024-08-31,499,Cancelled
8733,1415,Basic,2022-07-01,2023-02-05,199,Expired
8734,14081,Basic,2022-09-25,2023-12-24,199,Cancelled
8735,19479,Basic,2022-10-09,2023-12-17,199,Cancelled
8736,6158,Fleet,2022-09-12,2024-08-07,999,Expired
8737,3034,Premium,2022-07-30,2022-12-23,499,Expired
8738,17049,Basic,2022-11-02,2024-09-23,199,Expired
8739,3629,Basic,2023-01-05,2023-11-29,199,Expired
8740,10497,Basic,2023-02-19,2023-11-25,199,Expired
8741,12933,Basic,2022-10-04,2023-04-02,199,Expired
8742,5557,Fleet,2022-10-18,2024-05-20,999,Cancelled
8743,1349,Fleet,2022-12-02,2024-10-02,999,Expired
8744,8496,Basic,2023-02-12,2024-10-15,199,Expired
8745,7064,Premium,2022-10-14,2024-04-04,499,Cancelled
8746,18152,Premium,2023-01-31,2024-02-21,499,Expired
8747,5897,Basic,2023-04-13,2024-06-06,199,Expired
8748,8563,Basic,2022-11-02,2024-10-17,199,Expired
8749,1619,Fleet,2022-02-25,2023-06-17,999,Cancelled
8750,8472,Basic,2022-02-13,2022-06-06,199,Expired
8751,7046,Basic,2022-12-05,2023-06-06,199,Expired
8752,2925,Basic,2023-03-14,2024-10-08,199,Expired
8753,3207,Basic,2022-11-13,2023-05-31,199,Cancelled
8754,17935,Basic,2022-08-19,2024-08-13,199,Expired
8755,4275,Premium,2022-08-31,2024-03-25,499,Cancelled
8756,11548,Premium,2023-03-08,2024-12-30,499,Expired
8757,13310,Premium,2022-09-14,2024-06-07,499,Expired
8758,18591,Premium,2022-10-21,2024-04-12,499,Cancelled
8759,10247,Basic,2022-05-21,2024-05-19,199,Expired
8760,1951,Basic,2022-10-16,2023-03-03,199,Expired
8761,4830,Basic,2022-12-19,2024-09-09,199,Expired
8762,14834,Premium,2023-04-30,2024-05-25,499,Expired
8763,9709,Basic,2022-12-16,2024-11-23,199,Cancelled
8764,1069,Premium,2022-11-07,2024-01-18,499,Expired
8765,3661,Basic,2023-03-11,2023-07-17,199,Expired
8766,10982,Basic,2022-11-25,2024-05-23,199,Cancelled
8767,2471,Premium,2022-08-28,2024-05-03,499,Expired
8768,2275,Basic,2023-02-21,2023-11-18,199,Expired
8769,1266,Premium,2022-07-16,2023-09-24,499,Cancelled
8770,9141,Premium,2022-04-14,2023-06-14,499,Cancelled
8771,7865,Basic,2022-08-01,2023-06-08,199,Expired
8772,16356,Premium,2022-07-20,2023-04-21,499,Cancelled
8773,3039,Premium,2023-04-04,2024-11-02,499,Expired
8774,14633,Premium,2023-02-25,2024-02-18,499,Cancelled
8775,14242,Basic,2022-09-13,2023-05-07,199,Expired
8776,8775,Basic,2022-10-03,2024-01-21,199,Expired
8777,15700,Basic,2023-01-06,2023-12-16,199,Expired
8778,5033,Basic,2022-03-18,2023-06-14,199,Cancelled
8779,18537,Basic,2022-07-14,2023-11-30,199,Expired
8780,348,Premium,2022-06-27,2023-06-03,499,Expired
8781,2261,Premium,2022-06-04,2023-04-27,499,Expired
8782,6278,Basic,2022-10-25,2024-09-13,199,Expired
8783,9468,Premium,2022-07-01,2023-03-16,499,Cancelled
8784,7092,Premium,2022-04-28,2023-05-02,499,Expired
8785,15715,Basic,2022-10-19,2024-07-25,199,Expired
8786,5881,Basic,2022-02-01,2023-11-01,199,Expired
8787,4953,Premium,2022-04-24,2022-10-15,499,Expired
8788,8763,Fleet,2023-05-07,2023-12-28,999,Expired
8789,1478,Fleet,2022-09-24,2024-04-05,999,Expired
8790,8373,Premium,2022-07-06,2023-09-17,499,Expired
8791,11072,Basic,2022-07-08,2023-05-22,199,Expired
8792,17343,Basic,2022-09-02,2024-01-03,199,Expired
8793,14229,Premium,2022-10-02,2024-01-10,499,Expired
8794,7249,Basic,2022-08-07,2023-01-30,199,Expired
8795,256,Premium,2022-03-09,2023-04-30,499,Expired
8796,7284,Basic,2022-11-08,2024-01-11,199,Expired
8797,9057,Premium,2022-12-30,2024-11-22,499,Expired
8798,4514,Basic,2023-04-29,2024-07-03,199,Expired
8799,108,Basic,2022-12-28,2023-10-13,199,Expired
8800,3718,Basic,2022-10-22,2024-03-07,199,Expired
8801,6703,Premium,2023-04-14,2023-07-24,499,Expired
8802,417,Fleet,2022-08-11,2022-12-07,999,Expired
8803,6517,Fleet,2023-02-11,2023-10-04,999,Cancelled
8804,13347,Basic,2022-10-16,2024-09-29,199,Expired
8805,10017,Basic,2022-11-21,2024-07-20,199,Expired
8806,18472,Premium,2022-03-28,2023-05-10,499,Cancelled
8807,11489,Premium,2022-06-14,2022-10-02,499,Cancelled
8808,18004,Basic,2022-05-06,2022-12-16,199,Expired
8809,15940,Premium,2022-09-05,2023-01-05,499,Expired
8810,14527,Fleet,2022-05-29,2022-09-04,999,Cancelled
8811,4607,Premium,2022-10-03,2024-03-05,499,Expired
8812,16711,Basic,2022-10-24,2024-07-14,199,Cancelled
8813,16100,Basic,2022-07-08,2023-11-01,199,Expired
8814,1901,Basic,2022-10-08,2023-12-10,199,Cancelled
8815,7566,Basic,2022-05-29,2024-01-31,199,Expired
8816,19093,Premium,2022-06-07,2023-09-06,499,Expired
8817,40,Premium,2023-04-26,2025-01-26,499,Expired
8818,13182,Basic,2022-06-02,2024-03-05,199,Cancelled
8819,14361,Basic,2022-08-25,2023-04-26,199,Expired
8820,8889,Fleet,2022-05-12,2024-01-18,999,Expired
8821,2981,Premium,2023-01-18,2024-09-10,499,Cancelled
8822,11617,Premium,2022-11-22,2023-12-07,499,Expired
8823,10200,Basic,2023-01-01,2024-07-03,199,Cancelled
8824,3545,Premium,2022-11-14,2023-11-14,499,Expired
8825,2868,Premium,2022-06-27,2023-05-24,499,Expired
8826,18787,Basic,2022-09-27,2023-02-02,199,Expired
8827,13961,Basic,2022-06-13,2024-01-17,199,Cancelled
8828,4571,Basic,2023-01-29,2024-02-08,199,Cancelled
8829,6455,Basic,2022-09-29,2023-06-24,199,Expired
8830,1879,Basic,2022-10-01,2023-08-31,199,Expired
8831,17270,Basic,2022-08-20,2024-07-12,199,Expired
8832,3898,Basic,2022-10-27,2023-07-16,199,Expired
8833,2730,Basic,2023-02-06,2024-11-07,199,Expired
8834,15003,Premium,2023-02-19,2024-08-27,499,Expired
8835,6851,Premium,2023-04-01,2024-10-03,499,Expired
8836,415,Basic,2023-02-04,2023-09-25,199,Expired
8837,7888,Basic,2022-08-10,2024-04-27,199,Expired
8838,6387,Premium,2023-02-24,2023-06-10,499,Expired
8839,9788,Premium,2023-04-03,2024-04-13,499,Cancelled
8840,16498,Premium,2022-10-29,2024-05-09,499,Expired
8841,15864,Basic,2023-02-26,2023-09-21,199,Expired
8842,6486,Basic,2022-11-26,2024-05-16,199,Cancelled
8843,19800,Fleet,2022-06-16,2023-11-03,999,Expired
8844,6334,Premium,2023-03-03,2024-11-18,499,Expired
8845,11604,Basic,2022-07-20,2022-12-10,199,Expired
8846,5933,Basic,2023-03-08,2023-11-26,199,Expired
8847,13243,Basic,2022-12-16,2023-04-18,199,Expired
8848,8066,Premium,2022-07-30,2024-01-25,499,Expired
8849,12490,Premium,2023-01-31,2024-08-25,499,Cancelled
8850,19179,Premium,2022-01-29,2023-05-29,499,Expired
8851,1788,Premium,2022-07-10,2023-09-25,499,Expired
8852,37,Premium,2022-12-12,2023-10-25,499,Expired
8853,7768,Basic,2023-02-26,2025-02-18,199,Expired
8854,4188,Premium,2022-10-19,2023-06-21,499,Cancelled
8855,1556,Premium,2022-08-11,2023-10-03,499,Expired
8856,7253,Premium,2022-12-22,2024-11-21,499,Expired
8857,6399,Basic,2022-12-26,2024-12-17,199,Expired
8858,15854,Fleet,2022-12-06,2024-10-05,999,Expired
8859,16285,Basic,2022-12-02,2024-05-26,199,Cancelled
8860,3709,Premium,2023-03-26,2025-02-06,499,Expired
8861,10098,Basic,2022-04-09,2022-08-23,199,Expired
8862,14161,Basic,2022-10-26,2023-08-23,199,Expired
8863,16607,Basic,2022-06-30,2024-02-18,199,Expired
8864,5776,Fleet,2022-07-26,2023-12-16,999,Cancelled
8865,9333,Premium,2023-04-21,2024-07-09,499,Expired
8866,13464,Basic,2022-09-30,2024-05-10,199,Expired
8867,17823,Basic,2022-06-14,2022-10-06,199,Expired
8868,7074,Premium,2023-03-07,2023-12-29,499,Expired
8869,15672,Fleet,2022-07-26,2023-01-21,999,Expired
8870,19686,Fleet,2023-05-27,2024-05-22,999,Expired
8871,17213,Basic,2022-08-08,2024-04-09,199,Expired
8872,1747,Basic,2022-10-18,2023-11-11,199,Expired
8873,15971,Basic,2022-08-07,2024-05-21,199,Expired
8874,13390,Basic,2022-09-15,2024-08-27,199,Expired
8875,7261,Basic,2022-10-14,2024-08-07,199,Cancelled
8876,10064,Premium,2022-10-15,2024-03-24,499,Expired
8877,4039,Basic,2022-07-21,2023-01-29,199,Expired
8878,3706,Premium,2023-04-18,2025-01-27,499,Expired
8879,3956,Basic,2022-07-14,2023-03-24,199,Expired
8880,19478,Basic,2022-05-18,2023-03-23,199,Expired
8881,3429,Basic,2022-07-01,2023-07-29,199,Expired
8882,10028,Basic,2022-08-03,2023-05-12,199,Expired
8883,2508,Basic,2022-05-14,2023-12-13,199,Expired
8884,4682,Premium,2022-06-30,2022-11-03,499,Expired
8885,8403,Basic,2022-05-30,2023-08-05,199,Expired
8886,4748,Basic,2022-11-09,2023-09-19,199,Expired
8887,17147,Basic,2022-09-29,2023-07-22,199,Expired
8888,17711,Premium,2023-02-28,2024-01-31,499,Expired
8889,17392,Premium,2022-12-01,2023-11-20,499,Cancelled
8890,16721,Premium,2022-09-21,2024-09-12,499,Expired
8891,13345,Basic,2022-04-01,2023-04-12,199,Expired
8892,10595,Premium,2022-08-20,2022-12-19,499,Expired
8893,1810,Basic,2022-02-07,2023-04-19,199,Expired
8894,16913,Basic,2022-02-27,2022-08-03,199,Expired
8895,14016,Basic,2023-01-29,2023-05-05,199,Cancelled
8896,16418,Basic,2022-07-27,2024-03-26,199,Expired
8897,19272,Premium,2022-12-25,2024-07-28,499,Expired
8898,1716,Premium,2022-08-25,2022-11-29,499,Expired
8899,7615,Basic,2022-08-09,2023-06-03,199,Expired
8900,8677,Fleet,2023-04-10,2025-02-17,999,Expired
8901,6437,Basic,2022-04-30,2022-12-26,199,Cancelled
8902,13323,Basic,2022-11-26,2024-06-25,199,Cancelled
8903,5829,Premium,2022-01-28,2023-08-02,499,Expired
8904,10663,Basic,2022-11-01,2023-12-23,199,Expired
8905,14282,Basic,2022-05-17,2022-08-22,199,Expired
8906,7352,Premium,2022-11-29,2023-05-12,499,Expired
8907,14622,Basic,2023-02-09,2024-09-01,199,Cancelled
8908,17412,Basic,2022-09-22,2024-04-04,199,Expired
8909,1251,Basic,2022-09-28,2023-10-15,199,Expired
8910,6930,Basic,2022-09-09,2023-05-05,199,Expired
8911,18162,Premium,2023-03-11,2023-09-06,499,Expired
8912,16506,Basic,2022-09-06,2024-09-05,199,Expired
8913,12929,Basic,2022-09-13,2023-08-03,199,Expired
8914,13777,Basic,2022-03-28,2023-01-13,199,Expired
8915,12940,Premium,2023-05-08,2025-03-02,499,Expired
8916,4862,Basic,2023-01-17,2024-02-11,199,Cancelled
8917,2304,Fleet,2022-07-11,2023-02-15,999,Expired
8918,6909,Premium,2022-03-31,2023-05-28,499,Expired
8919,18655,Basic,2022-09-28,2023-04-01,199,Expired
8920,11730,Premium,2022-12-10,2023-04-26,499,Expired
8921,8911,Basic,2023-03-31,2024-02-27,199,Expired
8922,8582,Premium,2022-04-01,2022-12-16,499,Expired
8923,19353,Basic,2022-05-27,2023-05-05,199,Expired
8924,18352,Basic,2022-06-05,2023-03-27,199,Expired
8925,8251,Premium,2023-05-18,2023-08-23,499,Expired
8926,15987,Premium,2022-03-27,2022-07-30,499,Cancelled
8927,6681,Basic,2022-08-13,2022-11-26,199,Cancelled
8928,12396,Premium,2022-07-30,2024-01-30,499,Cancelled
8929,10854,Fleet,2022-04-27,2023-12-14,999,Expired
8930,16879,Basic,2023-01-09,2024-02-17,199,Expired
8931,2823,Fleet,2022-10-19,2024-06-21,999,Expired
8932,15948,Basic,2022-07-18,2023-07-29,199,Expired
8933,1974,Fleet,2022-07-15,2024-05-29,999,Expired
8934,19701,Basic,2022-11-21,2023-05-13,199,Expired
8935,268,Basic,2023-02-16,2024-05-05,199,Expired
8936,10925,Premium,2022-06-26,2023-06-02,499,Expired
8937,15500,Fleet,2022-12-14,2023-07-15,999,Cancelled
8938,2771,Basic,2022-05-06,2022-10-22,199,Expired
8939,2330,Premium,2022-07-13,2024-06-23,499,Cancelled
8940,13361,Basic,2022-11-01,2023-12-29,199,Expired
8941,13168,Basic,2023-01-22,2024-12-02,199,Expired
8942,11700,Premium,2022-08-07,2024-06-04,499,Cancelled
8943,7992,Basic,2022-08-28,2023-06-25,199,Expired
8944,13913,Basic,2022-08-27,2023-06-14,199,Expired
8945,17292,Basic,2022-07-02,2023-03-08,199,Expired
8946,319,Basic,2023-06-06,2024-11-29,199,Cancelled
8947,1537,Premium,2023-01-11,2024-05-10,499,Expired
8948,1472,Basic,2022-09-30,2023-12-31,199,Expired
8949,14496,Fleet,2022-12-06,2023-05-30,999,Cancelled
8950,1370,Premium,2022-05-01,2024-01-17,499,Expired
8951,741,Basic,2022-08-01,2024-02-18,199,Expired
8952,9363,Basic,2022-04-15,2023-07-02,199,Expired
8953,1189,Basic,2023-05-10,2025-01-13,199,Expired
8954,10866,Basic,2022-06-22,2023-04-04,199,Expired
8955,15417,Basic,2023-01-08,2024-06-11,199,Expired
8956,17312,Basic,2022-11-21,2023-05-10,199,Expired
8957,19261,Basic,2022-07-06,2023-03-08,199,Expired
8958,7384,Premium,2022-12-18,2023-10-19,499,Expired
8959,3488,Premium,2022-06-03,2024-05-21,499,Expired
8960,6045,Basic,2022-10-09,2024-09-21,199,Expired
8961,19438,Basic,2023-01-07,2024-02-13,199,Expired
8962,11527,Premium,2022-02-17,2022-06-22,499,Expired
8963,1234,Basic,2022-06-11,2024-01-01,199,Expired
8964,9870,Basic,2022-06-13,2023-08-26,199,Expired
8965,13221,Basic,2022-12-23,2024-10-31,199,Expired
8966,14761,Basic,2022-04-26,2023-01-24,199,Expired
8967,11445,Basic,2023-02-15,2025-01-04,199,Expired
8968,8982,Premium,2022-05-24,2023-11-14,499,Expired
8969,15348,Basic,2022-05-30,2024-05-22,199,Expired
8970,15763,Premium,2022-11-27,2023-07-05,499,Expired
8971,1292,Premium,2023-06-02,2024-11-22,499,Expired
8972,10209,Basic,2022-07-01,2023-06-08,199,Expired
8973,16359,Premium,2023-04-27,2025-02-12,499,Expired
8974,10425,Basic,2023-05-25,2023-12-18,199,Expired
8975,7863,Basic,2022-08-13,2023-12-02,199,Expired
8976,15059,Basic,2023-04-21,2025-01-06,199,Expired
8977,15915,Fleet,2022-08-20,2023-10-28,999,Expired
8978,563,Premium,2023-06-19,2024-08-23,499,Expired
8979,1032,Basic,2023-01-24,2025-01-18,199,Expired
8980,5766,Premium,2023-03-04,2024-10-13,499,Cancelled
8981,17566,Premium,2022-11-01,2024-03-19,499,Expired
8982,17947,Fleet,2023-03-22,2025-02-07,999,Cancelled
8983,18941,Premium,2022-07-19,2024-06-02,499,Expired
8984,7059,Basic,2022-11-29,2024-01-01,199,Expired
8985,4378,Basic,2022-04-24,2022-08-25,199,Expired
8986,16931,Basic,2022-02-09,2023-08-08,199,Cancelled
8987,12055,Basic,2022-11-05,2024-02-02,199,Cancelled
8988,6977,Basic,2023-05-05,2023-12-25,199,Expired
8989,17280,Premium,2022-05-09,2024-04-04,499,Expired
8990,18720,Fleet,2022-02-13,2023-01-23,999,Expired
8991,17222,Basic,2022-02-02,2023-10-27,199,Expired
8992,5713,Premium,2022-08-24,2023-09-11,499,Expired
8993,7641,Basic,2023-01-01,2023-11-19,199,Expired
8994,1250,Basic,2022-04-18,2022-07-21,199,Cancelled
8995,16792,Premium,2022-10-20,2024-03-11,499,Expired
8996,18730,Premium,2022-11-23,2023-12-15,499,Expired
8997,2219,Basic,2022-07-20,2024-06-01,199,Cancelled
8998,11630,Basic,2022-09-09,2023-06-14,199,Expired
8999,17970,Basic,2022-10-29,2023-09-10,199,Expired
9000,16385,Basic,2022-12-09,2024-04-23,199,Expired
9001,16868,Premium,2022-06-15,2023-01-25,499,Expired
9002,16822,Fleet,2022-08-04,2023-07-15,999,Expired
9003,12496,Premium,2022-09-19,2024-06-17,499,Expired
9004,15027,Premium,2022-08-18,2023-08-24,499,Expired
9005,9593,Premium,2022-04-25,2023-07-30,499,Expired
9006,6335,Basic,2022-08-28,2024-04-11,199,Expired
9007,4550,Basic,2022-12-16,2023-07-06,199,Expired
9008,12811,Basic,2023-04-10,2024-10-25,199,Cancelled
9009,7045,Premium,2022-05-28,2022-09-21,499,Cancelled
9010,11554,Basic,2022-06-27,2023-06-12,199,Expired
9011,12253,Fleet,2023-03-28,2024-08-28,999,Expired
9012,2355,Basic,2022-05-21,2022-11-29,199,Expired
9013,10032,Basic,2023-04-18,2025-02-24,199,Expired
9014,14835,Basic,2022-08-09,2024-06-23,199,Expired
9015,16453,Basic,2022-11-12,2023-02-12,199,Expired
9016,5328,Basic,2023-03-17,2025-02-08,199,Expired
9017,1435,Premium,2022-09-29,2023-08-17,499,Expired
9018,265,Fleet,2023-01-05,2024-07-26,999,Expired
9019,8325,Premium,2022-04-28,2023-08-30,499,Expired
9020,18131,Basic,2022-07-03,2023-04-22,199,Expired
9021,14277,Premium,2022-11-03,2024-07-08,499,Expired
9022,10690,Basic,2022-09-22,2023-10-30,199,Expired
9023,17616,Fleet,2022-03-09,2022-06-25,999,Expired
9024,18453,Premium,2022-04-21,2023-09-04,499,Expired
9025,6348,Premium,2023-02-23,2023-09-01,499,Expired
9026,8585,Premium,2022-09-25,2023-11-21,499,Expired
9027,3379,Premium,2022-07-02,2023-11-10,499,Expired
9028,13956,Premium,2022-12-05,2024-06-21,499,Expired
9029,15475,Basic,2022-06-24,2023-03-26,199,Cancelled
9030,8621,Premium,2022-08-16,2024-01-15,499,Cancelled
9031,1438,Basic,2022-09-08,2023-01-13,199,Expired
9032,15415,Basic,2022-12-11,2024-08-09,199,Expired
9033,7961,Basic,2022-09-02,2024-08-19,199,Expired
9034,18942,Fleet,2022-05-20,2023-02-04,999,Expired
9035,4693,Fleet,2022-03-01,2023-06-15,999,Expired
9036,7442,Premium,2022-01-30,2022-08-11,499,Cancelled
9037,6256,Premium,2022-09-04,2024-02-20,499,Expired
9038,19943,Basic,2022-03-06,2024-01-04,199,Expired
9039,8595,Basic,2022-11-20,2023-10-17,199,Cancelled
9040,18299,Basic,2023-04-04,2024-09-13,199,Expired
9041,14456,Premium,2022-05-27,2024-01-25,499,Expired
9042,66,Premium,2022-08-29,2023-05-11,499,Expired
9043,13308,Basic,2022-08-28,2022-12-02,199,Expired
9044,16115,Premium,2022-09-25,2023-06-30,499,Expired
9045,17987,Basic,2022-08-16,2023-01-11,199,Expired
9046,6186,Basic,2022-09-02,2024-07-03,199,Expired
9047,14724,Fleet,2022-08-02,2023-12-13,999,Expired
9048,2866,Premium,2022-10-13,2024-04-18,499,Expired
9049,12275,Basic,2023-05-09,2024-09-10,199,Expired
9050,14701,Basic,2023-01-03,2023-09-10,199,Expired
9051,5114,Basic,2022-11-08,2024-10-21,199,Expired
9052,4409,Basic,2022-12-14,2023-10-01,199,Expired
9053,6026,Premium,2022-09-17,2023-02-10,499,Expired
9054,9680,Premium,2023-03-18,2024-10-02,499,Expired
9055,6891,Fleet,2022-08-11,2023-05-25,999,Expired
9056,7513,Premium,2022-07-26,2024-07-16,499,Expired
9057,1422,Basic,2022-04-30,2022-12-30,199,Expired
9058,11736,Basic,2022-08-22,2024-01-24,199,Expired
9059,19320,Premium,2022-04-27,2023-05-18,499,Cancelled
9060,18014,Premium,2022-06-21,2024-02-12,499,Expired
9061,8001,Basic,2022-12-19,2024-10-29,199,Expired
9062,7103,Fleet,2023-01-07,2023-10-12,999,Cancelled
9063,4350,Basic,2023-01-05,2024-03-08,199,Expired
9064,1661,Premium,2022-11-08,2024-07-14,499,Expired
9065,74,Premium,2023-01-22,2024-04-13,499,Cancelled
9066,1844,Basic,2023-04-10,2025-02-24,199,Expired
9067,771,Basic,2022-11-24,2023-12-02,199,Expired
9068,16905,Basic,2022-10-18,2023-09-03,199,Expired
9069,1286,Basic,2022-03-30,2023-02-28,199,Expired
9070,13135,Fleet,2022-12-27,2024-12-12,999,Expired
9071,19894,Premium,2022-12-22,2023-05-22,499,Expired
9072,1942,Premium,2022-05-12,2023-06-06,499,Expired
9073,18868,Basic,2022-06-01,2024-02-13,199,Cancelled
9074,9979,Basic,2023-03-21,2024-12-08,199,Expired
9075,8266,Premium,2022-08-19,2023-07-14,499,Expired
9076,3398,Basic,2022-07-08,2022-12-20,199,Expired
9077,10376,Basic,2022-02-06,2023-01-18,199,Expired
9078,5065,Basic,2022-08-25,2024-07-07,199,Expired
9079,19554,Basic,2023-05-17,2024-05-03,199,Cancelled
9080,4028,Fleet,2022-10-29,2024-05-07,999,Expired
9081,17511,Fleet,2022-05-23,2023-02-03,999,Expired
9082,16910,Basic,2022-03-10,2022-09-29,199,Expired
9083,10666,Premium,2023-01-17,2023-06-17,499,Expired
9084,5898,Basic,2022-08-27,2023-05-22,199,Expired
9085,14766,Premium,2022-09-03,2023-09-20,499,Expired
9086,3964,Fleet,2022-07-05,2024-03-30,999,Expired
9087,3938,Basic,2022-12-03,2023-06-26,199,Cancelled
9088,10242,Premium,2022-12-06,2023-08-14,499,Expired
9089,9821,Basic,2023-02-09,2023-05-15,199,Expired
9090,1111,Fleet,2022-09-18,2023-02-13,999,Expired
9091,4415,Basic,2022-12-13,2023-04-18,199,Expired
9092,10192,Basic,2022-08-11,2024-04-24,199,Expired
9093,19072,Premium,2022-11-11,2024-06-23,499,Expired
9094,19870,Basic,2022-05-03,2024-03-27,199,Cancelled
9095,3147,Premium,2022-06-30,2023-03-22,499,Expired
9096,1378,Premium,2022-09-12,2024-08-19,499,Expired
9097,17246,Basic,2022-09-06,2024-01-26,199,Expired
9098,7508,Premium,2023-01-04,2023-10-16,499,Expired
9099,145,Basic,2022-06-14,2023-02-16,199,Expired
9100,6193,Fleet,2022-12-16,2024-06-07,999,Expired
9101,3515,Fleet,2022-12-02,2024-05-17,999,Expired
9102,14854,Basic,2022-11-16,2024-04-23,199,Expired
9103,7273,Premium,2022-06-30,2023-08-16,499,Expired
9104,6072,Basic,2022-07-10,2024-03-13,199,Expired
9105,15947,Basic,2023-01-29,2023-12-28,199,Expired
9106,15036,Premium,2022-12-06,2024-10-04,499,Expired
9107,15616,Basic,2022-04-24,2024-02-04,199,Cancelled
9108,17198,Fleet,2022-08-31,2023-12-05,999,Expired
9109,14695,Fleet,2022-09-06,2023-05-05,999,Expired
9110,1831,Premium,2022-08-25,2023-05-24,499,Cancelled
9111,4182,Premium,2022-08-25,2023-11-03,499,Expired
9112,12874,Basic,2022-04-08,2024-01-10,199,Expired
9113,10523,Fleet,2023-02-17,2023-06-07,999,Expired
9114,5958,Basic,2022-11-08,2023-11-17,199,Expired
9115,17884,Basic,2022-12-02,2023-11-14,199,Expired
9116,13895,Premium,2022-11-19,2024-10-13,499,Expired
9117,1056,Premium,2022-08-27,2024-06-14,499,Expired
9118,9665,Fleet,2022-04-11,2023-11-03,999,Expired
9119,595,Basic,2022-09-10,2023-09-11,199,Expired
9120,12514,Basic,2023-05-11,2023-12-23,199,Expired
9121,1526,Premium,2022-04-08,2023-08-06,499,Expired
9122,19856,Fleet,2022-10-09,2023-06-30,999,Expired
9123,5825,Premium,2022-06-28,2022-10-01,499,Expired
9124,5155,Basic,2022-09-23,2023-06-08,199,Expired
9125,9659,Basic,2022-04-21,2023-08-18,199,Expired
9126,13209,Basic,2022-05-17,2022-12-25,199,Expired
9127,15661,Basic,2023-02-08,2024-12-28,199,Expired
9128,19620,Premium,2022-08-03,2024-03-20,499,Expired
9129,18198,Premium,2022-08-09,2023-03-18,499,Expired
9130,762,Basic,2023-03-15,2024-02-12,199,Expired
9131,7825,Basic,2022-03-21,2024-02-12,199,Expired
9132,14907,Basic,2022-05-23,2023-05-03,199,Expired
9133,12273,Basic,2022-12-25,2024-10-09,199,Expired
9134,15615,Basic,2022-02-26,2022-08-11,199,Expired
9135,82,Premium,2023-05-21,2024-07-19,499,Cancelled
9136,7043,Premium,2023-03-15,2023-11-26,499,Expired
9137,12059,Basic,2022-08-05,2023-02-14,199,Expired
9138,8725,Fleet,2022-12-31,2024-10-01,999,Cancelled
9139,959,Fleet,2023-01-30,2024-03-31,999,Expired
9140,8665,Premium,2022-12-10,2023-04-02,499,Expired
9141,6610,Premium,2022-10-29,2024-07-23,499,Expired
9142,15934,Basic,2022-10-20,2023-01-22,199,Expired
9143,10754,Basic,2022-11-29,2023-07-25,199,Cancelled
9144,7239,Basic,2022-07-30,2024-05-21,199,Expired
9145,16589,Basic,2023-02-12,2024-03-18,199,Expired
9146,15517,Premium,2022-07-20,2024-06-14,499,Expired
9147,3955,Basic,2022-07-17,2022-12-30,199,Expired
9148,4404,Premium,2022-04-24,2023-05-30,499,Cancelled
9149,14886,Premium,2023-03-28,2023-10-13,499,Expired
9150,17969,Fleet,2022-12-28,2024-03-10,999,Expired
9151,4512,Basic,2022-06-08,2023-07-21,199,Expired
9152,15791,Basic,2022-08-30,2023-12-14,199,Expired
9153,6858,Basic,2022-11-29,2024-07-25,199,Expired
9154,5354,Basic,2022-08-18,2023-06-13,199,Expired
9155,4588,Basic,2022-08-22,2024-06-04,199,Expired
9156,16473,Basic,2023-01-05,2023-04-27,199,Expired
9157,18348,Basic,2022-07-21,2023-09-27,199,Expired
9158,11074,Premium,2023-04-08,2024-05-16,499,Expired
9159,13786,Basic,2022-09-12,2023-02-12,199,Cancelled
9160,17029,Fleet,2022-04-29,2023-05-19,999,Expired
9161,11338,Fleet,2022-08-26,2024-08-08,999,Cancelled
9162,3725,Basic,2023-01-04,2024-05-28,199,Expired
9163,1265,Premium,2022-05-16,2023-04-14,499,Expired
9164,4868,Premium,2022-09-14,2023-12-08,499,Expired
9165,12439,Premium,2022-06-09,2022-12-29,499,Cancelled
9166,7256,Basic,2023-02-18,2023-08-24,199,Expired
9167,13293,Basic,2023-02-25,2023-08-31,199,Expired
9168,9793,Fleet,2023-04-21,2024-02-03,999,Expired
9169,13904,Premium,2022-04-23,2024-03-07,499,Expired
9170,4375,Premium,2022-06-28,2023-07-17,499,Expired
9171,4088,Basic,2022-03-29,2023-05-02,199,Cancelled
9172,15604,Fleet,2022-09-16,2024-06-16,999,Cancelled
9173,12815,Basic,2022-11-05,2024-01-17,199,Expired
9174,1898,Premium,2022-03-25,2022-12-01,499,Expired
9175,12268,Fleet,2022-06-06,2023-07-14,999,Expired
9176,7417,Basic,2022-02-21,2023-10-25,199,Expired
9177,17546,Basic,2023-03-02,2024-06-09,199,Expired
9178,12525,Basic,2022-02-19,2022-07-04,199,Expired
9179,15501,Basic,2022-11-10,2024-05-16,199,Expired
9180,2530,Basic,2022-05-12,2024-02-17,199,Expired
9181,14952,Basic,2023-03-16,2024-12-22,199,Expired
9182,8105,Premium,2022-12-30,2023-05-02,499,Expired
9183,6923,Premium,2022-11-09,2023-07-21,499,Expired
9184,8908,Premium,2022-09-19,2023-12-01,499,Expired
9185,661,Premium,2023-03-27,2024-10-08,499,Expired
9186,11472,Basic,2022-08-12,2024-02-09,199,Cancelled
9187,8745,Basic,2023-05-04,2023-08-08,199,Cancelled
9188,1119,Basic,2022-08-31,2023-08-12,199,Expired
9189,1288,Basic,2022-07-15,2022-11-16,199,Expired
9190,16258,Fleet,2023-03-18,2023-09-28,999,Expired
9191,12099,Premium,2022-02-02,2022-12-02,499,Expired
9192,7359,Basic,2023-02-16,2023-08-11,199,Expired
9193,2317,Basic,2022-12-15,2024-01-05,199,Expired
9194,1418,Basic,2022-06-08,2024-01-06,199,Expired
9195,16903,Basic,2022-11-02,2024-05-21,199,Expired
9196,8,Basic,2022-04-21,2024-02-19,199,Expired
9197,10928,Premium,2022-11-26,2024-04-27,499,Expired
9198,995,Basic,2022-06-03,2024-01-31,199,Expired
9199,13090,Basic,2022-03-10,2023-07-26,199,Cancelled
9200,4293,Basic,2022-09-15,2024-03-08,199,Expired
9201,15192,Basic,2023-06-10,2024-03-23,199,Expired
9202,9237,Basic,2022-12-30,2023-10-29,199,Expired
9203,2410,Fleet,2022-07-16,2023-02-05,999,Expired
9204,297,Basic,2022-06-30,2023-08-21,199,Expired
9205,1865,Premium,2022-07-05,2023-07-01,499,Expired
9206,17868,Fleet,2022-09-15,2024-06-07,999,Expired
9207,10445,Premium,2022-09-02,2023-12-22,499,Expired
9208,16478,Fleet,2022-09-28,2023-08-19,999,Expired
9209,13702,Fleet,2023-03-12,2024-09-01,999,Expired
9210,13492,Basic,2022-05-08,2022-11-23,199,Expired
9211,1146,Basic,2022-07-22,2022-11-17,199,Expired
9212,5790,Fleet,2023-04-22,2023-12-14,999,Expired
9213,18909,Basic,2023-01-26,2023-11-11,199,Expired
9214,17921,Basic,2022-10-08,2023-02-14,199,Expired
9215,11863,Premium,2022-08-09,2024-02-12,499,Expired
9216,15186,Basic,2022-06-28,2024-06-27,199,Expired
9217,11593,Basic,2023-01-01,2023-04-17,199,Expired
9218,17489,Basic,2022-08-05,2023-10-31,199,Cancelled
9219,16327,Basic,2022-09-24,2023-10-30,199,Expired
9220,15502,Basic,2022-11-09,2024-08-23,199,Expired
9221,11316,Basic,2023-01-04,2023-12-08,199,Expired
9222,17931,Premium,2022-06-16,2022-12-22,499,Expired
9223,12790,Basic,2022-06-08,2023-01-30,199,Expired
9224,19830,Basic,2022-06-24,2022-11-10,199,Expired
9225,13171,Premium,2022-08-16,2022-12-20,499,Expired
9226,11475,Basic,2022-05-19,2022-09-19,199,Expired
9227,8382,Basic,2023-02-01,2025-01-12,199,Expired
9228,10225,Fleet,2023-01-26,2024-02-02,999,Expired
9229,478,Premium,2022-10-14,2024-04-24,499,Expired
9230,10835,Premium,2022-12-12,2023-07-23,499,Cancelled
9231,16546,Basic,2023-01-19,2023-06-07,199,Expired
9232,4191,Basic,2022-11-06,2024-07-02,199,Expired
9233,18120,Basic,2023-02-08,2024-06-12,199,Cancelled
9234,11994,Basic,2023-02-13,2023-05-17,199,Expired
9235,13403,Premium,2023-03-09,2024-10-09,499,Expired
9236,19768,Basic,2022-11-05,2023-10-07,199,Expired
9237,11352,Basic,2022-07-10,2022-10-24,199,Expired
9238,17206,Basic,2022-10-10,2024-02-04,199,Expired
9239,659,Basic,2022-10-08,2024-03-05,199,Expired
9240,2724,Basic,2023-01-31,2024-08-29,199,Expired
9241,1794,Basic,2022-07-23,2024-07-02,199,Expired
9242,17007,Premium,2022-09-26,2024-03-29,499,Expired
9243,5431,Fleet,2023-02-08,2023-09-17,999,Expired
9244,12529,Basic,2023-03-13,2025-01-02,199,Expired
9245,494,Basic,2022-07-05,2023-06-14,199,Expired
9246,4254,Basic,2022-12-29,2024-03-17,199,Expired
9247,14686,Basic,2022-05-01,2023-10-13,199,Expired
9248,1464,Premium,2022-04-13,2022-10-08,499,Expired
9249,16092,Fleet,2022-09-05,2024-05-04,999,Expired
9250,17715,Basic,2022-11-02,2023-09-01,199,Expired
9251,4009,Basic,2022-07-01,2023-08-20,199,Expired
9252,2288,Premium,2022-09-14,2024-06-07,499,Expired
9253,18935,Premium,2022-06-09,2024-03-29,499,Expired
9254,10552,Basic,2023-04-02,2024-10-01,199,Expired
9255,9158,Basic,2022-10-13,2023-11-11,199,Expired
9256,445,Premium,2022-10-02,2024-02-26,499,Expired
9257,8631,Premium,2022-10-04,2023-09-15,499,Expired
9258,673,Basic,2022-10-07,2024-02-16,199,Cancelled
9259,18950,Premium,2023-03-17,2024-05-01,499,Expired
9260,12082,Basic,2022-07-13,2023-01-01,199,Expired
9261,15091,Basic,2022-12-06,2023-10-24,199,Cancelled
9262,5741,Premium,2022-04-16,2023-09-20,499,Cancelled
9263,1495,Basic,2023-02-13,2024-02-16,199,Cancelled
9264,11360,Premium,2023-03-02,2023-09-03,499,Expired
9265,5262,Basic,2022-08-01,2024-02-17,199,Expired
9266,19198,Premium,2022-11-29,2023-08-28,499,Expired
9267,3752,Basic,2023-01-04,2024-10-31,199,Expired
9268,13229,Fleet,2022-06-06,2024-02-18,999,Expired
9269,757,Basic,2022-05-02,2023-11-04,199,Expired
9270,17516,Premium,2023-04-19,2023-10-04,499,Cancelled
9271,13355,Basic,2022-08-28,2022-12-23,199,Expired
9272,14066,Basic,2023-05-17,2024-08-23,199,Expired
9273,18952,Premium,2022-04-14,2023-11-08,499,Expired
9274,11599,Premium,2022-06-14,2023-09-18,499,Expired
9275,11125,Basic,2022-12-27,2023-04-19,199,Expired
9276,1375,Premium,2022-02-15,2022-06-30,499,Expired
9277,19769,Basic,2022-05-14,2023-07-22,199,Expired
9278,17011,Premium,2023-01-18,2023-05-02,499,Expired
9279,6573,Premium,2022-02-15,2024-02-04,499,Expired
9280,538,Basic,2023-05-16,2023-10-21,199,Expired
9281,8905,Fleet,2022-10-29,2023-07-25,999,Expired
9282,16606,Basic,2023-01-20,2023-07-03,199,Expired
9283,6145,Basic,2023-06-18,2025-05-31,199,Expired
9284,647,Basic,2022-09-24,2023-08-23,199,Expired
9285,11718,Basic,2023-02-24,2024-08-20,199,Expired
9286,2187,Basic,2023-04-01,2024-07-09,199,Expired
9287,15838,Basic,2022-03-05,2022-07-13,199,Cancelled
9288,19083,Premium,2023-03-17,2023-09-20,499,Expired
9289,19498,Basic,2022-07-17,2024-02-22,199,Expired
9290,14117,Basic,2022-02-25,2023-08-18,199,Expired
9291,17740,Basic,2022-12-16,2024-05-30,199,Expired
9292,9691,Basic,2022-05-22,2024-05-19,199,Expired
9293,1885,Premium,2022-10-31,2023-08-04,499,Expired
9294,14691,Premium,2023-01-07,2024-07-21,499,Expired
9295,13634,Premium,2022-08-28,2024-07-23,499,Expired
9296,18307,Basic,2023-01-25,2023-08-01,199,Expired
9297,3031,Basic,2022-08-18,2023-06-10,199,Expired
9298,2103,Premium,2023-02-25,2024-06-15,499,Expired
9299,12726,Premium,2022-05-12,2022-09-20,499,Expired
9300,7146,Basic,2022-09-14,2024-05-02,199,Expired
9301,3892,Basic,2022-12-06,2023-08-24,199,Expired
9302,15644,Basic,2022-10-17,2023-05-27,199,Expired
9303,1996,Basic,2022-10-24,2024-06-15,199,Expired
9304,18762,Basic,2023-02-25,2024-11-19,199,Expired
9305,5404,Basic,2022-12-15,2024-05-30,199,Expired
9306,18977,Basic,2023-01-15,2024-04-13,199,Expired
9307,5293,Basic,2022-12-18,2024-04-01,199,Expired
9308,8052,Premium,2022-09-21,2024-06-08,499,Cancelled
9309,15312,Basic,2023-01-25,2024-04-24,199,Cancelled
9310,11204,Basic,2022-08-27,2023-06-22,199,Cancelled
9311,4926,Premium,2022-06-21,2024-04-13,499,Cancelled
9312,11728,Basic,2022-05-19,2023-12-08,199,Expired
9313,19732,Premium,2022-10-01,2023-04-01,499,Expired
9314,10156,Basic,2023-02-07,2023-07-08,199,Expired
9315,2979,Premium,2022-05-22,2023-10-22,499,Expired
9316,3574,Premium,2023-03-23,2024-06-03,499,Expired
9317,13018,Basic,2022-02-05,2022-09-12,199,Expired
9318,12508,Basic,2023-03-27,2024-12-01,199,Expired
9319,17555,Basic,2022-09-21,2023-05-18,199,Expired
9320,1116,Basic,2022-12-16,2024-05-23,199,Expired
9321,10282,Basic,2022-06-13,2022-12-16,199,Expired
9322,3467,Basic,2022-07-28,2024-04-28,199,Expired
9323,5146,Premium,2022-08-08,2024-03-31,499,Expired
9324,13036,Premium,2022-01-29,2023-08-18,499,Expired
9325,14640,Premium,2022-11-14,2024-01-04,499,Expired
9326,10503,Basic,2022-03-04,2023-06-02,199,Cancelled
9327,14547,Premium,2022-09-21,2023-02-02,499,Expired
9328,7389,Premium,2022-08-25,2023-01-15,499,Expired
9329,14757,Premium,2022-05-24,2023-02-19,499,Expired
9330,19503,Premium,2022-10-08,2023-09-24,499,Expired
9331,11128,Premium,2022-07-15,2024-05-23,499,Expired
9332,8233,Basic,2022-10-02,2024-04-02,199,Expired
9333,11275,Basic,2022-11-15,2023-11-08,199,Expired
9334,2539,Premium,2022-12-23,2024-04-27,499,Expired
9335,17168,Premium,2022-08-11,2022-11-28,499,Expired
9336,5384,Fleet,2022-09-25,2024-07-17,999,Expired
9337,16538,Premium,2023-05-16,2024-07-07,499,Cancelled
9338,7625,Basic,2022-05-21,2022-10-08,199,Cancelled
9339,9028,Basic,2022-08-21,2023-11-19,199,Cancelled
9340,7026,Premium,2022-08-24,2023-08-17,499,Cancelled
9341,10354,Basic,2022-09-08,2024-02-08,199,Expired
9342,800,Basic,2023-01-21,2024-07-08,199,Cancelled
9343,13986,Basic,2022-06-11,2024-01-24,199,Expired
9344,428,Fleet,2022-12-14,2024-10-01,999,Expired
9345,10429,Basic,2023-02-03,2024-04-03,199,Expired
9346,12913,Basic,2022-11-30,2024-09-25,199,Expired
9347,10640,Basic,2023-02-16,2023-10-21,199,Cancelled
9348,13857,Premium,2023-02-27,2024-10-15,499,Expired
9349,11059,Premium,2022-06-04,2023-06-09,499,Cancelled
9350,7635,Basic,2022-03-26,2023-07-30,199,Expired
9351,3132,Premium,2022-04-17,2023-12-31,499,Expired
9352,233,Fleet,2022-07-21,2023-09-11,999,Expired
9353,3038,Basic,2022-05-16,2023-05-05,199,Expired
9354,14545,Basic,2022-12-29,2023-05-13,199,Expired
9355,14833,Premium,2022-07-29,2023-06-19,499,Cancelled
9356,12476,Premium,2022-07-21,2023-11-11,499,Expired
9357,18641,Basic,2022-12-19,2024-01-26,199,Expired
9358,7424,Premium,2023-05-27,2025-04-17,499,Expired
9359,17859,Basic,2023-02-06,2024-01-24,199,Cancelled
9360,12012,Premium,2022-01-31,2023-07-09,499,Expired
9361,10426,Fleet,2022-04-10,2023-06-05,999,Cancelled
9362,9390,Basic,2022-08-31,2024-06-01,199,Expired
9363,19533,Premium,2023-02-17,2023-06-05,499,Expired
9364,5370,Basic,2023-01-19,2024-03-13,199,Expired
9365,16270,Premium,2022-06-13,2023-03-20,499,Expired
9366,10360,Basic,2023-01-06,2024-09-30,199,Expired
9367,11953,Premium,2022-06-12,2022-12-07,499,Expired
9368,16486,Basic,2022-06-15,2024-06-09,199,Expired
9369,3158,Premium,2023-01-01,2023-11-21,499,Expired
9370,6885,Premium,2022-07-05,2023-01-06,499,Expired
9371,7343,Basic,2023-01-30,2024-08-11,199,Expired
9372,17467,Basic,2022-04-13,2023-07-21,199,Expired
9373,9959,Basic,2022-05-04,2024-03-17,199,Expired
9374,7903,Fleet,2022-06-30,2022-11-23,999,Expired
9375,9330,Basic,2023-03-18,2023-12-14,199,Cancelled
9376,6740,Basic,2022-04-09,2023-01-30,199,Expired
9377,15460,Basic,2022-07-22,2023-01-01,199,Expired
9378,11179,Fleet,2022-06-15,2023-07-24,999,Expired
9379,4413,Basic,2023-03-28,2024-10-16,199,Expired
9380,2315,Premium,2022-01-12,2023-09-15,499,Expired
9381,2019,Premium,2023-02-13,2024-06-30,499,Cancelled
9382,7413,Premium,2022-10-17,2024-07-21,499,Expired
9383,19472,Premium,2023-03-16,2024-11-28,499,Expired
9384,19559,Basic,2022-12-12,2024-11-20,199,Expired
9385,10907,Premium,2022-10-02,2024-04-16,499,Expired
9386,11359,Premium,2022-06-06,2022-10-17,499,Expired
9387,19562,Premium,2022-11-23,2023-04-15,499,Expired
9388,12293,Basic,2022-11-10,2023-02-23,199,Expired
9389,3425,Basic,2023-02-15,2024-07-18,199,Expired
9390,11896,Premium,2022-07-12,2023-10-26,499,Expired
9391,9404,Basic,2022-10-22,2024-09-25,199,Expired
9392,10706,Basic,2022-05-26,2023-06-12,199,Expired
9393,9846,Basic,2022-06-08,2023-12-29,199,Expired
9394,19745,Basic,2022-07-20,2024-06-11,199,Expired
9395,4081,Premium,2022-09-15,2023-03-22,499,Cancelled
9396,4963,Premium,2022-05-11,2023-07-05,499,Cancelled
9397,13425,Basic,2022-10-01,2023-05-10,199,Expired
9398,16328,Basic,2022-08-24,2022-12-26,199,Expired
9399,8210,Basic,2022-09-21,2023-07-10,199,Expired
9400,798,Premium,2023-03-18,2024-03-08,499,Expired
9401,5468,Basic,2023-03-24,2023-10-29,199,Expired
9402,1884,Basic,2023-04-28,2024-02-08,199,Expired
9403,9828,Basic,2022-06-30,2024-05-15,199,Expired
9404,16341,Premium,2023-04-06,2025-02-08,499,Expired
9405,2373,Premium,2023-03-17,2024-07-13,499,Expired
9406,8012,Premium,2022-08-03,2022-11-13,499,Expired
9407,1199,Basic,2022-08-25,2024-01-04,199,Expired
9408,18050,Basic,2022-09-24,2023-12-26,199,Expired
9409,19176,Basic,2023-01-05,2024-06-21,199,Expired
9410,6168,Premium,2022-06-22,2023-04-25,499,Expired
9411,4095,Premium,2022-09-23,2023-11-21,499,Expired
9412,10946,Premium,2022-05-26,2023-06-15,499,Expired
9413,481,Premium,2023-01-26,2023-06-03,499,Expired
9414,7127,Basic,2023-01-29,2024-10-12,199,Expired
9415,16292,Basic,2022-12-28,2024-01-08,199,Expired
9416,15394,Basic,2022-10-12,2023-03-29,199,Expired
9417,8262,Basic,2022-11-15,2024-11-06,199,Expired
9418,6940,Basic,2022-02-22,2023-01-15,199,Expired
9419,16286,Premium,2022-11-26,2024-09-18,499,Expired
9420,1332,Premium,2022-10-20,2024-10-03,499,Expired
9421,16731,Basic,2022-03-30,2022-10-28,199,Expired
9422,3306,Basic,2022-07-30,2024-05-04,199,Expired
9423,4356,Basic,2022-04-28,2022-11-26,199,Expired
9424,3105,Premium,2022-10-01,2023-01-05,499,Expired
9425,14892,Premium,2022-11-23,2023-07-05,499,Expired
9426,9585,Basic,2023-04-17,2024-02-03,199,Expired
9427,9569,Basic,2023-05-10,2025-03-08,199,Expired
9428,1421,Basic,2022-06-23,2024-03-28,199,Expired
9429,5206,Premium,2022-11-24,2024-10-16,499,Expired
9430,10878,Premium,2023-03-24,2024-03-01,499,Expired
9431,18123,Premium,2022-05-14,2024-01-09,499,Expired
9432,11910,Premium,2023-03-29,2024-09-09,499,Expired
9433,1710,Basic,2022-08-06,2023-08-24,199,Expired
9434,9256,Premium,2023-01-01,2023-04-21,499,Expired
9435,431,Basic,2023-02-15,2024-07-13,199,Cancelled
9436,11854,Premium,2023-05-12,2023-09-19,499,Expired
9437,10502,Premium,2022-07-08,2023-02-22,499,Expired
9438,2329,Basic,2022-07-28,2023-01-14,199,Cancelled
9439,228,Basic,2022-08-03,2023-05-25,199,Cancelled
9440,9704,Premium,2022-04-10,2024-01-30,499,Expired
9441,578,Basic,2022-10-29,2024-06-21,199,Expired
9442,4234,Fleet,2022-09-16,2023-03-29,999,Expired
9443,685,Fleet,2022-03-05,2022-10-02,999,Expired
9444,6819,Basic,2022-12-23,2024-10-04,199,Expired
9445,7751,Fleet,2022-12-20,2023-04-15,999,Expired
9446,5221,Premium,2022-11-17,2023-03-20,499,Expired
9447,3786,Basic,2023-05-31,2025-01-27,199,Expired
9448,10031,Premium,2022-08-28,2024-05-02,499,Expired
9449,5795,Fleet,2023-06-10,2024-02-03,999,Expired
9450,8954,Basic,2022-07-28,2022-11-04,199,Expired
9451,8752,Premium,2023-02-13,2023-10-29,499,Expired
9452,8989,Premium,2022-06-30,2024-06-03,499,Expired
9453,16159,Premium,2023-01-18,2024-12-16,499,Expired
9454,12342,Basic,2022-06-18,2022-11-23,199,Expired
9455,6974,Basic,2022-06-25,2023-02-14,199,Expired
9456,15510,Basic,2022-05-12,2024-01-12,199,Expired
9457,8495,Basic,2022-11-27,2024-04-24,199,Expired
9458,6038,Fleet,2023-04-30,2024-01-07,999,Cancelled
9459,6432,Basic,2022-06-17,2024-03-31,199,Cancelled
9460,12463,Basic,2022-12-18,2023-12-12,199,Cancelled
9461,12718,Premium,2023-02-16,2024-11-18,499,Expired
9462,2759,Fleet,2022-09-13,2023-02-14,999,Expired
9463,17136,Basic,2023-01-11,2023-06-01,199,Expired
9464,1655,Basic,2022-12-08,2024-11-28,199,Cancelled
9465,1293,Basic,2023-01-05,2024-05-20,199,Expired
9466,7856,Basic,2022-07-14,2024-06-09,199,Cancelled
9467,18553,Basic,2022-08-06,2023-12-22,199,Expired
9468,592,Premium,2022-07-19,2023-02-06,499,Expired
9469,16573,Basic,2022-06-23,2024-02-11,199,Expired
9470,18148,Basic,2022-11-14,2024-01-31,199,Expired
9471,5138,Basic,2023-02-05,2024-08-07,199,Cancelled
9472,13855,Basic,2022-08-15,2023-02-04,199,Expired
9473,19912,Basic,2023-04-01,2024-04-17,199,Expired
9474,16571,Basic,2022-10-19,2024-08-08,199,Expired
9475,13091,Premium,2022-11-26,2024-05-26,499,Expired
9476,18013,Premium,2022-09-15,2023-02-22,499,Expired
9477,11899,Basic,2022-06-01,2023-02-23,199,Cancelled
9478,5698,Premium,2022-08-27,2023-10-19,499,Expired
9479,14220,Basic,2022-09-21,2023-07-18,199,Expired
9480,4980,Basic,2022-10-22,2023-03-25,199,Expired
9481,4889,Fleet,2022-09-29,2024-04-20,999,Expired
9482,14418,Premium,2022-02-08,2022-11-09,499,Expired
9483,17211,Basic,2022-05-04,2022-12-21,199,Expired
9484,2848,Basic,2022-07-07,2024-05-09,199,Expired
9485,8371,Premium,2022-07-29,2022-12-10,499,Expired
9486,15378,Premium,2022-07-22,2023-12-29,499,Expired
9487,19977,Premium,2022-12-17,2023-05-10,499,Expired
9488,9864,Basic,2022-07-02,2024-06-07,199,Expired
9489,11925,Basic,2022-09-21,2024-02-19,199,Expired
9490,4636,Premium,2022-05-27,2023-08-03,499,Expired
9491,3541,Premium,2023-01-02,2024-08-17,499,Expired
9492,16306,Basic,2023-01-02,2023-12-24,199,Expired
9493,2384,Basic,2022-08-21,2024-05-28,199,Cancelled
9494,19163,Premium,2022-06-17,2024-04-13,499,Expired
9495,5978,Basic,2022-07-30,2023-02-05,199,Cancelled
9496,1161,Basic,2022-06-26,2023-12-18,199,Expired
9497,5956,Basic,2022-09-08,2022-12-09,199,Expired
9498,8968,Premium,2022-09-29,2024-06-02,499,Expired
9499,12378,Premium,2022-09-27,2023-08-01,499,Expired
9500,13428,Premium,2022-07-19,2022-11-19,499,Expired
9501,13514,Premium,2022-09-07,2023-06-04,499,Expired
9502,2769,Premium,2022-12-27,2023-05-24,499,Expired
9503,2635,Basic,2023-04-16,2024-03-14,199,Expired
9504,1574,Premium,2023-04-12,2025-03-02,499,Expired
9505,18629,Fleet,2022-06-13,2023-08-28,999,Expired
9506,3952,Basic,2022-11-01,2024-01-27,199,Cancelled
9507,10889,Basic,2023-01-02,2023-05-28,199,Expired
9508,15303,Basic,2022-07-23,2023-05-27,199,Expired
9509,12822,Basic,2022-08-13,2023-03-29,199,Expired
9510,18290,Basic,2022-05-05,2024-04-29,199,Expired
9511,1330,Fleet,2022-11-15,2023-11-21,999,Expired
9512,17204,Basic,2022-08-03,2023-12-09,199,Expired
9513,3917,Fleet,2022-10-31,2023-06-21,999,Expired
9514,3773,Basic,2022-06-29,2024-04-29,199,Expired
9515,5485,Basic,2022-06-19,2023-10-14,199,Expired
9516,6082,Basic,2022-02-08,2023-01-24,199,Expired
9517,14145,Premium,2022-12-04,2024-11-10,499,Expired
9518,1051,Basic,2022-06-13,2023-02-13,199,Expired
9519,624,Basic,2022-11-30,2023-04-24,199,Expired
9520,8010,Basic,2022-11-19,2023-07-06,199,Expired
9521,18413,Fleet,2022-04-15,2022-08-19,999,Cancelled
9522,19892,Fleet,2022-05-02,2023-03-20,999,Expired
9523,9293,Premium,2022-06-18,2023-06-27,499,Cancelled
9524,10273,Basic,2023-06-14,2025-04-19,199,Expired
9525,3081,Premium,2023-01-01,2024-08-08,499,Expired
9526,1502,Premium,2022-09-22,2024-01-20,499,Expired
9527,4996,Basic,2022-11-01,2023-06-08,199,Expired
9528,11450,Basic,2022-06-26,2023-01-08,199,Expired
9529,14987,Basic,2023-02-25,2023-12-18,199,Expired
9530,11048,Premium,2023-04-14,2024-07-19,499,Expired
9531,17652,Premium,2022-12-18,2023-10-14,499,Expired
9532,16811,Premium,2022-10-20,2023-09-05,499,Expired
9533,7771,Basic,2023-02-26,2024-09-28,199,Expired
9534,2533,Basic,2022-05-07,2024-01-22,199,Cancelled
9535,12846,Basic,2023-02-14,2023-08-06,199,Expired
9536,18944,Premium,2022-11-28,2024-04-19,499,Expired
9537,1101,Basic,2022-11-04,2024-03-30,199,Expired
9538,14089,Premium,2022-07-05,2024-01-30,499,Expired
9539,15200,Basic,2023-04-01,2023-08-22,199,Expired
9540,13509,Premium,2022-12-07,2023-10-15,499,Expired
9541,13368,Fleet,2022-05-17,2024-01-08,999,Expired
9542,13003,Basic,2022-01-23,2023-02-27,199,Expired
9543,4723,Basic,2022-05-12,2022-11-13,199,Expired
9544,6113,Basic,2022-12-18,2024-11-26,199,Expired
9545,4239,Premium,2022-11-09,2023-11-18,499,Expired
9546,7979,Basic,2022-02-20,2023-07-03,199,Cancelled
9547,6436,Basic,2022-07-18,2023-01-19,199,Expired
9548,12521,Basic,2023-01-02,2023-07-18,199,Expired
9549,16650,Premium,2022-04-26,2023-02-23,499,Expired
9550,7033,Basic,2022-01-22,2022-07-02,199,Expired
9551,12684,Basic,2022-11-28,2023-03-29,199,Expired
9552,10550,Fleet,2022-09-10,2023-07-03,999,Expired
9553,1473,Basic,2022-12-10,2024-03-13,199,Expired
9554,17855,Basic,2022-11-20,2024-05-27,199,Expired
9555,11884,Basic,2022-11-04,2024-10-21,199,Expired
9556,14127,Basic,2022-01-18,2023-10-11,199,Expired
9557,14910,Basic,2023-02-07,2024-11-14,199,Expired
9558,850,Premium,2022-11-24,2023-05-21,499,Expired
9559,11000,Premium,2022-11-13,2023-05-28,499,Expired
9560,11991,Basic,2022-08-05,2023-04-24,199,Expired
9561,19268,Basic,2022-11-28,2023-10-12,199,Expired
9562,11841,Basic,2022-06-25,2023-04-15,199,Expired
9563,17420,Basic,2022-06-23,2023-09-03,199,Expired
9564,2211,Basic,2022-12-07,2024-08-03,199,Expired
9565,16858,Basic,2022-11-08,2023-03-13,199,Cancelled
9566,3203,Basic,2022-12-18,2023-08-16,199,Expired
9567,13889,Basic,2022-05-13,2023-09-21,199,Expired
9568,12799,Basic,2022-05-04,2022-10-07,199,Expired
9569,18980,Premium,2022-09-17,2023-05-26,499,Expired
9570,10034,Basic,2022-05-17,2023-02-21,199,Expired
9571,1285,Basic,2022-06-18,2023-03-04,199,Expired
9572,8607,Premium,2022-11-19,2024-02-27,499,Expired
9573,3594,Premium,2022-12-19,2024-06-01,499,Expired
9574,13417,Fleet,2022-02-22,2023-12-29,999,Expired
9575,18721,Premium,2022-08-11,2023-03-15,499,Expired
9576,12348,Basic,2022-11-22,2024-03-02,199,Expired
9577,11410,Basic,2022-11-20,2023-12-17,199,Expired
9578,3272,Fleet,2022-12-31,2024-11-30,999,Expired
9579,4718,Basic,2023-05-02,2025-01-12,199,Expired
9580,1005,Premium,2022-10-06,2023-11-21,499,Expired
9581,15584,Basic,2022-10-08,2023-05-28,199,Expired
9582,10478,Basic,2022-04-28,2023-02-10,199,Expired
9583,16388,Premium,2022-11-07,2023-03-27,499,Expired
9584,8458,Premium,2023-03-19,2024-05-06,499,Expired
9585,15964,Premium,2022-07-09,2023-07-20,499,Expired
9586,16404,Basic,2022-11-14,2024-06-19,199,Expired
9587,6213,Fleet,2022-10-06,2023-03-28,999,Expired
9588,15543,Basic,2023-03-04,2024-02-14,199,Expired
9589,12730,Premium,2022-02-28,2024-02-24,499,Cancelled
9590,3543,Premium,2022-01-29,2023-08-29,499,Expired
9591,10075,Premium,2022-08-18,2023-07-22,499,Expired
9592,254,Premium,2022-06-18,2023-12-12,499,Expired
9593,14768,Basic,2023-01-21,2024-07-09,199,Expired
9594,19909,Basic,2023-01-07,2024-03-05,199,Expired
9595,9341,Basic,2022-06-11,2024-01-15,199,Expired
9596,2143,Basic,2023-01-17,2024-05-01,199,Expired
9597,6093,Basic,2023-01-28,2024-11-14,199,Expired
9598,6404,Basic,2022-11-06,2024-11-02,199,Expired
9599,7633,Premium,2023-02-27,2023-09-12,499,Expired
9600,1729,Premium,2022-10-10,2023-02-06,499,Expired
9601,9275,Premium,2022-01-26,2022-05-22,499,Cancelled
9602,1672,Premium,2023-05-04,2024-11-17,499,Expired
9603,13005,Basic,2022-11-24,2023-10-09,199,Expired
9604,15803,Basic,2023-03-28,2023-09-02,199,Expired
9605,19086,Basic,2023-02-11,2023-10-20,199,Expired
9606,1972,Basic,2022-08-02,2023-06-05,199,Expired
9607,17465,Basic,2022-11-23,2023-05-24,199,Expired
9608,12147,Premium,2022-10-03,2023-12-08,499,Expired
9609,10371,Basic,2023-01-16,2024-03-01,199,Cancelled
9610,7808,Basic,2022-10-13,2023-06-24,199,Expired
9611,695,Basic,2022-03-10,2023-11-13,199,Expired
9612,5730,Premium,2023-02-22,2023-09-25,499,Expired
9613,17407,Basic,2022-08-08,2024-07-01,199,Expired
9614,17862,Basic,2022-07-31,2024-07-21,199,Expired
9615,10797,Premium,2023-01-21,2024-11-15,499,Expired
9616,19370,Fleet,2022-12-29,2024-07-20,999,Expired
9617,10715,Basic,2022-12-31,2023-06-06,199,Expired
9618,19575,Premium,2023-06-05,2025-02-06,499,Expired
9619,19905,Basic,2022-09-02,2024-06-14,199,Expired
9620,10195,Premium,2022-03-27,2023-08-05,499,Expired
9621,15294,Fleet,2022-05-07,2022-09-13,999,Expired
9622,3095,Basic,2022-09-12,2024-01-29,199,Expired
9623,14129,Basic,2022-02-09,2023-12-24,199,Cancelled
9624,7365,Premium,2023-02-07,2023-11-28,499,Expired
9625,2115,Basic,2023-04-02,2024-07-18,199,Expired
9626,14784,Basic,2022-10-19,2024-07-01,199,Expired
9627,2274,Premium,2022-12-08,2024-07-31,499,Expired
9628,13315,Premium,2022-07-28,2024-04-06,499,Expired
9629,3245,Fleet,2022-10-26,2023-07-06,999,Expired
9630,16363,Basic,2023-04-08,2023-07-11,199,Expired
9631,6183,Basic,2023-01-30,2023-11-30,199,Expired
9632,5042,Basic,2022-08-23,2024-01-02,199,Expired
9633,4818,Basic,2022-07-21,2023-11-06,199,Cancelled
9634,11525,Premium,2023-02-20,2024-12-22,499,Expired
9635,3564,Basic,2022-05-28,2023-12-20,199,Expired
9636,12270,Premium,2023-02-23,2024-05-02,499,Cancelled
9637,19584,Premium,2023-02-28,2024-05-22,499,Expired
9638,6177,Premium,2022-04-09,2022-11-26,499,Expired
9639,12245,Basic,2022-04-06,2022-07-05,199,Expired
9640,6313,Basic,2023-03-16,2024-11-10,199,Cancelled
9641,11148,Premium,2022-06-04,2023-11-05,499,Expired
9642,12421,Premium,2022-03-07,2022-11-25,499,Cancelled
9643,657,Basic,2022-06-26,2024-04-16,199,Expired
9644,6685,Basic,2023-02-16,2025-01-27,199,Expired
9645,9995,Basic,2022-10-05,2023-04-25,199,Expired
9646,17844,Premium,2022-11-24,2023-05-19,499,Expired
9647,17336,Basic,2022-12-17,2023-11-23,199,Expired
9648,18448,Basic,2022-11-30,2024-04-04,199,Expired
9649,10130,Premium,2023-03-02,2024-04-21,499,Expired
9650,3232,Basic,2022-10-04,2023-05-19,199,Expired
9651,17664,Fleet,2022-12-09,2023-04-18,999,Cancelled
9652,2485,Basic,2023-01-24,2024-01-08,199,Cancelled
9653,7206,Premium,2022-05-14,2023-09-02,499,Expired
9654,5968,Basic,2023-03-10,2024-10-03,199,Cancelled
9655,17189,Basic,2022-10-09,2023-03-12,199,Expired
9656,953,Basic,2022-07-14,2023-11-16,199,Expired
9657,9362,Premium,2022-12-22,2024-04-23,499,Expired
9658,19019,Basic,2023-01-11,2025-01-04,199,Expired
9659,5665,Premium,2022-05-26,2022-10-03,499,Expired
9660,11523,Basic,2022-10-14,2024-05-26,199,Expired
9661,7029,Premium,2022-08-28,2024-05-02,499,Cancelled
9662,17039,Basic,2022-10-27,2023-09-18,199,Expired
9663,3410,Basic,2022-07-17,2023-08-29,199,Expired
9664,4776,Premium,2022-07-25,2023-10-14,499,Expired
9665,14097,Premium,2022-12-19,2024-08-13,499,Expired
9666,10799,Premium,2022-07-31,2023-01-22,499,Expired
9667,11201,Fleet,2022-06-06,2024-05-10,999,Expired
9668,1462,Premium,2022-08-17,2023-03-25,499,Expired
9669,9025,Basic,2023-05-07,2024-08-20,199,Expired
9670,10338,Fleet,2023-01-05,2023-08-17,999,Expired
9671,7954,Premium,2022-08-20,2024-02-20,499,Cancelled
9672,12312,Premium,2022-05-18,2023-11-16,499,Expired
9673,13291,Premium,2023-05-26,2024-08-08,499,Cancelled
9674,11346,Basic,2023-05-12,2023-10-29,199,Cancelled
9675,15015,Premium,2023-04-21,2023-11-21,499,Expired
9676,5153,Basic,2022-09-03,2023-11-08,199,Expired
9677,1147,Basic,2023-05-11,2024-09-27,199,Expired
9678,1938,Premium,2023-02-04,2023-05-12,499,Expired
9679,12347,Premium,2022-04-03,2023-09-20,499,Expired
9680,17960,Basic,2022-11-24,2023-05-30,199,Expired
9681,17510,Fleet,2022-08-25,2024-04-28,999,Expired
9682,14894,Basic,2023-01-16,2024-10-01,199,Expired
9683,5915,Basic,2023-05-17,2024-06-16,199,Expired
9684,457,Basic,2022-08-09,2023-02-15,199,Expired
9685,15454,Fleet,2022-08-21,2023-10-24,999,Expired
9686,5398,Fleet,2023-02-04,2023-06-10,999,Expired
9687,16666,Premium,2022-01-20,2023-08-18,499,Expired
9688,3859,Basic,2022-08-09,2023-08-07,199,Expired
9689,97,Premium,2023-02-25,2023-11-02,499,Expired
9690,3131,Premium,2022-08-22,2023-05-17,499,Cancelled
9691,8016,Basic,2022-08-05,2022-11-08,199,Expired
9692,6781,Basic,2022-01-12,2024-01-10,199,Cancelled
9693,6619,Basic,2022-09-23,2024-05-08,199,Expired
9694,2628,Premium,2022-11-02,2024-05-19,499,Expired
9695,3774,Premium,2023-02-10,2024-04-12,499,Expired
9696,2240,Basic,2022-08-12,2024-03-07,199,Expired
9697,3664,Basic,2023-02-28,2024-08-11,199,Expired
9698,14713,Basic,2022-11-22,2024-11-09,199,Expired
9699,16958,Fleet,2023-02-24,2023-08-05,999,Cancelled
9700,5139,Premium,2023-02-01,2024-11-01,499,Expired
9701,14102,Premium,2022-08-28,2024-01-25,499,Expired
9702,2390,Basic,2022-12-29,2023-11-25,199,Expired
9703,11185,Premium,2023-01-03,2023-08-25,499,Cancelled
9704,13272,Fleet,2022-07-01,2022-11-14,999,Cancelled
9705,3083,Premium,2023-04-23,2023-12-07,499,Expired
9706,10748,Basic,2022-10-24,2024-09-15,199,Expired
9707,11230,Basic,2022-10-09,2023-04-01,199,Expired
9708,19393,Basic,2022-11-14,2024-02-15,199,Expired
9709,5592,Basic,2022-08-20,2024-07-29,199,Expired
9710,1664,Basic,2022-11-11,2023-04-25,199,Expired
9711,2902,Premium,2022-11-06,2024-09-23,499,Expired
9712,4100,Premium,2023-02-28,2024-10-15,499,Cancelled
9713,4269,Basic,2022-07-15,2023-08-03,199,Expired
9714,19213,Premium,2022-09-06,2024-01-31,499,Expired
9715,18561,Premium,2023-02-01,2024-10-25,499,Expired
9716,16760,Basic,2023-01-21,2024-04-19,199,Expired
9717,8128,Basic,2022-06-10,2023-09-04,199,Expired
9718,6884,Fleet,2022-08-05,2024-05-14,999,Expired
9719,14815,Basic,2022-07-19,2024-06-19,199,Expired
9720,9936,Premium,2023-05-09,2024-12-19,499,Cancelled
9721,2398,Premium,2022-05-23,2023-07-07,499,Cancelled
9722,8900,Basic,2022-01-28,2023-01-10,199,Expired
9723,4185,Fleet,2023-05-21,2023-11-10,999,Cancelled
9724,17028,Basic,2022-06-07,2023-10-19,199,Expired
9725,2577,Premium,2023-03-15,2023-11-09,499,Expired
9726,2374,Fleet,2023-01-13,2023-10-03,999,Cancelled
9727,15701,Basic,2022-10-22,2024-05-21,199,Expired
9728,6634,Basic,2022-07-19,2024-05-31,199,Expired
9729,16413,Premium,2022-12-27,2023-11-14,499,Expired
9730,15145,Basic,2022-07-03,2023-08-22,199,Expired
9731,14570,Premium,2023-01-10,2024-12-06,499,Expired
9732,16572,Basic,2022-12-24,2024-05-05,199,Cancelled
9733,9474,Basic,2022-12-22,2024-01-27,199,Expired
9734,19186,Premium,2023-01-08,2023-10-07,499,Expired
9735,19793,Basic,2022-09-14,2022-12-20,199,Expired
9736,5641,Premium,2022-10-18,2024-07-04,499,Expired
9737,9002,Fleet,2022-12-26,2023-05-05,999,Expired
9738,9288,Fleet,2023-01-11,2024-02-07,999,Expired
9739,2516,Basic,2023-02-21,2023-11-07,199,Expired
9740,4263,Basic,2022-06-02,2023-07-11,199,Expired
9741,15081,Basic,2022-10-31,2023-11-13,199,Expired
9742,12325,Basic,2022-11-10,2023-05-04,199,Expired
9743,416,Basic,2022-05-25,2023-05-11,199,Expired
9744,10020,Basic,2022-07-15,2022-12-07,199,Expired
9745,5014,Premium,2022-09-10,2024-06-08,499,Expired
9746,12481,Fleet,2022-11-04,2023-11-22,999,Expired
9747,5779,Basic,2023-02-16,2023-06-14,199,Expired
9748,7189,Basic,2022-11-09,2024-10-03,199,Expired
9749,12824,Basic,2022-08-23,2023-07-08,199,Expired
9750,3696,Basic,2023-02-21,2024-11-15,199,Expired
9751,711,Basic,2023-02-16,2024-07-11,199,Expired
9752,16360,Basic,2022-12-09,2024-01-29,199,Expired
9753,4504,Premium,2023-02-21,2024-05-13,499,Cancelled
9754,19961,Premium,2022-11-17,2023-03-02,499,Expired
9755,9442,Premium,2023-05-19,2024-10-01,499,Expired
9756,16998,Basic,2022-08-29,2023-11-06,199,Expired
9757,13471,Fleet,2022-08-22,2024-05-28,999,Expired
9758,1496,Basic,2022-07-24,2023-08-30,199,Expired
9759,18551,Basic,2022-05-26,2023-02-24,199,Expired
9760,16559,Premium,2022-04-28,2022-11-28,499,Expired
9761,6250,Basic,2023-02-27,2024-09-21,199,Expired
9762,9434,Fleet,2022-06-23,2023-03-09,999,Expired
9763,14930,Basic,2022-07-27,2024-07-03,199,Expired
9764,4092,Fleet,2022-06-04,2023-12-23,999,Expired
9765,16040,Basic,2022-05-27,2023-02-01,199,Expired
9766,2889,Basic,2022-03-17,2023-01-16,199,Expired
9767,4929,Basic,2023-02-17,2024-11-06,199,Expired
9768,14091,Fleet,2022-05-30,2023-10-13,999,Expired
9769,1524,Basic,2022-08-25,2024-05-16,199,Expired
9770,13996,Basic,2022-03-30,2023-06-02,199,Expired
9771,18099,Basic,2022-05-13,2023-12-29,199,Cancelled
9772,7250,Fleet,2023-01-27,2023-12-31,999,Cancelled
9773,5207,Basic,2022-07-08,2024-05-06,199,Expired
9774,1242,Premium,2022-11-21,2024-06-02,499,Cancelled
9775,1407,Basic,2022-05-05,2023-02-17,199,Expired
9776,3320,Basic,2022-10-17,2024-07-07,199,Expired
9777,17306,Basic,2022-10-15,2024-08-09,199,Expired
9778,917,Basic,2022-12-22,2023-05-28,199,Expired
9779,528,Basic,2022-12-24,2024-03-21,199,Expired
9780,11743,Basic,2022-03-14,2023-11-08,199,Expired
9781,11355,Basic,2022-08-09,2023-05-22,199,Expired
9782,14445,Premium,2023-03-29,2024-08-12,499,Expired
9783,19668,Premium,2023-03-28,2024-04-07,499,Expired
9784,2820,Basic,2022-07-14,2023-02-02,199,Expired
9785,11840,Premium,2022-10-27,2023-11-24,499,Expired
9786,19502,Basic,2023-01-27,2024-09-06,199,Expired
9787,12877,Basic,2022-10-05,2024-03-04,199,Expired
9788,19018,Basic,2022-06-13,2023-03-21,199,Expired
9789,6265,Premium,2022-04-11,2023-10-04,499,Expired
9790,11393,Premium,2022-10-08,2024-07-17,499,Expired
9791,3013,Premium,2022-07-06,2023-02-13,499,Expired
9792,17289,Basic,2022-11-08,2024-04-18,199,Expired
9793,9892,Fleet,2022-08-06,2024-06-30,999,Expired
9794,9679,Basic,2022-11-11,2024-09-10,199,Expired
9795,10727,Basic,2022-10-22,2024-06-18,199,Expired
9796,6108,Premium,2023-01-16,2024-06-24,499,Expired
9797,775,Basic,2022-12-01,2024-03-16,199,Expired
9798,15321,Basic,2022-04-05,2023-08-27,199,Expired
9799,1632,Basic,2023-06-10,2025-05-16,199,Expired
9800,19157,Basic,2022-09-02,2024-05-24,199,Expired
9801,13663,Premium,2022-09-08,2024-07-12,499,Expired
9802,9856,Fleet,2022-12-09,2024-10-22,999,Expired
9803,8662,Premium,2022-10-12,2024-01-24,499,Expired
9804,2751,Basic,2023-03-11,2023-06-22,199,Expired
9805,11793,Basic,2022-09-07,2023-10-03,199,Expired
9806,16800,Basic,2022-08-12,2023-08-14,199,Expired
9807,18710,Premium,2022-03-07,2022-08-24,499,Cancelled
9808,18165,Basic,2023-02-25,2024-03-02,199,Expired
9809,10218,Basic,2022-09-15,2024-03-29,199,Expired
9810,18505,Basic,2023-01-27,2023-09-25,199,Expired
9811,9184,Basic,2022-07-05,2023-12-04,199,Cancelled
9812,599,Basic,2023-04-16,2023-10-08,199,Expired
9813,4563,Basic,2022-10-16,2024-04-09,199,Expired
9814,12394,Premium,2022-08-30,2023-01-21,499,Expired
9815,4002,Basic,2023-03-27,2024-01-03,199,Expired
9816,4660,Fleet,2022-12-10,2024-10-23,999,Cancelled
9817,18430,Basic,2022-06-13,2023-05-18,199,Expired
9818,12785,Basic,2022-10-09,2024-06-04,199,Expired
9819,4685,Premium,2022-11-21,2023-03-04,499,Cancelled
9820,16575,Basic,2023-01-01,2023-10-27,199,Expired
9821,14873,Basic,2022-06-07,2024-05-26,199,Expired
9822,6218,Basic,2022-05-15,2022-11-29,199,Expired
9823,8664,Fleet,2022-08-27,2023-11-07,999,Expired
9824,11735,Basic,2022-08-21,2024-03-17,199,Expired
9825,10821,Basic,2022-06-06,2024-03-30,199,Expired
9826,5081,Basic,2022-11-01,2024-05-01,199,Expired
9827,12801,Basic,2022-11-21,2024-04-22,199,Expired
9828,5791,Basic,2023-03-25,2024-07-19,199,Cancelled
9829,12851,Fleet,2022-12-07,2023-09-09,999,Expired
9830,10335,Basic,2023-02-27,2023-12-29,199,Expired
9831,1447,Basic,2022-10-06,2023-03-16,199,Expired
9832,10444,Basic,2022-07-22,2023-05-10,199,Cancelled
9833,12850,Fleet,2022-11-16,2024-11-11,999,Expired
9834,16555,Basic,2023-04-09,2023-07-14,199,Cancelled
9835,17157,Basic,2022-08-26,2023-12-26,199,Cancelled
9836,13968,Premium,2022-06-15,2024-03-28,499,Expired
9837,7310,Premium,2022-04-18,2023-06-12,499,Expired
9838,7035,Premium,2022-06-26,2022-12-23,499,Expired
9839,6001,Basic,2022-08-24,2023-08-23,199,Cancelled
9840,2838,Basic,2022-05-14,2023-07-25,199,Expired
9841,19615,Basic,2023-02-07,2023-06-21,199,Cancelled
9842,3758,Premium,2022-09-08,2023-08-03,499,Expired
9843,3219,Basic,2022-03-24,2022-10-03,199,Expired
9844,3521,Fleet,2023-01-01,2024-04-23,999,Expired
9845,6595,Premium,2022-06-15,2024-04-24,499,Cancelled
9846,5948,Premium,2022-12-10,2024-02-19,499,Expired
9847,19591,Basic,2022-11-29,2024-10-24,199,Expired
9848,2589,Premium,2022-04-26,2024-03-25,499,Expired
9849,4696,Premium,2022-06-25,2024-04-08,499,Expired
9850,12928,Basic,2022-10-05,2023-06-19,199,Expired
9851,12782,Basic,2022-12-26,2024-12-24,199,Expired
9852,5242,Basic,2022-04-10,2023-11-06,199,Expired
9853,17040,Premium,2023-01-09,2024-06-15,499,Expired
9854,12129,Basic,2022-05-26,2023-12-19,199,Expired
9855,8644,Basic,2022-06-25,2023-10-01,199,Expired
9856,6807,Basic,2022-05-29,2023-08-27,199,Expired
9857,19517,Fleet,2022-05-15,2023-07-01,999,Expired
9858,9045,Basic,2022-12-01,2023-06-05,199,Expired
9859,18129,Basic,2022-08-26,2023-04-06,199,Expired
9860,13837,Basic,2023-01-12,2023-06-04,199,Cancelled
9861,2465,Premium,2023-04-11,2024-01-05,499,Expired
9862,10176,Basic,2023-02-26,2024-08-18,199,Expired
9863,15731,Basic,2022-08-04,2023-07-30,199,Expired
9864,15053,Basic,2022-04-21,2023-12-22,199,Expired
9865,4484,Fleet,2022-12-02,2024-06-20,999,Expired
9866,9181,Basic,2023-03-29,2023-11-21,199,Expired
9867,12376,Basic,2022-05-07,2023-11-07,199,Expired
9868,15904,Basic,2023-05-17,2024-05-11,199,Expired
9869,18037,Basic,2022-10-20,2024-09-27,199,Expired
9870,16152,Premium,2022-07-02,2024-02-24,499,Expired
9871,7235,Basic,2022-08-20,2024-02-11,199,Cancelled
9872,4609,Basic,2022-02-08,2023-07-06,199,Expired
9873,11697,Fleet,2022-07-31,2023-05-24,999,Expired
9874,501,Premium,2022-12-28,2024-07-15,499,Expired
9875,10509,Basic,2022-10-10,2023-02-02,199,Expired
9876,14941,Basic,2022-05-04,2024-03-01,199,Cancelled
9877,1047,Premium,2022-07-27,2024-03-15,499,Expired
9878,15872,Basic,2022-03-26,2023-09-04,199,Expired
9879,9194,Basic,2022-07-26,2024-01-07,199,Expired
9880,18664,Basic,2022-06-29,2023-02-24,199,Expired
9881,12566,Basic,2022-04-28,2023-05-02,199,Expired
9882,11536,Premium,2022-11-06,2023-07-23,499,Cancelled
9883,12387,Basic,2022-12-06,2024-12-05,199,Expired
9884,3140,Premium,2022-08-02,2023-01-16,499,Expired
9885,17672,Basic,2023-01-10,2024-07-29,199,Expired
9886,17135,Premium,2022-06-20,2023-02-01,499,Expired
9887,16440,Premium,2022-11-21,2024-02-27,499,Expired
9888,778,Basic,2022-09-16,2023-03-07,199,Expired
9889,10044,Basic,2022-10-22,2023-05-23,199,Cancelled
9890,11663,Premium,2023-06-07,2024-01-06,499,Cancelled
9891,14365,Premium,2022-08-15,2023-04-10,499,Expired
9892,4020,Basic,2022-05-31,2023-06-22,199,Expired
9893,9387,Basic,2023-01-24,2023-10-02,199,Expired
9894,9554,Basic,2022-07-30,2023-10-27,199,Expired
9895,13694,Basic,2022-10-10,2024-06-07,199,Expired
9896,19997,Basic,2022-09-23,2024-03-22,199,Expired
9897,10081,Premium,2023-05-03,2023-10-08,499,Expired
9898,12969,Basic,2022-08-23,2023-05-17,199,Expired
9899,14916,Premium,2022-08-21,2023-06-17,499,Expired
9900,6084,Premium,2023-05-22,2025-02-04,499,Expired
9901,9306,Basic,2022-11-26,2024-10-09,199,Expired
9902,2983,Premium,2022-06-26,2023-03-20,499,Expired
9903,15367,Basic,2022-08-05,2024-06-21,199,Expired
9904,17744,Premium,2022-12-30,2024-04-28,499,Expired
9905,10902,Basic,2023-03-08,2024-11-17,199,Expired
9906,5891,Premium,2022-10-18,2024-04-24,499,Expired
9907,14022,Basic,2023-01-01,2024-03-15,199,Cancelled
9908,11978,Basic,2023-03-12,2024-12-01,199,Expired
9909,9188,Basic,2022-07-25,2024-03-03,199,Cancelled
9910,9157,Premium,2022-10-01,2024-09-29,499,Expired
9911,6006,Premium,2022-09-08,2024-02-11,499,Expired
9912,566,Premium,2022-09-15,2023-04-04,499,Cancelled
9913,4119,Premium,2022-06-23,2022-09-29,499,Expired
9914,5900,Premium,2023-04-19,2024-08-27,499,Expired
9915,841,Premium,2022-12-17,2024-04-15,499,Expired
9916,3889,Basic,2023-01-14,2023-09-28,199,Expired
9917,9835,Basic,2022-04-17,2022-08-01,199,Cancelled
9918,19866,Basic,2022-08-23,2024-01-12,199,Expired
9919,7642,Basic,2023-01-28,2024-07-17,199,Expired
9920,14714,Premium,2023-06-22,2025-01-07,499,Expired
9921,8656,Basic,2022-11-23,2024-09-21,199,Cancelled
9922,2667,Premium,2022-11-29,2024-03-05,499,Expired
9923,9342,Premium,2022-07-27,2024-06-14,499,Cancelled
9924,4093,Fleet,2022-09-21,2023-01-31,999,Expired
9925,766,Premium,2023-03-13,2023-11-07,499,Expired
9926,1441,Fleet,2022-11-13,2024-10-22,999,Expired
9927,13506,Premium,2022-05-28,2023-04-19,499,Expired
9928,17565,Premium,2023-05-05,2025-01-19,499,Expired
9929,3873,Basic,2022-06-19,2024-04-15,199,Expired
9930,14491,Basic,2022-04-14,2022-11-19,199,Expired
9931,18354,Basic,2023-02-01,2025-01-21,199,Expired
9932,15828,Basic,2022-05-11,2023-06-14,199,Expired
9933,4866,Basic,2022-12-12,2023-10-26,199,Expired
9934,15660,Premium,2022-10-22,2023-05-28,499,Cancelled
9935,2621,Premium,2022-10-15,2023-04-19,499,Expired
9936,18820,Basic,2022-08-04,2023-04-15,199,Expired
9937,14631,Basic,2022-03-15,2022-07-16,199,Cancelled
9938,18604,Premium,2022-07-14,2023-03-18,499,Expired
9939,6710,Premium,2022-04-20,2024-03-23,499,Expired
9940,3027,Basic,2023-01-17,2023-10-03,199,Expired
9941,14451,Basic,2022-05-10,2023-07-25,199,Expired
9942,4103,Basic,2022-12-02,2024-05-22,199,Cancelled
9943,1299,Premium,2022-12-03,2024-09-14,499,Expired
9944,18651,Basic,2023-02-21,2024-07-13,199,Cancelled
9945,6339,Premium,2022-10-18,2024-06-15,499,Expired
9946,2023,Basic,2022-10-26,2023-11-08,199,Expired
9947,15674,Premium,2022-06-21,2023-07-29,499,Expired
9948,7373,Premium,2022-10-30,2024-03-11,499,Cancelled
9949,9386,Basic,2023-01-29,2024-05-23,199,Expired
9950,2686,Basic,2022-10-16,2024-08-13,199,Expired
9951,17899,Premium,2022-07-03,2023-02-13,499,Cancelled
9952,15356,Basic,2022-09-09,2023-01-03,199,Expired
9953,7786,Basic,2022-09-24,2023-07-16,199,Expired
9954,1026,Basic,2022-08-01,2023-03-15,199,Expired
9955,14791,Premium,2022-07-25,2024-03-16,499,Expired
9956,9405,Premium,2022-07-16,2023-12-22,499,Expired
9957,8651,Premium,2023-01-31,2025-01-22,499,Expired
9958,13571,Basic,2022-08-27,2024-02-13,199,Expired
9959,12485,Basic,2022-09-27,2024-02-27,199,Expired
9960,18623,Premium,2022-03-07,2023-10-06,499,Expired
9961,15862,Basic,2023-01-06,2024-05-09,199,Expired
9962,9538,Basic,2022-11-06,2023-09-01,199,Expired
9963,9637,Fleet,2023-04-27,2024-01-06,999,Cancelled
9964,3500,Basic,2022-09-23,2023-01-16,199,Cancelled
9965,2497,Basic,2022-04-24,2023-05-09,199,Expired
9966,11224,Basic,2022-10-25,2023-10-24,199,Cancelled
9967,11270,Fleet,2022-05-29,2023-07-06,999,Expired
9968,2423,Premium,2022-12-03,2023-08-24,499,Expired
9969,17223,Premium,2022-06-11,2023-03-06,499,Expired
9970,10836,Premium,2022-10-08,2024-05-12,499,Expired
9971,2733,Basic,2022-06-16,2023-08-07,199,Expired
9972,81,Fleet,2022-11-12,2024-07-27,999,Expired
9973,4218,Premium,2022-10-28,2023-06-07,499,Expired
9974,4243,Premium,2022-10-02,2023-02-14,499,Expired
9975,3812,Premium,2023-04-01,2023-08-24,499,Cancelled
9976,12621,Basic,2022-10-15,2024-02-12,199,Cancelled
9977,8149,Basic,2023-03-27,2023-09-13,199,Cancelled
9978,18244,Basic,2022-06-18,2024-03-16,199,Expired
9979,1360,Premium,2022-12-21,2023-05-24,499,Expired
9980,16745,Basic,2022-06-02,2024-01-10,199,Expired
9981,9841,Basic,2022-06-06,2023-08-20,199,Expired
9982,17153,Basic,2023-02-02,2024-03-23,199,Expired
9983,2163,Basic,2022-08-17,2024-01-19,199,Expired
9984,880,Premium,2022-06-21,2022-11-26,499,Expired
9985,1579,Premium,2022-06-01,2022-12-21,499,Expired
9986,7574,Basic,2023-01-13,2023-08-21,199,Expired
9987,1510,Basic,2022-10-14,2023-06-07,199,Expired
9988,18776,Basic,2022-05-02,2024-03-24,199,Expired
9989,15676,Basic,2022-10-16,2023-11-16,199,Expired
9990,4113,Basic,2022-06-30,2023-06-24,199,Expired
9991,15824,Basic,2023-01-23,2023-07-28,199,Expired
9992,1846,Basic,2022-04-30,2022-10-03,199,Expired
9993,7839,Basic,2022-11-30,2023-04-06,199,Expired
9994,4569,Premium,2022-05-23,2024-03-31,499,Cancelled
9995,6964,Fleet,2023-04-17,2024-02-19,999,Expired
9996,18929,Premium,2023-01-13,2024-05-26,499,Expired
9997,19297,Fleet,2022-09-06,2024-02-17,999,Expired
9998,12778,Premium,2022-11-17,2023-05-03,499,Expired
9999,5280,Basic,2022-12-27,2024-07-21,199,Expired
10000,11625,Fleet,2023-02-06,2024-05-18,999,Expired
