vehicle_id,customer_id,vehicle_model,vehicle_type,battery_capacity_kwh,purchase_year
1,1,Kia EV6,SUV,77.4,2021
2,2,Tata Punch EV,Hatchback,35.0,2024
3,3,Hyundai Ioniq 5,SUV,72.6,2023
4,4,Hyundai Kona Electric,SUV,39.2,2025
5,5,MG ZS EV,SUV,50.3,2020
6,6,BYD Atto 3,SUV,60.5,2021
7,7,BYD Atto 3,SUV,60.5,2024
8,8,Tata Nexon EV,SUV,30.2,2020
9,9,Hyundai Kona Electric,SUV,39.2,2024
10,10,Tata Tiago EV,Hatchback,24.0,2023
11,11,Hyundai Ioniq 5,SUV,72.6,2024
12,12,Hyundai Kona Electric,SUV,39.2,2020
13,13,Hyundai Ioniq 5,SUV,72.6,2025
14,14,Tata Tiago EV,Hatchback,24.0,2023
15,15,Mahindra XUV400,SUV,39.4,2024
16,16,Mahindra XUV400,SUV,39.4,2020
17,17,Mahindra XUV400,SUV,39.4,2025
18,18,Tata Punch EV,Hatchback,35.0,2023
19,19,Mahindra XUV400,SUV,39.4,2024
20,20,Kia EV6,SUV,77.4,2025
21,21,MG ZS EV,SUV,50.3,2022
22,22,Tata Tiago EV,Hatchback,24.0,2024
23,23,MG ZS EV,SUV,50.3,2024
24,24,Tata Nexon EV,SUV,30.2,2023
25,25,Hyundai Ioniq 5,SUV,72.6,2023
26,26,Hyundai Ioniq 5,SUV,72.6,2024
27,27,Tata Tiago EV,Hatchback,24.0,2022
28,28,Tata Tiago EV,Hatchback,24.0,2024
29,29,BYD Atto 3,SUV,60.5,2022
30,30,Hyundai Ioniq 5,SUV,72.6,2024
31,31,Hyundai Kona Electric,SUV,39.2,2021
32,32,Mahindra BE 6,SUV,59.0,2021
33,33,Tata Tiago EV,Hatchback,24.0,2021
34,34,Tata Punch EV,Hatchback,35.0,2021
35,35,Hyundai Kona Electric,SUV,39.2,2023
36,36,Tata Punch EV,Hatchback,35.0,2021
37,37,Tata Nexon EV,SUV,30.2,2021
38,38,Kia EV6,SUV,77.4,2025
39,39,Mahindra XUV400,SUV,39.4,2025
40,40,Tata Tiago EV,Hatchback,24.0,2020
41,41,Kia EV6,SUV,77.4,2020
42,42,Hyundai Kona Electric,SUV,39.2,2022
43,43,Hyundai Ioniq 5,SUV,72.6,2024
44,44,MG ZS EV,SUV,50.3,2024
45,45,Hyundai Kona Electric,SUV,39.2,2021
46,46,Tata Tiago EV,Hatchback,24.0,2023
47,47,Tata Punch EV,Hatchback,35.0,2024
48,48,Tata Tiago EV,Hatchback,24.0,2020
49,49,BYD Atto 3,SUV,60.5,2020
50,50,Kia EV6,SUV,77.4,2022
51,51,Mahindra XUV400,SUV,39.4,2024
52,52,Mahindra BE 6,SUV,59.0,2024
53,53,Mahindra BE 6,SUV,59.0,2020
54,54,Tata Nexon EV,SUV,30.2,2022
55,55,Mahindra XUV400,SUV,39.4,2020
56,56,Mahindra BE 6,SUV,59.0,2024
57,57,Tata Punch EV,Hatchback,35.0,2023
58,58,BYD Atto 3,SUV,60.5,2021
59,59,Tata Tiago EV,Hatchback,24.0,2022
60,60,Mahindra XUV400,SUV,39.4,2023
61,61,Mahindra XUV400,SUV,39.4,2020
62,62,Tata Tiago EV,Hatchback,24.0,2025
63,63,BYD Atto 3,SUV,60.5,2025
64,64,BYD Atto 3,SUV,60.5,2022
65,65,BYD Atto 3,SUV,60.5,2024
66,66,Mahindra XUV400,SUV,39.4,2022
67,67,Kia EV6,SUV,77.4,2025
68,68,Mahindra XUV400,SUV,39.4,2020
69,69,Mahindra BE 6,SUV,59.0,2023
70,69,Mahindra BE 6,SUV,59.0,2021
71,70,Tata Tiago EV,Hatchback,24.0,2024
72,71,Tata Tiago EV,Hatchback,24.0,2025
73,72,Tata Punch EV,Hatchback,35.0,2024
74,73,Hyundai Ioniq 5,SUV,72.6,2021
75,74,Tata Punch EV,Hatchback,35.0,2025
76,75,BYD Atto 3,SUV,60.5,2021
77,76,Tata Punch EV,Hatchback,35.0,2022
78,77,Kia EV6,SUV,77.4,2025
79,78,BYD Atto 3,SUV,60.5,2023
80,79,Tata Nexon EV,SUV,30.2,2021
81,80,Hyundai Ioniq 5,SUV,72.6,2024
82,81,Tata Nexon EV,SUV,30.2,2025
83,82,Mahindra XUV400,SUV,39.4,2021
84,83,Kia EV6,SUV,77.4,2022
85,84,Kia EV6,SUV,77.4,2025
86,85,Tata Punch EV,Hatchback,35.0,2025
87,86,Kia EV6,SUV,77.4,2023
88,87,Tata Nexon EV,SUV,30.2,2022
89,88,Tata Nexon EV,SUV,30.2,2021
90,89,Hyundai Ioniq 5,SUV,72.6,2025
91,90,Tata Nexon EV,SUV,30.2,2021
92,91,Kia EV6,SUV,77.4,2020
93,92,MG ZS EV,SUV,50.3,2022
94,93,Hyundai Kona Electric,SUV,39.2,2025
95,94,Tata Punch EV,Hatchback,35.0,2023
96,94,Mahindra BE 6,SUV,59.0,2024
97,95,Hyundai Ioniq 5,SUV,72.6,2024
98,96,MG ZS EV,SUV,50.3,2024
99,97,BYD Atto 3,SUV,60.5,2024
100,97,BYD Atto 3,SUV,60.5,2023
101,98,Tata Tiago EV,Hatchback,24.0,2022
102,99,Tata Tiago EV,Hatchback,24.0,2023
103,100,Tata Punch EV,Hatchback,35.0,2025
104,101,Tata Tiago EV,Hatchback,24.0,2022
105,102,Mahindra BE 6,SUV,59.0,2024
106,103,Tata Tiago EV,Hatchback,24.0,2020
107,104,Tata Tiago EV,Hatchback,24.0,2024
108,104,Hyundai Kona Electric,SUV,39.2,2025
109,105,MG ZS EV,SUV,50.3,2023
110,106,Hyundai Ioniq 5,SUV,72.6,2020
111,107,Hyundai Ioniq 5,SUV,72.6,2024
112,108,Tata Tiago EV,Hatchback,24.0,2024
113,109,Kia EV6,SUV,77.4,2022
114,110,MG ZS EV,SUV,50.3,2020
115,111,BYD Atto 3,SUV,60.5,2021
116,112,Mahindra BE 6,SUV,59.0,2023
117,113,Mahindra BE 6,SUV,59.0,2020
118,114,Kia EV6,SUV,77.4,2023
119,115,BYD Atto 3,SUV,60.5,2022
120,116,Tata Nexon EV,SUV,30.2,2020
121,117,Tata Nexon EV,SUV,30.2,2021
122,118,MG ZS EV,SUV,50.3,2022
123,118,Tata Punch EV,Hatchback,35.0,2025
124,119,Kia EV6,SUV,77.4,2021
125,120,MG ZS EV,SUV,50.3,2024
126,121,Mahindra BE 6,SUV,59.0,2023
127,122,Tata Tiago EV,Hatchback,24.0,2022
128,123,Hyundai Ioniq 5,SUV,72.6,2022
129,124,Hyundai Kona Electric,SUV,39.2,2024
130,125,Tata Nexon EV,SUV,30.2,2022
131,126,Tata Punch EV,Hatchback,35.0,2023
132,127,Hyundai Ioniq 5,SUV,72.6,2020
133,128,Hyundai Kona Electric,SUV,39.2,2021
134,129,BYD Atto 3,SUV,60.5,2025
135,130,MG ZS EV,SUV,50.3,2020
136,131,BYD Atto 3,SUV,60.5,2023
137,132,Kia EV6,SUV,77.4,2023
138,133,Kia EV6,SUV,77.4,2022
139,134,Mahindra XUV400,SUV,39.4,2020
140,135,Tata Nexon EV,SUV,30.2,2023
141,136,Kia EV6,SUV,77.4,2023
142,137,Mahindra BE 6,SUV,59.0,2022
143,138,Hyundai Ioniq 5,SUV,72.6,2020
144,139,Kia EV6,SUV,77.4,2020
145,140,Mahindra XUV400,SUV,39.4,2023
146,141,Tata Punch EV,Hatchback,35.0,2023
147,142,Mahindra XUV400,SUV,39.4,2024
148,143,Hyundai Ioniq 5,SUV,72.6,2024
149,144,Mahindra XUV400,SUV,39.4,2025
150,145,Mahindra XUV400,SUV,39.4,2020
151,146,Tata Punch EV,Hatchback,35.0,2023
152,147,MG ZS EV,SUV,50.3,2021
153,148,Hyundai Kona Electric,SUV,39.2,2024
154,148,Mahindra BE 6,SUV,59.0,2021
155,149,Hyundai Kona Electric,SUV,39.2,2025
156,150,Mahindra XUV400,SUV,39.4,2024
157,151,Hyundai Kona Electric,SUV,39.2,2020
158,152,Hyundai Kona Electric,SUV,39.2,2025
159,153,Tata Nexon EV,SUV,30.2,2023
160,154,Tata Punch EV,Hatchback,35.0,2024
161,155,Mahindra BE 6,SUV,59.0,2021
162,156,BYD Atto 3,SUV,60.5,2021
163,157,Tata Punch EV,Hatchback,35.0,2023
164,158,Tata Punch EV,Hatchback,35.0,2025
165,159,Hyundai Ioniq 5,SUV,72.6,2020
166,159,Mahindra BE 6,SUV,59.0,2025
167,160,Hyundai Kona Electric,SUV,39.2,2021
168,161,Tata Tiago EV,Hatchback,24.0,2022
169,162,Mahindra BE 6,SUV,59.0,2024
170,163,Mahindra BE 6,SUV,59.0,2020
171,164,Tata Nexon EV,SUV,30.2,2020
172,165,Tata Nexon EV,SUV,30.2,2023
173,166,Tata Punch EV,Hatchback,35.0,2025
174,167,Mahindra BE 6,SUV,59.0,2025
175,168,Tata Punch EV,Hatchback,35.0,2022
176,169,Mahindra BE 6,SUV,59.0,2022
177,170,BYD Atto 3,SUV,60.5,2022
178,171,BYD Atto 3,SUV,60.5,2020
179,172,Mahindra XUV400,SUV,39.4,2022
180,173,Hyundai Kona Electric,SUV,39.2,2020
181,174,BYD Atto 3,SUV,60.5,2020
182,175,Mahindra XUV400,SUV,39.4,2021
183,176,Mahindra BE 6,SUV,59.0,2023
184,177,Tata Punch EV,Hatchback,35.0,2023
185,178,Kia EV6,SUV,77.4,2020
186,178,MG ZS EV,SUV,50.3,2020
187,179,Mahindra BE 6,SUV,59.0,2025
188,180,Mahindra XUV400,SUV,39.4,2022
189,181,Mahindra XUV400,SUV,39.4,2024
190,182,Tata Punch EV,Hatchback,35.0,2021
191,183,Tata Tiago EV,Hatchback,24.0,2021
192,184,Kia EV6,SUV,77.4,2020
193,185,Mahindra XUV400,SUV,39.4,2022
194,186,Mahindra XUV400,SUV,39.4,2020
195,187,Tata Tiago EV,Hatchback,24.0,2020
196,188,Hyundai Ioniq 5,SUV,72.6,2025
197,188,MG ZS EV,SUV,50.3,2025
198,189,Hyundai Ioniq 5,SUV,72.6,2023
199,190,Tata Punch EV,Hatchback,35.0,2023
200,191,Mahindra XUV400,SUV,39.4,2022
201,192,Kia EV6,SUV,77.4,2025
202,193,MG ZS EV,SUV,50.3,2025
203,194,Tata Nexon EV,SUV,30.2,2022
204,195,BYD Atto 3,SUV,60.5,2022
205,196,Hyundai Kona Electric,SUV,39.2,2023
206,197,BYD Atto 3,SUV,60.5,2021
207,198,Tata Tiago EV,Hatchback,24.0,2021
208,199,Hyundai Kona Electric,SUV,39.2,2020
209,200,MG ZS EV,SUV,50.3,2023
210,201,Kia EV6,SUV,77.4,2021
211,202,Mahindra XUV400,SUV,39.4,2024
212,202,Kia EV6,SUV,77.4,2024
213,203,Mahindra XUV400,SUV,39.4,2023
214,204,MG ZS EV,SUV,50.3,2021
215,205,Hyundai Ioniq 5,SUV,72.6,2025
216,206,Mahindra BE 6,SUV,59.0,2025
217,207,Tata Punch EV,Hatchback,35.0,2023
218,208,Hyundai Ioniq 5,SUV,72.6,2020
219,209,Mahindra XUV400,SUV,39.4,2021
220,210,Hyundai Kona Electric,SUV,39.2,2022
221,211,BYD Atto 3,SUV,60.5,2022
222,212,Tata Tiago EV,Hatchback,24.0,2022
223,213,Kia EV6,SUV,77.4,2023
224,214,Mahindra XUV400,SUV,39.4,2025
225,215,BYD Atto 3,SUV,60.5,2025
226,216,Tata Tiago EV,Hatchback,24.0,2022
227,217,Mahindra XUV400,SUV,39.4,2023
228,218,Hyundai Kona Electric,SUV,39.2,2025
229,219,Hyundai Ioniq 5,SUV,72.6,2020
230,220,Mahindra XUV400,SUV,39.4,2024
231,221,Mahindra XUV400,SUV,39.4,2025
232,221,BYD Atto 3,SUV,60.5,2023
233,222,Tata Tiago EV,Hatchback,24.0,2021
234,223,Tata Punch EV,Hatchback,35.0,2025
235,224,Tata Punch EV,Hatchback,35.0,2024
236,225,Kia EV6,SUV,77.4,2023
237,226,Hyundai Ioniq 5,SUV,72.6,2020
238,227,Mahindra BE 6,SUV,59.0,2023
239,227,Hyundai Ioniq 5,SUV,72.6,2025
240,228,Mahindra BE 6,SUV,59.0,2024
241,229,Mahindra BE 6,SUV,59.0,2020
242,230,Tata Nexon EV,SUV,30.2,2020
243,231,Tata Punch EV,Hatchback,35.0,2020
244,232,Tata Nexon EV,SUV,30.2,2022
245,233,Hyundai Ioniq 5,SUV,72.6,2024
246,234,Mahindra XUV400,SUV,39.4,2025
247,235,Tata Punch EV,Hatchback,35.0,2021
248,236,Kia EV6,SUV,77.4,2024
249,237,Tata Nexon EV,SUV,30.2,2024
250,238,Kia EV6,SUV,77.4,2024
251,239,Tata Nexon EV,SUV,30.2,2024
252,240,Hyundai Kona Electric,SUV,39.2,2022
253,240,BYD Atto 3,SUV,60.5,2021
254,241,Mahindra XUV400,SUV,39.4,2023
255,242,Tata Punch EV,Hatchback,35.0,2021
256,243,Mahindra BE 6,SUV,59.0,2021
257,244,BYD Atto 3,SUV,60.5,2021
258,245,BYD Atto 3,SUV,60.5,2025
259,246,Tata Nexon EV,SUV,30.2,2021
260,247,Kia EV6,SUV,77.4,2022
261,248,Tata Tiago EV,Hatchback,24.0,2023
262,249,MG ZS EV,SUV,50.3,2025
263,250,Tata Tiago EV,Hatchback,24.0,2020
264,251,Tata Nexon EV,SUV,30.2,2025
265,252,Tata Punch EV,Hatchback,35.0,2021
266,253,Hyundai Ioniq 5,SUV,72.6,2020
267,254,Mahindra XUV400,SUV,39.4,2025
268,255,Mahindra XUV400,SUV,39.4,2020
269,256,Mahindra XUV400,SUV,39.4,2024
270,257,Mahindra XUV400,SUV,39.4,2022
271,258,MG ZS EV,SUV,50.3,2023
272,259,MG ZS EV,SUV,50.3,2022
273,260,Tata Nexon EV,SUV,30.2,2025
274,261,Kia EV6,SUV,77.4,2022
275,262,Hyundai Ioniq 5,SUV,72.6,2024
276,263,Hyundai Kona Electric,SUV,39.2,2023
277,264,Mahindra XUV400,SUV,39.4,2021
278,265,Mahindra XUV400,SUV,39.4,2023
279,266,Tata Nexon EV,SUV,30.2,2023
280,267,Tata Punch EV,Hatchback,35.0,2020
281,268,Mahindra BE 6,SUV,59.0,2025
282,269,BYD Atto 3,SUV,60.5,2020
283,270,Hyundai Kona Electric,SUV,39.2,2025
284,271,Tata Punch EV,Hatchback,35.0,2025
285,272,Kia EV6,SUV,77.4,2025
286,273,Tata Nexon EV,SUV,30.2,2021
287,274,Kia EV6,SUV,77.4,2024
288,275,BYD Atto 3,SUV,60.5,2024
289,276,Kia EV6,SUV,77.4,2024
290,277,Tata Tiago EV,Hatchback,24.0,2023
291,278,Tata Nexon EV,SUV,30.2,2021
292,279,Hyundai Kona Electric,SUV,39.2,2024
293,279,Mahindra XUV400,SUV,39.4,2025
294,280,Mahindra BE 6,SUV,59.0,2023
295,281,Hyundai Ioniq 5,SUV,72.6,2021
296,282,Kia EV6,SUV,77.4,2023
297,283,Kia EV6,SUV,77.4,2021
298,284,Kia EV6,SUV,77.4,2021
299,285,Hyundai Ioniq 5,SUV,72.6,2023
300,286,Tata Tiago EV,Hatchback,24.0,2024
301,287,Mahindra BE 6,SUV,59.0,2020
302,288,Mahindra XUV400,SUV,39.4,2020
303,289,Mahindra XUV400,SUV,39.4,2024
304,290,Tata Nexon EV,SUV,30.2,2023
305,291,Kia EV6,SUV,77.4,2022
306,292,MG ZS EV,SUV,50.3,2021
307,292,MG ZS EV,SUV,50.3,2021
308,293,Hyundai Kona Electric,SUV,39.2,2023
309,294,Mahindra XUV400,SUV,39.4,2024
310,295,Mahindra XUV400,SUV,39.4,2025
311,296,MG ZS EV,SUV,50.3,2023
312,297,Tata Tiago EV,Hatchback,24.0,2024
313,298,Mahindra BE 6,SUV,59.0,2023
314,299,Mahindra XUV400,SUV,39.4,2020
315,300,Hyundai Kona Electric,SUV,39.2,2020
316,301,Mahindra BE 6,SUV,59.0,2024
317,302,Hyundai Kona Electric,SUV,39.2,2024
318,303,Mahindra BE 6,SUV,59.0,2022
319,304,Hyundai Kona Electric,SUV,39.2,2023
320,305,BYD Atto 3,SUV,60.5,2023
321,306,BYD Atto 3,SUV,60.5,2024
322,307,Tata Punch EV,Hatchback,35.0,2022
323,308,Hyundai Kona Electric,SUV,39.2,2025
324,309,Mahindra XUV400,SUV,39.4,2025
325,309,Tata Nexon EV,SUV,30.2,2024
326,310,Tata Punch EV,Hatchback,35.0,2024
327,311,Tata Punch EV,Hatchback,35.0,2020
328,312,Tata Nexon EV,SUV,30.2,2025
329,313,Hyundai Kona Electric,SUV,39.2,2020
330,314,Mahindra XUV400,SUV,39.4,2025
331,315,Hyundai Ioniq 5,SUV,72.6,2025
332,316,MG ZS EV,SUV,50.3,2023
333,317,Hyundai Kona Electric,SUV,39.2,2025
334,317,Tata Nexon EV,SUV,30.2,2024
335,318,Mahindra BE 6,SUV,59.0,2022
336,319,Hyundai Ioniq 5,SUV,72.6,2020
337,319,Hyundai Kona Electric,SUV,39.2,2024
338,320,MG ZS EV,SUV,50.3,2025
339,321,Tata Punch EV,Hatchback,35.0,2020
340,322,Tata Nexon EV,SUV,30.2,2025
341,323,Mahindra BE 6,SUV,59.0,2023
342,323,Tata Nexon EV,SUV,30.2,2022
343,324,Kia EV6,SUV,77.4,2020
344,325,Mahindra BE 6,SUV,59.0,2023
345,326,Tata Tiago EV,Hatchback,24.0,2024
346,327,Kia EV6,SUV,77.4,2025
347,328,Mahindra XUV400,SUV,39.4,2020
348,329,Tata Tiago EV,Hatchback,24.0,2021
349,330,Kia EV6,SUV,77.4,2024
350,331,BYD Atto 3,SUV,60.5,2020
351,332,Tata Nexon EV,SUV,30.2,2025
352,333,Tata Nexon EV,SUV,30.2,2023
353,334,Tata Tiago EV,Hatchback,24.0,2022
354,335,MG ZS EV,SUV,50.3,2020
355,336,Tata Tiago EV,Hatchback,24.0,2025
356,337,Tata Nexon EV,SUV,30.2,2022
357,338,MG ZS EV,SUV,50.3,2023
358,339,BYD Atto 3,SUV,60.5,2021
359,340,BYD Atto 3,SUV,60.5,2024
360,341,Mahindra XUV400,SUV,39.4,2023
361,342,BYD Atto 3,SUV,60.5,2025
362,343,Hyundai Kona Electric,SUV,39.2,2024
363,344,Mahindra BE 6,SUV,59.0,2020
364,345,Tata Tiago EV,Hatchback,24.0,2023
365,346,Kia EV6,SUV,77.4,2024
366,347,Tata Tiago EV,Hatchback,24.0,2020
367,348,BYD Atto 3,SUV,60.5,2022
368,348,Mahindra XUV400,SUV,39.4,2025
369,349,Mahindra BE 6,SUV,59.0,2024
370,350,BYD Atto 3,SUV,60.5,2023
371,351,Hyundai Kona Electric,SUV,39.2,2023
372,352,Hyundai Ioniq 5,SUV,72.6,2020
373,353,Tata Tiago EV,Hatchback,24.0,2021
374,354,MG ZS EV,SUV,50.3,2022
375,355,Tata Punch EV,Hatchback,35.0,2023
376,356,MG ZS EV,SUV,50.3,2025
377,357,Tata Punch EV,Hatchback,35.0,2023
378,358,MG ZS EV,SUV,50.3,2025
379,359,Mahindra BE 6,SUV,59.0,2020
380,360,BYD Atto 3,SUV,60.5,2023
381,361,Tata Punch EV,Hatchback,35.0,2021
382,362,Hyundai Kona Electric,SUV,39.2,2025
383,363,Hyundai Ioniq 5,SUV,72.6,2020
384,364,Tata Punch EV,Hatchback,35.0,2021
385,365,Kia EV6,SUV,77.4,2021
386,366,Tata Nexon EV,SUV,30.2,2020
387,367,Hyundai Ioniq 5,SUV,72.6,2025
388,368,Tata Punch EV,Hatchback,35.0,2023
389,369,Tata Nexon EV,SUV,30.2,2022
390,370,Hyundai Ioniq 5,SUV,72.6,2023
391,371,MG ZS EV,SUV,50.3,2024
392,372,Mahindra XUV400,SUV,39.4,2021
393,373,Mahindra BE 6,SUV,59.0,2023
394,374,Tata Punch EV,Hatchback,35.0,2021
395,375,Kia EV6,SUV,77.4,2021
396,376,Kia EV6,SUV,77.4,2021
397,377,Mahindra BE 6,SUV,59.0,2021
398,378,Tata Nexon EV,SUV,30.2,2023
399,379,Tata Punch EV,Hatchback,35.0,2022
400,380,BYD Atto 3,SUV,60.5,2023
401,381,Hyundai Kona Electric,SUV,39.2,2025
402,382,Tata Nexon EV,SUV,30.2,2025
403,383,Mahindra BE 6,SUV,59.0,2023
404,384,Mahindra BE 6,SUV,59.0,2021
405,385,Kia EV6,SUV,77.4,2024
406,386,Tata Nexon EV,SUV,30.2,2025
407,387,Hyundai Ioniq 5,SUV,72.6,2021
408,388,BYD Atto 3,SUV,60.5,2023
409,389,Hyundai Ioniq 5,SUV,72.6,2020
410,390,Mahindra XUV400,SUV,39.4,2022
411,391,Tata Punch EV,Hatchback,35.0,2022
412,392,Tata Tiago EV,Hatchback,24.0,2025
413,393,Kia EV6,SUV,77.4,2023
414,394,MG ZS EV,SUV,50.3,2021
415,395,Hyundai Kona Electric,SUV,39.2,2024
416,396,Mahindra BE 6,SUV,59.0,2024
417,396,Tata Tiago EV,Hatchback,24.0,2021
418,397,MG ZS EV,SUV,50.3,2020
419,398,Kia EV6,SUV,77.4,2021
420,399,Hyundai Ioniq 5,SUV,72.6,2023
421,400,MG ZS EV,SUV,50.3,2023
422,401,Hyundai Ioniq 5,SUV,72.6,2022
423,402,Mahindra XUV400,SUV,39.4,2020
424,403,MG ZS EV,SUV,50.3,2025
425,404,Mahindra XUV400,SUV,39.4,2020
426,405,Tata Tiago EV,Hatchback,24.0,2020
427,406,BYD Atto 3,SUV,60.5,2024
428,407,Tata Tiago EV,Hatchback,24.0,2022
429,408,Tata Nexon EV,SUV,30.2,2025
430,409,Hyundai Ioniq 5,SUV,72.6,2022
431,410,Tata Tiago EV,Hatchback,24.0,2021
432,411,Hyundai Kona Electric,SUV,39.2,2025
433,412,BYD Atto 3,SUV,60.5,2024
434,413,Tata Nexon EV,SUV,30.2,2020
435,414,BYD Atto 3,SUV,60.5,2021
436,415,Mahindra XUV400,SUV,39.4,2023
437,416,Tata Tiago EV,Hatchback,24.0,2022
438,417,Mahindra BE 6,SUV,59.0,2021
439,418,Hyundai Kona Electric,SUV,39.2,2022
440,419,Hyundai Ioniq 5,SUV,72.6,2024
441,420,Tata Tiago EV,Hatchback,24.0,2020
442,421,Tata Tiago EV,Hatchback,24.0,2023
443,422,Mahindra BE 6,SUV,59.0,2025
444,423,MG ZS EV,SUV,50.3,2020
445,424,Tata Nexon EV,SUV,30.2,2022
446,425,Kia EV6,SUV,77.4,2025
447,426,Mahindra BE 6,SUV,59.0,2023
448,426,Hyundai Ioniq 5,SUV,72.6,2021
449,427,Hyundai Ioniq 5,SUV,72.6,2023
450,428,Mahindra XUV400,SUV,39.4,2021
451,429,BYD Atto 3,SUV,60.5,2020
452,430,MG ZS EV,SUV,50.3,2025
453,431,Tata Punch EV,Hatchback,35.0,2025
454,431,Hyundai Kona Electric,SUV,39.2,2022
455,432,Mahindra BE 6,SUV,59.0,2023
456,433,Mahindra XUV400,SUV,39.4,2021
457,434,Hyundai Kona Electric,SUV,39.2,2023
458,435,BYD Atto 3,SUV,60.5,2024
459,436,Kia EV6,SUV,77.4,2020
460,437,MG ZS EV,SUV,50.3,2023
461,438,Tata Punch EV,Hatchback,35.0,2023
462,439,Mahindra XUV400,SUV,39.4,2024
463,440,BYD Atto 3,SUV,60.5,2024
464,441,Hyundai Ioniq 5,SUV,72.6,2020
465,442,Mahindra XUV400,SUV,39.4,2025
466,443,BYD Atto 3,SUV,60.5,2025
467,444,Hyundai Ioniq 5,SUV,72.6,2024
468,445,Tata Tiago EV,Hatchback,24.0,2025
469,446,Hyundai Ioniq 5,SUV,72.6,2022
470,447,BYD Atto 3,SUV,60.5,2025
471,448,MG ZS EV,SUV,50.3,2021
472,449,Kia EV6,SUV,77.4,2022
473,450,Mahindra XUV400,SUV,39.4,2024
474,451,BYD Atto 3,SUV,60.5,2024
475,452,Tata Nexon EV,SUV,30.2,2020
476,453,MG ZS EV,SUV,50.3,2022
477,454,Mahindra BE 6,SUV,59.0,2024
478,455,Mahindra BE 6,SUV,59.0,2025
479,456,BYD Atto 3,SUV,60.5,2025
480,457,Mahindra BE 6,SUV,59.0,2023
481,457,Tata Tiago EV,Hatchback,24.0,2022
482,458,Mahindra BE 6,SUV,59.0,2024
483,459,Mahindra XUV400,SUV,39.4,2021
484,460,Kia EV6,SUV,77.4,2022
485,460,Hyundai Kona Electric,SUV,39.2,2020
486,461,Hyundai Ioniq 5,SUV,72.6,2022
487,462,Tata Punch EV,Hatchback,35.0,2025
488,463,Hyundai Kona Electric,SUV,39.2,2024
489,464,Mahindra XUV400,SUV,39.4,2023
490,465,Tata Punch EV,Hatchback,35.0,2024
491,466,Hyundai Ioniq 5,SUV,72.6,2022
492,467,Hyundai Kona Electric,SUV,39.2,2023
493,468,MG ZS EV,SUV,50.3,2024
494,469,Kia EV6,SUV,77.4,2020
495,470,BYD Atto 3,SUV,60.5,2024
496,471,Tata Punch EV,Hatchback,35.0,2020
497,472,Tata Tiago EV,Hatchback,24.0,2020
498,473,Hyundai Ioniq 5,SUV,72.6,2024
499,474,Hyundai Ioniq 5,SUV,72.6,2021
500,475,Mahindra BE 6,SUV,59.0,2025
501,476,MG ZS EV,SUV,50.3,2024
502,477,Tata Punch EV,Hatchback,35.0,2025
503,478,Hyundai Ioniq 5,SUV,72.6,2020
504,479,Mahindra BE 6,SUV,59.0,2022
505,480,MG ZS EV,SUV,50.3,2022
506,481,Mahindra XUV400,SUV,39.4,2020
507,482,Tata Nexon EV,SUV,30.2,2020
508,483,Tata Nexon EV,SUV,30.2,2021
509,484,Tata Tiago EV,Hatchback,24.0,2020
510,485,Kia EV6,SUV,77.4,2022
511,486,MG ZS EV,SUV,50.3,2023
512,487,Tata Nexon EV,SUV,30.2,2020
513,488,Tata Tiago EV,Hatchback,24.0,2020
514,489,MG ZS EV,SUV,50.3,2024
515,490,MG ZS EV,SUV,50.3,2024
516,491,Mahindra BE 6,SUV,59.0,2025
517,492,Hyundai Kona Electric,SUV,39.2,2023
518,493,MG ZS EV,SUV,50.3,2021
519,494,Mahindra BE 6,SUV,59.0,2023
520,495,Kia EV6,SUV,77.4,2023
521,496,Tata Punch EV,Hatchback,35.0,2023
522,497,Tata Tiago EV,Hatchback,24.0,2024
523,498,Mahindra XUV400,SUV,39.4,2022
524,499,Hyundai Ioniq 5,SUV,72.6,2022
525,500,Kia EV6,SUV,77.4,2020
526,501,Tata Nexon EV,SUV,30.2,2025
527,502,Tata Nexon EV,SUV,30.2,2022
528,503,Kia EV6,SUV,77.4,2020
529,504,Mahindra BE 6,SUV,59.0,2024
530,505,Kia EV6,SUV,77.4,2024
531,506,Tata Tiago EV,Hatchback,24.0,2023
532,507,MG ZS EV,SUV,50.3,2020
533,508,Tata Punch EV,Hatchback,35.0,2024
534,509,Tata Tiago EV,Hatchback,24.0,2022
535,510,Tata Nexon EV,SUV,30.2,2025
536,511,Mahindra XUV400,SUV,39.4,2020
537,512,Mahindra XUV400,SUV,39.4,2022
538,513,Hyundai Ioniq 5,SUV,72.6,2021
539,514,MG ZS EV,SUV,50.3,2020
540,515,Tata Tiago EV,Hatchback,24.0,2021
541,516,Hyundai Kona Electric,SUV,39.2,2024
542,517,Mahindra BE 6,SUV,59.0,2020
543,518,Tata Nexon EV,SUV,30.2,2020
544,519,Tata Tiago EV,Hatchback,24.0,2020
545,520,Hyundai Kona Electric,SUV,39.2,2020
546,521,Kia EV6,SUV,77.4,2021
547,522,Hyundai Kona Electric,SUV,39.2,2025
548,523,Kia EV6,SUV,77.4,2023
549,524,Mahindra BE 6,SUV,59.0,2025
550,525,BYD Atto 3,SUV,60.5,2024
551,526,Mahindra BE 6,SUV,59.0,2020
552,527,MG ZS EV,SUV,50.3,2023
553,528,Tata Punch EV,Hatchback,35.0,2020
554,529,Hyundai Ioniq 5,SUV,72.6,2022
555,530,Tata Punch EV,Hatchback,35.0,2021
556,531,Mahindra BE 6,SUV,59.0,2023
557,532,Tata Punch EV,Hatchback,35.0,2024
558,533,Hyundai Kona Electric,SUV,39.2,2024
559,534,Tata Tiago EV,Hatchback,24.0,2024
560,535,Tata Tiago EV,Hatchback,24.0,2023
561,536,Tata Nexon EV,SUV,30.2,2025
562,536,Tata Nexon EV,SUV,30.2,2020
563,537,Hyundai Ioniq 5,SUV,72.6,2024
564,537,Tata Tiago EV,Hatchback,24.0,2024
565,538,Kia EV6,SUV,77.4,2020
566,539,Hyundai Kona Electric,SUV,39.2,2025
567,540,Hyundai Kona Electric,SUV,39.2,2023
568,541,Tata Punch EV,Hatchback,35.0,2021
569,542,Kia EV6,SUV,77.4,2025
570,543,Tata Punch EV,Hatchback,35.0,2024
571,544,Hyundai Ioniq 5,SUV,72.6,2022
572,545,BYD Atto 3,SUV,60.5,2025
573,546,MG ZS EV,SUV,50.3,2020
574,547,Hyundai Kona Electric,SUV,39.2,2023
575,548,MG ZS EV,SUV,50.3,2024
576,549,Hyundai Ioniq 5,SUV,72.6,2024
577,550,MG ZS EV,SUV,50.3,2025
578,551,Mahindra BE 6,SUV,59.0,2021
579,552,Hyundai Kona Electric,SUV,39.2,2021
580,552,Tata Nexon EV,SUV,30.2,2025
581,553,Tata Nexon EV,SUV,30.2,2022
582,554,Hyundai Ioniq 5,SUV,72.6,2024
583,555,Hyundai Kona Electric,SUV,39.2,2021
584,555,MG ZS EV,SUV,50.3,2025
585,556,Tata Tiago EV,Hatchback,24.0,2021
586,557,Kia EV6,SUV,77.4,2024
587,558,Kia EV6,SUV,77.4,2021
588,559,Hyundai Kona Electric,SUV,39.2,2020
589,560,Hyundai Kona Electric,SUV,39.2,2023
590,561,Mahindra XUV400,SUV,39.4,2021
591,562,Tata Punch EV,Hatchback,35.0,2024
592,562,Hyundai Kona Electric,SUV,39.2,2022
593,563,Mahindra XUV400,SUV,39.4,2020
594,564,BYD Atto 3,SUV,60.5,2024
595,565,Tata Punch EV,Hatchback,35.0,2023
596,566,Hyundai Ioniq 5,SUV,72.6,2021
597,567,Kia EV6,SUV,77.4,2021
598,568,Mahindra BE 6,SUV,59.0,2021
599,569,Mahindra BE 6,SUV,59.0,2024
600,570,Hyundai Kona Electric,SUV,39.2,2020
601,571,Tata Nexon EV,SUV,30.2,2025
602,572,BYD Atto 3,SUV,60.5,2022
603,573,Tata Nexon EV,SUV,30.2,2020
604,574,BYD Atto 3,SUV,60.5,2022
605,575,MG ZS EV,SUV,50.3,2025
606,576,Kia EV6,SUV,77.4,2020
607,577,Hyundai Kona Electric,SUV,39.2,2020
608,578,Hyundai Ioniq 5,SUV,72.6,2020
609,579,Hyundai Ioniq 5,SUV,72.6,2020
610,580,Kia EV6,SUV,77.4,2022
611,580,Kia EV6,SUV,77.4,2024
612,581,Tata Tiago EV,Hatchback,24.0,2025
613,582,Hyundai Ioniq 5,SUV,72.6,2025
614,583,Kia EV6,SUV,77.4,2023
615,584,BYD Atto 3,SUV,60.5,2024
616,585,Mahindra BE 6,SUV,59.0,2020
617,586,Mahindra BE 6,SUV,59.0,2023
618,587,MG ZS EV,SUV,50.3,2021
619,588,MG ZS EV,SUV,50.3,2022
620,589,Tata Punch EV,Hatchback,35.0,2023
621,590,Kia EV6,SUV,77.4,2020
622,591,Mahindra XUV400,SUV,39.4,2025
623,592,Tata Tiago EV,Hatchback,24.0,2025
624,593,BYD Atto 3,SUV,60.5,2025
625,594,Mahindra BE 6,SUV,59.0,2023
626,595,Mahindra XUV400,SUV,39.4,2021
627,596,MG ZS EV,SUV,50.3,2021
628,597,Hyundai Kona Electric,SUV,39.2,2024
629,598,Tata Punch EV,Hatchback,35.0,2023
630,599,Mahindra BE 6,SUV,59.0,2020
631,600,Kia EV6,SUV,77.4,2020
632,601,Tata Nexon EV,SUV,30.2,2021
633,602,Tata Nexon EV,SUV,30.2,2023
634,603,Hyundai Kona Electric,SUV,39.2,2023
635,604,Tata Nexon EV,SUV,30.2,2024
636,605,Tata Punch EV,Hatchback,35.0,2023
637,606,Hyundai Kona Electric,SUV,39.2,2020
638,607,Tata Tiago EV,Hatchback,24.0,2021
639,608,Kia EV6,SUV,77.4,2025
640,609,Mahindra XUV400,SUV,39.4,2020
641,610,Hyundai Ioniq 5,SUV,72.6,2020
642,611,BYD Atto 3,SUV,60.5,2024
643,612,Hyundai Kona Electric,SUV,39.2,2025
644,613,Mahindra BE 6,SUV,59.0,2025
645,614,Tata Nexon EV,SUV,30.2,2023
646,615,BYD Atto 3,SUV,60.5,2022
647,616,MG ZS EV,SUV,50.3,2023
648,617,Tata Tiago EV,Hatchback,24.0,2022
649,618,Mahindra XUV400,SUV,39.4,2024
650,619,MG ZS EV,SUV,50.3,2022
651,620,MG ZS EV,SUV,50.3,2024
652,621,Tata Tiago EV,Hatchback,24.0,2022
653,622,Hyundai Kona Electric,SUV,39.2,2020
654,623,MG ZS EV,SUV,50.3,2022
655,624,Kia EV6,SUV,77.4,2022
656,625,BYD Atto 3,SUV,60.5,2020
657,626,BYD Atto 3,SUV,60.5,2022
658,627,Mahindra XUV400,SUV,39.4,2020
659,628,Mahindra XUV400,SUV,39.4,2025
660,629,Tata Nexon EV,SUV,30.2,2024
661,630,Mahindra XUV400,SUV,39.4,2023
662,631,Tata Nexon EV,SUV,30.2,2025
663,632,Tata Tiago EV,Hatchback,24.0,2024
664,633,MG ZS EV,SUV,50.3,2021
665,634,MG ZS EV,SUV,50.3,2021
666,635,Mahindra XUV400,SUV,39.4,2021
667,636,Tata Nexon EV,SUV,30.2,2023
668,637,Mahindra XUV400,SUV,39.4,2020
669,638,Tata Nexon EV,SUV,30.2,2022
670,639,Tata Punch EV,Hatchback,35.0,2021
671,640,Kia EV6,SUV,77.4,2021
672,641,Hyundai Ioniq 5,SUV,72.6,2023
673,642,Mahindra XUV400,SUV,39.4,2025
674,643,BYD Atto 3,SUV,60.5,2025
675,644,BYD Atto 3,SUV,60.5,2023
676,645,Hyundai Kona Electric,SUV,39.2,2024
677,646,Tata Punch EV,Hatchback,35.0,2021
678,647,Hyundai Ioniq 5,SUV,72.6,2025
679,648,Mahindra BE 6,SUV,59.0,2024
680,649,Kia EV6,SUV,77.4,2021
681,650,BYD Atto 3,SUV,60.5,2023
682,651,MG ZS EV,SUV,50.3,2022
683,652,Kia EV6,SUV,77.4,2023
684,653,Hyundai Ioniq 5,SUV,72.6,2023
685,654,Hyundai Kona Electric,SUV,39.2,2020
686,655,Hyundai Ioniq 5,SUV,72.6,2021
687,656,BYD Atto 3,SUV,60.5,2020
688,657,BYD Atto 3,SUV,60.5,2020
689,658,Tata Punch EV,Hatchback,35.0,2024
690,659,Tata Nexon EV,SUV,30.2,2025
691,660,Hyundai Ioniq 5,SUV,72.6,2020
692,661,Hyundai Kona Electric,SUV,39.2,2024
693,662,Tata Punch EV,Hatchback,35.0,2023
694,663,BYD Atto 3,SUV,60.5,2024
695,664,Mahindra BE 6,SUV,59.0,2022
696,665,Tata Tiago EV,Hatchback,24.0,2024
697,666,Tata Tiago EV,Hatchback,24.0,2025
698,667,Hyundai Kona Electric,SUV,39.2,2024
699,668,Tata Tiago EV,Hatchback,24.0,2025
700,669,Kia EV6,SUV,77.4,2022
701,670,Tata Nexon EV,SUV,30.2,2025
702,671,Tata Tiago EV,Hatchback,24.0,2020
703,672,Tata Punch EV,Hatchback,35.0,2024
704,673,Mahindra BE 6,SUV,59.0,2022
705,674,Kia EV6,SUV,77.4,2024
706,675,Mahindra XUV400,SUV,39.4,2025
707,676,Kia EV6,SUV,77.4,2024
708,677,Tata Punch EV,Hatchback,35.0,2024
709,678,Tata Tiago EV,Hatchback,24.0,2024
710,679,MG ZS EV,SUV,50.3,2021
711,680,Hyundai Kona Electric,SUV,39.2,2021
712,681,Tata Tiago EV,Hatchback,24.0,2020
713,681,MG ZS EV,SUV,50.3,2022
714,682,Hyundai Kona Electric,SUV,39.2,2020
715,683,Hyundai Kona Electric,SUV,39.2,2022
716,684,Tata Nexon EV,SUV,30.2,2023
717,685,Tata Tiago EV,Hatchback,24.0,2020
718,686,Tata Tiago EV,Hatchback,24.0,2021
719,687,BYD Atto 3,SUV,60.5,2023
720,688,Kia EV6,SUV,77.4,2024
721,689,Hyundai Ioniq 5,SUV,72.6,2023
722,690,Mahindra XUV400,SUV,39.4,2024
723,691,Hyundai Ioniq 5,SUV,72.6,2021
724,692,Mahindra BE 6,SUV,59.0,2021
725,693,Mahindra XUV400,SUV,39.4,2021
726,694,Mahindra BE 6,SUV,59.0,2023
727,695,Hyundai Ioniq 5,SUV,72.6,2023
728,696,Mahindra BE 6,SUV,59.0,2023
729,697,Kia EV6,SUV,77.4,2025
730,698,Tata Tiago EV,Hatchback,24.0,2021
731,699,BYD Atto 3,SUV,60.5,2022
732,700,Hyundai Kona Electric,SUV,39.2,2025
733,701,Hyundai Kona Electric,SUV,39.2,2025
734,702,Tata Tiago EV,Hatchback,24.0,2020
735,703,Mahindra BE 6,SUV,59.0,2023
736,704,Tata Nexon EV,SUV,30.2,2022
737,705,Tata Tiago EV,Hatchback,24.0,2025
738,706,BYD Atto 3,SUV,60.5,2021
739,707,BYD Atto 3,SUV,60.5,2023
740,708,MG ZS EV,SUV,50.3,2020
741,709,Kia EV6,SUV,77.4,2022
742,710,Tata Punch EV,Hatchback,35.0,2025
743,711,Mahindra BE 6,SUV,59.0,2021
744,712,Kia EV6,SUV,77.4,2021
745,713,Tata Tiago EV,Hatchback,24.0,2020
746,714,BYD Atto 3,SUV,60.5,2020
747,715,Tata Nexon EV,SUV,30.2,2025
748,716,Hyundai Ioniq 5,SUV,72.6,2024
749,716,Kia EV6,SUV,77.4,2021
750,717,BYD Atto 3,SUV,60.5,2020
751,718,Hyundai Kona Electric,SUV,39.2,2022
752,719,Tata Tiago EV,Hatchback,24.0,2024
753,720,Tata Tiago EV,Hatchback,24.0,2021
754,721,MG ZS EV,SUV,50.3,2021
755,721,MG ZS EV,SUV,50.3,2023
756,722,Hyundai Ioniq 5,SUV,72.6,2020
757,723,Tata Punch EV,Hatchback,35.0,2020
758,724,Tata Nexon EV,SUV,30.2,2025
759,725,BYD Atto 3,SUV,60.5,2024
760,726,Hyundai Kona Electric,SUV,39.2,2024
761,727,Tata Nexon EV,SUV,30.2,2022
762,728,Tata Punch EV,Hatchback,35.0,2024
763,729,Tata Tiago EV,Hatchback,24.0,2022
764,730,Hyundai Ioniq 5,SUV,72.6,2020
765,731,Tata Nexon EV,SUV,30.2,2022
766,732,Hyundai Ioniq 5,SUV,72.6,2025
767,733,Hyundai Ioniq 5,SUV,72.6,2024
768,734,Tata Punch EV,Hatchback,35.0,2022
769,735,BYD Atto 3,SUV,60.5,2022
770,736,Tata Punch EV,Hatchback,35.0,2025
771,737,Tata Punch EV,Hatchback,35.0,2023
772,738,Hyundai Kona Electric,SUV,39.2,2022
773,739,Tata Nexon EV,SUV,30.2,2021
774,740,Mahindra BE 6,SUV,59.0,2020
775,741,Hyundai Kona Electric,SUV,39.2,2022
776,742,Tata Tiago EV,Hatchback,24.0,2025
777,743,Tata Tiago EV,Hatchback,24.0,2021
778,744,Hyundai Kona Electric,SUV,39.2,2020
779,745,Mahindra XUV400,SUV,39.4,2022
780,746,Kia EV6,SUV,77.4,2023
781,747,Tata Punch EV,Hatchback,35.0,2021
782,748,Hyundai Ioniq 5,SUV,72.6,2022
783,749,MG ZS EV,SUV,50.3,2020
784,750,BYD Atto 3,SUV,60.5,2020
785,751,Kia EV6,SUV,77.4,2024
786,752,Tata Tiago EV,Hatchback,24.0,2024
787,753,Hyundai Kona Electric,SUV,39.2,2021
788,754,Mahindra XUV400,SUV,39.4,2024
789,754,Hyundai Ioniq 5,SUV,72.6,2025
790,755,Tata Punch EV,Hatchback,35.0,2022
791,756,Hyundai Ioniq 5,SUV,72.6,2020
792,757,Kia EV6,SUV,77.4,2023
793,758,Hyundai Kona Electric,SUV,39.2,2025
794,759,Tata Tiago EV,Hatchback,24.0,2021
795,760,Tata Punch EV,Hatchback,35.0,2023
796,761,MG ZS EV,SUV,50.3,2021
797,762,Kia EV6,SUV,77.4,2025
798,763,Hyundai Kona Electric,SUV,39.2,2025
799,764,MG ZS EV,SUV,50.3,2025
800,764,Mahindra XUV400,SUV,39.4,2023
801,765,Tata Nexon EV,SUV,30.2,2022
802,766,Kia EV6,SUV,77.4,2025
803,767,Kia EV6,SUV,77.4,2022
804,767,Kia EV6,SUV,77.4,2025
805,768,MG ZS EV,SUV,50.3,2021
806,769,BYD Atto 3,SUV,60.5,2020
807,770,Tata Tiago EV,Hatchback,24.0,2022
808,771,Tata Nexon EV,SUV,30.2,2021
809,772,Mahindra XUV400,SUV,39.4,2025
810,773,Tata Nexon EV,SUV,30.2,2021
811,774,Kia EV6,SUV,77.4,2025
812,775,MG ZS EV,SUV,50.3,2024
813,776,MG ZS EV,SUV,50.3,2025
814,777,Hyundai Kona Electric,SUV,39.2,2021
815,778,MG ZS EV,SUV,50.3,2023
816,779,Hyundai Ioniq 5,SUV,72.6,2021
817,780,Tata Nexon EV,SUV,30.2,2024
818,781,Tata Nexon EV,SUV,30.2,2023
819,782,Tata Punch EV,Hatchback,35.0,2025
820,783,Mahindra XUV400,SUV,39.4,2020
821,784,BYD Atto 3,SUV,60.5,2020
822,785,MG ZS EV,SUV,50.3,2022
823,786,Tata Nexon EV,SUV,30.2,2021
824,787,Mahindra XUV400,SUV,39.4,2023
825,788,MG ZS EV,SUV,50.3,2023
826,789,Hyundai Ioniq 5,SUV,72.6,2025
827,790,Hyundai Ioniq 5,SUV,72.6,2025
828,791,Mahindra BE 6,SUV,59.0,2024
829,792,Hyundai Ioniq 5,SUV,72.6,2025
830,793,Tata Tiago EV,Hatchback,24.0,2020
831,794,Mahindra BE 6,SUV,59.0,2021
832,795,Mahindra BE 6,SUV,59.0,2025
833,796,Mahindra BE 6,SUV,59.0,2023
834,797,Hyundai Ioniq 5,SUV,72.6,2021
835,798,Mahindra XUV400,SUV,39.4,2021
836,799,Hyundai Ioniq 5,SUV,72.6,2024
837,800,MG ZS EV,SUV,50.3,2023
838,801,Hyundai Ioniq 5,SUV,72.6,2020
839,802,Tata Punch EV,Hatchback,35.0,2022
840,803,Tata Nexon EV,SUV,30.2,2022
841,804,Tata Punch EV,Hatchback,35.0,2023
842,804,Tata Nexon EV,SUV,30.2,2020
843,805,BYD Atto 3,SUV,60.5,2025
844,806,Mahindra BE 6,SUV,59.0,2020
845,807,Hyundai Kona Electric,SUV,39.2,2025
846,808,Tata Tiago EV,Hatchback,24.0,2024
847,809,Tata Punch EV,Hatchback,35.0,2025
848,810,Mahindra BE 6,SUV,59.0,2021
849,810,Mahindra BE 6,SUV,59.0,2023
850,811,Tata Nexon EV,SUV,30.2,2023
851,812,Tata Tiago EV,Hatchback,24.0,2021
852,813,BYD Atto 3,SUV,60.5,2020
853,814,MG ZS EV,SUV,50.3,2020
854,814,BYD Atto 3,SUV,60.5,2021
855,815,Tata Nexon EV,SUV,30.2,2021
856,816,Mahindra BE 6,SUV,59.0,2025
857,817,Tata Punch EV,Hatchback,35.0,2024
858,818,Hyundai Kona Electric,SUV,39.2,2025
859,819,Kia EV6,SUV,77.4,2020
860,820,Hyundai Ioniq 5,SUV,72.6,2021
861,821,Tata Tiago EV,Hatchback,24.0,2021
862,822,Hyundai Kona Electric,SUV,39.2,2020
863,823,Hyundai Ioniq 5,SUV,72.6,2025
864,824,MG ZS EV,SUV,50.3,2023
865,825,BYD Atto 3,SUV,60.5,2022
866,826,Hyundai Ioniq 5,SUV,72.6,2024
867,827,Hyundai Ioniq 5,SUV,72.6,2021
868,828,Hyundai Kona Electric,SUV,39.2,2021
869,829,Hyundai Kona Electric,SUV,39.2,2025
870,830,Hyundai Ioniq 5,SUV,72.6,2024
871,831,BYD Atto 3,SUV,60.5,2021
872,832,Mahindra BE 6,SUV,59.0,2021
873,833,Tata Punch EV,Hatchback,35.0,2024
874,834,Tata Tiago EV,Hatchback,24.0,2024
875,835,Hyundai Ioniq 5,SUV,72.6,2021
876,836,MG ZS EV,SUV,50.3,2024
877,837,Tata Nexon EV,SUV,30.2,2021
878,838,MG ZS EV,SUV,50.3,2022
879,839,Hyundai Ioniq 5,SUV,72.6,2021
880,840,Hyundai Kona Electric,SUV,39.2,2025
881,841,BYD Atto 3,SUV,60.5,2023
882,842,Tata Punch EV,Hatchback,35.0,2021
883,843,Tata Punch EV,Hatchback,35.0,2024
884,844,BYD Atto 3,SUV,60.5,2020
885,845,Tata Punch EV,Hatchback,35.0,2023
886,846,MG ZS EV,SUV,50.3,2023
887,847,Hyundai Ioniq 5,SUV,72.6,2024
888,848,Hyundai Kona Electric,SUV,39.2,2020
889,849,BYD Atto 3,SUV,60.5,2023
890,850,Hyundai Kona Electric,SUV,39.2,2021
891,851,Tata Nexon EV,SUV,30.2,2022
892,852,MG ZS EV,SUV,50.3,2024
893,853,Hyundai Ioniq 5,SUV,72.6,2022
894,854,Mahindra XUV400,SUV,39.4,2024
895,855,Mahindra BE 6,SUV,59.0,2025
896,856,Tata Tiago EV,Hatchback,24.0,2024
897,857,Tata Tiago EV,Hatchback,24.0,2022
898,858,Mahindra XUV400,SUV,39.4,2024
899,859,Hyundai Kona Electric,SUV,39.2,2023
900,859,Mahindra BE 6,SUV,59.0,2025
901,860,Mahindra XUV400,SUV,39.4,2024
902,861,Mahindra XUV400,SUV,39.4,2023
903,862,Mahindra BE 6,SUV,59.0,2021
904,862,Kia EV6,SUV,77.4,2025
905,863,Tata Tiago EV,Hatchback,24.0,2020
906,864,Mahindra XUV400,SUV,39.4,2020
907,865,BYD Atto 3,SUV,60.5,2020
908,866,Tata Punch EV,Hatchback,35.0,2025
909,867,Tata Nexon EV,SUV,30.2,2022
910,868,Tata Punch EV,Hatchback,35.0,2023
911,869,Tata Punch EV,Hatchback,35.0,2023
912,870,Tata Punch EV,Hatchback,35.0,2025
913,870,Hyundai Kona Electric,SUV,39.2,2020
914,871,Tata Nexon EV,SUV,30.2,2023
915,871,Kia EV6,SUV,77.4,2025
916,872,Hyundai Kona Electric,SUV,39.2,2025
917,873,Hyundai Kona Electric,SUV,39.2,2020
918,874,Tata Nexon EV,SUV,30.2,2021
919,875,Tata Tiago EV,Hatchback,24.0,2024
920,876,MG ZS EV,SUV,50.3,2024
921,877,BYD Atto 3,SUV,60.5,2022
922,878,Tata Nexon EV,SUV,30.2,2025
923,879,Mahindra BE 6,SUV,59.0,2020
924,880,Mahindra XUV400,SUV,39.4,2024
925,881,Mahindra XUV400,SUV,39.4,2022
926,882,Tata Nexon EV,SUV,30.2,2021
927,883,Tata Nexon EV,SUV,30.2,2021
928,884,Tata Nexon EV,SUV,30.2,2025
929,885,Tata Punch EV,Hatchback,35.0,2024
930,886,Hyundai Ioniq 5,SUV,72.6,2025
931,887,MG ZS EV,SUV,50.3,2021
932,888,Hyundai Kona Electric,SUV,39.2,2024
933,888,Mahindra BE 6,SUV,59.0,2024
934,889,Kia EV6,SUV,77.4,2025
935,890,Mahindra XUV400,SUV,39.4,2024
936,891,BYD Atto 3,SUV,60.5,2020
937,892,Kia EV6,SUV,77.4,2025
938,893,BYD Atto 3,SUV,60.5,2022
939,894,Kia EV6,SUV,77.4,2023
940,895,Tata Nexon EV,SUV,30.2,2020
941,896,Tata Nexon EV,SUV,30.2,2024
942,897,Mahindra XUV400,SUV,39.4,2024
943,898,Mahindra BE 6,SUV,59.0,2020
944,899,BYD Atto 3,SUV,60.5,2025
945,900,Hyundai Ioniq 5,SUV,72.6,2024
946,901,Tata Tiago EV,Hatchback,24.0,2022
947,902,Tata Nexon EV,SUV,30.2,2021
948,903,Tata Nexon EV,SUV,30.2,2020
949,904,Hyundai Ioniq 5,SUV,72.6,2025
950,905,Hyundai Kona Electric,SUV,39.2,2020
951,906,Hyundai Kona Electric,SUV,39.2,2022
952,907,Mahindra BE 6,SUV,59.0,2025
953,907,Tata Tiago EV,Hatchback,24.0,2025
954,908,Hyundai Kona Electric,SUV,39.2,2020
955,909,Kia EV6,SUV,77.4,2023
956,910,Mahindra BE 6,SUV,59.0,2022
957,911,Hyundai Ioniq 5,SUV,72.6,2022
958,912,MG ZS EV,SUV,50.3,2022
959,913,Mahindra XUV400,SUV,39.4,2025
960,914,Tata Punch EV,Hatchback,35.0,2025
961,915,Tata Tiago EV,Hatchback,24.0,2021
962,916,Tata Tiago EV,Hatchback,24.0,2021
963,917,BYD Atto 3,SUV,60.5,2025
964,918,Tata Nexon EV,SUV,30.2,2024
965,919,Mahindra XUV400,SUV,39.4,2024
966,920,Kia EV6,SUV,77.4,2022
967,921,Tata Punch EV,Hatchback,35.0,2025
968,922,Tata Punch EV,Hatchback,35.0,2020
969,923,BYD Atto 3,SUV,60.5,2023
970,924,Mahindra XUV400,SUV,39.4,2020
971,925,Mahindra XUV400,SUV,39.4,2024
972,926,Tata Nexon EV,SUV,30.2,2021
973,927,Tata Punch EV,Hatchback,35.0,2023
974,928,Mahindra XUV400,SUV,39.4,2023
975,929,Tata Tiago EV,Hatchback,24.0,2024
976,930,Tata Tiago EV,Hatchback,24.0,2023
977,931,Hyundai Kona Electric,SUV,39.2,2022
978,932,Tata Punch EV,Hatchback,35.0,2022
979,933,Mahindra BE 6,SUV,59.0,2020
980,934,BYD Atto 3,SUV,60.5,2020
981,935,Hyundai Kona Electric,SUV,39.2,2025
982,936,Hyundai Kona Electric,SUV,39.2,2021
983,937,Tata Tiago EV,Hatchback,24.0,2024
984,938,Hyundai Kona Electric,SUV,39.2,2021
985,939,Tata Nexon EV,SUV,30.2,2025
986,940,Tata Nexon EV,SUV,30.2,2023
987,941,Tata Nexon EV,SUV,30.2,2021
988,942,MG ZS EV,SUV,50.3,2025
989,943,Hyundai Kona Electric,SUV,39.2,2024
990,944,Tata Nexon EV,SUV,30.2,2024
991,945,BYD Atto 3,SUV,60.5,2020
992,945,Tata Punch EV,Hatchback,35.0,2021
993,946,Mahindra XUV400,SUV,39.4,2024
994,947,MG ZS EV,SUV,50.3,2024
995,948,Tata Tiago EV,Hatchback,24.0,2024
996,949,Mahindra BE 6,SUV,59.0,2024
997,950,MG ZS EV,SUV,50.3,2024
998,951,Tata Nexon EV,SUV,30.2,2020
999,952,Tata Punch EV,Hatchback,35.0,2021
1000,953,Mahindra BE 6,SUV,59.0,2021
1001,954,Mahindra XUV400,SUV,39.4,2021
1002,954,Hyundai Kona Electric,SUV,39.2,2020
1003,955,Tata Tiago EV,Hatchback,24.0,2020
1004,956,MG ZS EV,SUV,50.3,2021
1005,957,Mahindra BE 6,SUV,59.0,2025
1006,958,Mahindra XUV400,SUV,39.4,2021
1007,959,Hyundai Kona Electric,SUV,39.2,2022
1008,960,Hyundai Kona Electric,SUV,39.2,2021
1009,961,Tata Nexon EV,SUV,30.2,2022
1010,962,Mahindra BE 6,SUV,59.0,2020
1011,963,Tata Punch EV,Hatchback,35.0,2021
1012,964,Mahindra XUV400,SUV,39.4,2020
1013,965,Hyundai Ioniq 5,SUV,72.6,2021
1014,966,Tata Nexon EV,SUV,30.2,2021
1015,967,Tata Tiago EV,Hatchback,24.0,2024
1016,968,Hyundai Kona Electric,SUV,39.2,2020
1017,969,Mahindra XUV400,SUV,39.4,2024
1018,970,Kia EV6,SUV,77.4,2022
1019,971,Hyundai Kona Electric,SUV,39.2,2025
1020,972,Hyundai Ioniq 5,SUV,72.6,2025
1021,973,Hyundai Ioniq 5,SUV,72.6,2025
1022,974,Tata Punch EV,Hatchback,35.0,2023
1023,975,Hyundai Kona Electric,SUV,39.2,2022
1024,976,Hyundai Kona Electric,SUV,39.2,2023
1025,977,Kia EV6,SUV,77.4,2021
1026,978,Mahindra XUV400,SUV,39.4,2020
1027,979,Mahindra XUV400,SUV,39.4,2022
1028,980,Tata Tiago EV,Hatchback,24.0,2025
1029,981,Tata Punch EV,Hatchback,35.0,2024
1030,982,Tata Punch EV,Hatchback,35.0,2021
1031,983,Kia EV6,SUV,77.4,2022
1032,984,Tata Tiago EV,Hatchback,24.0,2022
1033,985,Tata Nexon EV,SUV,30.2,2024
1034,986,MG ZS EV,SUV,50.3,2023
1035,987,Mahindra XUV400,SUV,39.4,2021
1036,988,BYD Atto 3,SUV,60.5,2020
1037,989,Mahindra XUV400,SUV,39.4,2020
1038,990,Tata Nexon EV,SUV,30.2,2023
1039,991,BYD Atto 3,SUV,60.5,2022
1040,992,Mahindra BE 6,SUV,59.0,2025
1041,993,Tata Punch EV,Hatchback,35.0,2020
1042,994,Tata Punch EV,Hatchback,35.0,2025
1043,995,Tata Tiago EV,Hatchback,24.0,2025
1044,996,Kia EV6,SUV,77.4,2022
1045,996,Hyundai Kona Electric,SUV,39.2,2020
1046,997,Kia EV6,SUV,77.4,2020
1047,998,MG ZS EV,SUV,50.3,2025
1048,999,Tata Nexon EV,SUV,30.2,2025
1049,1000,Mahindra BE 6,SUV,59.0,2022
1050,1000,BYD Atto 3,SUV,60.5,2023
1051,1001,Mahindra BE 6,SUV,59.0,2024
1052,1002,Mahindra BE 6,SUV,59.0,2023
1053,1003,Mahindra XUV400,SUV,39.4,2022
1054,1004,Hyundai Kona Electric,SUV,39.2,2021
1055,1005,Tata Tiago EV,Hatchback,24.0,2023
1056,1006,Hyundai Ioniq 5,SUV,72.6,2020
1057,1007,Tata Nexon EV,SUV,30.2,2021
1058,1008,Mahindra BE 6,SUV,59.0,2021
1059,1009,Tata Tiago EV,Hatchback,24.0,2021
1060,1010,Mahindra BE 6,SUV,59.0,2024
1061,1011,Mahindra BE 6,SUV,59.0,2024
1062,1012,Hyundai Kona Electric,SUV,39.2,2022
1063,1013,BYD Atto 3,SUV,60.5,2022
1064,1014,Hyundai Kona Electric,SUV,39.2,2025
1065,1015,Tata Punch EV,Hatchback,35.0,2021
1066,1016,MG ZS EV,SUV,50.3,2021
1067,1017,Tata Nexon EV,SUV,30.2,2022
1068,1018,Mahindra XUV400,SUV,39.4,2021
1069,1019,MG ZS EV,SUV,50.3,2024
1070,1020,Mahindra BE 6,SUV,59.0,2020
1071,1021,Hyundai Ioniq 5,SUV,72.6,2021
1072,1022,Tata Tiago EV,Hatchback,24.0,2022
1073,1023,Kia EV6,SUV,77.4,2024
1074,1024,Mahindra BE 6,SUV,59.0,2022
1075,1025,Tata Tiago EV,Hatchback,24.0,2025
1076,1026,Tata Nexon EV,SUV,30.2,2020
1077,1027,Tata Nexon EV,SUV,30.2,2024
1078,1028,Mahindra BE 6,SUV,59.0,2021
1079,1029,Tata Tiago EV,Hatchback,24.0,2023
1080,1030,Hyundai Kona Electric,SUV,39.2,2023
1081,1031,Tata Tiago EV,Hatchback,24.0,2023
1082,1032,Hyundai Ioniq 5,SUV,72.6,2022
1083,1033,Mahindra XUV400,SUV,39.4,2025
1084,1034,Tata Punch EV,Hatchback,35.0,2022
1085,1035,Mahindra XUV400,SUV,39.4,2025
1086,1036,Mahindra XUV400,SUV,39.4,2020
1087,1037,BYD Atto 3,SUV,60.5,2025
1088,1038,Tata Tiago EV,Hatchback,24.0,2024
1089,1039,Tata Nexon EV,SUV,30.2,2020
1090,1040,Tata Tiago EV,Hatchback,24.0,2020
1091,1041,Tata Nexon EV,SUV,30.2,2024
1092,1042,Mahindra BE 6,SUV,59.0,2024
1093,1042,Mahindra BE 6,SUV,59.0,2024
1094,1043,Hyundai Ioniq 5,SUV,72.6,2023
1095,1044,Tata Punch EV,Hatchback,35.0,2022
1096,1045,BYD Atto 3,SUV,60.5,2022
1097,1046,Mahindra BE 6,SUV,59.0,2020
1098,1047,BYD Atto 3,SUV,60.5,2020
1099,1048,Tata Nexon EV,SUV,30.2,2022
1100,1049,Tata Tiago EV,Hatchback,24.0,2020
1101,1050,Mahindra XUV400,SUV,39.4,2021
1102,1051,Tata Nexon EV,SUV,30.2,2020
1103,1052,Mahindra XUV400,SUV,39.4,2021
1104,1053,Mahindra XUV400,SUV,39.4,2024
1105,1054,Kia EV6,SUV,77.4,2021
1106,1055,Kia EV6,SUV,77.4,2024
1107,1056,Hyundai Kona Electric,SUV,39.2,2025
1108,1057,Mahindra BE 6,SUV,59.0,2024
1109,1058,Hyundai Ioniq 5,SUV,72.6,2024
1110,1059,Hyundai Kona Electric,SUV,39.2,2025
1111,1060,Hyundai Ioniq 5,SUV,72.6,2021
1112,1061,MG ZS EV,SUV,50.3,2022
1113,1062,Kia EV6,SUV,77.4,2025
1114,1063,Tata Tiago EV,Hatchback,24.0,2025
1115,1064,Tata Punch EV,Hatchback,35.0,2025
1116,1065,Kia EV6,SUV,77.4,2025
1117,1066,BYD Atto 3,SUV,60.5,2025
1118,1067,Tata Nexon EV,SUV,30.2,2020
1119,1068,Hyundai Kona Electric,SUV,39.2,2024
1120,1069,Mahindra XUV400,SUV,39.4,2023
1121,1070,Hyundai Kona Electric,SUV,39.2,2023
1122,1071,MG ZS EV,SUV,50.3,2023
1123,1072,BYD Atto 3,SUV,60.5,2021
1124,1073,Kia EV6,SUV,77.4,2023
1125,1074,Tata Tiago EV,Hatchback,24.0,2022
1126,1075,Mahindra XUV400,SUV,39.4,2022
1127,1076,Tata Tiago EV,Hatchback,24.0,2021
1128,1077,Mahindra BE 6,SUV,59.0,2021
1129,1078,Tata Tiago EV,Hatchback,24.0,2023
1130,1079,Hyundai Kona Electric,SUV,39.2,2025
1131,1080,MG ZS EV,SUV,50.3,2024
1132,1081,BYD Atto 3,SUV,60.5,2023
1133,1082,Hyundai Kona Electric,SUV,39.2,2025
1134,1083,Kia EV6,SUV,77.4,2020
1135,1084,Mahindra BE 6,SUV,59.0,2021
1136,1085,Tata Tiago EV,Hatchback,24.0,2020
1137,1086,MG ZS EV,SUV,50.3,2025
1138,1087,Kia EV6,SUV,77.4,2022
1139,1088,MG ZS EV,SUV,50.3,2024
1140,1089,Tata Nexon EV,SUV,30.2,2023
1141,1090,Mahindra BE 6,SUV,59.0,2020
1142,1091,Mahindra XUV400,SUV,39.4,2025
1143,1092,Mahindra XUV400,SUV,39.4,2020
1144,1093,Mahindra BE 6,SUV,59.0,2023
1145,1094,Mahindra BE 6,SUV,59.0,2023
1146,1095,Mahindra BE 6,SUV,59.0,2023
1147,1096,Kia EV6,SUV,77.4,2025
1148,1097,Tata Tiago EV,Hatchback,24.0,2022
1149,1098,Tata Nexon EV,SUV,30.2,2023
1150,1099,Tata Nexon EV,SUV,30.2,2020
1151,1100,Tata Tiago EV,Hatchback,24.0,2021
1152,1101,Tata Punch EV,Hatchback,35.0,2020
1153,1101,Tata Nexon EV,SUV,30.2,2021
1154,1102,Tata Tiago EV,Hatchback,24.0,2024
1155,1103,Tata Nexon EV,SUV,30.2,2020
1156,1104,MG ZS EV,SUV,50.3,2025
1157,1105,Mahindra XUV400,SUV,39.4,2021
1158,1106,BYD Atto 3,SUV,60.5,2022
1159,1107,Mahindra BE 6,SUV,59.0,2025
1160,1108,Tata Nexon EV,SUV,30.2,2021
1161,1109,BYD Atto 3,SUV,60.5,2021
1162,1110,BYD Atto 3,SUV,60.5,2022
1163,1111,Hyundai Ioniq 5,SUV,72.6,2023
1164,1112,Mahindra BE 6,SUV,59.0,2024
1165,1113,Tata Tiago EV,Hatchback,24.0,2022
1166,1114,BYD Atto 3,SUV,60.5,2024
1167,1115,Hyundai Ioniq 5,SUV,72.6,2023
1168,1116,Mahindra BE 6,SUV,59.0,2022
1169,1117,Tata Punch EV,Hatchback,35.0,2024
1170,1118,MG ZS EV,SUV,50.3,2022
1171,1118,Tata Nexon EV,SUV,30.2,2024
1172,1119,Mahindra XUV400,SUV,39.4,2021
1173,1120,BYD Atto 3,SUV,60.5,2023
1174,1120,Tata Punch EV,Hatchback,35.0,2020
1175,1121,MG ZS EV,SUV,50.3,2021
1176,1122,Mahindra XUV400,SUV,39.4,2022
1177,1123,Kia EV6,SUV,77.4,2024
1178,1124,MG ZS EV,SUV,50.3,2024
1179,1125,Mahindra BE 6,SUV,59.0,2024
1180,1126,Hyundai Ioniq 5,SUV,72.6,2023
1181,1127,Mahindra XUV400,SUV,39.4,2025
1182,1128,Hyundai Kona Electric,SUV,39.2,2023
1183,1129,BYD Atto 3,SUV,60.5,2021
1184,1130,Tata Punch EV,Hatchback,35.0,2022
1185,1131,Hyundai Ioniq 5,SUV,72.6,2022
1186,1132,MG ZS EV,SUV,50.3,2024
1187,1133,Mahindra XUV400,SUV,39.4,2024
1188,1134,Tata Tiago EV,Hatchback,24.0,2021
1189,1135,Tata Nexon EV,SUV,30.2,2021
1190,1136,BYD Atto 3,SUV,60.5,2020
1191,1137,Mahindra XUV400,SUV,39.4,2025
1192,1138,Tata Tiago EV,Hatchback,24.0,2022
1193,1139,BYD Atto 3,SUV,60.5,2020
1194,1140,Tata Punch EV,Hatchback,35.0,2020
1195,1141,Hyundai Kona Electric,SUV,39.2,2024
1196,1142,MG ZS EV,SUV,50.3,2024
1197,1143,Tata Nexon EV,SUV,30.2,2023
1198,1144,Tata Punch EV,Hatchback,35.0,2021
1199,1145,Tata Nexon EV,SUV,30.2,2022
1200,1146,Kia EV6,SUV,77.4,2024
1201,1147,Tata Tiago EV,Hatchback,24.0,2023
1202,1148,MG ZS EV,SUV,50.3,2021
1203,1148,BYD Atto 3,SUV,60.5,2022
1204,1149,Mahindra BE 6,SUV,59.0,2021
1205,1150,Mahindra XUV400,SUV,39.4,2021
1206,1151,Hyundai Ioniq 5,SUV,72.6,2023
1207,1152,Kia EV6,SUV,77.4,2022
1208,1153,Hyundai Ioniq 5,SUV,72.6,2024
1209,1154,Kia EV6,SUV,77.4,2022
1210,1155,Kia EV6,SUV,77.4,2023
1211,1156,Hyundai Kona Electric,SUV,39.2,2021
1212,1157,Hyundai Kona Electric,SUV,39.2,2022
1213,1158,Mahindra XUV400,SUV,39.4,2024
1214,1159,Tata Tiago EV,Hatchback,24.0,2024
1215,1160,Tata Punch EV,Hatchback,35.0,2023
1216,1161,Kia EV6,SUV,77.4,2025
1217,1162,Mahindra XUV400,SUV,39.4,2024
1218,1163,Tata Nexon EV,SUV,30.2,2021
1219,1164,Tata Punch EV,Hatchback,35.0,2022
1220,1165,Mahindra XUV400,SUV,39.4,2023
1221,1166,Tata Punch EV,Hatchback,35.0,2025
1222,1167,Mahindra BE 6,SUV,59.0,2025
1223,1168,Tata Nexon EV,SUV,30.2,2024
1224,1169,Kia EV6,SUV,77.4,2025
1225,1170,Tata Tiago EV,Hatchback,24.0,2023
1226,1171,BYD Atto 3,SUV,60.5,2024
1227,1172,Kia EV6,SUV,77.4,2024
1228,1173,Mahindra XUV400,SUV,39.4,2022
1229,1174,Tata Punch EV,Hatchback,35.0,2022
1230,1175,Tata Nexon EV,SUV,30.2,2024
1231,1176,Tata Tiago EV,Hatchback,24.0,2020
1232,1177,Kia EV6,SUV,77.4,2021
1233,1178,Hyundai Ioniq 5,SUV,72.6,2021
1234,1179,Hyundai Kona Electric,SUV,39.2,2023
1235,1180,Hyundai Ioniq 5,SUV,72.6,2024
1236,1181,Hyundai Kona Electric,SUV,39.2,2021
1237,1182,Tata Nexon EV,SUV,30.2,2022
1238,1183,BYD Atto 3,SUV,60.5,2022
1239,1184,Tata Punch EV,Hatchback,35.0,2024
1240,1185,Kia EV6,SUV,77.4,2021
1241,1186,MG ZS EV,SUV,50.3,2021
1242,1187,Hyundai Ioniq 5,SUV,72.6,2025
1243,1188,Mahindra BE 6,SUV,59.0,2024
1244,1189,Mahindra BE 6,SUV,59.0,2021
1245,1189,Mahindra XUV400,SUV,39.4,2020
1246,1190,Mahindra BE 6,SUV,59.0,2025
1247,1191,Mahindra XUV400,SUV,39.4,2020
1248,1192,Hyundai Ioniq 5,SUV,72.6,2021
1249,1193,Tata Nexon EV,SUV,30.2,2025
1250,1194,Tata Tiago EV,Hatchback,24.0,2023
1251,1195,Hyundai Ioniq 5,SUV,72.6,2021
1252,1196,Hyundai Kona Electric,SUV,39.2,2021
1253,1197,Hyundai Kona Electric,SUV,39.2,2023
1254,1198,Kia EV6,SUV,77.4,2022
1255,1199,Mahindra BE 6,SUV,59.0,2025
1256,1200,BYD Atto 3,SUV,60.5,2022
1257,1201,Hyundai Kona Electric,SUV,39.2,2023
1258,1202,Hyundai Kona Electric,SUV,39.2,2025
1259,1203,Tata Tiago EV,Hatchback,24.0,2022
1260,1204,Hyundai Ioniq 5,SUV,72.6,2023
1261,1205,Hyundai Kona Electric,SUV,39.2,2020
1262,1206,Hyundai Kona Electric,SUV,39.2,2023
1263,1207,Mahindra BE 6,SUV,59.0,2022
1264,1208,Tata Tiago EV,Hatchback,24.0,2021
1265,1209,Tata Nexon EV,SUV,30.2,2025
1266,1210,Hyundai Kona Electric,SUV,39.2,2024
1267,1210,Mahindra XUV400,SUV,39.4,2020
1268,1211,Hyundai Ioniq 5,SUV,72.6,2021
1269,1212,Tata Nexon EV,SUV,30.2,2025
1270,1213,Hyundai Kona Electric,SUV,39.2,2023
1271,1214,Tata Punch EV,Hatchback,35.0,2020
1272,1215,Tata Tiago EV,Hatchback,24.0,2020
1273,1216,Kia EV6,SUV,77.4,2022
1274,1217,Mahindra XUV400,SUV,39.4,2024
1275,1218,Tata Tiago EV,Hatchback,24.0,2022
1276,1219,Hyundai Kona Electric,SUV,39.2,2023
1277,1220,Kia EV6,SUV,77.4,2024
1278,1221,Tata Punch EV,Hatchback,35.0,2021
1279,1222,Hyundai Kona Electric,SUV,39.2,2023
1280,1223,Hyundai Ioniq 5,SUV,72.6,2021
1281,1224,Kia EV6,SUV,77.4,2025
1282,1225,MG ZS EV,SUV,50.3,2024
1283,1226,Hyundai Ioniq 5,SUV,72.6,2022
1284,1227,Tata Tiago EV,Hatchback,24.0,2022
1285,1227,Kia EV6,SUV,77.4,2021
1286,1228,Mahindra XUV400,SUV,39.4,2020
1287,1229,Tata Punch EV,Hatchback,35.0,2024
1288,1230,Hyundai Ioniq 5,SUV,72.6,2022
1289,1230,Hyundai Ioniq 5,SUV,72.6,2024
1290,1231,Hyundai Kona Electric,SUV,39.2,2020
1291,1232,Mahindra BE 6,SUV,59.0,2025
1292,1233,Tata Punch EV,Hatchback,35.0,2024
1293,1234,Hyundai Ioniq 5,SUV,72.6,2023
1294,1235,Mahindra BE 6,SUV,59.0,2024
1295,1236,Tata Punch EV,Hatchback,35.0,2025
1296,1237,Hyundai Ioniq 5,SUV,72.6,2025
1297,1238,MG ZS EV,SUV,50.3,2020
1298,1239,Tata Punch EV,Hatchback,35.0,2025
1299,1239,Mahindra XUV400,SUV,39.4,2022
1300,1240,Tata Punch EV,Hatchback,35.0,2023
1301,1241,Kia EV6,SUV,77.4,2022
1302,1242,BYD Atto 3,SUV,60.5,2023
1303,1243,Tata Tiago EV,Hatchback,24.0,2022
1304,1244,Tata Punch EV,Hatchback,35.0,2025
1305,1245,Kia EV6,SUV,77.4,2020
1306,1246,Kia EV6,SUV,77.4,2024
1307,1247,Tata Punch EV,Hatchback,35.0,2022
1308,1248,Mahindra BE 6,SUV,59.0,2020
1309,1249,Hyundai Ioniq 5,SUV,72.6,2020
1310,1250,MG ZS EV,SUV,50.3,2020
1311,1251,Mahindra XUV400,SUV,39.4,2022
1312,1252,Tata Punch EV,Hatchback,35.0,2021
1313,1253,Tata Punch EV,Hatchback,35.0,2023
1314,1254,Kia EV6,SUV,77.4,2024
1315,1255,Mahindra BE 6,SUV,59.0,2023
1316,1256,Tata Tiago EV,Hatchback,24.0,2021
1317,1257,Tata Punch EV,Hatchback,35.0,2025
1318,1258,Mahindra BE 6,SUV,59.0,2021
1319,1259,Kia EV6,SUV,77.4,2025
1320,1260,BYD Atto 3,SUV,60.5,2024
1321,1261,MG ZS EV,SUV,50.3,2020
1322,1262,Mahindra BE 6,SUV,59.0,2020
1323,1263,Hyundai Kona Electric,SUV,39.2,2022
1324,1264,BYD Atto 3,SUV,60.5,2021
1325,1265,BYD Atto 3,SUV,60.5,2022
1326,1266,Mahindra BE 6,SUV,59.0,2024
1327,1267,Hyundai Ioniq 5,SUV,72.6,2024
1328,1268,Hyundai Ioniq 5,SUV,72.6,2020
1329,1269,Kia EV6,SUV,77.4,2023
1330,1270,Hyundai Kona Electric,SUV,39.2,2020
1331,1271,Mahindra BE 6,SUV,59.0,2023
1332,1272,MG ZS EV,SUV,50.3,2020
1333,1273,Mahindra XUV400,SUV,39.4,2022
1334,1274,Mahindra XUV400,SUV,39.4,2021
1335,1275,Tata Punch EV,Hatchback,35.0,2023
1336,1276,Tata Tiago EV,Hatchback,24.0,2022
1337,1277,MG ZS EV,SUV,50.3,2020
1338,1278,BYD Atto 3,SUV,60.5,2023
1339,1279,Tata Tiago EV,Hatchback,24.0,2025
1340,1280,Tata Tiago EV,Hatchback,24.0,2022
1341,1281,Hyundai Ioniq 5,SUV,72.6,2025
1342,1282,Kia EV6,SUV,77.4,2020
1343,1283,Tata Punch EV,Hatchback,35.0,2022
1344,1284,BYD Atto 3,SUV,60.5,2024
1345,1285,Tata Punch EV,Hatchback,35.0,2023
1346,1286,MG ZS EV,SUV,50.3,2022
1347,1287,Hyundai Kona Electric,SUV,39.2,2021
1348,1288,Tata Punch EV,Hatchback,35.0,2024
1349,1289,Mahindra XUV400,SUV,39.4,2025
1350,1290,Tata Nexon EV,SUV,30.2,2025
1351,1291,Hyundai Kona Electric,SUV,39.2,2022
1352,1292,Tata Punch EV,Hatchback,35.0,2020
1353,1293,Tata Punch EV,Hatchback,35.0,2025
1354,1294,Hyundai Ioniq 5,SUV,72.6,2024
1355,1295,MG ZS EV,SUV,50.3,2021
1356,1296,Tata Punch EV,Hatchback,35.0,2025
1357,1297,BYD Atto 3,SUV,60.5,2023
1358,1298,Mahindra BE 6,SUV,59.0,2023
1359,1299,Tata Nexon EV,SUV,30.2,2020
1360,1300,Tata Nexon EV,SUV,30.2,2025
1361,1301,Tata Nexon EV,SUV,30.2,2022
1362,1302,Tata Nexon EV,SUV,30.2,2021
1363,1303,BYD Atto 3,SUV,60.5,2021
1364,1304,Hyundai Ioniq 5,SUV,72.6,2025
1365,1305,Kia EV6,SUV,77.4,2023
1366,1305,BYD Atto 3,SUV,60.5,2024
1367,1306,BYD Atto 3,SUV,60.5,2023
1368,1307,Mahindra XUV400,SUV,39.4,2024
1369,1308,Tata Punch EV,Hatchback,35.0,2024
1370,1309,Tata Nexon EV,SUV,30.2,2024
1371,1310,MG ZS EV,SUV,50.3,2022
1372,1311,MG ZS EV,SUV,50.3,2024
1373,1312,Mahindra XUV400,SUV,39.4,2020
1374,1313,MG ZS EV,SUV,50.3,2020
1375,1314,Hyundai Ioniq 5,SUV,72.6,2024
1376,1315,Tata Nexon EV,SUV,30.2,2023
1377,1316,Kia EV6,SUV,77.4,2020
1378,1317,Hyundai Kona Electric,SUV,39.2,2022
1379,1318,MG ZS EV,SUV,50.3,2020
1380,1319,Tata Punch EV,Hatchback,35.0,2020
1381,1319,Hyundai Kona Electric,SUV,39.2,2024
1382,1320,Hyundai Ioniq 5,SUV,72.6,2022
1383,1321,Hyundai Ioniq 5,SUV,72.6,2025
1384,1322,Mahindra BE 6,SUV,59.0,2024
1385,1323,BYD Atto 3,SUV,60.5,2024
1386,1324,Hyundai Ioniq 5,SUV,72.6,2021
1387,1325,Mahindra BE 6,SUV,59.0,2021
1388,1326,Hyundai Kona Electric,SUV,39.2,2020
1389,1327,Mahindra XUV400,SUV,39.4,2023
1390,1328,Tata Nexon EV,SUV,30.2,2024
1391,1329,MG ZS EV,SUV,50.3,2021
1392,1330,Hyundai Kona Electric,SUV,39.2,2023
1393,1331,Hyundai Kona Electric,SUV,39.2,2025
1394,1332,Tata Nexon EV,SUV,30.2,2023
1395,1333,Hyundai Kona Electric,SUV,39.2,2022
1396,1334,Tata Punch EV,Hatchback,35.0,2020
1397,1335,Hyundai Kona Electric,SUV,39.2,2020
1398,1336,MG ZS EV,SUV,50.3,2023
1399,1337,Kia EV6,SUV,77.4,2025
1400,1338,BYD Atto 3,SUV,60.5,2020
1401,1338,Tata Tiago EV,Hatchback,24.0,2024
1402,1339,Tata Punch EV,Hatchback,35.0,2020
1403,1340,Tata Punch EV,Hatchback,35.0,2020
1404,1341,Mahindra BE 6,SUV,59.0,2020
1405,1342,Kia EV6,SUV,77.4,2020
1406,1343,Tata Punch EV,Hatchback,35.0,2021
1407,1344,Tata Punch EV,Hatchback,35.0,2025
1408,1345,Mahindra BE 6,SUV,59.0,2022
1409,1346,Tata Tiago EV,Hatchback,24.0,2020
1410,1347,Hyundai Kona Electric,SUV,39.2,2024
1411,1348,Hyundai Kona Electric,SUV,39.2,2025
1412,1349,Hyundai Kona Electric,SUV,39.2,2025
1413,1350,Kia EV6,SUV,77.4,2025
1414,1351,BYD Atto 3,SUV,60.5,2025
1415,1352,BYD Atto 3,SUV,60.5,2022
1416,1353,Mahindra BE 6,SUV,59.0,2020
1417,1354,Tata Nexon EV,SUV,30.2,2025
1418,1355,Tata Punch EV,Hatchback,35.0,2020
1419,1356,Hyundai Ioniq 5,SUV,72.6,2020
1420,1357,Hyundai Ioniq 5,SUV,72.6,2025
1421,1358,Hyundai Kona Electric,SUV,39.2,2024
1422,1359,Mahindra BE 6,SUV,59.0,2025
1423,1360,Tata Punch EV,Hatchback,35.0,2020
1424,1360,Hyundai Kona Electric,SUV,39.2,2024
1425,1361,Tata Punch EV,Hatchback,35.0,2021
1426,1362,Tata Nexon EV,SUV,30.2,2024
1427,1363,Tata Nexon EV,SUV,30.2,2023
1428,1364,Tata Nexon EV,SUV,30.2,2021
1429,1365,MG ZS EV,SUV,50.3,2025
1430,1366,Tata Nexon EV,SUV,30.2,2025
1431,1367,Mahindra XUV400,SUV,39.4,2021
1432,1368,Tata Nexon EV,SUV,30.2,2024
1433,1369,Mahindra BE 6,SUV,59.0,2020
1434,1370,Tata Punch EV,Hatchback,35.0,2024
1435,1371,Kia EV6,SUV,77.4,2021
1436,1372,Hyundai Ioniq 5,SUV,72.6,2023
1437,1373,Kia EV6,SUV,77.4,2020
1438,1374,Hyundai Kona Electric,SUV,39.2,2024
1439,1375,Hyundai Ioniq 5,SUV,72.6,2022
1440,1376,MG ZS EV,SUV,50.3,2020
1441,1377,Tata Nexon EV,SUV,30.2,2023
1442,1378,Tata Punch EV,Hatchback,35.0,2024
1443,1379,Tata Nexon EV,SUV,30.2,2021
1444,1380,Hyundai Ioniq 5,SUV,72.6,2021
1445,1381,Mahindra BE 6,SUV,59.0,2023
1446,1382,Mahindra XUV400,SUV,39.4,2025
1447,1383,Hyundai Kona Electric,SUV,39.2,2023
1448,1384,Mahindra BE 6,SUV,59.0,2022
1449,1385,Tata Punch EV,Hatchback,35.0,2021
1450,1386,Mahindra BE 6,SUV,59.0,2021
1451,1387,Hyundai Ioniq 5,SUV,72.6,2023
1452,1388,Hyundai Ioniq 5,SUV,72.6,2023
1453,1389,Kia EV6,SUV,77.4,2023
1454,1390,Tata Nexon EV,SUV,30.2,2021
1455,1391,Hyundai Ioniq 5,SUV,72.6,2022
1456,1392,Mahindra BE 6,SUV,59.0,2025
1457,1393,Tata Punch EV,Hatchback,35.0,2020
1458,1394,Hyundai Kona Electric,SUV,39.2,2023
1459,1395,Tata Tiago EV,Hatchback,24.0,2021
1460,1396,Hyundai Ioniq 5,SUV,72.6,2024
1461,1397,Tata Punch EV,Hatchback,35.0,2022
1462,1398,Hyundai Ioniq 5,SUV,72.6,2025
1463,1399,Tata Nexon EV,SUV,30.2,2022
1464,1400,BYD Atto 3,SUV,60.5,2023
1465,1401,MG ZS EV,SUV,50.3,2025
1466,1401,Tata Punch EV,Hatchback,35.0,2023
1467,1402,Tata Tiago EV,Hatchback,24.0,2024
1468,1403,Hyundai Ioniq 5,SUV,72.6,2023
1469,1404,Tata Punch EV,Hatchback,35.0,2024
1470,1405,Mahindra XUV400,SUV,39.4,2021
1471,1406,BYD Atto 3,SUV,60.5,2021
1472,1407,MG ZS EV,SUV,50.3,2023
1473,1408,Kia EV6,SUV,77.4,2021
1474,1409,Hyundai Kona Electric,SUV,39.2,2022
1475,1410,Mahindra XUV400,SUV,39.4,2024
1476,1411,Kia EV6,SUV,77.4,2022
1477,1412,Tata Tiago EV,Hatchback,24.0,2022
1478,1413,Tata Nexon EV,SUV,30.2,2022
1479,1414,Mahindra BE 6,SUV,59.0,2022
1480,1415,Kia EV6,SUV,77.4,2025
1481,1416,Hyundai Kona Electric,SUV,39.2,2022
1482,1417,Hyundai Ioniq 5,SUV,72.6,2020
1483,1418,Kia EV6,SUV,77.4,2024
1484,1419,Tata Punch EV,Hatchback,35.0,2022
1485,1420,BYD Atto 3,SUV,60.5,2023
1486,1421,Hyundai Ioniq 5,SUV,72.6,2021
1487,1421,Tata Punch EV,Hatchback,35.0,2023
1488,1422,BYD Atto 3,SUV,60.5,2024
1489,1423,Hyundai Kona Electric,SUV,39.2,2022
1490,1424,Hyundai Kona Electric,SUV,39.2,2024
1491,1425,Mahindra BE 6,SUV,59.0,2023
1492,1426,Hyundai Ioniq 5,SUV,72.6,2023
1493,1426,Tata Punch EV,Hatchback,35.0,2022
1494,1427,Tata Tiago EV,Hatchback,24.0,2021
1495,1428,Hyundai Ioniq 5,SUV,72.6,2020
1496,1429,Mahindra XUV400,SUV,39.4,2020
1497,1430,MG ZS EV,SUV,50.3,2024
1498,1430,Mahindra BE 6,SUV,59.0,2024
1499,1431,Tata Nexon EV,SUV,30.2,2021
1500,1432,Kia EV6,SUV,77.4,2021
1501,1433,Mahindra BE 6,SUV,59.0,2022
1502,1434,MG ZS EV,SUV,50.3,2022
1503,1435,Hyundai Ioniq 5,SUV,72.6,2023
1504,1436,MG ZS EV,SUV,50.3,2020
1505,1437,Kia EV6,SUV,77.4,2022
1506,1438,Tata Tiago EV,Hatchback,24.0,2020
1507,1439,BYD Atto 3,SUV,60.5,2022
1508,1440,BYD Atto 3,SUV,60.5,2021
1509,1441,BYD Atto 3,SUV,60.5,2020
1510,1442,Kia EV6,SUV,77.4,2023
1511,1443,Tata Nexon EV,SUV,30.2,2023
1512,1444,Hyundai Kona Electric,SUV,39.2,2021
1513,1445,MG ZS EV,SUV,50.3,2021
1514,1446,MG ZS EV,SUV,50.3,2025
1515,1447,Tata Punch EV,Hatchback,35.0,2024
1516,1448,MG ZS EV,SUV,50.3,2025
1517,1449,Tata Punch EV,Hatchback,35.0,2022
1518,1450,Hyundai Kona Electric,SUV,39.2,2024
1519,1451,Mahindra BE 6,SUV,59.0,2024
1520,1452,Kia EV6,SUV,77.4,2025
1521,1453,Tata Tiago EV,Hatchback,24.0,2024
1522,1454,BYD Atto 3,SUV,60.5,2024
1523,1455,Mahindra XUV400,SUV,39.4,2020
1524,1456,Tata Tiago EV,Hatchback,24.0,2020
1525,1457,BYD Atto 3,SUV,60.5,2025
1526,1458,Mahindra BE 6,SUV,59.0,2025
1527,1459,Hyundai Kona Electric,SUV,39.2,2025
1528,1460,Mahindra BE 6,SUV,59.0,2021
1529,1461,BYD Atto 3,SUV,60.5,2020
1530,1462,BYD Atto 3,SUV,60.5,2023
1531,1463,Hyundai Kona Electric,SUV,39.2,2023
1532,1464,Kia EV6,SUV,77.4,2021
1533,1465,Mahindra XUV400,SUV,39.4,2022
1534,1466,Tata Tiago EV,Hatchback,24.0,2020
1535,1467,Tata Nexon EV,SUV,30.2,2021
1536,1468,MG ZS EV,SUV,50.3,2024
1537,1469,Mahindra XUV400,SUV,39.4,2022
1538,1470,Mahindra BE 6,SUV,59.0,2023
1539,1471,Tata Punch EV,Hatchback,35.0,2023
1540,1472,Kia EV6,SUV,77.4,2020
1541,1473,Kia EV6,SUV,77.4,2022
1542,1474,MG ZS EV,SUV,50.3,2022
1543,1475,Mahindra BE 6,SUV,59.0,2024
1544,1476,Tata Nexon EV,SUV,30.2,2023
1545,1477,Hyundai Ioniq 5,SUV,72.6,2022
1546,1478,Tata Punch EV,Hatchback,35.0,2024
1547,1479,Tata Punch EV,Hatchback,35.0,2021
1548,1480,Kia EV6,SUV,77.4,2022
1549,1481,MG ZS EV,SUV,50.3,2021
1550,1481,Hyundai Ioniq 5,SUV,72.6,2023
1551,1482,Hyundai Ioniq 5,SUV,72.6,2020
1552,1483,Tata Tiago EV,Hatchback,24.0,2024
1553,1484,Hyundai Ioniq 5,SUV,72.6,2025
1554,1485,Tata Nexon EV,SUV,30.2,2023
1555,1486,Tata Punch EV,Hatchback,35.0,2022
1556,1487,Tata Punch EV,Hatchback,35.0,2021
1557,1488,MG ZS EV,SUV,50.3,2022
1558,1489,Tata Nexon EV,SUV,30.2,2022
1559,1490,Tata Tiago EV,Hatchback,24.0,2020
1560,1491,BYD Atto 3,SUV,60.5,2024
1561,1492,Tata Nexon EV,SUV,30.2,2021
1562,1493,Tata Tiago EV,Hatchback,24.0,2021
1563,1494,Hyundai Ioniq 5,SUV,72.6,2022
1564,1495,Tata Nexon EV,SUV,30.2,2022
1565,1496,Hyundai Kona Electric,SUV,39.2,2022
1566,1497,MG ZS EV,SUV,50.3,2020
1567,1498,Tata Tiago EV,Hatchback,24.0,2025
1568,1499,Hyundai Kona Electric,SUV,39.2,2024
1569,1500,Tata Nexon EV,SUV,30.2,2024
1570,1501,Mahindra BE 6,SUV,59.0,2022
1571,1502,Mahindra BE 6,SUV,59.0,2022
1572,1503,Mahindra XUV400,SUV,39.4,2021
1573,1504,BYD Atto 3,SUV,60.5,2023
1574,1505,Hyundai Kona Electric,SUV,39.2,2022
1575,1506,MG ZS EV,SUV,50.3,2021
1576,1507,Mahindra BE 6,SUV,59.0,2021
1577,1508,Tata Punch EV,Hatchback,35.0,2021
1578,1509,Tata Nexon EV,SUV,30.2,2022
1579,1510,Hyundai Ioniq 5,SUV,72.6,2024
1580,1511,Tata Punch EV,Hatchback,35.0,2024
1581,1512,Tata Punch EV,Hatchback,35.0,2021
1582,1513,Hyundai Ioniq 5,SUV,72.6,2021
1583,1514,Tata Punch EV,Hatchback,35.0,2024
1584,1515,Tata Nexon EV,SUV,30.2,2024
1585,1516,BYD Atto 3,SUV,60.5,2023
1586,1517,Mahindra BE 6,SUV,59.0,2024
1587,1518,Hyundai Kona Electric,SUV,39.2,2025
1588,1518,Tata Punch EV,Hatchback,35.0,2023
1589,1519,BYD Atto 3,SUV,60.5,2023
1590,1520,Mahindra XUV400,SUV,39.4,2022
1591,1521,Mahindra XUV400,SUV,39.4,2024
1592,1522,Tata Tiago EV,Hatchback,24.0,2021
1593,1523,MG ZS EV,SUV,50.3,2021
1594,1524,Tata Nexon EV,SUV,30.2,2020
1595,1525,Mahindra BE 6,SUV,59.0,2021
1596,1525,Mahindra XUV400,SUV,39.4,2022
1597,1526,Kia EV6,SUV,77.4,2025
1598,1527,Mahindra XUV400,SUV,39.4,2024
1599,1528,MG ZS EV,SUV,50.3,2022
1600,1529,Tata Nexon EV,SUV,30.2,2020
1601,1530,Mahindra BE 6,SUV,59.0,2021
1602,1531,Tata Tiago EV,Hatchback,24.0,2024
1603,1532,Kia EV6,SUV,77.4,2025
1604,1533,Tata Nexon EV,SUV,30.2,2021
1605,1534,Hyundai Ioniq 5,SUV,72.6,2021
1606,1535,Tata Tiago EV,Hatchback,24.0,2024
1607,1536,Mahindra BE 6,SUV,59.0,2024
1608,1537,Hyundai Ioniq 5,SUV,72.6,2021
1609,1538,Kia EV6,SUV,77.4,2025
1610,1539,Hyundai Ioniq 5,SUV,72.6,2021
1611,1540,Tata Punch EV,Hatchback,35.0,2022
1612,1541,Mahindra BE 6,SUV,59.0,2022
1613,1542,Tata Tiago EV,Hatchback,24.0,2022
1614,1543,MG ZS EV,SUV,50.3,2020
1615,1544,Hyundai Kona Electric,SUV,39.2,2025
1616,1545,Hyundai Kona Electric,SUV,39.2,2022
1617,1546,Kia EV6,SUV,77.4,2025
1618,1547,Tata Tiago EV,Hatchback,24.0,2023
1619,1548,Tata Punch EV,Hatchback,35.0,2025
1620,1549,Tata Nexon EV,SUV,30.2,2022
1621,1550,Hyundai Ioniq 5,SUV,72.6,2021
1622,1551,Kia EV6,SUV,77.4,2022
1623,1552,Tata Punch EV,Hatchback,35.0,2021
1624,1553,Hyundai Kona Electric,SUV,39.2,2024
1625,1554,MG ZS EV,SUV,50.3,2024
1626,1555,BYD Atto 3,SUV,60.5,2023
1627,1556,Tata Punch EV,Hatchback,35.0,2020
1628,1557,BYD Atto 3,SUV,60.5,2025
1629,1558,Tata Nexon EV,SUV,30.2,2023
1630,1559,MG ZS EV,SUV,50.3,2020
1631,1560,MG ZS EV,SUV,50.3,2023
1632,1561,Mahindra XUV400,SUV,39.4,2025
1633,1562,Mahindra XUV400,SUV,39.4,2024
1634,1563,Tata Punch EV,Hatchback,35.0,2020
1635,1564,Tata Punch EV,Hatchback,35.0,2023
1636,1565,Hyundai Kona Electric,SUV,39.2,2021
1637,1566,Hyundai Kona Electric,SUV,39.2,2025
1638,1567,MG ZS EV,SUV,50.3,2020
1639,1568,Kia EV6,SUV,77.4,2022
1640,1569,Hyundai Ioniq 5,SUV,72.6,2022
1641,1570,Tata Tiago EV,Hatchback,24.0,2020
1642,1571,Hyundai Ioniq 5,SUV,72.6,2024
1643,1572,Kia EV6,SUV,77.4,2025
1644,1572,BYD Atto 3,SUV,60.5,2025
1645,1573,Kia EV6,SUV,77.4,2024
1646,1574,Tata Nexon EV,SUV,30.2,2024
1647,1575,Tata Nexon EV,SUV,30.2,2024
1648,1576,Mahindra XUV400,SUV,39.4,2022
1649,1577,MG ZS EV,SUV,50.3,2023
1650,1578,MG ZS EV,SUV,50.3,2024
1651,1579,Kia EV6,SUV,77.4,2025
1652,1580,Kia EV6,SUV,77.4,2023
1653,1581,Mahindra XUV400,SUV,39.4,2025
1654,1581,Tata Nexon EV,SUV,30.2,2025
1655,1582,BYD Atto 3,SUV,60.5,2023
1656,1582,Mahindra BE 6,SUV,59.0,2022
1657,1583,MG ZS EV,SUV,50.3,2020
1658,1584,Hyundai Ioniq 5,SUV,72.6,2024
1659,1585,Kia EV6,SUV,77.4,2021
1660,1586,Mahindra XUV400,SUV,39.4,2020
1661,1587,BYD Atto 3,SUV,60.5,2020
1662,1588,Hyundai Ioniq 5,SUV,72.6,2020
1663,1589,Tata Nexon EV,SUV,30.2,2021
1664,1590,Tata Punch EV,Hatchback,35.0,2021
1665,1591,BYD Atto 3,SUV,60.5,2020
1666,1591,Hyundai Kona Electric,SUV,39.2,2025
1667,1592,Tata Nexon EV,SUV,30.2,2024
1668,1593,Tata Punch EV,Hatchback,35.0,2021
1669,1594,MG ZS EV,SUV,50.3,2024
1670,1595,MG ZS EV,SUV,50.3,2024
1671,1596,Tata Nexon EV,SUV,30.2,2020
1672,1597,Hyundai Ioniq 5,SUV,72.6,2023
1673,1598,Hyundai Kona Electric,SUV,39.2,2022
1674,1599,Tata Punch EV,Hatchback,35.0,2020
1675,1600,MG ZS EV,SUV,50.3,2021
1676,1601,Tata Tiago EV,Hatchback,24.0,2021
1677,1602,MG ZS EV,SUV,50.3,2025
1678,1603,BYD Atto 3,SUV,60.5,2020
1679,1604,Mahindra XUV400,SUV,39.4,2021
1680,1605,BYD Atto 3,SUV,60.5,2020
1681,1606,Tata Punch EV,Hatchback,35.0,2024
1682,1607,Hyundai Ioniq 5,SUV,72.6,2021
1683,1608,Hyundai Kona Electric,SUV,39.2,2024
1684,1608,Tata Nexon EV,SUV,30.2,2025
1685,1609,Hyundai Kona Electric,SUV,39.2,2025
1686,1610,Tata Tiago EV,Hatchback,24.0,2021
1687,1611,Kia EV6,SUV,77.4,2020
1688,1612,Hyundai Ioniq 5,SUV,72.6,2023
1689,1613,Mahindra XUV400,SUV,39.4,2024
1690,1614,Hyundai Ioniq 5,SUV,72.6,2025
1691,1615,Mahindra BE 6,SUV,59.0,2021
1692,1615,Tata Punch EV,Hatchback,35.0,2025
1693,1616,Hyundai Ioniq 5,SUV,72.6,2025
1694,1617,Tata Tiago EV,Hatchback,24.0,2022
1695,1618,Kia EV6,SUV,77.4,2021
1696,1618,BYD Atto 3,SUV,60.5,2022
1697,1619,Mahindra BE 6,SUV,59.0,2021
1698,1620,BYD Atto 3,SUV,60.5,2022
1699,1621,Tata Nexon EV,SUV,30.2,2021
1700,1622,Hyundai Kona Electric,SUV,39.2,2023
1701,1623,Tata Punch EV,Hatchback,35.0,2020
1702,1624,Hyundai Kona Electric,SUV,39.2,2021
1703,1625,Tata Tiago EV,Hatchback,24.0,2021
1704,1626,MG ZS EV,SUV,50.3,2021
1705,1627,Hyundai Ioniq 5,SUV,72.6,2023
1706,1628,Tata Nexon EV,SUV,30.2,2020
1707,1629,Tata Tiago EV,Hatchback,24.0,2022
1708,1630,Hyundai Kona Electric,SUV,39.2,2023
1709,1631,Mahindra XUV400,SUV,39.4,2023
1710,1632,Mahindra XUV400,SUV,39.4,2023
1711,1632,Hyundai Kona Electric,SUV,39.2,2024
1712,1633,MG ZS EV,SUV,50.3,2025
1713,1634,MG ZS EV,SUV,50.3,2021
1714,1635,Mahindra BE 6,SUV,59.0,2025
1715,1636,Tata Tiago EV,Hatchback,24.0,2024
1716,1637,Mahindra BE 6,SUV,59.0,2020
1717,1638,BYD Atto 3,SUV,60.5,2021
1718,1639,Mahindra BE 6,SUV,59.0,2020
1719,1640,Hyundai Kona Electric,SUV,39.2,2023
1720,1641,Mahindra XUV400,SUV,39.4,2020
1721,1642,Hyundai Kona Electric,SUV,39.2,2020
1722,1643,Tata Tiago EV,Hatchback,24.0,2022
1723,1644,Mahindra BE 6,SUV,59.0,2020
1724,1645,Mahindra BE 6,SUV,59.0,2025
1725,1646,Tata Tiago EV,Hatchback,24.0,2022
1726,1647,Kia EV6,SUV,77.4,2020
1727,1648,Tata Tiago EV,Hatchback,24.0,2024
1728,1649,Hyundai Ioniq 5,SUV,72.6,2022
1729,1650,MG ZS EV,SUV,50.3,2022
1730,1651,Tata Nexon EV,SUV,30.2,2023
1731,1652,Tata Nexon EV,SUV,30.2,2022
1732,1653,Tata Punch EV,Hatchback,35.0,2024
1733,1654,Mahindra XUV400,SUV,39.4,2021
1734,1655,Tata Nexon EV,SUV,30.2,2025
1735,1656,MG ZS EV,SUV,50.3,2023
1736,1657,Mahindra BE 6,SUV,59.0,2023
1737,1658,Tata Nexon EV,SUV,30.2,2023
1738,1659,Hyundai Kona Electric,SUV,39.2,2024
1739,1660,Tata Punch EV,Hatchback,35.0,2025
1740,1661,Tata Tiago EV,Hatchback,24.0,2021
1741,1662,BYD Atto 3,SUV,60.5,2020
1742,1663,Tata Tiago EV,Hatchback,24.0,2025
1743,1664,Tata Nexon EV,SUV,30.2,2025
1744,1665,Hyundai Kona Electric,SUV,39.2,2023
1745,1666,BYD Atto 3,SUV,60.5,2025
1746,1667,Tata Tiago EV,Hatchback,24.0,2021
1747,1668,BYD Atto 3,SUV,60.5,2020
1748,1669,Kia EV6,SUV,77.4,2023
1749,1670,Hyundai Kona Electric,SUV,39.2,2023
1750,1671,Tata Nexon EV,SUV,30.2,2025
1751,1672,Tata Tiago EV,Hatchback,24.0,2025
1752,1673,Tata Nexon EV,SUV,30.2,2023
1753,1674,Tata Punch EV,Hatchback,35.0,2025
1754,1675,Hyundai Kona Electric,SUV,39.2,2023
1755,1676,Tata Nexon EV,SUV,30.2,2020
1756,1677,Tata Tiago EV,Hatchback,24.0,2024
1757,1678,Hyundai Ioniq 5,SUV,72.6,2020
1758,1679,MG ZS EV,SUV,50.3,2020
1759,1680,Kia EV6,SUV,77.4,2023
1760,1681,BYD Atto 3,SUV,60.5,2025
1761,1682,BYD Atto 3,SUV,60.5,2024
1762,1683,Mahindra XUV400,SUV,39.4,2025
1763,1684,Hyundai Kona Electric,SUV,39.2,2023
1764,1685,Hyundai Kona Electric,SUV,39.2,2023
1765,1686,Tata Punch EV,Hatchback,35.0,2024
1766,1687,Tata Punch EV,Hatchback,35.0,2023
1767,1688,Mahindra XUV400,SUV,39.4,2025
1768,1689,Tata Punch EV,Hatchback,35.0,2024
1769,1690,Hyundai Ioniq 5,SUV,72.6,2025
1770,1691,Tata Nexon EV,SUV,30.2,2025
1771,1691,MG ZS EV,SUV,50.3,2022
1772,1692,Tata Punch EV,Hatchback,35.0,2022
1773,1693,MG ZS EV,SUV,50.3,2024
1774,1694,Mahindra XUV400,SUV,39.4,2020
1775,1695,Tata Nexon EV,SUV,30.2,2021
1776,1696,Mahindra BE 6,SUV,59.0,2022
1777,1697,Mahindra XUV400,SUV,39.4,2024
1778,1698,BYD Atto 3,SUV,60.5,2023
1779,1699,MG ZS EV,SUV,50.3,2022
1780,1700,Hyundai Kona Electric,SUV,39.2,2022
1781,1701,Mahindra XUV400,SUV,39.4,2021
1782,1702,Tata Tiago EV,Hatchback,24.0,2025
1783,1703,MG ZS EV,SUV,50.3,2023
1784,1704,Mahindra XUV400,SUV,39.4,2022
1785,1705,Kia EV6,SUV,77.4,2023
1786,1706,Mahindra BE 6,SUV,59.0,2023
1787,1707,Kia EV6,SUV,77.4,2020
1788,1708,Mahindra BE 6,SUV,59.0,2024
1789,1709,Hyundai Kona Electric,SUV,39.2,2022
1790,1710,MG ZS EV,SUV,50.3,2020
1791,1711,Kia EV6,SUV,77.4,2024
1792,1712,Tata Punch EV,Hatchback,35.0,2022
1793,1713,Hyundai Ioniq 5,SUV,72.6,2022
1794,1714,Kia EV6,SUV,77.4,2025
1795,1715,Hyundai Ioniq 5,SUV,72.6,2024
1796,1716,Mahindra XUV400,SUV,39.4,2025
1797,1717,Tata Nexon EV,SUV,30.2,2024
1798,1718,Tata Punch EV,Hatchback,35.0,2021
1799,1718,MG ZS EV,SUV,50.3,2024
1800,1719,Mahindra BE 6,SUV,59.0,2022
1801,1720,BYD Atto 3,SUV,60.5,2023
1802,1721,Tata Punch EV,Hatchback,35.0,2023
1803,1722,Mahindra BE 6,SUV,59.0,2024
1804,1723,BYD Atto 3,SUV,60.5,2020
1805,1724,Tata Tiago EV,Hatchback,24.0,2025
1806,1725,Kia EV6,SUV,77.4,2024
1807,1726,MG ZS EV,SUV,50.3,2024
1808,1727,Hyundai Kona Electric,SUV,39.2,2023
1809,1728,Tata Punch EV,Hatchback,35.0,2025
1810,1729,Mahindra BE 6,SUV,59.0,2021
1811,1730,Tata Nexon EV,SUV,30.2,2024
1812,1731,Hyundai Ioniq 5,SUV,72.6,2023
1813,1732,Kia EV6,SUV,77.4,2023
1814,1733,Tata Tiago EV,Hatchback,24.0,2023
1815,1734,Mahindra BE 6,SUV,59.0,2025
1816,1735,BYD Atto 3,SUV,60.5,2024
1817,1735,Tata Punch EV,Hatchback,35.0,2025
1818,1736,Tata Punch EV,Hatchback,35.0,2022
1819,1737,Hyundai Ioniq 5,SUV,72.6,2025
1820,1738,BYD Atto 3,SUV,60.5,2022
1821,1739,Tata Punch EV,Hatchback,35.0,2020
1822,1740,Mahindra BE 6,SUV,59.0,2020
1823,1741,MG ZS EV,SUV,50.3,2021
1824,1742,Tata Nexon EV,SUV,30.2,2022
1825,1743,Mahindra XUV400,SUV,39.4,2022
1826,1744,Tata Punch EV,Hatchback,35.0,2020
1827,1745,Tata Nexon EV,SUV,30.2,2021
1828,1746,Tata Punch EV,Hatchback,35.0,2024
1829,1747,MG ZS EV,SUV,50.3,2020
1830,1748,Tata Nexon EV,SUV,30.2,2022
1831,1748,Tata Punch EV,Hatchback,35.0,2021
1832,1749,Mahindra XUV400,SUV,39.4,2022
1833,1750,Hyundai Kona Electric,SUV,39.2,2020
1834,1751,Hyundai Kona Electric,SUV,39.2,2023
1835,1752,Hyundai Ioniq 5,SUV,72.6,2025
1836,1753,Kia EV6,SUV,77.4,2025
1837,1754,Hyundai Kona Electric,SUV,39.2,2020
1838,1755,Tata Punch EV,Hatchback,35.0,2020
1839,1756,Hyundai Kona Electric,SUV,39.2,2023
1840,1757,MG ZS EV,SUV,50.3,2020
1841,1758,Kia EV6,SUV,77.4,2021
1842,1759,Tata Punch EV,Hatchback,35.0,2022
1843,1760,Hyundai Ioniq 5,SUV,72.6,2024
1844,1761,Tata Nexon EV,SUV,30.2,2021
1845,1762,Hyundai Ioniq 5,SUV,72.6,2020
1846,1763,Mahindra BE 6,SUV,59.0,2024
1847,1764,Tata Nexon EV,SUV,30.2,2023
1848,1765,Tata Punch EV,Hatchback,35.0,2025
1849,1766,Tata Nexon EV,SUV,30.2,2021
1850,1767,Tata Nexon EV,SUV,30.2,2022
1851,1768,Hyundai Ioniq 5,SUV,72.6,2025
1852,1769,Hyundai Ioniq 5,SUV,72.6,2025
1853,1770,Hyundai Ioniq 5,SUV,72.6,2024
1854,1771,MG ZS EV,SUV,50.3,2023
1855,1772,MG ZS EV,SUV,50.3,2023
1856,1773,BYD Atto 3,SUV,60.5,2024
1857,1774,Hyundai Kona Electric,SUV,39.2,2024
1858,1775,Kia EV6,SUV,77.4,2022
1859,1776,MG ZS EV,SUV,50.3,2022
1860,1777,BYD Atto 3,SUV,60.5,2024
1861,1778,BYD Atto 3,SUV,60.5,2025
1862,1779,Hyundai Kona Electric,SUV,39.2,2020
1863,1780,Hyundai Ioniq 5,SUV,72.6,2021
1864,1781,Tata Tiago EV,Hatchback,24.0,2021
1865,1782,Tata Nexon EV,SUV,30.2,2023
1866,1783,Hyundai Kona Electric,SUV,39.2,2021
1867,1784,Tata Nexon EV,SUV,30.2,2020
1868,1785,Tata Tiago EV,Hatchback,24.0,2022
1869,1786,Tata Tiago EV,Hatchback,24.0,2021
1870,1787,Hyundai Kona Electric,SUV,39.2,2020
1871,1788,Tata Nexon EV,SUV,30.2,2023
1872,1789,Kia EV6,SUV,77.4,2023
1873,1790,Hyundai Ioniq 5,SUV,72.6,2024
1874,1791,Mahindra BE 6,SUV,59.0,2020
1875,1792,Hyundai Ioniq 5,SUV,72.6,2020
1876,1792,Mahindra XUV400,SUV,39.4,2021
1877,1793,Tata Tiago EV,Hatchback,24.0,2020
1878,1794,Kia EV6,SUV,77.4,2020
1879,1795,Mahindra XUV400,SUV,39.4,2022
1880,1796,Mahindra XUV400,SUV,39.4,2020
1881,1797,BYD Atto 3,SUV,60.5,2025
1882,1798,Tata Nexon EV,SUV,30.2,2020
1883,1799,BYD Atto 3,SUV,60.5,2023
1884,1800,Kia EV6,SUV,77.4,2020
1885,1801,Hyundai Kona Electric,SUV,39.2,2020
1886,1802,MG ZS EV,SUV,50.3,2024
1887,1803,Tata Punch EV,Hatchback,35.0,2024
1888,1804,Hyundai Kona Electric,SUV,39.2,2022
1889,1805,Tata Punch EV,Hatchback,35.0,2021
1890,1806,Tata Nexon EV,SUV,30.2,2022
1891,1806,Tata Nexon EV,SUV,30.2,2020
1892,1807,Tata Punch EV,Hatchback,35.0,2020
1893,1808,Mahindra BE 6,SUV,59.0,2022
1894,1809,Tata Punch EV,Hatchback,35.0,2020
1895,1810,Tata Nexon EV,SUV,30.2,2025
1896,1811,Mahindra BE 6,SUV,59.0,2022
1897,1812,Hyundai Kona Electric,SUV,39.2,2023
1898,1813,Hyundai Ioniq 5,SUV,72.6,2025
1899,1814,Hyundai Ioniq 5,SUV,72.6,2020
1900,1815,Mahindra BE 6,SUV,59.0,2023
1901,1816,Mahindra XUV400,SUV,39.4,2020
1902,1817,Tata Tiago EV,Hatchback,24.0,2020
1903,1818,Tata Nexon EV,SUV,30.2,2025
1904,1819,MG ZS EV,SUV,50.3,2022
1905,1820,Kia EV6,SUV,77.4,2025
1906,1821,MG ZS EV,SUV,50.3,2025
1907,1822,Hyundai Kona Electric,SUV,39.2,2023
1908,1823,Mahindra XUV400,SUV,39.4,2024
1909,1824,Tata Punch EV,Hatchback,35.0,2022
1910,1825,Hyundai Kona Electric,SUV,39.2,2024
1911,1826,Mahindra BE 6,SUV,59.0,2021
1912,1827,MG ZS EV,SUV,50.3,2024
1913,1828,Hyundai Ioniq 5,SUV,72.6,2020
1914,1829,BYD Atto 3,SUV,60.5,2024
1915,1830,Kia EV6,SUV,77.4,2021
1916,1831,BYD Atto 3,SUV,60.5,2025
1917,1832,BYD Atto 3,SUV,60.5,2025
1918,1833,Mahindra BE 6,SUV,59.0,2023
1919,1834,Tata Nexon EV,SUV,30.2,2021
1920,1835,Kia EV6,SUV,77.4,2022
1921,1836,Tata Tiago EV,Hatchback,24.0,2020
1922,1837,MG ZS EV,SUV,50.3,2022
1923,1838,Mahindra XUV400,SUV,39.4,2022
1924,1839,BYD Atto 3,SUV,60.5,2023
1925,1840,Tata Tiago EV,Hatchback,24.0,2020
1926,1841,Kia EV6,SUV,77.4,2023
1927,1842,BYD Atto 3,SUV,60.5,2022
1928,1843,BYD Atto 3,SUV,60.5,2025
1929,1844,Hyundai Ioniq 5,SUV,72.6,2024
1930,1845,Hyundai Kona Electric,SUV,39.2,2023
1931,1846,Mahindra XUV400,SUV,39.4,2024
1932,1847,Hyundai Ioniq 5,SUV,72.6,2021
1933,1848,Tata Tiago EV,Hatchback,24.0,2024
1934,1849,BYD Atto 3,SUV,60.5,2022
1935,1850,Tata Punch EV,Hatchback,35.0,2020
1936,1851,Mahindra BE 6,SUV,59.0,2020
1937,1852,Hyundai Ioniq 5,SUV,72.6,2023
1938,1853,Tata Nexon EV,SUV,30.2,2021
1939,1854,MG ZS EV,SUV,50.3,2024
1940,1855,BYD Atto 3,SUV,60.5,2023
1941,1856,Tata Nexon EV,SUV,30.2,2022
1942,1857,Mahindra BE 6,SUV,59.0,2022
1943,1858,Hyundai Ioniq 5,SUV,72.6,2025
1944,1859,Hyundai Kona Electric,SUV,39.2,2024
1945,1860,Kia EV6,SUV,77.4,2025
1946,1861,MG ZS EV,SUV,50.3,2023
1947,1862,Tata Punch EV,Hatchback,35.0,2022
1948,1863,Hyundai Kona Electric,SUV,39.2,2025
1949,1864,Tata Nexon EV,SUV,30.2,2025
1950,1865,Tata Nexon EV,SUV,30.2,2021
1951,1866,Kia EV6,SUV,77.4,2023
1952,1867,BYD Atto 3,SUV,60.5,2020
1953,1868,Kia EV6,SUV,77.4,2020
1954,1869,BYD Atto 3,SUV,60.5,2022
1955,1870,Mahindra BE 6,SUV,59.0,2025
1956,1871,BYD Atto 3,SUV,60.5,2022
1957,1872,Mahindra BE 6,SUV,59.0,2023
1958,1873,Tata Punch EV,Hatchback,35.0,2022
1959,1874,Hyundai Kona Electric,SUV,39.2,2023
1960,1875,MG ZS EV,SUV,50.3,2025
1961,1876,Hyundai Ioniq 5,SUV,72.6,2024
1962,1877,BYD Atto 3,SUV,60.5,2024
1963,1878,Mahindra XUV400,SUV,39.4,2020
1964,1879,Mahindra XUV400,SUV,39.4,2020
1965,1880,Hyundai Kona Electric,SUV,39.2,2021
1966,1881,BYD Atto 3,SUV,60.5,2020
1967,1882,Tata Tiago EV,Hatchback,24.0,2025
1968,1883,Kia EV6,SUV,77.4,2021
1969,1884,Tata Tiago EV,Hatchback,24.0,2024
1970,1885,Tata Punch EV,Hatchback,35.0,2023
1971,1885,Tata Nexon EV,SUV,30.2,2023
1972,1886,Hyundai Ioniq 5,SUV,72.6,2025
1973,1887,Tata Punch EV,Hatchback,35.0,2022
1974,1888,Kia EV6,SUV,77.4,2022
1975,1889,Mahindra BE 6,SUV,59.0,2020
1976,1890,Tata Nexon EV,SUV,30.2,2025
1977,1890,MG ZS EV,SUV,50.3,2025
1978,1891,Tata Punch EV,Hatchback,35.0,2025
1979,1892,Hyundai Kona Electric,SUV,39.2,2020
1980,1893,BYD Atto 3,SUV,60.5,2022
1981,1894,Hyundai Kona Electric,SUV,39.2,2021
1982,1895,Hyundai Kona Electric,SUV,39.2,2020
1983,1896,Kia EV6,SUV,77.4,2022
1984,1897,Mahindra XUV400,SUV,39.4,2020
1985,1898,Tata Tiago EV,Hatchback,24.0,2022
1986,1898,Tata Tiago EV,Hatchback,24.0,2023
1987,1899,Tata Tiago EV,Hatchback,24.0,2022
1988,1900,Mahindra BE 6,SUV,59.0,2024
1989,1901,BYD Atto 3,SUV,60.5,2025
1990,1902,MG ZS EV,SUV,50.3,2021
1991,1903,BYD Atto 3,SUV,60.5,2023
1992,1903,Tata Tiago EV,Hatchback,24.0,2025
1993,1904,BYD Atto 3,SUV,60.5,2020
1994,1905,Tata Nexon EV,SUV,30.2,2021
1995,1906,Mahindra BE 6,SUV,59.0,2025
1996,1907,Tata Nexon EV,SUV,30.2,2022
1997,1908,Tata Punch EV,Hatchback,35.0,2025
1998,1909,Tata Tiago EV,Hatchback,24.0,2020
1999,1910,MG ZS EV,SUV,50.3,2022
2000,1911,Tata Punch EV,Hatchback,35.0,2024
2001,1912,BYD Atto 3,SUV,60.5,2022
2002,1913,Hyundai Kona Electric,SUV,39.2,2023
2003,1914,Mahindra BE 6,SUV,59.0,2025
2004,1915,Tata Nexon EV,SUV,30.2,2020
2005,1916,MG ZS EV,SUV,50.3,2020
2006,1917,Tata Punch EV,Hatchback,35.0,2024
2007,1918,Hyundai Ioniq 5,SUV,72.6,2025
2008,1919,Tata Punch EV,Hatchback,35.0,2020
2009,1920,MG ZS EV,SUV,50.3,2023
2010,1921,Mahindra XUV400,SUV,39.4,2020
2011,1922,Mahindra BE 6,SUV,59.0,2021
2012,1923,Hyundai Kona Electric,SUV,39.2,2023
2013,1924,Tata Tiago EV,Hatchback,24.0,2023
2014,1925,BYD Atto 3,SUV,60.5,2020
2015,1926,BYD Atto 3,SUV,60.5,2023
2016,1927,Hyundai Kona Electric,SUV,39.2,2020
2017,1928,Tata Nexon EV,SUV,30.2,2025
2018,1929,BYD Atto 3,SUV,60.5,2025
2019,1930,Kia EV6,SUV,77.4,2025
2020,1931,Tata Punch EV,Hatchback,35.0,2023
2021,1931,Hyundai Kona Electric,SUV,39.2,2024
2022,1932,Kia EV6,SUV,77.4,2020
2023,1933,Hyundai Kona Electric,SUV,39.2,2021
2024,1934,BYD Atto 3,SUV,60.5,2025
2025,1935,Tata Nexon EV,SUV,30.2,2025
2026,1936,Mahindra BE 6,SUV,59.0,2024
2027,1937,Tata Punch EV,Hatchback,35.0,2020
2028,1938,Tata Nexon EV,SUV,30.2,2020
2029,1939,Mahindra XUV400,SUV,39.4,2021
2030,1940,Hyundai Kona Electric,SUV,39.2,2024
2031,1941,Hyundai Ioniq 5,SUV,72.6,2023
2032,1942,Tata Tiago EV,Hatchback,24.0,2020
2033,1943,Tata Tiago EV,Hatchback,24.0,2024
2034,1944,Mahindra XUV400,SUV,39.4,2024
2035,1945,Tata Nexon EV,SUV,30.2,2020
2036,1945,Hyundai Ioniq 5,SUV,72.6,2022
2037,1946,Hyundai Ioniq 5,SUV,72.6,2023
2038,1947,Mahindra BE 6,SUV,59.0,2025
2039,1948,Hyundai Ioniq 5,SUV,72.6,2020
2040,1949,Hyundai Ioniq 5,SUV,72.6,2021
2041,1950,Tata Punch EV,Hatchback,35.0,2024
2042,1951,Hyundai Kona Electric,SUV,39.2,2023
2043,1952,Tata Nexon EV,SUV,30.2,2024
2044,1953,Hyundai Ioniq 5,SUV,72.6,2024
2045,1954,Mahindra XUV400,SUV,39.4,2020
2046,1955,Mahindra BE 6,SUV,59.0,2020
2047,1956,Kia EV6,SUV,77.4,2025
2048,1957,BYD Atto 3,SUV,60.5,2021
2049,1958,Hyundai Kona Electric,SUV,39.2,2024
2050,1959,Mahindra XUV400,SUV,39.4,2024
2051,1960,MG ZS EV,SUV,50.3,2024
2052,1961,Hyundai Kona Electric,SUV,39.2,2021
2053,1962,Tata Punch EV,Hatchback,35.0,2023
2054,1963,Kia EV6,SUV,77.4,2023
2055,1964,Tata Tiago EV,Hatchback,24.0,2025
2056,1965,MG ZS EV,SUV,50.3,2020
2057,1966,Kia EV6,SUV,77.4,2025
2058,1967,Mahindra XUV400,SUV,39.4,2020
2059,1968,BYD Atto 3,SUV,60.5,2025
2060,1969,BYD Atto 3,SUV,60.5,2023
2061,1970,Kia EV6,SUV,77.4,2023
2062,1971,Mahindra BE 6,SUV,59.0,2020
2063,1971,Kia EV6,SUV,77.4,2020
2064,1972,Mahindra XUV400,SUV,39.4,2022
2065,1973,Tata Tiago EV,Hatchback,24.0,2020
2066,1974,MG ZS EV,SUV,50.3,2024
2067,1975,Hyundai Kona Electric,SUV,39.2,2023
2068,1976,MG ZS EV,SUV,50.3,2021
2069,1977,BYD Atto 3,SUV,60.5,2020
2070,1978,Tata Tiago EV,Hatchback,24.0,2022
2071,1979,Tata Punch EV,Hatchback,35.0,2024
2072,1980,Hyundai Kona Electric,SUV,39.2,2024
2073,1981,Hyundai Ioniq 5,SUV,72.6,2023
2074,1982,BYD Atto 3,SUV,60.5,2022
2075,1983,Mahindra BE 6,SUV,59.0,2025
2076,1984,Hyundai Kona Electric,SUV,39.2,2022
2077,1985,Hyundai Ioniq 5,SUV,72.6,2020
2078,1986,BYD Atto 3,SUV,60.5,2020
2079,1987,Hyundai Kona Electric,SUV,39.2,2025
2080,1988,Mahindra BE 6,SUV,59.0,2023
2081,1989,Mahindra BE 6,SUV,59.0,2022
2082,1990,Tata Tiago EV,Hatchback,24.0,2022
2083,1991,Mahindra XUV400,SUV,39.4,2020
2084,1992,Tata Tiago EV,Hatchback,24.0,2025
2085,1993,Mahindra XUV400,SUV,39.4,2023
2086,1994,Tata Tiago EV,Hatchback,24.0,2024
2087,1995,Mahindra BE 6,SUV,59.0,2021
2088,1996,Kia EV6,SUV,77.4,2023
2089,1997,MG ZS EV,SUV,50.3,2025
2090,1998,Hyundai Ioniq 5,SUV,72.6,2021
2091,1999,Hyundai Kona Electric,SUV,39.2,2025
2092,2000,Tata Nexon EV,SUV,30.2,2020
2093,2001,Mahindra XUV400,SUV,39.4,2023
2094,2002,Hyundai Kona Electric,SUV,39.2,2022
2095,2003,BYD Atto 3,SUV,60.5,2024
2096,2004,Hyundai Kona Electric,SUV,39.2,2025
2097,2005,BYD Atto 3,SUV,60.5,2025
2098,2006,Hyundai Ioniq 5,SUV,72.6,2020
2099,2007,Mahindra BE 6,SUV,59.0,2023
2100,2008,Tata Punch EV,Hatchback,35.0,2024
2101,2009,Tata Tiago EV,Hatchback,24.0,2024
2102,2010,MG ZS EV,SUV,50.3,2021
2103,2011,MG ZS EV,SUV,50.3,2025
2104,2012,Tata Punch EV,Hatchback,35.0,2025
2105,2013,Tata Tiago EV,Hatchback,24.0,2024
2106,2014,BYD Atto 3,SUV,60.5,2021
2107,2015,MG ZS EV,SUV,50.3,2024
2108,2016,Hyundai Ioniq 5,SUV,72.6,2020
2109,2017,BYD Atto 3,SUV,60.5,2021
2110,2018,MG ZS EV,SUV,50.3,2022
2111,2019,Tata Nexon EV,SUV,30.2,2025
2112,2020,Hyundai Ioniq 5,SUV,72.6,2024
2113,2021,Mahindra XUV400,SUV,39.4,2021
2114,2022,Tata Punch EV,Hatchback,35.0,2025
2115,2023,Mahindra XUV400,SUV,39.4,2025
2116,2024,Tata Tiago EV,Hatchback,24.0,2022
2117,2025,Hyundai Kona Electric,SUV,39.2,2021
2118,2026,BYD Atto 3,SUV,60.5,2024
2119,2027,Hyundai Ioniq 5,SUV,72.6,2023
2120,2028,Mahindra BE 6,SUV,59.0,2024
2121,2029,Kia EV6,SUV,77.4,2021
2122,2030,BYD Atto 3,SUV,60.5,2020
2123,2031,Tata Punch EV,Hatchback,35.0,2023
2124,2032,Tata Nexon EV,SUV,30.2,2024
2125,2033,Hyundai Ioniq 5,SUV,72.6,2021
2126,2034,Hyundai Ioniq 5,SUV,72.6,2020
2127,2035,Mahindra XUV400,SUV,39.4,2021
2128,2036,Mahindra BE 6,SUV,59.0,2020
2129,2036,Mahindra BE 6,SUV,59.0,2025
2130,2037,Kia EV6,SUV,77.4,2020
2131,2038,Mahindra XUV400,SUV,39.4,2024
2132,2039,Mahindra BE 6,SUV,59.0,2022
2133,2040,Mahindra XUV400,SUV,39.4,2025
2134,2041,Hyundai Kona Electric,SUV,39.2,2021
2135,2042,Tata Punch EV,Hatchback,35.0,2022
2136,2043,MG ZS EV,SUV,50.3,2025
2137,2044,Kia EV6,SUV,77.4,2023
2138,2045,Mahindra XUV400,SUV,39.4,2022
2139,2046,Tata Nexon EV,SUV,30.2,2024
2140,2047,Tata Punch EV,Hatchback,35.0,2021
2141,2048,Tata Tiago EV,Hatchback,24.0,2023
2142,2049,Hyundai Kona Electric,SUV,39.2,2022
2143,2050,Kia EV6,SUV,77.4,2024
2144,2051,BYD Atto 3,SUV,60.5,2024
2145,2052,BYD Atto 3,SUV,60.5,2023
2146,2053,Tata Punch EV,Hatchback,35.0,2025
2147,2054,Mahindra XUV400,SUV,39.4,2022
2148,2055,Tata Punch EV,Hatchback,35.0,2021
2149,2056,Mahindra BE 6,SUV,59.0,2020
2150,2057,Kia EV6,SUV,77.4,2020
2151,2058,Hyundai Kona Electric,SUV,39.2,2025
2152,2059,Tata Punch EV,Hatchback,35.0,2021
2153,2060,Kia EV6,SUV,77.4,2021
2154,2061,Hyundai Ioniq 5,SUV,72.6,2024
2155,2062,Kia EV6,SUV,77.4,2020
2156,2063,Hyundai Ioniq 5,SUV,72.6,2025
2157,2064,Mahindra XUV400,SUV,39.4,2025
2158,2065,Tata Nexon EV,SUV,30.2,2020
2159,2065,Tata Nexon EV,SUV,30.2,2024
2160,2066,BYD Atto 3,SUV,60.5,2025
2161,2067,Hyundai Kona Electric,SUV,39.2,2023
2162,2068,Tata Nexon EV,SUV,30.2,2023
2163,2069,Kia EV6,SUV,77.4,2020
2164,2070,Kia EV6,SUV,77.4,2025
2165,2071,Mahindra XUV400,SUV,39.4,2022
2166,2072,Hyundai Ioniq 5,SUV,72.6,2025
2167,2073,Tata Nexon EV,SUV,30.2,2025
2168,2074,Mahindra BE 6,SUV,59.0,2024
2169,2075,Mahindra BE 6,SUV,59.0,2023
2170,2076,Hyundai Ioniq 5,SUV,72.6,2024
2171,2077,MG ZS EV,SUV,50.3,2025
2172,2078,BYD Atto 3,SUV,60.5,2024
2173,2079,BYD Atto 3,SUV,60.5,2021
2174,2080,Kia EV6,SUV,77.4,2021
2175,2081,Mahindra BE 6,SUV,59.0,2023
2176,2082,Tata Tiago EV,Hatchback,24.0,2025
2177,2083,Tata Punch EV,Hatchback,35.0,2021
2178,2084,BYD Atto 3,SUV,60.5,2022
2179,2085,BYD Atto 3,SUV,60.5,2024
2180,2086,Mahindra BE 6,SUV,59.0,2024
2181,2087,MG ZS EV,SUV,50.3,2020
2182,2088,Tata Tiago EV,Hatchback,24.0,2024
2183,2089,Tata Punch EV,Hatchback,35.0,2025
2184,2090,MG ZS EV,SUV,50.3,2022
2185,2091,Kia EV6,SUV,77.4,2025
2186,2092,Tata Punch EV,Hatchback,35.0,2025
2187,2093,Tata Nexon EV,SUV,30.2,2024
2188,2094,Tata Nexon EV,SUV,30.2,2020
2189,2095,Hyundai Ioniq 5,SUV,72.6,2021
2190,2096,Kia EV6,SUV,77.4,2020
2191,2096,Hyundai Kona Electric,SUV,39.2,2021
2192,2097,BYD Atto 3,SUV,60.5,2024
2193,2098,Mahindra XUV400,SUV,39.4,2023
2194,2099,Hyundai Kona Electric,SUV,39.2,2022
2195,2100,MG ZS EV,SUV,50.3,2023
2196,2101,Tata Punch EV,Hatchback,35.0,2022
2197,2102,Hyundai Kona Electric,SUV,39.2,2025
2198,2103,MG ZS EV,SUV,50.3,2023
2199,2104,MG ZS EV,SUV,50.3,2023
2200,2104,Kia EV6,SUV,77.4,2025
2201,2105,Tata Nexon EV,SUV,30.2,2025
2202,2106,BYD Atto 3,SUV,60.5,2020
2203,2107,BYD Atto 3,SUV,60.5,2022
2204,2108,Kia EV6,SUV,77.4,2022
2205,2109,Tata Tiago EV,Hatchback,24.0,2023
2206,2110,Mahindra BE 6,SUV,59.0,2024
2207,2111,Tata Nexon EV,SUV,30.2,2022
2208,2112,Tata Tiago EV,Hatchback,24.0,2025
2209,2113,Kia EV6,SUV,77.4,2020
2210,2114,Tata Punch EV,Hatchback,35.0,2023
2211,2115,Hyundai Kona Electric,SUV,39.2,2022
2212,2116,MG ZS EV,SUV,50.3,2021
2213,2117,Tata Punch EV,Hatchback,35.0,2020
2214,2118,Tata Nexon EV,SUV,30.2,2025
2215,2119,Kia EV6,SUV,77.4,2021
2216,2120,Mahindra BE 6,SUV,59.0,2020
2217,2121,Mahindra BE 6,SUV,59.0,2025
2218,2122,Kia EV6,SUV,77.4,2022
2219,2123,BYD Atto 3,SUV,60.5,2025
2220,2124,MG ZS EV,SUV,50.3,2023
2221,2125,Kia EV6,SUV,77.4,2020
2222,2126,Hyundai Ioniq 5,SUV,72.6,2025
2223,2127,Mahindra BE 6,SUV,59.0,2024
2224,2128,BYD Atto 3,SUV,60.5,2021
2225,2128,Hyundai Kona Electric,SUV,39.2,2024
2226,2129,BYD Atto 3,SUV,60.5,2022
2227,2130,MG ZS EV,SUV,50.3,2021
2228,2131,Tata Nexon EV,SUV,30.2,2021
2229,2132,Tata Punch EV,Hatchback,35.0,2022
2230,2133,Mahindra XUV400,SUV,39.4,2024
2231,2134,Tata Punch EV,Hatchback,35.0,2023
2232,2135,BYD Atto 3,SUV,60.5,2023
2233,2136,Tata Nexon EV,SUV,30.2,2021
2234,2137,Mahindra XUV400,SUV,39.4,2022
2235,2138,MG ZS EV,SUV,50.3,2021
2236,2139,MG ZS EV,SUV,50.3,2021
2237,2140,Tata Punch EV,Hatchback,35.0,2020
2238,2141,Tata Tiago EV,Hatchback,24.0,2020
2239,2142,Tata Punch EV,Hatchback,35.0,2023
2240,2143,Tata Nexon EV,SUV,30.2,2021
2241,2144,Hyundai Kona Electric,SUV,39.2,2024
2242,2145,Tata Nexon EV,SUV,30.2,2025
2243,2146,Kia EV6,SUV,77.4,2021
2244,2147,Mahindra XUV400,SUV,39.4,2022
2245,2148,BYD Atto 3,SUV,60.5,2022
2246,2149,Hyundai Ioniq 5,SUV,72.6,2024
2247,2150,Hyundai Ioniq 5,SUV,72.6,2025
2248,2151,Tata Punch EV,Hatchback,35.0,2025
2249,2152,Mahindra BE 6,SUV,59.0,2020
2250,2153,Hyundai Ioniq 5,SUV,72.6,2021
2251,2154,Tata Punch EV,Hatchback,35.0,2023
2252,2155,Kia EV6,SUV,77.4,2023
2253,2156,Hyundai Kona Electric,SUV,39.2,2020
2254,2157,Tata Nexon EV,SUV,30.2,2024
2255,2158,Mahindra XUV400,SUV,39.4,2023
2256,2159,Tata Nexon EV,SUV,30.2,2025
2257,2160,BYD Atto 3,SUV,60.5,2025
2258,2160,Mahindra XUV400,SUV,39.4,2024
2259,2161,Mahindra BE 6,SUV,59.0,2022
2260,2162,Tata Punch EV,Hatchback,35.0,2025
2261,2163,Mahindra XUV400,SUV,39.4,2020
2262,2164,Mahindra XUV400,SUV,39.4,2024
2263,2165,Kia EV6,SUV,77.4,2022
2264,2166,Hyundai Kona Electric,SUV,39.2,2021
2265,2167,Hyundai Ioniq 5,SUV,72.6,2020
2266,2168,Kia EV6,SUV,77.4,2022
2267,2169,BYD Atto 3,SUV,60.5,2022
2268,2170,Hyundai Kona Electric,SUV,39.2,2023
2269,2171,Tata Tiago EV,Hatchback,24.0,2024
2270,2172,Hyundai Ioniq 5,SUV,72.6,2022
2271,2173,BYD Atto 3,SUV,60.5,2021
2272,2174,Tata Nexon EV,SUV,30.2,2022
2273,2175,Hyundai Ioniq 5,SUV,72.6,2023
2274,2176,Hyundai Ioniq 5,SUV,72.6,2020
2275,2177,BYD Atto 3,SUV,60.5,2025
2276,2178,Hyundai Ioniq 5,SUV,72.6,2021
2277,2179,Kia EV6,SUV,77.4,2023
2278,2180,Hyundai Ioniq 5,SUV,72.6,2022
2279,2181,MG ZS EV,SUV,50.3,2025
2280,2182,BYD Atto 3,SUV,60.5,2022
2281,2183,Hyundai Ioniq 5,SUV,72.6,2020
2282,2184,Kia EV6,SUV,77.4,2023
2283,2185,MG ZS EV,SUV,50.3,2023
2284,2186,Mahindra XUV400,SUV,39.4,2022
2285,2187,Kia EV6,SUV,77.4,2020
2286,2188,Tata Tiago EV,Hatchback,24.0,2025
2287,2189,Kia EV6,SUV,77.4,2024
2288,2190,BYD Atto 3,SUV,60.5,2023
2289,2191,Hyundai Kona Electric,SUV,39.2,2021
2290,2192,Mahindra XUV400,SUV,39.4,2021
2291,2193,Tata Punch EV,Hatchback,35.0,2021
2292,2194,MG ZS EV,SUV,50.3,2023
2293,2195,Mahindra XUV400,SUV,39.4,2023
2294,2196,Mahindra BE 6,SUV,59.0,2020
2295,2197,MG ZS EV,SUV,50.3,2020
2296,2198,BYD Atto 3,SUV,60.5,2020
2297,2198,Hyundai Kona Electric,SUV,39.2,2022
2298,2199,Tata Nexon EV,SUV,30.2,2024
2299,2200,Tata Punch EV,Hatchback,35.0,2021
2300,2201,Tata Nexon EV,SUV,30.2,2020
2301,2202,Mahindra XUV400,SUV,39.4,2022
2302,2203,MG ZS EV,SUV,50.3,2023
2303,2204,Hyundai Ioniq 5,SUV,72.6,2020
2304,2205,Kia EV6,SUV,77.4,2024
2305,2206,Mahindra XUV400,SUV,39.4,2022
2306,2207,Tata Tiago EV,Hatchback,24.0,2025
2307,2208,Hyundai Ioniq 5,SUV,72.6,2023
2308,2209,BYD Atto 3,SUV,60.5,2021
2309,2210,Tata Nexon EV,SUV,30.2,2024
2310,2211,Hyundai Ioniq 5,SUV,72.6,2025
2311,2212,MG ZS EV,SUV,50.3,2025
2312,2213,Tata Nexon EV,SUV,30.2,2024
2313,2214,Tata Nexon EV,SUV,30.2,2020
2314,2215,MG ZS EV,SUV,50.3,2023
2315,2216,Tata Punch EV,Hatchback,35.0,2025
2316,2217,Mahindra BE 6,SUV,59.0,2025
2317,2218,BYD Atto 3,SUV,60.5,2024
2318,2219,Tata Tiago EV,Hatchback,24.0,2021
2319,2220,Tata Punch EV,Hatchback,35.0,2021
2320,2221,Hyundai Ioniq 5,SUV,72.6,2025
2321,2222,Hyundai Kona Electric,SUV,39.2,2021
2322,2223,Tata Punch EV,Hatchback,35.0,2021
2323,2224,Tata Tiago EV,Hatchback,24.0,2023
2324,2225,Hyundai Kona Electric,SUV,39.2,2022
2325,2226,BYD Atto 3,SUV,60.5,2023
2326,2227,Tata Tiago EV,Hatchback,24.0,2024
2327,2228,Tata Nexon EV,SUV,30.2,2020
2328,2229,Kia EV6,SUV,77.4,2022
2329,2229,MG ZS EV,SUV,50.3,2022
2330,2230,Kia EV6,SUV,77.4,2020
2331,2231,Kia EV6,SUV,77.4,2020
2332,2232,MG ZS EV,SUV,50.3,2021
2333,2233,Hyundai Ioniq 5,SUV,72.6,2022
2334,2234,Mahindra BE 6,SUV,59.0,2022
2335,2235,Kia EV6,SUV,77.4,2022
2336,2236,Hyundai Ioniq 5,SUV,72.6,2025
2337,2237,Tata Nexon EV,SUV,30.2,2023
2338,2238,Tata Tiago EV,Hatchback,24.0,2021
2339,2239,Hyundai Kona Electric,SUV,39.2,2022
2340,2240,Tata Punch EV,Hatchback,35.0,2022
2341,2241,MG ZS EV,SUV,50.3,2020
2342,2242,Mahindra BE 6,SUV,59.0,2024
2343,2243,BYD Atto 3,SUV,60.5,2020
2344,2244,Kia EV6,SUV,77.4,2024
2345,2245,Tata Punch EV,Hatchback,35.0,2021
2346,2246,Mahindra XUV400,SUV,39.4,2024
2347,2247,Hyundai Kona Electric,SUV,39.2,2021
2348,2248,Tata Punch EV,Hatchback,35.0,2020
2349,2249,Mahindra XUV400,SUV,39.4,2025
2350,2250,Mahindra BE 6,SUV,59.0,2025
2351,2251,MG ZS EV,SUV,50.3,2024
2352,2252,Kia EV6,SUV,77.4,2023
2353,2253,Kia EV6,SUV,77.4,2021
2354,2254,Mahindra XUV400,SUV,39.4,2022
2355,2255,Mahindra XUV400,SUV,39.4,2022
2356,2256,Hyundai Kona Electric,SUV,39.2,2021
2357,2256,Mahindra XUV400,SUV,39.4,2024
2358,2257,Tata Nexon EV,SUV,30.2,2025
2359,2258,Mahindra XUV400,SUV,39.4,2024
2360,2259,Tata Punch EV,Hatchback,35.0,2023
2361,2260,Hyundai Kona Electric,SUV,39.2,2020
2362,2261,Tata Tiago EV,Hatchback,24.0,2024
2363,2262,Tata Punch EV,Hatchback,35.0,2024
2364,2263,BYD Atto 3,SUV,60.5,2023
2365,2264,Tata Punch EV,Hatchback,35.0,2021
2366,2265,Hyundai Kona Electric,SUV,39.2,2023
2367,2266,Mahindra XUV400,SUV,39.4,2025
2368,2267,Tata Nexon EV,SUV,30.2,2021
2369,2268,Mahindra BE 6,SUV,59.0,2022
2370,2269,Tata Nexon EV,SUV,30.2,2021
2371,2270,Kia EV6,SUV,77.4,2023
2372,2271,BYD Atto 3,SUV,60.5,2023
2373,2272,Tata Punch EV,Hatchback,35.0,2020
2374,2273,Mahindra XUV400,SUV,39.4,2022
2375,2274,Mahindra XUV400,SUV,39.4,2025
2376,2275,Mahindra BE 6,SUV,59.0,2020
2377,2276,Hyundai Ioniq 5,SUV,72.6,2025
2378,2277,BYD Atto 3,SUV,60.5,2022
2379,2278,BYD Atto 3,SUV,60.5,2023
2380,2279,Tata Nexon EV,SUV,30.2,2024
2381,2280,Mahindra BE 6,SUV,59.0,2020
2382,2281,Tata Tiago EV,Hatchback,24.0,2024
2383,2282,Tata Nexon EV,SUV,30.2,2021
2384,2283,BYD Atto 3,SUV,60.5,2021
2385,2284,Tata Tiago EV,Hatchback,24.0,2021
2386,2285,Tata Punch EV,Hatchback,35.0,2024
2387,2285,Tata Nexon EV,SUV,30.2,2024
2388,2286,MG ZS EV,SUV,50.3,2024
2389,2287,BYD Atto 3,SUV,60.5,2025
2390,2288,Mahindra BE 6,SUV,59.0,2021
2391,2289,Mahindra BE 6,SUV,59.0,2020
2392,2290,MG ZS EV,SUV,50.3,2023
2393,2291,Hyundai Ioniq 5,SUV,72.6,2022
2394,2292,Tata Punch EV,Hatchback,35.0,2021
2395,2293,Mahindra XUV400,SUV,39.4,2025
2396,2294,Kia EV6,SUV,77.4,2024
2397,2295,Mahindra BE 6,SUV,59.0,2024
2398,2296,Mahindra XUV400,SUV,39.4,2022
2399,2297,BYD Atto 3,SUV,60.5,2024
2400,2298,Mahindra XUV400,SUV,39.4,2024
2401,2299,Hyundai Ioniq 5,SUV,72.6,2021
2402,2300,Hyundai Kona Electric,SUV,39.2,2023
2403,2301,Hyundai Ioniq 5,SUV,72.6,2024
2404,2302,Tata Punch EV,Hatchback,35.0,2023
2405,2303,Tata Punch EV,Hatchback,35.0,2021
2406,2304,Tata Nexon EV,SUV,30.2,2021
2407,2305,Tata Punch EV,Hatchback,35.0,2022
2408,2306,Hyundai Kona Electric,SUV,39.2,2023
2409,2307,Tata Punch EV,Hatchback,35.0,2024
2410,2308,Mahindra BE 6,SUV,59.0,2025
2411,2309,MG ZS EV,SUV,50.3,2020
2412,2309,Tata Tiago EV,Hatchback,24.0,2022
2413,2310,Tata Punch EV,Hatchback,35.0,2022
2414,2311,Mahindra BE 6,SUV,59.0,2023
2415,2312,Tata Punch EV,Hatchback,35.0,2020
2416,2313,Hyundai Kona Electric,SUV,39.2,2024
2417,2314,Tata Punch EV,Hatchback,35.0,2024
2418,2315,Tata Nexon EV,SUV,30.2,2021
2419,2316,Tata Tiago EV,Hatchback,24.0,2024
2420,2317,Tata Tiago EV,Hatchback,24.0,2024
2421,2318,Hyundai Kona Electric,SUV,39.2,2020
2422,2319,MG ZS EV,SUV,50.3,2024
2423,2320,Tata Punch EV,Hatchback,35.0,2021
2424,2321,Tata Tiago EV,Hatchback,24.0,2020
2425,2322,Kia EV6,SUV,77.4,2025
2426,2323,Hyundai Ioniq 5,SUV,72.6,2025
2427,2324,Kia EV6,SUV,77.4,2021
2428,2325,Mahindra XUV400,SUV,39.4,2021
2429,2326,Tata Punch EV,Hatchback,35.0,2023
2430,2327,Tata Nexon EV,SUV,30.2,2024
2431,2328,Tata Tiago EV,Hatchback,24.0,2024
2432,2329,Mahindra XUV400,SUV,39.4,2025
2433,2330,MG ZS EV,SUV,50.3,2021
2434,2331,Mahindra XUV400,SUV,39.4,2021
2435,2332,Hyundai Kona Electric,SUV,39.2,2022
2436,2333,Tata Tiago EV,Hatchback,24.0,2021
2437,2334,MG ZS EV,SUV,50.3,2025
2438,2335,Kia EV6,SUV,77.4,2023
2439,2336,Tata Tiago EV,Hatchback,24.0,2020
2440,2337,Tata Tiago EV,Hatchback,24.0,2021
2441,2338,BYD Atto 3,SUV,60.5,2022
2442,2339,Mahindra XUV400,SUV,39.4,2020
2443,2340,Mahindra BE 6,SUV,59.0,2020
2444,2341,Mahindra XUV400,SUV,39.4,2024
2445,2342,Mahindra XUV400,SUV,39.4,2025
2446,2343,BYD Atto 3,SUV,60.5,2021
2447,2344,Tata Punch EV,Hatchback,35.0,2025
2448,2345,BYD Atto 3,SUV,60.5,2020
2449,2346,Hyundai Kona Electric,SUV,39.2,2020
2450,2347,MG ZS EV,SUV,50.3,2024
2451,2348,Kia EV6,SUV,77.4,2024
2452,2349,Hyundai Ioniq 5,SUV,72.6,2025
2453,2350,Tata Nexon EV,SUV,30.2,2022
2454,2350,Kia EV6,SUV,77.4,2025
2455,2351,Kia EV6,SUV,77.4,2024
2456,2352,MG ZS EV,SUV,50.3,2020
2457,2353,MG ZS EV,SUV,50.3,2024
2458,2354,Tata Tiago EV,Hatchback,24.0,2024
2459,2355,Mahindra BE 6,SUV,59.0,2022
2460,2356,Mahindra BE 6,SUV,59.0,2022
2461,2357,Hyundai Kona Electric,SUV,39.2,2023
2462,2358,BYD Atto 3,SUV,60.5,2025
2463,2359,Hyundai Kona Electric,SUV,39.2,2025
2464,2360,Tata Punch EV,Hatchback,35.0,2020
2465,2361,Tata Tiago EV,Hatchback,24.0,2025
2466,2362,Mahindra XUV400,SUV,39.4,2025
2467,2363,Tata Nexon EV,SUV,30.2,2022
2468,2364,Tata Tiago EV,Hatchback,24.0,2022
2469,2365,Kia EV6,SUV,77.4,2024
2470,2366,Tata Tiago EV,Hatchback,24.0,2021
2471,2367,Hyundai Kona Electric,SUV,39.2,2021
2472,2368,Mahindra BE 6,SUV,59.0,2021
2473,2369,Kia EV6,SUV,77.4,2023
2474,2370,BYD Atto 3,SUV,60.5,2022
2475,2371,Mahindra XUV400,SUV,39.4,2020
2476,2372,Tata Punch EV,Hatchback,35.0,2022
2477,2373,Kia EV6,SUV,77.4,2021
2478,2374,Hyundai Ioniq 5,SUV,72.6,2022
2479,2375,Kia EV6,SUV,77.4,2023
2480,2376,Hyundai Kona Electric,SUV,39.2,2021
2481,2377,BYD Atto 3,SUV,60.5,2024
2482,2378,Kia EV6,SUV,77.4,2020
2483,2379,Tata Tiago EV,Hatchback,24.0,2021
2484,2380,BYD Atto 3,SUV,60.5,2022
2485,2381,BYD Atto 3,SUV,60.5,2021
2486,2382,Tata Tiago EV,Hatchback,24.0,2021
2487,2383,Mahindra BE 6,SUV,59.0,2023
2488,2384,BYD Atto 3,SUV,60.5,2023
2489,2385,Mahindra XUV400,SUV,39.4,2022
2490,2386,Hyundai Kona Electric,SUV,39.2,2024
2491,2387,Hyundai Ioniq 5,SUV,72.6,2025
2492,2388,MG ZS EV,SUV,50.3,2020
2493,2389,MG ZS EV,SUV,50.3,2022
2494,2390,BYD Atto 3,SUV,60.5,2021
2495,2391,Tata Tiago EV,Hatchback,24.0,2021
2496,2392,Mahindra XUV400,SUV,39.4,2025
2497,2393,Mahindra XUV400,SUV,39.4,2021
2498,2394,Tata Tiago EV,Hatchback,24.0,2023
2499,2395,BYD Atto 3,SUV,60.5,2021
2500,2396,Tata Nexon EV,SUV,30.2,2023
2501,2397,Tata Nexon EV,SUV,30.2,2021
2502,2398,Tata Punch EV,Hatchback,35.0,2022
2503,2399,BYD Atto 3,SUV,60.5,2024
2504,2400,MG ZS EV,SUV,50.3,2022
2505,2401,MG ZS EV,SUV,50.3,2021
2506,2402,MG ZS EV,SUV,50.3,2020
2507,2403,MG ZS EV,SUV,50.3,2023
2508,2404,Hyundai Kona Electric,SUV,39.2,2021
2509,2405,Kia EV6,SUV,77.4,2021
2510,2406,BYD Atto 3,SUV,60.5,2020
2511,2407,Mahindra BE 6,SUV,59.0,2023
2512,2408,Kia EV6,SUV,77.4,2020
2513,2409,Hyundai Ioniq 5,SUV,72.6,2021
2514,2410,Mahindra XUV400,SUV,39.4,2022
2515,2411,Mahindra BE 6,SUV,59.0,2025
2516,2412,Tata Punch EV,Hatchback,35.0,2020
2517,2413,Kia EV6,SUV,77.4,2020
2518,2414,Tata Tiago EV,Hatchback,24.0,2024
2519,2415,Tata Tiago EV,Hatchback,24.0,2023
2520,2416,Tata Nexon EV,SUV,30.2,2024
2521,2417,Mahindra XUV400,SUV,39.4,2021
2522,2418,MG ZS EV,SUV,50.3,2021
2523,2419,MG ZS EV,SUV,50.3,2021
2524,2420,Hyundai Kona Electric,SUV,39.2,2021
2525,2421,Hyundai Ioniq 5,SUV,72.6,2022
2526,2422,Mahindra XUV400,SUV,39.4,2021
2527,2423,Tata Punch EV,Hatchback,35.0,2025
2528,2424,MG ZS EV,SUV,50.3,2024
2529,2425,BYD Atto 3,SUV,60.5,2024
2530,2426,BYD Atto 3,SUV,60.5,2024
2531,2427,MG ZS EV,SUV,50.3,2023
2532,2428,Tata Punch EV,Hatchback,35.0,2023
2533,2429,Hyundai Ioniq 5,SUV,72.6,2020
2534,2430,Tata Tiago EV,Hatchback,24.0,2025
2535,2431,BYD Atto 3,SUV,60.5,2020
2536,2432,BYD Atto 3,SUV,60.5,2020
2537,2433,Mahindra XUV400,SUV,39.4,2025
2538,2434,Kia EV6,SUV,77.4,2022
2539,2435,MG ZS EV,SUV,50.3,2023
2540,2436,Tata Punch EV,Hatchback,35.0,2024
2541,2437,Tata Punch EV,Hatchback,35.0,2020
2542,2438,Tata Punch EV,Hatchback,35.0,2025
2543,2439,Hyundai Kona Electric,SUV,39.2,2024
2544,2440,Hyundai Kona Electric,SUV,39.2,2021
2545,2441,MG ZS EV,SUV,50.3,2025
2546,2441,Hyundai Ioniq 5,SUV,72.6,2025
2547,2442,Tata Tiago EV,Hatchback,24.0,2020
2548,2443,Hyundai Ioniq 5,SUV,72.6,2022
2549,2444,Kia EV6,SUV,77.4,2023
2550,2445,Tata Nexon EV,SUV,30.2,2024
2551,2446,Tata Punch EV,Hatchback,35.0,2024
2552,2447,BYD Atto 3,SUV,60.5,2024
2553,2448,Tata Nexon EV,SUV,30.2,2023
2554,2449,Hyundai Ioniq 5,SUV,72.6,2022
2555,2450,BYD Atto 3,SUV,60.5,2025
2556,2451,Mahindra XUV400,SUV,39.4,2022
2557,2452,MG ZS EV,SUV,50.3,2023
2558,2453,Mahindra BE 6,SUV,59.0,2024
2559,2454,BYD Atto 3,SUV,60.5,2024
2560,2455,Tata Nexon EV,SUV,30.2,2022
2561,2456,BYD Atto 3,SUV,60.5,2021
2562,2457,BYD Atto 3,SUV,60.5,2023
2563,2458,Mahindra XUV400,SUV,39.4,2025
2564,2459,Tata Nexon EV,SUV,30.2,2021
2565,2460,Tata Tiago EV,Hatchback,24.0,2025
2566,2461,Mahindra XUV400,SUV,39.4,2022
2567,2462,Kia EV6,SUV,77.4,2021
2568,2463,MG ZS EV,SUV,50.3,2021
2569,2464,MG ZS EV,SUV,50.3,2024
2570,2465,Tata Nexon EV,SUV,30.2,2020
2571,2466,Hyundai Kona Electric,SUV,39.2,2023
2572,2466,BYD Atto 3,SUV,60.5,2023
2573,2467,Hyundai Kona Electric,SUV,39.2,2022
2574,2467,Mahindra BE 6,SUV,59.0,2021
2575,2468,Tata Punch EV,Hatchback,35.0,2020
2576,2469,Kia EV6,SUV,77.4,2021
2577,2470,Mahindra BE 6,SUV,59.0,2020
2578,2471,Hyundai Ioniq 5,SUV,72.6,2021
2579,2472,Mahindra XUV400,SUV,39.4,2023
2580,2473,Tata Tiago EV,Hatchback,24.0,2022
2581,2474,BYD Atto 3,SUV,60.5,2020
2582,2475,MG ZS EV,SUV,50.3,2025
2583,2476,Hyundai Ioniq 5,SUV,72.6,2020
2584,2477,BYD Atto 3,SUV,60.5,2023
2585,2478,Kia EV6,SUV,77.4,2023
2586,2479,Hyundai Kona Electric,SUV,39.2,2025
2587,2480,Tata Punch EV,Hatchback,35.0,2020
2588,2481,MG ZS EV,SUV,50.3,2025
2589,2482,Tata Nexon EV,SUV,30.2,2020
2590,2483,Tata Nexon EV,SUV,30.2,2023
2591,2484,Tata Tiago EV,Hatchback,24.0,2025
2592,2485,MG ZS EV,SUV,50.3,2021
2593,2486,Tata Punch EV,Hatchback,35.0,2023
2594,2487,Mahindra XUV400,SUV,39.4,2025
2595,2488,Kia EV6,SUV,77.4,2024
2596,2489,Tata Tiago EV,Hatchback,24.0,2025
2597,2490,Tata Punch EV,Hatchback,35.0,2024
2598,2491,Hyundai Kona Electric,SUV,39.2,2024
2599,2492,MG ZS EV,SUV,50.3,2023
2600,2493,BYD Atto 3,SUV,60.5,2022
2601,2494,Tata Nexon EV,SUV,30.2,2025
2602,2495,MG ZS EV,SUV,50.3,2025
2603,2496,Mahindra BE 6,SUV,59.0,2020
2604,2497,Tata Punch EV,Hatchback,35.0,2025
2605,2498,Tata Nexon EV,SUV,30.2,2022
2606,2499,MG ZS EV,SUV,50.3,2023
2607,2500,Hyundai Kona Electric,SUV,39.2,2022
2608,2501,Hyundai Ioniq 5,SUV,72.6,2023
2609,2502,Hyundai Ioniq 5,SUV,72.6,2021
2610,2503,Tata Punch EV,Hatchback,35.0,2022
2611,2504,BYD Atto 3,SUV,60.5,2021
2612,2505,MG ZS EV,SUV,50.3,2021
2613,2506,MG ZS EV,SUV,50.3,2025
2614,2507,Tata Nexon EV,SUV,30.2,2023
2615,2508,Hyundai Ioniq 5,SUV,72.6,2023
2616,2509,BYD Atto 3,SUV,60.5,2023
2617,2510,Mahindra BE 6,SUV,59.0,2022
2618,2511,BYD Atto 3,SUV,60.5,2024
2619,2512,Tata Tiago EV,Hatchback,24.0,2021
2620,2513,Kia EV6,SUV,77.4,2022
2621,2514,Mahindra XUV400,SUV,39.4,2022
2622,2515,Kia EV6,SUV,77.4,2023
2623,2516,Kia EV6,SUV,77.4,2025
2624,2517,Tata Tiago EV,Hatchback,24.0,2025
2625,2518,Kia EV6,SUV,77.4,2021
2626,2519,Tata Nexon EV,SUV,30.2,2025
2627,2520,BYD Atto 3,SUV,60.5,2021
2628,2521,Kia EV6,SUV,77.4,2023
2629,2522,Kia EV6,SUV,77.4,2020
2630,2523,Mahindra XUV400,SUV,39.4,2022
2631,2524,Mahindra BE 6,SUV,59.0,2022
2632,2525,Kia EV6,SUV,77.4,2025
2633,2526,MG ZS EV,SUV,50.3,2023
2634,2527,BYD Atto 3,SUV,60.5,2022
2635,2528,Mahindra XUV400,SUV,39.4,2021
2636,2529,Hyundai Kona Electric,SUV,39.2,2020
2637,2530,Mahindra BE 6,SUV,59.0,2020
2638,2531,Tata Punch EV,Hatchback,35.0,2021
2639,2532,BYD Atto 3,SUV,60.5,2021
2640,2533,MG ZS EV,SUV,50.3,2025
2641,2534,MG ZS EV,SUV,50.3,2021
2642,2535,Tata Nexon EV,SUV,30.2,2024
2643,2536,MG ZS EV,SUV,50.3,2020
2644,2537,Hyundai Ioniq 5,SUV,72.6,2024
2645,2538,BYD Atto 3,SUV,60.5,2022
2646,2539,Mahindra XUV400,SUV,39.4,2021
2647,2540,Hyundai Ioniq 5,SUV,72.6,2021
2648,2541,Tata Punch EV,Hatchback,35.0,2022
2649,2542,Tata Nexon EV,SUV,30.2,2025
2650,2543,Hyundai Kona Electric,SUV,39.2,2020
2651,2543,Tata Punch EV,Hatchback,35.0,2023
2652,2544,Kia EV6,SUV,77.4,2021
2653,2545,BYD Atto 3,SUV,60.5,2022
2654,2545,Tata Nexon EV,SUV,30.2,2021
2655,2546,BYD Atto 3,SUV,60.5,2023
2656,2547,Mahindra BE 6,SUV,59.0,2025
2657,2548,Mahindra BE 6,SUV,59.0,2025
2658,2549,Mahindra BE 6,SUV,59.0,2025
2659,2550,Hyundai Ioniq 5,SUV,72.6,2022
2660,2551,Mahindra BE 6,SUV,59.0,2020
2661,2552,BYD Atto 3,SUV,60.5,2025
2662,2553,Mahindra BE 6,SUV,59.0,2020
2663,2554,BYD Atto 3,SUV,60.5,2022
2664,2554,MG ZS EV,SUV,50.3,2024
2665,2555,MG ZS EV,SUV,50.3,2023
2666,2556,Mahindra BE 6,SUV,59.0,2020
2667,2557,Hyundai Kona Electric,SUV,39.2,2021
2668,2558,Kia EV6,SUV,77.4,2022
2669,2558,Kia EV6,SUV,77.4,2023
2670,2559,BYD Atto 3,SUV,60.5,2020
2671,2560,Mahindra XUV400,SUV,39.4,2020
2672,2561,Tata Nexon EV,SUV,30.2,2020
2673,2562,BYD Atto 3,SUV,60.5,2023
2674,2563,Tata Tiago EV,Hatchback,24.0,2024
2675,2564,MG ZS EV,SUV,50.3,2021
2676,2565,Tata Punch EV,Hatchback,35.0,2024
2677,2566,BYD Atto 3,SUV,60.5,2024
2678,2567,MG ZS EV,SUV,50.3,2024
2679,2567,Tata Nexon EV,SUV,30.2,2025
2680,2568,Hyundai Ioniq 5,SUV,72.6,2022
2681,2569,Tata Punch EV,Hatchback,35.0,2020
2682,2570,Hyundai Ioniq 5,SUV,72.6,2025
2683,2571,Mahindra BE 6,SUV,59.0,2022
2684,2572,Tata Punch EV,Hatchback,35.0,2020
2685,2573,MG ZS EV,SUV,50.3,2022
2686,2574,MG ZS EV,SUV,50.3,2023
2687,2575,Tata Nexon EV,SUV,30.2,2021
2688,2576,Hyundai Kona Electric,SUV,39.2,2021
2689,2577,Tata Punch EV,Hatchback,35.0,2022
2690,2578,Mahindra BE 6,SUV,59.0,2022
2691,2579,Tata Nexon EV,SUV,30.2,2020
2692,2580,BYD Atto 3,SUV,60.5,2022
2693,2581,Mahindra XUV400,SUV,39.4,2024
2694,2582,Hyundai Kona Electric,SUV,39.2,2023
2695,2583,Kia EV6,SUV,77.4,2025
2696,2584,BYD Atto 3,SUV,60.5,2025
2697,2585,Mahindra XUV400,SUV,39.4,2020
2698,2586,Tata Punch EV,Hatchback,35.0,2025
2699,2587,MG ZS EV,SUV,50.3,2023
2700,2588,Mahindra BE 6,SUV,59.0,2021
2701,2589,MG ZS EV,SUV,50.3,2022
2702,2590,Tata Nexon EV,SUV,30.2,2020
2703,2591,Tata Nexon EV,SUV,30.2,2021
2704,2592,Kia EV6,SUV,77.4,2025
2705,2593,Tata Punch EV,Hatchback,35.0,2023
2706,2594,Tata Tiago EV,Hatchback,24.0,2024
2707,2595,Kia EV6,SUV,77.4,2024
2708,2596,Mahindra XUV400,SUV,39.4,2020
2709,2597,Tata Tiago EV,Hatchback,24.0,2024
2710,2598,Hyundai Ioniq 5,SUV,72.6,2024
2711,2599,Mahindra XUV400,SUV,39.4,2025
2712,2600,Tata Tiago EV,Hatchback,24.0,2022
2713,2601,Mahindra XUV400,SUV,39.4,2022
2714,2602,Mahindra BE 6,SUV,59.0,2023
2715,2603,Mahindra XUV400,SUV,39.4,2022
2716,2604,Tata Tiago EV,Hatchback,24.0,2020
2717,2605,Hyundai Ioniq 5,SUV,72.6,2021
2718,2606,Hyundai Ioniq 5,SUV,72.6,2025
2719,2607,Mahindra BE 6,SUV,59.0,2021
2720,2608,Tata Punch EV,Hatchback,35.0,2025
2721,2609,Mahindra XUV400,SUV,39.4,2020
2722,2610,MG ZS EV,SUV,50.3,2021
2723,2611,BYD Atto 3,SUV,60.5,2022
2724,2612,Tata Punch EV,Hatchback,35.0,2021
2725,2612,Mahindra XUV400,SUV,39.4,2025
2726,2613,Tata Punch EV,Hatchback,35.0,2020
2727,2614,Hyundai Kona Electric,SUV,39.2,2022
2728,2615,Mahindra BE 6,SUV,59.0,2021
2729,2615,MG ZS EV,SUV,50.3,2024
2730,2616,Hyundai Ioniq 5,SUV,72.6,2022
2731,2617,Tata Tiago EV,Hatchback,24.0,2024
2732,2618,Hyundai Ioniq 5,SUV,72.6,2021
2733,2619,Kia EV6,SUV,77.4,2025
2734,2620,Tata Punch EV,Hatchback,35.0,2022
2735,2621,MG ZS EV,SUV,50.3,2021
2736,2622,Mahindra BE 6,SUV,59.0,2022
2737,2623,Mahindra XUV400,SUV,39.4,2022
2738,2624,Hyundai Kona Electric,SUV,39.2,2023
2739,2625,Hyundai Ioniq 5,SUV,72.6,2023
2740,2626,Hyundai Kona Electric,SUV,39.2,2020
2741,2627,Tata Nexon EV,SUV,30.2,2022
2742,2628,Tata Punch EV,Hatchback,35.0,2023
2743,2629,BYD Atto 3,SUV,60.5,2022
2744,2630,Hyundai Kona Electric,SUV,39.2,2023
2745,2631,Hyundai Kona Electric,SUV,39.2,2025
2746,2632,MG ZS EV,SUV,50.3,2024
2747,2633,Mahindra XUV400,SUV,39.4,2020
2748,2634,MG ZS EV,SUV,50.3,2025
2749,2635,Tata Tiago EV,Hatchback,24.0,2024
2750,2636,Mahindra XUV400,SUV,39.4,2025
2751,2637,Tata Tiago EV,Hatchback,24.0,2021
2752,2638,BYD Atto 3,SUV,60.5,2021
2753,2639,Kia EV6,SUV,77.4,2021
2754,2640,Tata Nexon EV,SUV,30.2,2025
2755,2641,Tata Nexon EV,SUV,30.2,2024
2756,2642,Kia EV6,SUV,77.4,2020
2757,2643,Tata Tiago EV,Hatchback,24.0,2023
2758,2644,Kia EV6,SUV,77.4,2022
2759,2645,BYD Atto 3,SUV,60.5,2020
2760,2646,MG ZS EV,SUV,50.3,2023
2761,2647,Kia EV6,SUV,77.4,2024
2762,2648,Tata Punch EV,Hatchback,35.0,2022
2763,2649,Mahindra BE 6,SUV,59.0,2023
2764,2650,Mahindra XUV400,SUV,39.4,2025
2765,2651,Tata Tiago EV,Hatchback,24.0,2020
2766,2652,MG ZS EV,SUV,50.3,2024
2767,2653,Kia EV6,SUV,77.4,2024
2768,2654,Tata Tiago EV,Hatchback,24.0,2021
2769,2655,Kia EV6,SUV,77.4,2024
2770,2656,Kia EV6,SUV,77.4,2020
2771,2657,Mahindra XUV400,SUV,39.4,2021
2772,2658,Tata Tiago EV,Hatchback,24.0,2024
2773,2659,Tata Punch EV,Hatchback,35.0,2022
2774,2660,Mahindra BE 6,SUV,59.0,2023
2775,2661,Tata Nexon EV,SUV,30.2,2020
2776,2662,Hyundai Kona Electric,SUV,39.2,2020
2777,2663,Kia EV6,SUV,77.4,2021
2778,2664,MG ZS EV,SUV,50.3,2021
2779,2664,Hyundai Kona Electric,SUV,39.2,2021
2780,2665,Tata Tiago EV,Hatchback,24.0,2022
2781,2666,Tata Punch EV,Hatchback,35.0,2020
2782,2667,Kia EV6,SUV,77.4,2021
2783,2668,Mahindra BE 6,SUV,59.0,2021
2784,2669,Hyundai Ioniq 5,SUV,72.6,2025
2785,2670,Mahindra BE 6,SUV,59.0,2024
2786,2671,Hyundai Kona Electric,SUV,39.2,2023
2787,2672,BYD Atto 3,SUV,60.5,2025
2788,2673,MG ZS EV,SUV,50.3,2021
2789,2674,Tata Nexon EV,SUV,30.2,2022
2790,2675,Kia EV6,SUV,77.4,2021
2791,2676,Hyundai Kona Electric,SUV,39.2,2025
2792,2677,Tata Tiago EV,Hatchback,24.0,2022
2793,2678,BYD Atto 3,SUV,60.5,2020
2794,2678,MG ZS EV,SUV,50.3,2023
2795,2679,Mahindra XUV400,SUV,39.4,2025
2796,2680,Mahindra BE 6,SUV,59.0,2020
2797,2681,BYD Atto 3,SUV,60.5,2021
2798,2682,Kia EV6,SUV,77.4,2023
2799,2683,Mahindra XUV400,SUV,39.4,2022
2800,2684,Tata Punch EV,Hatchback,35.0,2025
2801,2685,Tata Nexon EV,SUV,30.2,2024
2802,2686,Mahindra BE 6,SUV,59.0,2022
2803,2687,BYD Atto 3,SUV,60.5,2024
2804,2688,Mahindra BE 6,SUV,59.0,2021
2805,2689,Tata Nexon EV,SUV,30.2,2022
2806,2690,Tata Nexon EV,SUV,30.2,2025
2807,2691,BYD Atto 3,SUV,60.5,2022
2808,2692,Tata Tiago EV,Hatchback,24.0,2024
2809,2693,Kia EV6,SUV,77.4,2025
2810,2694,Tata Nexon EV,SUV,30.2,2025
2811,2695,Hyundai Kona Electric,SUV,39.2,2024
2812,2696,Tata Tiago EV,Hatchback,24.0,2020
2813,2697,Hyundai Ioniq 5,SUV,72.6,2021
2814,2698,Tata Tiago EV,Hatchback,24.0,2022
2815,2699,Kia EV6,SUV,77.4,2021
2816,2700,Hyundai Kona Electric,SUV,39.2,2021
2817,2701,Tata Nexon EV,SUV,30.2,2025
2818,2702,Tata Tiago EV,Hatchback,24.0,2025
2819,2703,MG ZS EV,SUV,50.3,2024
2820,2704,Hyundai Ioniq 5,SUV,72.6,2020
2821,2705,BYD Atto 3,SUV,60.5,2023
2822,2706,Mahindra BE 6,SUV,59.0,2020
2823,2707,BYD Atto 3,SUV,60.5,2022
2824,2708,Mahindra BE 6,SUV,59.0,2021
2825,2709,Tata Punch EV,Hatchback,35.0,2020
2826,2710,Tata Nexon EV,SUV,30.2,2022
2827,2711,MG ZS EV,SUV,50.3,2020
2828,2712,Hyundai Ioniq 5,SUV,72.6,2020
2829,2713,Tata Nexon EV,SUV,30.2,2021
2830,2713,BYD Atto 3,SUV,60.5,2021
2831,2714,Hyundai Ioniq 5,SUV,72.6,2021
2832,2715,Hyundai Ioniq 5,SUV,72.6,2023
2833,2716,BYD Atto 3,SUV,60.5,2024
2834,2717,MG ZS EV,SUV,50.3,2020
2835,2718,Hyundai Ioniq 5,SUV,72.6,2022
2836,2718,MG ZS EV,SUV,50.3,2022
2837,2719,Mahindra XUV400,SUV,39.4,2022
2838,2720,Mahindra BE 6,SUV,59.0,2021
2839,2721,MG ZS EV,SUV,50.3,2022
2840,2722,BYD Atto 3,SUV,60.5,2024
2841,2723,Tata Nexon EV,SUV,30.2,2025
2842,2724,MG ZS EV,SUV,50.3,2024
2843,2725,Tata Nexon EV,SUV,30.2,2020
2844,2726,Tata Punch EV,Hatchback,35.0,2024
2845,2727,Hyundai Ioniq 5,SUV,72.6,2020
2846,2728,Tata Tiago EV,Hatchback,24.0,2024
2847,2729,Hyundai Ioniq 5,SUV,72.6,2020
2848,2730,Hyundai Ioniq 5,SUV,72.6,2020
2849,2730,Tata Tiago EV,Hatchback,24.0,2024
2850,2731,Mahindra XUV400,SUV,39.4,2020
2851,2731,Hyundai Kona Electric,SUV,39.2,2022
2852,2732,Tata Tiago EV,Hatchback,24.0,2020
2853,2733,Tata Punch EV,Hatchback,35.0,2025
2854,2734,Tata Punch EV,Hatchback,35.0,2021
2855,2735,Hyundai Ioniq 5,SUV,72.6,2023
2856,2736,Tata Nexon EV,SUV,30.2,2021
2857,2737,Tata Nexon EV,SUV,30.2,2023
2858,2738,Tata Tiago EV,Hatchback,24.0,2024
2859,2739,Hyundai Ioniq 5,SUV,72.6,2023
2860,2740,MG ZS EV,SUV,50.3,2024
2861,2741,BYD Atto 3,SUV,60.5,2021
2862,2742,Tata Punch EV,Hatchback,35.0,2020
2863,2743,Mahindra XUV400,SUV,39.4,2025
2864,2744,BYD Atto 3,SUV,60.5,2023
2865,2745,Tata Punch EV,Hatchback,35.0,2024
2866,2746,Mahindra BE 6,SUV,59.0,2025
2867,2747,Kia EV6,SUV,77.4,2021
2868,2748,Hyundai Ioniq 5,SUV,72.6,2024
2869,2749,Hyundai Ioniq 5,SUV,72.6,2021
2870,2750,MG ZS EV,SUV,50.3,2021
2871,2751,Hyundai Ioniq 5,SUV,72.6,2022
2872,2752,Mahindra XUV400,SUV,39.4,2020
2873,2753,Hyundai Kona Electric,SUV,39.2,2025
2874,2754,Hyundai Ioniq 5,SUV,72.6,2025
2875,2755,Hyundai Kona Electric,SUV,39.2,2023
2876,2756,Kia EV6,SUV,77.4,2022
2877,2757,MG ZS EV,SUV,50.3,2023
2878,2758,Hyundai Kona Electric,SUV,39.2,2021
2879,2759,Mahindra BE 6,SUV,59.0,2021
2880,2760,Tata Nexon EV,SUV,30.2,2023
2881,2761,Kia EV6,SUV,77.4,2023
2882,2762,Hyundai Ioniq 5,SUV,72.6,2025
2883,2763,Tata Punch EV,Hatchback,35.0,2021
2884,2764,Tata Tiago EV,Hatchback,24.0,2020
2885,2765,Tata Tiago EV,Hatchback,24.0,2021
2886,2766,Tata Punch EV,Hatchback,35.0,2024
2887,2767,MG ZS EV,SUV,50.3,2021
2888,2768,Hyundai Ioniq 5,SUV,72.6,2020
2889,2769,Tata Tiago EV,Hatchback,24.0,2024
2890,2770,Hyundai Ioniq 5,SUV,72.6,2024
2891,2771,Tata Tiago EV,Hatchback,24.0,2023
2892,2772,BYD Atto 3,SUV,60.5,2020
2893,2773,Tata Nexon EV,SUV,30.2,2023
2894,2774,BYD Atto 3,SUV,60.5,2023
2895,2775,Tata Tiago EV,Hatchback,24.0,2021
2896,2775,Tata Nexon EV,SUV,30.2,2021
2897,2776,Mahindra XUV400,SUV,39.4,2022
2898,2777,MG ZS EV,SUV,50.3,2020
2899,2778,Hyundai Ioniq 5,SUV,72.6,2020
2900,2779,Hyundai Kona Electric,SUV,39.2,2023
2901,2779,MG ZS EV,SUV,50.3,2025
2902,2780,Mahindra BE 6,SUV,59.0,2022
2903,2781,BYD Atto 3,SUV,60.5,2020
2904,2782,MG ZS EV,SUV,50.3,2025
2905,2783,Tata Tiago EV,Hatchback,24.0,2021
2906,2783,Mahindra XUV400,SUV,39.4,2020
2907,2784,Kia EV6,SUV,77.4,2025
2908,2785,Hyundai Ioniq 5,SUV,72.6,2020
2909,2786,Hyundai Ioniq 5,SUV,72.6,2024
2910,2787,Kia EV6,SUV,77.4,2021
2911,2788,Mahindra XUV400,SUV,39.4,2021
2912,2789,Mahindra XUV400,SUV,39.4,2024
2913,2790,Hyundai Ioniq 5,SUV,72.6,2022
2914,2791,MG ZS EV,SUV,50.3,2025
2915,2792,Hyundai Ioniq 5,SUV,72.6,2023
2916,2793,MG ZS EV,SUV,50.3,2022
2917,2794,Mahindra XUV400,SUV,39.4,2022
2918,2795,Hyundai Ioniq 5,SUV,72.6,2021
2919,2796,Mahindra BE 6,SUV,59.0,2025
2920,2797,MG ZS EV,SUV,50.3,2023
2921,2798,MG ZS EV,SUV,50.3,2023
2922,2799,Hyundai Ioniq 5,SUV,72.6,2020
2923,2799,Mahindra BE 6,SUV,59.0,2021
2924,2800,Mahindra XUV400,SUV,39.4,2020
2925,2801,BYD Atto 3,SUV,60.5,2021
2926,2802,Tata Tiago EV,Hatchback,24.0,2023
2927,2803,MG ZS EV,SUV,50.3,2020
2928,2804,Tata Tiago EV,Hatchback,24.0,2020
2929,2805,Mahindra XUV400,SUV,39.4,2021
2930,2806,Mahindra XUV400,SUV,39.4,2020
2931,2807,Tata Nexon EV,SUV,30.2,2021
2932,2808,Kia EV6,SUV,77.4,2022
2933,2809,Mahindra BE 6,SUV,59.0,2022
2934,2810,Hyundai Kona Electric,SUV,39.2,2023
2935,2811,Hyundai Kona Electric,SUV,39.2,2023
2936,2812,Tata Tiago EV,Hatchback,24.0,2021
2937,2813,Kia EV6,SUV,77.4,2021
2938,2814,BYD Atto 3,SUV,60.5,2020
2939,2815,Tata Punch EV,Hatchback,35.0,2021
2940,2816,BYD Atto 3,SUV,60.5,2025
2941,2817,BYD Atto 3,SUV,60.5,2025
2942,2818,Tata Tiago EV,Hatchback,24.0,2023
2943,2819,Tata Punch EV,Hatchback,35.0,2021
2944,2820,Mahindra XUV400,SUV,39.4,2020
2945,2821,Tata Tiago EV,Hatchback,24.0,2021
2946,2822,Tata Punch EV,Hatchback,35.0,2023
2947,2823,Tata Tiago EV,Hatchback,24.0,2025
2948,2824,Tata Tiago EV,Hatchback,24.0,2025
2949,2825,MG ZS EV,SUV,50.3,2022
2950,2826,Tata Nexon EV,SUV,30.2,2023
2951,2827,Tata Tiago EV,Hatchback,24.0,2021
2952,2828,Tata Nexon EV,SUV,30.2,2025
2953,2829,Tata Tiago EV,Hatchback,24.0,2022
2954,2830,Hyundai Kona Electric,SUV,39.2,2022
2955,2831,Hyundai Kona Electric,SUV,39.2,2020
2956,2832,Tata Punch EV,Hatchback,35.0,2021
2957,2833,Mahindra XUV400,SUV,39.4,2025
2958,2834,Hyundai Kona Electric,SUV,39.2,2021
2959,2835,Kia EV6,SUV,77.4,2021
2960,2836,Tata Nexon EV,SUV,30.2,2023
2961,2837,Mahindra XUV400,SUV,39.4,2023
2962,2838,Mahindra XUV400,SUV,39.4,2022
2963,2839,Kia EV6,SUV,77.4,2022
2964,2840,Hyundai Kona Electric,SUV,39.2,2020
2965,2841,Tata Nexon EV,SUV,30.2,2022
2966,2842,Hyundai Ioniq 5,SUV,72.6,2025
2967,2843,Tata Tiago EV,Hatchback,24.0,2021
2968,2844,Hyundai Kona Electric,SUV,39.2,2021
2969,2845,Mahindra XUV400,SUV,39.4,2022
2970,2846,Mahindra BE 6,SUV,59.0,2025
2971,2847,Tata Tiago EV,Hatchback,24.0,2020
2972,2848,Tata Nexon EV,SUV,30.2,2025
2973,2849,Hyundai Kona Electric,SUV,39.2,2020
2974,2850,BYD Atto 3,SUV,60.5,2023
2975,2851,Tata Tiago EV,Hatchback,24.0,2021
2976,2852,Kia EV6,SUV,77.4,2024
2977,2853,Tata Nexon EV,SUV,30.2,2020
2978,2854,Mahindra XUV400,SUV,39.4,2020
2979,2855,Kia EV6,SUV,77.4,2025
2980,2856,Mahindra BE 6,SUV,59.0,2020
2981,2857,Tata Nexon EV,SUV,30.2,2023
2982,2858,Tata Nexon EV,SUV,30.2,2024
2983,2858,Tata Punch EV,Hatchback,35.0,2023
2984,2859,Mahindra BE 6,SUV,59.0,2022
2985,2860,Mahindra XUV400,SUV,39.4,2025
2986,2861,BYD Atto 3,SUV,60.5,2022
2987,2861,Tata Punch EV,Hatchback,35.0,2022
2988,2862,Kia EV6,SUV,77.4,2025
2989,2863,Hyundai Kona Electric,SUV,39.2,2022
2990,2864,Tata Tiago EV,Hatchback,24.0,2025
2991,2865,Tata Nexon EV,SUV,30.2,2025
2992,2866,Kia EV6,SUV,77.4,2021
2993,2867,Hyundai Ioniq 5,SUV,72.6,2023
2994,2868,Mahindra BE 6,SUV,59.0,2023
2995,2869,Mahindra BE 6,SUV,59.0,2022
2996,2870,Mahindra BE 6,SUV,59.0,2021
2997,2871,Tata Nexon EV,SUV,30.2,2025
2998,2872,Hyundai Kona Electric,SUV,39.2,2024
2999,2873,Kia EV6,SUV,77.4,2020
3000,2873,Tata Nexon EV,SUV,30.2,2021
3001,2874,Tata Nexon EV,SUV,30.2,2022
3002,2875,Mahindra BE 6,SUV,59.0,2023
3003,2876,Hyundai Kona Electric,SUV,39.2,2020
3004,2877,Kia EV6,SUV,77.4,2025
3005,2878,Mahindra BE 6,SUV,59.0,2022
3006,2879,Mahindra XUV400,SUV,39.4,2023
3007,2880,Tata Nexon EV,SUV,30.2,2023
3008,2881,Mahindra BE 6,SUV,59.0,2020
3009,2882,Tata Nexon EV,SUV,30.2,2020
3010,2883,Tata Nexon EV,SUV,30.2,2020
3011,2884,Tata Punch EV,Hatchback,35.0,2021
3012,2885,Tata Nexon EV,SUV,30.2,2021
3013,2886,BYD Atto 3,SUV,60.5,2021
3014,2887,Tata Punch EV,Hatchback,35.0,2021
3015,2888,BYD Atto 3,SUV,60.5,2021
3016,2889,Tata Nexon EV,SUV,30.2,2022
3017,2889,Mahindra XUV400,SUV,39.4,2025
3018,2890,Hyundai Ioniq 5,SUV,72.6,2020
3019,2891,Hyundai Kona Electric,SUV,39.2,2020
3020,2892,Tata Tiago EV,Hatchback,24.0,2023
3021,2893,Kia EV6,SUV,77.4,2020
3022,2894,Hyundai Ioniq 5,SUV,72.6,2020
3023,2895,MG ZS EV,SUV,50.3,2025
3024,2896,MG ZS EV,SUV,50.3,2023
3025,2897,Mahindra XUV400,SUV,39.4,2021
3026,2898,Tata Nexon EV,SUV,30.2,2022
3027,2899,BYD Atto 3,SUV,60.5,2025
3028,2900,Tata Tiago EV,Hatchback,24.0,2021
3029,2900,Mahindra BE 6,SUV,59.0,2023
3030,2901,Tata Tiago EV,Hatchback,24.0,2020
3031,2902,BYD Atto 3,SUV,60.5,2024
3032,2903,Tata Tiago EV,Hatchback,24.0,2025
3033,2904,Tata Tiago EV,Hatchback,24.0,2023
3034,2905,Kia EV6,SUV,77.4,2024
3035,2906,Tata Tiago EV,Hatchback,24.0,2022
3036,2907,BYD Atto 3,SUV,60.5,2023
3037,2908,Kia EV6,SUV,77.4,2022
3038,2909,BYD Atto 3,SUV,60.5,2020
3039,2910,Hyundai Ioniq 5,SUV,72.6,2024
3040,2911,Tata Punch EV,Hatchback,35.0,2025
3041,2912,Mahindra XUV400,SUV,39.4,2022
3042,2913,Tata Tiago EV,Hatchback,24.0,2023
3043,2914,Tata Tiago EV,Hatchback,24.0,2025
3044,2915,Kia EV6,SUV,77.4,2024
3045,2916,Tata Punch EV,Hatchback,35.0,2025
3046,2917,Kia EV6,SUV,77.4,2022
3047,2918,Mahindra BE 6,SUV,59.0,2022
3048,2919,Kia EV6,SUV,77.4,2021
3049,2920,BYD Atto 3,SUV,60.5,2025
3050,2921,Hyundai Ioniq 5,SUV,72.6,2025
3051,2922,Tata Tiago EV,Hatchback,24.0,2023
3052,2923,BYD Atto 3,SUV,60.5,2021
3053,2924,Tata Tiago EV,Hatchback,24.0,2023
3054,2925,Mahindra XUV400,SUV,39.4,2025
3055,2926,Tata Punch EV,Hatchback,35.0,2021
3056,2927,MG ZS EV,SUV,50.3,2025
3057,2928,Tata Punch EV,Hatchback,35.0,2023
3058,2929,Mahindra XUV400,SUV,39.4,2024
3059,2930,BYD Atto 3,SUV,60.5,2024
3060,2931,Mahindra XUV400,SUV,39.4,2021
3061,2932,Tata Punch EV,Hatchback,35.0,2023
3062,2933,Kia EV6,SUV,77.4,2022
3063,2934,Hyundai Kona Electric,SUV,39.2,2022
3064,2935,Hyundai Ioniq 5,SUV,72.6,2023
3065,2936,Tata Punch EV,Hatchback,35.0,2020
3066,2936,Kia EV6,SUV,77.4,2024
3067,2937,Tata Nexon EV,SUV,30.2,2023
3068,2938,Mahindra BE 6,SUV,59.0,2021
3069,2939,Hyundai Ioniq 5,SUV,72.6,2023
3070,2940,BYD Atto 3,SUV,60.5,2022
3071,2941,Tata Punch EV,Hatchback,35.0,2023
3072,2942,Mahindra XUV400,SUV,39.4,2022
3073,2943,MG ZS EV,SUV,50.3,2021
3074,2944,BYD Atto 3,SUV,60.5,2022
3075,2945,Tata Punch EV,Hatchback,35.0,2023
3076,2946,MG ZS EV,SUV,50.3,2021
3077,2947,Tata Tiago EV,Hatchback,24.0,2025
3078,2948,Mahindra XUV400,SUV,39.4,2020
3079,2949,Tata Nexon EV,SUV,30.2,2020
3080,2950,Tata Tiago EV,Hatchback,24.0,2021
3081,2951,Hyundai Kona Electric,SUV,39.2,2024
3082,2952,Mahindra BE 6,SUV,59.0,2021
3083,2953,Tata Nexon EV,SUV,30.2,2022
3084,2954,Mahindra XUV400,SUV,39.4,2023
3085,2955,Tata Nexon EV,SUV,30.2,2021
3086,2956,MG ZS EV,SUV,50.3,2023
3087,2957,MG ZS EV,SUV,50.3,2020
3088,2958,Tata Tiago EV,Hatchback,24.0,2021
3089,2959,MG ZS EV,SUV,50.3,2023
3090,2960,Tata Punch EV,Hatchback,35.0,2021
3091,2961,Tata Punch EV,Hatchback,35.0,2022
3092,2962,MG ZS EV,SUV,50.3,2022
3093,2963,MG ZS EV,SUV,50.3,2020
3094,2964,Mahindra BE 6,SUV,59.0,2022
3095,2965,Tata Tiago EV,Hatchback,24.0,2021
3096,2966,MG ZS EV,SUV,50.3,2023
3097,2967,MG ZS EV,SUV,50.3,2024
3098,2968,Tata Punch EV,Hatchback,35.0,2020
3099,2969,Hyundai Ioniq 5,SUV,72.6,2020
3100,2970,Tata Nexon EV,SUV,30.2,2020
3101,2971,Mahindra BE 6,SUV,59.0,2020
3102,2972,Kia EV6,SUV,77.4,2023
3103,2973,Mahindra BE 6,SUV,59.0,2022
3104,2974,Hyundai Ioniq 5,SUV,72.6,2020
3105,2975,Mahindra BE 6,SUV,59.0,2023
3106,2976,Tata Tiago EV,Hatchback,24.0,2020
3107,2977,Tata Nexon EV,SUV,30.2,2024
3108,2978,Tata Punch EV,Hatchback,35.0,2025
3109,2978,MG ZS EV,SUV,50.3,2021
3110,2979,Tata Punch EV,Hatchback,35.0,2022
3111,2980,Kia EV6,SUV,77.4,2023
3112,2981,Hyundai Kona Electric,SUV,39.2,2023
3113,2982,Kia EV6,SUV,77.4,2022
3114,2982,Tata Nexon EV,SUV,30.2,2025
3115,2983,BYD Atto 3,SUV,60.5,2021
3116,2984,Kia EV6,SUV,77.4,2020
3117,2985,Hyundai Kona Electric,SUV,39.2,2022
3118,2986,Hyundai Kona Electric,SUV,39.2,2020
3119,2987,BYD Atto 3,SUV,60.5,2022
3120,2988,Tata Tiago EV,Hatchback,24.0,2020
3121,2989,Tata Tiago EV,Hatchback,24.0,2024
3122,2990,Tata Punch EV,Hatchback,35.0,2025
3123,2991,Tata Tiago EV,Hatchback,24.0,2025
3124,2991,MG ZS EV,SUV,50.3,2021
3125,2992,Mahindra XUV400,SUV,39.4,2025
3126,2993,BYD Atto 3,SUV,60.5,2023
3127,2994,Tata Punch EV,Hatchback,35.0,2025
3128,2995,Mahindra BE 6,SUV,59.0,2025
3129,2996,Hyundai Kona Electric,SUV,39.2,2023
3130,2997,MG ZS EV,SUV,50.3,2021
3131,2998,Tata Tiago EV,Hatchback,24.0,2024
3132,2999,Hyundai Ioniq 5,SUV,72.6,2025
3133,3000,Tata Tiago EV,Hatchback,24.0,2025
3134,3001,Tata Nexon EV,SUV,30.2,2025
3135,3002,BYD Atto 3,SUV,60.5,2022
3136,3003,Tata Nexon EV,SUV,30.2,2021
3137,3004,MG ZS EV,SUV,50.3,2023
3138,3005,Kia EV6,SUV,77.4,2025
3139,3006,BYD Atto 3,SUV,60.5,2023
3140,3007,Hyundai Ioniq 5,SUV,72.6,2020
3141,3008,Kia EV6,SUV,77.4,2022
3142,3009,Tata Tiago EV,Hatchback,24.0,2025
3143,3010,Hyundai Ioniq 5,SUV,72.6,2022
3144,3011,Mahindra BE 6,SUV,59.0,2023
3145,3012,Tata Punch EV,Hatchback,35.0,2020
3146,3013,Tata Punch EV,Hatchback,35.0,2023
3147,3013,Tata Nexon EV,SUV,30.2,2022
3148,3014,Tata Punch EV,Hatchback,35.0,2022
3149,3015,Tata Tiago EV,Hatchback,24.0,2020
3150,3016,Tata Punch EV,Hatchback,35.0,2023
3151,3017,Mahindra BE 6,SUV,59.0,2020
3152,3018,Hyundai Kona Electric,SUV,39.2,2024
3153,3019,Mahindra XUV400,SUV,39.4,2024
3154,3020,MG ZS EV,SUV,50.3,2024
3155,3021,Tata Tiago EV,Hatchback,24.0,2025
3156,3022,Tata Punch EV,Hatchback,35.0,2023
3157,3023,Hyundai Kona Electric,SUV,39.2,2025
3158,3024,Hyundai Ioniq 5,SUV,72.6,2024
3159,3025,Tata Punch EV,Hatchback,35.0,2022
3160,3026,Mahindra BE 6,SUV,59.0,2024
3161,3027,Tata Tiago EV,Hatchback,24.0,2022
3162,3028,Mahindra BE 6,SUV,59.0,2023
3163,3029,Hyundai Ioniq 5,SUV,72.6,2021
3164,3029,Mahindra XUV400,SUV,39.4,2025
3165,3030,Hyundai Ioniq 5,SUV,72.6,2024
3166,3031,Hyundai Kona Electric,SUV,39.2,2021
3167,3032,Hyundai Kona Electric,SUV,39.2,2021
3168,3033,Tata Tiago EV,Hatchback,24.0,2020
3169,3034,Tata Punch EV,Hatchback,35.0,2021
3170,3035,Hyundai Ioniq 5,SUV,72.6,2025
3171,3035,Tata Tiago EV,Hatchback,24.0,2022
3172,3036,BYD Atto 3,SUV,60.5,2025
3173,3037,Tata Nexon EV,SUV,30.2,2021
3174,3038,Mahindra BE 6,SUV,59.0,2022
3175,3039,Mahindra XUV400,SUV,39.4,2020
3176,3040,MG ZS EV,SUV,50.3,2025
3177,3041,Hyundai Kona Electric,SUV,39.2,2024
3178,3042,Tata Punch EV,Hatchback,35.0,2023
3179,3043,Mahindra XUV400,SUV,39.4,2025
3180,3044,Hyundai Kona Electric,SUV,39.2,2021
3181,3045,Tata Punch EV,Hatchback,35.0,2023
3182,3046,MG ZS EV,SUV,50.3,2020
3183,3047,Tata Tiago EV,Hatchback,24.0,2024
3184,3048,Tata Tiago EV,Hatchback,24.0,2025
3185,3049,Tata Nexon EV,SUV,30.2,2025
3186,3050,Kia EV6,SUV,77.4,2024
3187,3051,Tata Punch EV,Hatchback,35.0,2024
3188,3052,Hyundai Ioniq 5,SUV,72.6,2024
3189,3053,Hyundai Kona Electric,SUV,39.2,2020
3190,3054,Mahindra XUV400,SUV,39.4,2021
3191,3054,Mahindra XUV400,SUV,39.4,2022
3192,3055,Hyundai Ioniq 5,SUV,72.6,2020
3193,3056,Mahindra XUV400,SUV,39.4,2024
3194,3057,BYD Atto 3,SUV,60.5,2020
3195,3058,Hyundai Ioniq 5,SUV,72.6,2023
3196,3059,Kia EV6,SUV,77.4,2021
3197,3060,Mahindra BE 6,SUV,59.0,2022
3198,3061,BYD Atto 3,SUV,60.5,2021
3199,3062,BYD Atto 3,SUV,60.5,2020
3200,3063,Hyundai Kona Electric,SUV,39.2,2025
3201,3064,Tata Punch EV,Hatchback,35.0,2022
3202,3065,Hyundai Ioniq 5,SUV,72.6,2024
3203,3066,Kia EV6,SUV,77.4,2025
3204,3067,Tata Nexon EV,SUV,30.2,2024
3205,3068,Tata Tiago EV,Hatchback,24.0,2025
3206,3069,Hyundai Kona Electric,SUV,39.2,2025
3207,3070,Tata Punch EV,Hatchback,35.0,2024
3208,3071,Mahindra XUV400,SUV,39.4,2020
3209,3072,Hyundai Ioniq 5,SUV,72.6,2025
3210,3073,Mahindra XUV400,SUV,39.4,2022
3211,3074,Mahindra XUV400,SUV,39.4,2021
3212,3075,Hyundai Kona Electric,SUV,39.2,2024
3213,3076,Hyundai Ioniq 5,SUV,72.6,2025
3214,3077,Mahindra BE 6,SUV,59.0,2023
3215,3078,Tata Tiago EV,Hatchback,24.0,2021
3216,3079,BYD Atto 3,SUV,60.5,2020
3217,3080,Hyundai Kona Electric,SUV,39.2,2021
3218,3081,MG ZS EV,SUV,50.3,2022
3219,3082,Hyundai Kona Electric,SUV,39.2,2023
3220,3083,Kia EV6,SUV,77.4,2023
3221,3084,BYD Atto 3,SUV,60.5,2023
3222,3085,BYD Atto 3,SUV,60.5,2021
3223,3086,Tata Tiago EV,Hatchback,24.0,2023
3224,3087,Tata Tiago EV,Hatchback,24.0,2020
3225,3088,Hyundai Kona Electric,SUV,39.2,2025
3226,3089,Hyundai Kona Electric,SUV,39.2,2021
3227,3090,Mahindra BE 6,SUV,59.0,2023
3228,3091,Kia EV6,SUV,77.4,2023
3229,3092,Tata Nexon EV,SUV,30.2,2025
3230,3093,Tata Punch EV,Hatchback,35.0,2025
3231,3094,Mahindra BE 6,SUV,59.0,2021
3232,3095,BYD Atto 3,SUV,60.5,2025
3233,3096,BYD Atto 3,SUV,60.5,2021
3234,3097,Tata Nexon EV,SUV,30.2,2024
3235,3098,Hyundai Ioniq 5,SUV,72.6,2025
3236,3099,Tata Punch EV,Hatchback,35.0,2025
3237,3100,Kia EV6,SUV,77.4,2020
3238,3101,Mahindra XUV400,SUV,39.4,2022
3239,3102,Tata Punch EV,Hatchback,35.0,2022
3240,3103,Kia EV6,SUV,77.4,2023
3241,3104,Kia EV6,SUV,77.4,2021
3242,3105,Kia EV6,SUV,77.4,2022
3243,3106,Kia EV6,SUV,77.4,2020
3244,3107,Mahindra BE 6,SUV,59.0,2021
3245,3108,MG ZS EV,SUV,50.3,2025
3246,3109,Hyundai Ioniq 5,SUV,72.6,2024
3247,3110,Kia EV6,SUV,77.4,2020
3248,3111,Mahindra XUV400,SUV,39.4,2021
3249,3112,Tata Nexon EV,SUV,30.2,2024
3250,3113,Hyundai Kona Electric,SUV,39.2,2023
3251,3114,Mahindra BE 6,SUV,59.0,2024
3252,3115,Mahindra BE 6,SUV,59.0,2024
3253,3116,BYD Atto 3,SUV,60.5,2022
3254,3117,Mahindra XUV400,SUV,39.4,2021
3255,3118,Hyundai Ioniq 5,SUV,72.6,2024
3256,3119,Hyundai Kona Electric,SUV,39.2,2020
3257,3120,Kia EV6,SUV,77.4,2020
3258,3121,Kia EV6,SUV,77.4,2022
3259,3122,Hyundai Kona Electric,SUV,39.2,2023
3260,3123,BYD Atto 3,SUV,60.5,2024
3261,3124,Tata Punch EV,Hatchback,35.0,2024
3262,3125,MG ZS EV,SUV,50.3,2020
3263,3126,Hyundai Ioniq 5,SUV,72.6,2021
3264,3127,BYD Atto 3,SUV,60.5,2022
3265,3128,MG ZS EV,SUV,50.3,2022
3266,3129,Hyundai Ioniq 5,SUV,72.6,2024
3267,3130,Mahindra XUV400,SUV,39.4,2022
3268,3131,Tata Tiago EV,Hatchback,24.0,2022
3269,3132,Tata Nexon EV,SUV,30.2,2020
3270,3133,Tata Punch EV,Hatchback,35.0,2024
3271,3133,Tata Nexon EV,SUV,30.2,2020
3272,3134,Hyundai Kona Electric,SUV,39.2,2020
3273,3135,MG ZS EV,SUV,50.3,2022
3274,3136,Tata Punch EV,Hatchback,35.0,2024
3275,3137,Kia EV6,SUV,77.4,2023
3276,3138,MG ZS EV,SUV,50.3,2022
3277,3139,Mahindra BE 6,SUV,59.0,2020
3278,3140,Hyundai Ioniq 5,SUV,72.6,2025
3279,3141,MG ZS EV,SUV,50.3,2021
3280,3142,Tata Nexon EV,SUV,30.2,2020
3281,3143,Hyundai Ioniq 5,SUV,72.6,2020
3282,3144,Mahindra XUV400,SUV,39.4,2021
3283,3145,Tata Nexon EV,SUV,30.2,2025
3284,3146,Tata Nexon EV,SUV,30.2,2020
3285,3147,MG ZS EV,SUV,50.3,2021
3286,3148,MG ZS EV,SUV,50.3,2023
3287,3149,Mahindra XUV400,SUV,39.4,2020
3288,3150,Mahindra XUV400,SUV,39.4,2025
3289,3151,MG ZS EV,SUV,50.3,2022
3290,3152,Tata Punch EV,Hatchback,35.0,2020
3291,3153,Tata Tiago EV,Hatchback,24.0,2022
3292,3154,Tata Punch EV,Hatchback,35.0,2025
3293,3155,Tata Tiago EV,Hatchback,24.0,2022
3294,3156,Hyundai Ioniq 5,SUV,72.6,2024
3295,3157,Tata Punch EV,Hatchback,35.0,2020
3296,3158,Mahindra XUV400,SUV,39.4,2020
3297,3159,Hyundai Kona Electric,SUV,39.2,2021
3298,3160,Tata Nexon EV,SUV,30.2,2020
3299,3161,Mahindra BE 6,SUV,59.0,2021
3300,3162,Tata Nexon EV,SUV,30.2,2021
3301,3163,Hyundai Kona Electric,SUV,39.2,2024
3302,3164,Tata Tiago EV,Hatchback,24.0,2024
3303,3165,Mahindra XUV400,SUV,39.4,2021
3304,3166,Mahindra BE 6,SUV,59.0,2023
3305,3167,Mahindra BE 6,SUV,59.0,2021
3306,3168,Tata Nexon EV,SUV,30.2,2025
3307,3169,BYD Atto 3,SUV,60.5,2021
3308,3170,Mahindra BE 6,SUV,59.0,2022
3309,3171,Tata Nexon EV,SUV,30.2,2022
3310,3172,Kia EV6,SUV,77.4,2023
3311,3173,Tata Nexon EV,SUV,30.2,2020
3312,3174,MG ZS EV,SUV,50.3,2020
3313,3175,Hyundai Kona Electric,SUV,39.2,2022
3314,3176,Mahindra BE 6,SUV,59.0,2024
3315,3177,Kia EV6,SUV,77.4,2023
3316,3178,Hyundai Ioniq 5,SUV,72.6,2023
3317,3179,Tata Tiago EV,Hatchback,24.0,2021
3318,3180,Mahindra XUV400,SUV,39.4,2024
3319,3181,BYD Atto 3,SUV,60.5,2022
3320,3182,Tata Tiago EV,Hatchback,24.0,2023
3321,3183,Tata Punch EV,Hatchback,35.0,2024
3322,3184,Tata Nexon EV,SUV,30.2,2022
3323,3185,Tata Tiago EV,Hatchback,24.0,2024
3324,3186,Mahindra BE 6,SUV,59.0,2023
3325,3187,Mahindra XUV400,SUV,39.4,2025
3326,3188,Tata Nexon EV,SUV,30.2,2025
3327,3189,Tata Nexon EV,SUV,30.2,2023
3328,3190,Kia EV6,SUV,77.4,2021
3329,3191,Kia EV6,SUV,77.4,2022
3330,3192,Kia EV6,SUV,77.4,2025
3331,3193,MG ZS EV,SUV,50.3,2021
3332,3194,MG ZS EV,SUV,50.3,2021
3333,3195,Mahindra XUV400,SUV,39.4,2020
3334,3196,Kia EV6,SUV,77.4,2025
3335,3197,Tata Tiago EV,Hatchback,24.0,2025
3336,3198,Tata Punch EV,Hatchback,35.0,2021
3337,3199,Mahindra XUV400,SUV,39.4,2021
3338,3200,Mahindra XUV400,SUV,39.4,2023
3339,3201,Mahindra XUV400,SUV,39.4,2023
3340,3202,MG ZS EV,SUV,50.3,2021
3341,3203,Mahindra BE 6,SUV,59.0,2024
3342,3204,Kia EV6,SUV,77.4,2020
3343,3205,BYD Atto 3,SUV,60.5,2021
3344,3206,Mahindra XUV400,SUV,39.4,2024
3345,3207,MG ZS EV,SUV,50.3,2022
3346,3208,Kia EV6,SUV,77.4,2024
3347,3209,Hyundai Kona Electric,SUV,39.2,2025
3348,3210,Mahindra BE 6,SUV,59.0,2020
3349,3211,MG ZS EV,SUV,50.3,2021
3350,3212,Hyundai Ioniq 5,SUV,72.6,2024
3351,3213,Tata Punch EV,Hatchback,35.0,2023
3352,3214,Mahindra XUV400,SUV,39.4,2025
3353,3215,Mahindra XUV400,SUV,39.4,2025
3354,3216,Hyundai Kona Electric,SUV,39.2,2023
3355,3217,Tata Nexon EV,SUV,30.2,2021
3356,3218,Tata Punch EV,Hatchback,35.0,2022
3357,3219,Hyundai Kona Electric,SUV,39.2,2022
3358,3220,Hyundai Ioniq 5,SUV,72.6,2023
3359,3221,Hyundai Kona Electric,SUV,39.2,2024
3360,3222,BYD Atto 3,SUV,60.5,2025
3361,3223,Mahindra BE 6,SUV,59.0,2021
3362,3223,Tata Nexon EV,SUV,30.2,2024
3363,3224,Hyundai Kona Electric,SUV,39.2,2022
3364,3225,MG ZS EV,SUV,50.3,2025
3365,3226,Tata Nexon EV,SUV,30.2,2023
3366,3227,Kia EV6,SUV,77.4,2024
3367,3227,Tata Tiago EV,Hatchback,24.0,2025
3368,3228,MG ZS EV,SUV,50.3,2023
3369,3229,Tata Tiago EV,Hatchback,24.0,2023
3370,3230,Mahindra XUV400,SUV,39.4,2023
3371,3231,Hyundai Ioniq 5,SUV,72.6,2021
3372,3232,Hyundai Kona Electric,SUV,39.2,2025
3373,3233,Hyundai Ioniq 5,SUV,72.6,2025
3374,3234,Mahindra BE 6,SUV,59.0,2023
3375,3235,Tata Punch EV,Hatchback,35.0,2020
3376,3236,Hyundai Ioniq 5,SUV,72.6,2021
3377,3237,Mahindra BE 6,SUV,59.0,2022
3378,3238,Kia EV6,SUV,77.4,2020
3379,3239,BYD Atto 3,SUV,60.5,2024
3380,3240,Tata Tiago EV,Hatchback,24.0,2021
3381,3241,Hyundai Ioniq 5,SUV,72.6,2020
3382,3242,BYD Atto 3,SUV,60.5,2021
3383,3242,Tata Tiago EV,Hatchback,24.0,2024
3384,3243,Tata Punch EV,Hatchback,35.0,2021
3385,3244,Mahindra XUV400,SUV,39.4,2022
3386,3245,Kia EV6,SUV,77.4,2020
3387,3246,Tata Tiago EV,Hatchback,24.0,2023
3388,3247,Mahindra XUV400,SUV,39.4,2022
3389,3248,Kia EV6,SUV,77.4,2022
3390,3249,Mahindra BE 6,SUV,59.0,2025
3391,3250,Mahindra BE 6,SUV,59.0,2025
3392,3251,Hyundai Ioniq 5,SUV,72.6,2022
3393,3252,Tata Nexon EV,SUV,30.2,2024
3394,3253,Kia EV6,SUV,77.4,2023
3395,3254,Mahindra XUV400,SUV,39.4,2024
3396,3255,Tata Nexon EV,SUV,30.2,2025
3397,3256,Mahindra XUV400,SUV,39.4,2022
3398,3257,Mahindra XUV400,SUV,39.4,2024
3399,3258,MG ZS EV,SUV,50.3,2024
3400,3259,MG ZS EV,SUV,50.3,2022
3401,3260,Kia EV6,SUV,77.4,2024
3402,3261,Hyundai Ioniq 5,SUV,72.6,2022
3403,3262,Hyundai Kona Electric,SUV,39.2,2020
3404,3263,Tata Punch EV,Hatchback,35.0,2023
3405,3264,Tata Nexon EV,SUV,30.2,2022
3406,3265,Tata Nexon EV,SUV,30.2,2023
3407,3266,BYD Atto 3,SUV,60.5,2023
3408,3267,Mahindra BE 6,SUV,59.0,2025
3409,3268,Hyundai Kona Electric,SUV,39.2,2025
3410,3269,Mahindra XUV400,SUV,39.4,2024
3411,3270,Tata Tiago EV,Hatchback,24.0,2024
3412,3271,Hyundai Ioniq 5,SUV,72.6,2024
3413,3272,BYD Atto 3,SUV,60.5,2024
3414,3273,Hyundai Kona Electric,SUV,39.2,2020
3415,3274,Tata Punch EV,Hatchback,35.0,2025
3416,3275,Hyundai Kona Electric,SUV,39.2,2020
3417,3276,Mahindra XUV400,SUV,39.4,2022
3418,3277,Hyundai Kona Electric,SUV,39.2,2023
3419,3278,Kia EV6,SUV,77.4,2024
3420,3279,MG ZS EV,SUV,50.3,2023
3421,3280,BYD Atto 3,SUV,60.5,2021
3422,3281,Tata Punch EV,Hatchback,35.0,2021
3423,3282,Hyundai Kona Electric,SUV,39.2,2020
3424,3283,Kia EV6,SUV,77.4,2020
3425,3284,MG ZS EV,SUV,50.3,2023
3426,3285,Mahindra XUV400,SUV,39.4,2024
3427,3286,Hyundai Ioniq 5,SUV,72.6,2022
3428,3287,Mahindra BE 6,SUV,59.0,2025
3429,3288,Mahindra XUV400,SUV,39.4,2022
3430,3289,BYD Atto 3,SUV,60.5,2021
3431,3290,BYD Atto 3,SUV,60.5,2023
3432,3291,Tata Nexon EV,SUV,30.2,2023
3433,3292,Kia EV6,SUV,77.4,2025
3434,3293,Mahindra XUV400,SUV,39.4,2021
3435,3294,Hyundai Ioniq 5,SUV,72.6,2022
3436,3295,Tata Nexon EV,SUV,30.2,2022
3437,3296,Tata Punch EV,Hatchback,35.0,2022
3438,3296,Hyundai Ioniq 5,SUV,72.6,2024
3439,3297,BYD Atto 3,SUV,60.5,2021
3440,3298,Tata Tiago EV,Hatchback,24.0,2021
3441,3299,Kia EV6,SUV,77.4,2023
3442,3300,Hyundai Kona Electric,SUV,39.2,2025
3443,3301,Tata Tiago EV,Hatchback,24.0,2025
3444,3302,Kia EV6,SUV,77.4,2020
3445,3303,Tata Nexon EV,SUV,30.2,2020
3446,3304,Hyundai Kona Electric,SUV,39.2,2022
3447,3305,Kia EV6,SUV,77.4,2021
3448,3306,Mahindra BE 6,SUV,59.0,2020
3449,3307,Mahindra XUV400,SUV,39.4,2022
3450,3308,Mahindra XUV400,SUV,39.4,2025
3451,3309,Hyundai Kona Electric,SUV,39.2,2023
3452,3310,Mahindra BE 6,SUV,59.0,2022
3453,3311,Tata Nexon EV,SUV,30.2,2020
3454,3312,Tata Tiago EV,Hatchback,24.0,2023
3455,3313,BYD Atto 3,SUV,60.5,2023
3456,3314,MG ZS EV,SUV,50.3,2020
3457,3315,Hyundai Kona Electric,SUV,39.2,2024
3458,3316,Hyundai Kona Electric,SUV,39.2,2025
3459,3317,Tata Tiago EV,Hatchback,24.0,2022
3460,3318,Mahindra BE 6,SUV,59.0,2021
3461,3319,Hyundai Kona Electric,SUV,39.2,2020
3462,3320,Hyundai Kona Electric,SUV,39.2,2020
3463,3321,Tata Punch EV,Hatchback,35.0,2023
3464,3322,MG ZS EV,SUV,50.3,2022
3465,3323,Mahindra XUV400,SUV,39.4,2020
3466,3324,Hyundai Kona Electric,SUV,39.2,2023
3467,3325,Tata Punch EV,Hatchback,35.0,2025
3468,3326,Tata Punch EV,Hatchback,35.0,2023
3469,3327,Kia EV6,SUV,77.4,2023
3470,3328,Tata Tiago EV,Hatchback,24.0,2024
3471,3329,MG ZS EV,SUV,50.3,2024
3472,3330,BYD Atto 3,SUV,60.5,2021
3473,3331,Mahindra XUV400,SUV,39.4,2020
3474,3332,MG ZS EV,SUV,50.3,2024
3475,3333,Mahindra BE 6,SUV,59.0,2024
3476,3334,Tata Punch EV,Hatchback,35.0,2020
3477,3335,Hyundai Kona Electric,SUV,39.2,2020
3478,3336,Mahindra BE 6,SUV,59.0,2021
3479,3337,BYD Atto 3,SUV,60.5,2025
3480,3338,Tata Nexon EV,SUV,30.2,2024
3481,3339,MG ZS EV,SUV,50.3,2024
3482,3340,Kia EV6,SUV,77.4,2022
3483,3341,Mahindra BE 6,SUV,59.0,2021
3484,3342,Mahindra BE 6,SUV,59.0,2023
3485,3343,Mahindra XUV400,SUV,39.4,2023
3486,3344,Tata Tiago EV,Hatchback,24.0,2022
3487,3345,Tata Tiago EV,Hatchback,24.0,2025
3488,3346,Kia EV6,SUV,77.4,2021
3489,3347,MG ZS EV,SUV,50.3,2024
3490,3348,Hyundai Kona Electric,SUV,39.2,2024
3491,3349,Kia EV6,SUV,77.4,2024
3492,3349,MG ZS EV,SUV,50.3,2024
3493,3350,Mahindra XUV400,SUV,39.4,2023
3494,3351,Mahindra XUV400,SUV,39.4,2024
3495,3352,Tata Tiago EV,Hatchback,24.0,2022
3496,3353,BYD Atto 3,SUV,60.5,2021
3497,3354,Hyundai Kona Electric,SUV,39.2,2025
3498,3355,MG ZS EV,SUV,50.3,2020
3499,3356,BYD Atto 3,SUV,60.5,2023
3500,3357,Kia EV6,SUV,77.4,2020
3501,3357,Mahindra BE 6,SUV,59.0,2021
3502,3358,MG ZS EV,SUV,50.3,2024
3503,3359,BYD Atto 3,SUV,60.5,2021
3504,3360,MG ZS EV,SUV,50.3,2024
3505,3361,MG ZS EV,SUV,50.3,2024
3506,3362,Hyundai Kona Electric,SUV,39.2,2021
3507,3363,Kia EV6,SUV,77.4,2020
3508,3364,Tata Tiago EV,Hatchback,24.0,2022
3509,3365,Mahindra XUV400,SUV,39.4,2025
3510,3366,Kia EV6,SUV,77.4,2024
3511,3367,Tata Punch EV,Hatchback,35.0,2020
3512,3368,Tata Nexon EV,SUV,30.2,2021
3513,3369,Hyundai Ioniq 5,SUV,72.6,2025
3514,3370,Tata Nexon EV,SUV,30.2,2022
3515,3371,Kia EV6,SUV,77.4,2025
3516,3372,Tata Tiago EV,Hatchback,24.0,2022
3517,3373,Tata Tiago EV,Hatchback,24.0,2025
3518,3374,BYD Atto 3,SUV,60.5,2025
3519,3375,Hyundai Ioniq 5,SUV,72.6,2023
3520,3376,Tata Punch EV,Hatchback,35.0,2020
3521,3377,Tata Nexon EV,SUV,30.2,2022
3522,3378,MG ZS EV,SUV,50.3,2022
3523,3379,BYD Atto 3,SUV,60.5,2022
3524,3380,Tata Nexon EV,SUV,30.2,2023
3525,3381,MG ZS EV,SUV,50.3,2023
3526,3382,Tata Punch EV,Hatchback,35.0,2021
3527,3383,Hyundai Ioniq 5,SUV,72.6,2024
3528,3384,Mahindra BE 6,SUV,59.0,2023
3529,3385,BYD Atto 3,SUV,60.5,2021
3530,3386,Hyundai Ioniq 5,SUV,72.6,2025
3531,3387,Kia EV6,SUV,77.4,2022
3532,3388,Mahindra XUV400,SUV,39.4,2023
3533,3389,BYD Atto 3,SUV,60.5,2025
3534,3389,Hyundai Kona Electric,SUV,39.2,2025
3535,3390,Tata Punch EV,Hatchback,35.0,2024
3536,3390,Tata Tiago EV,Hatchback,24.0,2021
3537,3391,Mahindra BE 6,SUV,59.0,2020
3538,3391,Tata Nexon EV,SUV,30.2,2023
3539,3392,MG ZS EV,SUV,50.3,2024
3540,3393,Tata Tiago EV,Hatchback,24.0,2020
3541,3394,Hyundai Ioniq 5,SUV,72.6,2020
3542,3395,Tata Punch EV,Hatchback,35.0,2021
3543,3396,Tata Punch EV,Hatchback,35.0,2025
3544,3397,BYD Atto 3,SUV,60.5,2023
3545,3398,Tata Tiago EV,Hatchback,24.0,2023
3546,3399,Mahindra BE 6,SUV,59.0,2024
3547,3400,Hyundai Kona Electric,SUV,39.2,2025
3548,3401,Mahindra XUV400,SUV,39.4,2023
3549,3402,Tata Nexon EV,SUV,30.2,2025
3550,3403,Hyundai Ioniq 5,SUV,72.6,2020
3551,3404,Tata Tiago EV,Hatchback,24.0,2021
3552,3405,Hyundai Ioniq 5,SUV,72.6,2021
3553,3406,BYD Atto 3,SUV,60.5,2020
3554,3406,Hyundai Ioniq 5,SUV,72.6,2023
3555,3407,Mahindra XUV400,SUV,39.4,2022
3556,3408,Tata Tiago EV,Hatchback,24.0,2025
3557,3409,Tata Tiago EV,Hatchback,24.0,2025
3558,3410,Hyundai Kona Electric,SUV,39.2,2024
3559,3411,Tata Punch EV,Hatchback,35.0,2022
3560,3412,Hyundai Ioniq 5,SUV,72.6,2023
3561,3413,Hyundai Ioniq 5,SUV,72.6,2023
3562,3414,BYD Atto 3,SUV,60.5,2020
3563,3415,Kia EV6,SUV,77.4,2023
3564,3416,Tata Tiago EV,Hatchback,24.0,2020
3565,3416,Tata Punch EV,Hatchback,35.0,2024
3566,3417,Hyundai Kona Electric,SUV,39.2,2021
3567,3418,Hyundai Ioniq 5,SUV,72.6,2020
3568,3418,MG ZS EV,SUV,50.3,2022
3569,3419,MG ZS EV,SUV,50.3,2021
3570,3420,Tata Tiago EV,Hatchback,24.0,2024
3571,3421,Tata Tiago EV,Hatchback,24.0,2023
3572,3422,Mahindra XUV400,SUV,39.4,2023
3573,3423,Tata Tiago EV,Hatchback,24.0,2022
3574,3424,MG ZS EV,SUV,50.3,2020
3575,3425,Tata Nexon EV,SUV,30.2,2021
3576,3426,MG ZS EV,SUV,50.3,2020
3577,3427,MG ZS EV,SUV,50.3,2025
3578,3428,Tata Punch EV,Hatchback,35.0,2021
3579,3428,Hyundai Kona Electric,SUV,39.2,2024
3580,3429,Hyundai Ioniq 5,SUV,72.6,2022
3581,3430,Kia EV6,SUV,77.4,2025
3582,3431,Mahindra XUV400,SUV,39.4,2025
3583,3432,MG ZS EV,SUV,50.3,2024
3584,3433,Hyundai Kona Electric,SUV,39.2,2020
3585,3434,MG ZS EV,SUV,50.3,2022
3586,3435,Tata Tiago EV,Hatchback,24.0,2025
3587,3436,Tata Tiago EV,Hatchback,24.0,2025
3588,3437,BYD Atto 3,SUV,60.5,2024
3589,3438,Mahindra XUV400,SUV,39.4,2023
3590,3439,Hyundai Kona Electric,SUV,39.2,2020
3591,3440,Tata Punch EV,Hatchback,35.0,2020
3592,3441,Hyundai Kona Electric,SUV,39.2,2021
3593,3442,Hyundai Ioniq 5,SUV,72.6,2021
3594,3443,Tata Punch EV,Hatchback,35.0,2022
3595,3444,BYD Atto 3,SUV,60.5,2025
3596,3445,Hyundai Ioniq 5,SUV,72.6,2021
3597,3445,Mahindra BE 6,SUV,59.0,2020
3598,3446,Tata Nexon EV,SUV,30.2,2024
3599,3447,Hyundai Ioniq 5,SUV,72.6,2024
3600,3448,Tata Punch EV,Hatchback,35.0,2020
3601,3449,Mahindra BE 6,SUV,59.0,2022
3602,3450,Hyundai Ioniq 5,SUV,72.6,2023
3603,3451,BYD Atto 3,SUV,60.5,2023
3604,3452,Mahindra XUV400,SUV,39.4,2020
3605,3453,Tata Punch EV,Hatchback,35.0,2020
3606,3454,Hyundai Ioniq 5,SUV,72.6,2022
3607,3455,Mahindra XUV400,SUV,39.4,2020
3608,3456,Kia EV6,SUV,77.4,2023
3609,3457,Kia EV6,SUV,77.4,2022
3610,3458,Hyundai Kona Electric,SUV,39.2,2025
3611,3458,BYD Atto 3,SUV,60.5,2022
3612,3459,Tata Nexon EV,SUV,30.2,2025
3613,3459,BYD Atto 3,SUV,60.5,2021
3614,3460,Tata Tiago EV,Hatchback,24.0,2020
3615,3461,MG ZS EV,SUV,50.3,2024
3616,3462,Kia EV6,SUV,77.4,2025
3617,3463,Hyundai Kona Electric,SUV,39.2,2023
3618,3464,BYD Atto 3,SUV,60.5,2021
3619,3465,Tata Punch EV,Hatchback,35.0,2024
3620,3466,Kia EV6,SUV,77.4,2021
3621,3467,Tata Nexon EV,SUV,30.2,2020
3622,3468,Tata Tiago EV,Hatchback,24.0,2025
3623,3469,Mahindra BE 6,SUV,59.0,2022
3624,3470,BYD Atto 3,SUV,60.5,2023
3625,3471,Mahindra BE 6,SUV,59.0,2023
3626,3472,Hyundai Ioniq 5,SUV,72.6,2021
3627,3473,Tata Nexon EV,SUV,30.2,2023
3628,3474,BYD Atto 3,SUV,60.5,2025
3629,3475,Tata Tiago EV,Hatchback,24.0,2024
3630,3476,Hyundai Ioniq 5,SUV,72.6,2025
3631,3477,Tata Punch EV,Hatchback,35.0,2023
3632,3478,Tata Punch EV,Hatchback,35.0,2020
3633,3479,MG ZS EV,SUV,50.3,2022
3634,3480,Tata Tiago EV,Hatchback,24.0,2021
3635,3481,Tata Punch EV,Hatchback,35.0,2024
3636,3482,MG ZS EV,SUV,50.3,2023
3637,3483,Tata Nexon EV,SUV,30.2,2024
3638,3483,Hyundai Kona Electric,SUV,39.2,2020
3639,3484,Tata Punch EV,Hatchback,35.0,2022
3640,3485,BYD Atto 3,SUV,60.5,2025
3641,3486,Hyundai Ioniq 5,SUV,72.6,2023
3642,3487,BYD Atto 3,SUV,60.5,2021
3643,3488,Tata Tiago EV,Hatchback,24.0,2024
3644,3489,Tata Nexon EV,SUV,30.2,2023
3645,3490,Tata Punch EV,Hatchback,35.0,2021
3646,3491,Tata Nexon EV,SUV,30.2,2020
3647,3492,Hyundai Ioniq 5,SUV,72.6,2020
3648,3493,Tata Punch EV,Hatchback,35.0,2020
3649,3494,Mahindra XUV400,SUV,39.4,2020
3650,3494,Hyundai Kona Electric,SUV,39.2,2020
3651,3495,Mahindra XUV400,SUV,39.4,2025
3652,3495,Kia EV6,SUV,77.4,2022
3653,3496,Mahindra BE 6,SUV,59.0,2021
3654,3497,MG ZS EV,SUV,50.3,2023
3655,3498,Tata Nexon EV,SUV,30.2,2022
3656,3499,Mahindra BE 6,SUV,59.0,2024
3657,3500,Tata Nexon EV,SUV,30.2,2025
3658,3501,Mahindra XUV400,SUV,39.4,2020
3659,3502,Tata Nexon EV,SUV,30.2,2023
3660,3503,Kia EV6,SUV,77.4,2024
3661,3504,Hyundai Kona Electric,SUV,39.2,2021
3662,3505,Kia EV6,SUV,77.4,2020
3663,3506,Tata Tiago EV,Hatchback,24.0,2021
3664,3507,Tata Punch EV,Hatchback,35.0,2023
3665,3507,Tata Tiago EV,Hatchback,24.0,2021
3666,3508,Kia EV6,SUV,77.4,2020
3667,3509,Mahindra BE 6,SUV,59.0,2023
3668,3510,Tata Tiago EV,Hatchback,24.0,2025
3669,3510,Hyundai Ioniq 5,SUV,72.6,2021
3670,3511,Hyundai Kona Electric,SUV,39.2,2024
3671,3512,Kia EV6,SUV,77.4,2020
3672,3512,Mahindra XUV400,SUV,39.4,2022
3673,3513,Tata Nexon EV,SUV,30.2,2025
3674,3514,Mahindra XUV400,SUV,39.4,2024
3675,3515,Hyundai Ioniq 5,SUV,72.6,2025
3676,3516,Tata Tiago EV,Hatchback,24.0,2021
3677,3517,Mahindra BE 6,SUV,59.0,2022
3678,3518,MG ZS EV,SUV,50.3,2022
3679,3519,BYD Atto 3,SUV,60.5,2025
3680,3520,Hyundai Ioniq 5,SUV,72.6,2020
3681,3521,Tata Nexon EV,SUV,30.2,2025
3682,3522,Hyundai Kona Electric,SUV,39.2,2024
3683,3523,MG ZS EV,SUV,50.3,2021
3684,3524,Hyundai Kona Electric,SUV,39.2,2023
3685,3525,Mahindra BE 6,SUV,59.0,2025
3686,3526,Hyundai Ioniq 5,SUV,72.6,2023
3687,3527,Tata Tiago EV,Hatchback,24.0,2023
3688,3528,Mahindra XUV400,SUV,39.4,2025
3689,3529,Tata Tiago EV,Hatchback,24.0,2025
3690,3530,Hyundai Kona Electric,SUV,39.2,2020
3691,3531,Kia EV6,SUV,77.4,2022
3692,3532,Tata Punch EV,Hatchback,35.0,2021
3693,3533,Mahindra BE 6,SUV,59.0,2024
3694,3534,Tata Nexon EV,SUV,30.2,2022
3695,3535,BYD Atto 3,SUV,60.5,2024
3696,3536,Tata Punch EV,Hatchback,35.0,2025
3697,3537,Tata Punch EV,Hatchback,35.0,2024
3698,3538,Tata Nexon EV,SUV,30.2,2023
3699,3539,BYD Atto 3,SUV,60.5,2021
3700,3540,Tata Tiago EV,Hatchback,24.0,2022
3701,3541,Tata Punch EV,Hatchback,35.0,2024
3702,3542,BYD Atto 3,SUV,60.5,2024
3703,3543,Mahindra XUV400,SUV,39.4,2020
3704,3544,Kia EV6,SUV,77.4,2025
3705,3545,Tata Tiago EV,Hatchback,24.0,2021
3706,3546,BYD Atto 3,SUV,60.5,2020
3707,3547,MG ZS EV,SUV,50.3,2023
3708,3548,Hyundai Kona Electric,SUV,39.2,2021
3709,3549,Tata Tiago EV,Hatchback,24.0,2024
3710,3550,BYD Atto 3,SUV,60.5,2025
3711,3551,Hyundai Ioniq 5,SUV,72.6,2025
3712,3552,Hyundai Kona Electric,SUV,39.2,2025
3713,3553,Mahindra BE 6,SUV,59.0,2025
3714,3554,Hyundai Ioniq 5,SUV,72.6,2021
3715,3555,Tata Nexon EV,SUV,30.2,2021
3716,3556,Mahindra BE 6,SUV,59.0,2020
3717,3556,Mahindra XUV400,SUV,39.4,2023
3718,3557,Hyundai Kona Electric,SUV,39.2,2020
3719,3558,Kia EV6,SUV,77.4,2022
3720,3559,Tata Punch EV,Hatchback,35.0,2021
3721,3560,Kia EV6,SUV,77.4,2023
3722,3561,Mahindra XUV400,SUV,39.4,2020
3723,3561,Tata Punch EV,Hatchback,35.0,2023
3724,3562,Kia EV6,SUV,77.4,2024
3725,3563,Tata Tiago EV,Hatchback,24.0,2020
3726,3564,MG ZS EV,SUV,50.3,2023
3727,3565,Hyundai Ioniq 5,SUV,72.6,2025
3728,3566,MG ZS EV,SUV,50.3,2020
3729,3567,BYD Atto 3,SUV,60.5,2021
3730,3568,MG ZS EV,SUV,50.3,2023
3731,3569,Tata Nexon EV,SUV,30.2,2024
3732,3570,MG ZS EV,SUV,50.3,2025
3733,3571,Tata Nexon EV,SUV,30.2,2021
3734,3572,BYD Atto 3,SUV,60.5,2025
3735,3573,Hyundai Kona Electric,SUV,39.2,2024
3736,3574,Tata Punch EV,Hatchback,35.0,2023
3737,3575,MG ZS EV,SUV,50.3,2022
3738,3576,Tata Punch EV,Hatchback,35.0,2020
3739,3577,Hyundai Ioniq 5,SUV,72.6,2021
3740,3578,Tata Nexon EV,SUV,30.2,2025
3741,3579,Tata Tiago EV,Hatchback,24.0,2025
3742,3580,Tata Tiago EV,Hatchback,24.0,2021
3743,3581,Mahindra XUV400,SUV,39.4,2024
3744,3582,Mahindra XUV400,SUV,39.4,2023
3745,3583,Tata Nexon EV,SUV,30.2,2021
3746,3584,Mahindra BE 6,SUV,59.0,2020
3747,3585,Kia EV6,SUV,77.4,2022
3748,3586,Hyundai Kona Electric,SUV,39.2,2025
3749,3587,Hyundai Kona Electric,SUV,39.2,2022
3750,3587,Hyundai Kona Electric,SUV,39.2,2022
3751,3588,Kia EV6,SUV,77.4,2023
3752,3589,Tata Nexon EV,SUV,30.2,2023
3753,3590,Mahindra XUV400,SUV,39.4,2021
3754,3591,BYD Atto 3,SUV,60.5,2022
3755,3592,BYD Atto 3,SUV,60.5,2021
3756,3592,Tata Tiago EV,Hatchback,24.0,2021
3757,3593,Mahindra XUV400,SUV,39.4,2023
3758,3594,Hyundai Kona Electric,SUV,39.2,2020
3759,3595,Hyundai Kona Electric,SUV,39.2,2024
3760,3596,Mahindra XUV400,SUV,39.4,2022
3761,3597,Tata Nexon EV,SUV,30.2,2020
3762,3598,Tata Tiago EV,Hatchback,24.0,2020
3763,3599,BYD Atto 3,SUV,60.5,2025
3764,3600,Tata Tiago EV,Hatchback,24.0,2023
3765,3601,Hyundai Kona Electric,SUV,39.2,2020
3766,3602,Tata Punch EV,Hatchback,35.0,2023
3767,3603,Tata Tiago EV,Hatchback,24.0,2025
3768,3604,Hyundai Kona Electric,SUV,39.2,2024
3769,3605,Mahindra XUV400,SUV,39.4,2020
3770,3606,BYD Atto 3,SUV,60.5,2020
3771,3607,Hyundai Kona Electric,SUV,39.2,2023
3772,3608,Hyundai Ioniq 5,SUV,72.6,2021
3773,3609,Hyundai Kona Electric,SUV,39.2,2025
3774,3610,Tata Nexon EV,SUV,30.2,2025
3775,3611,Kia EV6,SUV,77.4,2020
3776,3612,BYD Atto 3,SUV,60.5,2022
3777,3613,Tata Punch EV,Hatchback,35.0,2022
3778,3614,Kia EV6,SUV,77.4,2023
3779,3615,Tata Punch EV,Hatchback,35.0,2021
3780,3616,Mahindra BE 6,SUV,59.0,2023
3781,3617,Hyundai Ioniq 5,SUV,72.6,2024
3782,3618,Hyundai Ioniq 5,SUV,72.6,2022
3783,3619,MG ZS EV,SUV,50.3,2025
3784,3620,Hyundai Kona Electric,SUV,39.2,2022
3785,3621,Tata Punch EV,Hatchback,35.0,2025
3786,3622,Tata Nexon EV,SUV,30.2,2025
3787,3623,Mahindra BE 6,SUV,59.0,2021
3788,3623,Hyundai Kona Electric,SUV,39.2,2023
3789,3624,Hyundai Kona Electric,SUV,39.2,2025
3790,3624,Hyundai Kona Electric,SUV,39.2,2024
3791,3625,BYD Atto 3,SUV,60.5,2024
3792,3626,Mahindra XUV400,SUV,39.4,2025
3793,3627,Mahindra XUV400,SUV,39.4,2023
3794,3628,MG ZS EV,SUV,50.3,2020
3795,3629,Tata Nexon EV,SUV,30.2,2022
3796,3630,Tata Punch EV,Hatchback,35.0,2023
3797,3631,Tata Tiago EV,Hatchback,24.0,2025
3798,3632,Kia EV6,SUV,77.4,2024
3799,3633,Tata Tiago EV,Hatchback,24.0,2021
3800,3634,BYD Atto 3,SUV,60.5,2024
3801,3635,Tata Punch EV,Hatchback,35.0,2020
3802,3636,Mahindra XUV400,SUV,39.4,2024
3803,3637,Tata Nexon EV,SUV,30.2,2020
3804,3638,Tata Punch EV,Hatchback,35.0,2022
3805,3639,BYD Atto 3,SUV,60.5,2022
3806,3640,Tata Nexon EV,SUV,30.2,2020
3807,3641,Tata Tiago EV,Hatchback,24.0,2025
3808,3642,MG ZS EV,SUV,50.3,2020
3809,3643,Tata Tiago EV,Hatchback,24.0,2021
3810,3644,MG ZS EV,SUV,50.3,2022
3811,3645,MG ZS EV,SUV,50.3,2022
3812,3646,BYD Atto 3,SUV,60.5,2020
3813,3647,Mahindra XUV400,SUV,39.4,2021
3814,3647,Hyundai Kona Electric,SUV,39.2,2024
3815,3648,Mahindra XUV400,SUV,39.4,2023
3816,3649,Mahindra BE 6,SUV,59.0,2020
3817,3650,Kia EV6,SUV,77.4,2023
3818,3651,Kia EV6,SUV,77.4,2022
3819,3652,Kia EV6,SUV,77.4,2020
3820,3653,Hyundai Kona Electric,SUV,39.2,2023
3821,3654,MG ZS EV,SUV,50.3,2022
3822,3655,Tata Nexon EV,SUV,30.2,2025
3823,3656,Kia EV6,SUV,77.4,2020
3824,3657,Mahindra BE 6,SUV,59.0,2020
3825,3658,BYD Atto 3,SUV,60.5,2025
3826,3659,Kia EV6,SUV,77.4,2023
3827,3660,Hyundai Kona Electric,SUV,39.2,2023
3828,3661,Tata Punch EV,Hatchback,35.0,2022
3829,3662,BYD Atto 3,SUV,60.5,2020
3830,3662,BYD Atto 3,SUV,60.5,2025
3831,3663,MG ZS EV,SUV,50.3,2025
3832,3664,Tata Punch EV,Hatchback,35.0,2021
3833,3665,BYD Atto 3,SUV,60.5,2023
3834,3666,Hyundai Ioniq 5,SUV,72.6,2025
3835,3667,Kia EV6,SUV,77.4,2021
3836,3668,Tata Punch EV,Hatchback,35.0,2022
3837,3669,Tata Nexon EV,SUV,30.2,2023
3838,3670,Hyundai Kona Electric,SUV,39.2,2024
3839,3671,Tata Tiago EV,Hatchback,24.0,2024
3840,3672,Tata Tiago EV,Hatchback,24.0,2023
3841,3673,Hyundai Ioniq 5,SUV,72.6,2021
3842,3674,Mahindra XUV400,SUV,39.4,2024
3843,3675,Mahindra XUV400,SUV,39.4,2025
3844,3676,Tata Tiago EV,Hatchback,24.0,2022
3845,3677,Tata Nexon EV,SUV,30.2,2022
3846,3678,Tata Punch EV,Hatchback,35.0,2023
3847,3679,Hyundai Ioniq 5,SUV,72.6,2023
3848,3680,MG ZS EV,SUV,50.3,2020
3849,3681,BYD Atto 3,SUV,60.5,2023
3850,3682,Kia EV6,SUV,77.4,2020
3851,3683,Hyundai Ioniq 5,SUV,72.6,2025
3852,3684,Hyundai Ioniq 5,SUV,72.6,2020
3853,3685,BYD Atto 3,SUV,60.5,2023
3854,3686,Hyundai Ioniq 5,SUV,72.6,2020
3855,3687,BYD Atto 3,SUV,60.5,2020
3856,3688,Kia EV6,SUV,77.4,2021
3857,3689,Hyundai Kona Electric,SUV,39.2,2023
3858,3690,Mahindra XUV400,SUV,39.4,2020
3859,3691,Mahindra BE 6,SUV,59.0,2020
3860,3692,BYD Atto 3,SUV,60.5,2023
3861,3693,Hyundai Kona Electric,SUV,39.2,2025
3862,3694,BYD Atto 3,SUV,60.5,2021
3863,3695,Tata Tiago EV,Hatchback,24.0,2020
3864,3696,Tata Punch EV,Hatchback,35.0,2021
3865,3697,MG ZS EV,SUV,50.3,2021
3866,3698,Tata Punch EV,Hatchback,35.0,2024
3867,3699,Hyundai Ioniq 5,SUV,72.6,2024
3868,3700,Hyundai Ioniq 5,SUV,72.6,2025
3869,3701,MG ZS EV,SUV,50.3,2023
3870,3702,Tata Tiago EV,Hatchback,24.0,2021
3871,3703,Tata Tiago EV,Hatchback,24.0,2025
3872,3704,Kia EV6,SUV,77.4,2024
3873,3705,MG ZS EV,SUV,50.3,2021
3874,3706,Hyundai Ioniq 5,SUV,72.6,2020
3875,3707,Mahindra XUV400,SUV,39.4,2021
3876,3708,Mahindra BE 6,SUV,59.0,2021
3877,3709,Tata Tiago EV,Hatchback,24.0,2025
3878,3710,Hyundai Kona Electric,SUV,39.2,2020
3879,3711,Tata Nexon EV,SUV,30.2,2024
3880,3712,Kia EV6,SUV,77.4,2024
3881,3713,Kia EV6,SUV,77.4,2024
3882,3713,Hyundai Ioniq 5,SUV,72.6,2020
3883,3714,Hyundai Ioniq 5,SUV,72.6,2021
3884,3715,Tata Punch EV,Hatchback,35.0,2022
3885,3716,Mahindra XUV400,SUV,39.4,2024
3886,3717,BYD Atto 3,SUV,60.5,2022
3887,3718,Tata Nexon EV,SUV,30.2,2025
3888,3719,BYD Atto 3,SUV,60.5,2021
3889,3720,Kia EV6,SUV,77.4,2024
3890,3721,Mahindra XUV400,SUV,39.4,2024
3891,3722,Mahindra BE 6,SUV,59.0,2022
3892,3723,Hyundai Kona Electric,SUV,39.2,2021
3893,3724,Tata Tiago EV,Hatchback,24.0,2022
3894,3725,Tata Nexon EV,SUV,30.2,2024
3895,3726,Kia EV6,SUV,77.4,2021
3896,3727,Hyundai Ioniq 5,SUV,72.6,2024
3897,3728,Mahindra XUV400,SUV,39.4,2025
3898,3729,Kia EV6,SUV,77.4,2021
3899,3730,Tata Tiago EV,Hatchback,24.0,2024
3900,3731,MG ZS EV,SUV,50.3,2021
3901,3732,Hyundai Kona Electric,SUV,39.2,2024
3902,3733,Mahindra BE 6,SUV,59.0,2025
3903,3734,Hyundai Ioniq 5,SUV,72.6,2023
3904,3735,Hyundai Kona Electric,SUV,39.2,2025
3905,3736,Mahindra XUV400,SUV,39.4,2025
3906,3737,BYD Atto 3,SUV,60.5,2021
3907,3738,BYD Atto 3,SUV,60.5,2025
3908,3739,Mahindra XUV400,SUV,39.4,2023
3909,3740,BYD Atto 3,SUV,60.5,2023
3910,3741,Kia EV6,SUV,77.4,2022
3911,3742,Hyundai Kona Electric,SUV,39.2,2025
3912,3743,Hyundai Ioniq 5,SUV,72.6,2022
3913,3743,MG ZS EV,SUV,50.3,2022
3914,3744,Mahindra XUV400,SUV,39.4,2025
3915,3745,Kia EV6,SUV,77.4,2024
3916,3745,Tata Punch EV,Hatchback,35.0,2020
3917,3746,Mahindra XUV400,SUV,39.4,2020
3918,3747,Tata Punch EV,Hatchback,35.0,2025
3919,3748,Tata Tiago EV,Hatchback,24.0,2023
3920,3748,Mahindra BE 6,SUV,59.0,2022
3921,3749,Tata Punch EV,Hatchback,35.0,2023
3922,3750,Tata Nexon EV,SUV,30.2,2023
3923,3751,Hyundai Kona Electric,SUV,39.2,2022
3924,3752,Mahindra BE 6,SUV,59.0,2024
3925,3753,Hyundai Ioniq 5,SUV,72.6,2020
3926,3754,MG ZS EV,SUV,50.3,2021
3927,3755,Mahindra XUV400,SUV,39.4,2024
3928,3756,Kia EV6,SUV,77.4,2025
3929,3757,Hyundai Ioniq 5,SUV,72.6,2024
3930,3758,Tata Punch EV,Hatchback,35.0,2020
3931,3759,Kia EV6,SUV,77.4,2023
3932,3760,Hyundai Ioniq 5,SUV,72.6,2025
3933,3761,BYD Atto 3,SUV,60.5,2022
3934,3762,Hyundai Ioniq 5,SUV,72.6,2023
3935,3763,Tata Punch EV,Hatchback,35.0,2020
3936,3764,BYD Atto 3,SUV,60.5,2021
3937,3765,Hyundai Kona Electric,SUV,39.2,2024
3938,3766,Mahindra BE 6,SUV,59.0,2025
3939,3767,Mahindra XUV400,SUV,39.4,2022
3940,3768,Tata Tiago EV,Hatchback,24.0,2020
3941,3769,Kia EV6,SUV,77.4,2022
3942,3770,Tata Tiago EV,Hatchback,24.0,2023
3943,3771,Hyundai Ioniq 5,SUV,72.6,2023
3944,3772,Tata Nexon EV,SUV,30.2,2021
3945,3773,Tata Nexon EV,SUV,30.2,2020
3946,3774,Mahindra XUV400,SUV,39.4,2021
3947,3775,BYD Atto 3,SUV,60.5,2022
3948,3776,Tata Nexon EV,SUV,30.2,2023
3949,3777,BYD Atto 3,SUV,60.5,2022
3950,3778,Tata Tiago EV,Hatchback,24.0,2022
3951,3779,BYD Atto 3,SUV,60.5,2022
3952,3780,Mahindra BE 6,SUV,59.0,2020
3953,3781,Kia EV6,SUV,77.4,2022
3954,3782,Mahindra XUV400,SUV,39.4,2024
3955,3783,Mahindra BE 6,SUV,59.0,2023
3956,3784,Kia EV6,SUV,77.4,2025
3957,3785,Tata Punch EV,Hatchback,35.0,2022
3958,3786,Kia EV6,SUV,77.4,2024
3959,3787,Tata Nexon EV,SUV,30.2,2020
3960,3788,MG ZS EV,SUV,50.3,2022
3961,3789,Kia EV6,SUV,77.4,2025
3962,3790,Hyundai Ioniq 5,SUV,72.6,2024
3963,3791,Hyundai Ioniq 5,SUV,72.6,2021
3964,3792,Hyundai Kona Electric,SUV,39.2,2025
3965,3793,Tata Nexon EV,SUV,30.2,2023
3966,3794,Hyundai Kona Electric,SUV,39.2,2021
3967,3795,MG ZS EV,SUV,50.3,2020
3968,3796,Hyundai Kona Electric,SUV,39.2,2020
3969,3797,Tata Tiago EV,Hatchback,24.0,2024
3970,3798,Tata Punch EV,Hatchback,35.0,2023
3971,3799,Hyundai Kona Electric,SUV,39.2,2021
3972,3800,Hyundai Ioniq 5,SUV,72.6,2024
3973,3801,Tata Nexon EV,SUV,30.2,2022
3974,3801,Mahindra XUV400,SUV,39.4,2025
3975,3802,Mahindra BE 6,SUV,59.0,2023
3976,3803,MG ZS EV,SUV,50.3,2022
3977,3804,Mahindra BE 6,SUV,59.0,2023
3978,3805,Hyundai Kona Electric,SUV,39.2,2024
3979,3805,MG ZS EV,SUV,50.3,2024
3980,3806,Kia EV6,SUV,77.4,2020
3981,3807,Mahindra XUV400,SUV,39.4,2022
3982,3808,BYD Atto 3,SUV,60.5,2023
3983,3809,Mahindra XUV400,SUV,39.4,2023
3984,3810,Hyundai Kona Electric,SUV,39.2,2020
3985,3811,Tata Punch EV,Hatchback,35.0,2025
3986,3812,BYD Atto 3,SUV,60.5,2021
3987,3813,Tata Punch EV,Hatchback,35.0,2024
3988,3814,Mahindra BE 6,SUV,59.0,2020
3989,3815,Hyundai Kona Electric,SUV,39.2,2022
3990,3816,Tata Nexon EV,SUV,30.2,2020
3991,3817,Tata Nexon EV,SUV,30.2,2020
3992,3818,Hyundai Ioniq 5,SUV,72.6,2025
3993,3819,Tata Nexon EV,SUV,30.2,2025
3994,3820,BYD Atto 3,SUV,60.5,2025
3995,3820,Hyundai Kona Electric,SUV,39.2,2023
3996,3821,Tata Tiago EV,Hatchback,24.0,2023
3997,3822,Tata Tiago EV,Hatchback,24.0,2025
3998,3823,Tata Punch EV,Hatchback,35.0,2020
3999,3824,Hyundai Kona Electric,SUV,39.2,2025
4000,3825,BYD Atto 3,SUV,60.5,2023
4001,3826,BYD Atto 3,SUV,60.5,2024
4002,3827,Tata Tiago EV,Hatchback,24.0,2020
4003,3828,Hyundai Kona Electric,SUV,39.2,2022
4004,3829,Kia EV6,SUV,77.4,2022
4005,3830,BYD Atto 3,SUV,60.5,2022
4006,3831,BYD Atto 3,SUV,60.5,2021
4007,3832,Tata Tiago EV,Hatchback,24.0,2020
4008,3833,Tata Nexon EV,SUV,30.2,2020
4009,3834,Tata Punch EV,Hatchback,35.0,2022
4010,3835,Hyundai Ioniq 5,SUV,72.6,2021
4011,3836,Mahindra XUV400,SUV,39.4,2020
4012,3837,Tata Punch EV,Hatchback,35.0,2024
4013,3838,Kia EV6,SUV,77.4,2020
4014,3839,Mahindra BE 6,SUV,59.0,2025
4015,3840,BYD Atto 3,SUV,60.5,2022
4016,3841,MG ZS EV,SUV,50.3,2021
4017,3842,Mahindra XUV400,SUV,39.4,2021
4018,3843,Tata Tiago EV,Hatchback,24.0,2024
4019,3844,MG ZS EV,SUV,50.3,2022
4020,3845,MG ZS EV,SUV,50.3,2025
4021,3846,MG ZS EV,SUV,50.3,2023
4022,3847,MG ZS EV,SUV,50.3,2024
4023,3848,MG ZS EV,SUV,50.3,2023
4024,3849,Tata Punch EV,Hatchback,35.0,2020
4025,3850,Tata Tiago EV,Hatchback,24.0,2021
4026,3851,Hyundai Kona Electric,SUV,39.2,2021
4027,3852,Hyundai Kona Electric,SUV,39.2,2024
4028,3853,BYD Atto 3,SUV,60.5,2024
4029,3854,Hyundai Kona Electric,SUV,39.2,2025
4030,3855,Tata Tiago EV,Hatchback,24.0,2025
4031,3856,MG ZS EV,SUV,50.3,2025
4032,3857,Kia EV6,SUV,77.4,2020
4033,3857,Tata Nexon EV,SUV,30.2,2024
4034,3858,MG ZS EV,SUV,50.3,2022
4035,3859,Tata Punch EV,Hatchback,35.0,2024
4036,3860,Tata Punch EV,Hatchback,35.0,2022
4037,3861,Tata Punch EV,Hatchback,35.0,2025
4038,3862,Hyundai Ioniq 5,SUV,72.6,2024
4039,3863,BYD Atto 3,SUV,60.5,2025
4040,3864,MG ZS EV,SUV,50.3,2024
4041,3865,MG ZS EV,SUV,50.3,2020
4042,3866,MG ZS EV,SUV,50.3,2023
4043,3866,Hyundai Kona Electric,SUV,39.2,2024
4044,3867,Kia EV6,SUV,77.4,2025
4045,3868,Hyundai Kona Electric,SUV,39.2,2020
4046,3869,Mahindra XUV400,SUV,39.4,2020
4047,3870,Tata Tiago EV,Hatchback,24.0,2020
4048,3871,Tata Punch EV,Hatchback,35.0,2025
4049,3872,Mahindra XUV400,SUV,39.4,2022
4050,3873,Tata Tiago EV,Hatchback,24.0,2024
4051,3874,Hyundai Ioniq 5,SUV,72.6,2021
4052,3875,Hyundai Kona Electric,SUV,39.2,2025
4053,3876,MG ZS EV,SUV,50.3,2022
4054,3877,BYD Atto 3,SUV,60.5,2024
4055,3877,Tata Nexon EV,SUV,30.2,2020
4056,3878,Tata Nexon EV,SUV,30.2,2024
4057,3879,Kia EV6,SUV,77.4,2024
4058,3880,Tata Nexon EV,SUV,30.2,2020
4059,3881,Tata Nexon EV,SUV,30.2,2024
4060,3882,Mahindra XUV400,SUV,39.4,2021
4061,3882,Tata Tiago EV,Hatchback,24.0,2025
4062,3883,Kia EV6,SUV,77.4,2022
4063,3884,BYD Atto 3,SUV,60.5,2024
4064,3885,BYD Atto 3,SUV,60.5,2020
4065,3886,Tata Punch EV,Hatchback,35.0,2021
4066,3887,Hyundai Kona Electric,SUV,39.2,2022
4067,3888,Tata Tiago EV,Hatchback,24.0,2020
4068,3889,MG ZS EV,SUV,50.3,2022
4069,3890,Hyundai Kona Electric,SUV,39.2,2023
4070,3891,Hyundai Kona Electric,SUV,39.2,2020
4071,3892,MG ZS EV,SUV,50.3,2023
4072,3893,Tata Tiago EV,Hatchback,24.0,2023
4073,3894,Mahindra BE 6,SUV,59.0,2021
4074,3895,Tata Punch EV,Hatchback,35.0,2022
4075,3896,Hyundai Kona Electric,SUV,39.2,2021
4076,3897,Tata Tiago EV,Hatchback,24.0,2025
4077,3898,Kia EV6,SUV,77.4,2020
4078,3899,Mahindra XUV400,SUV,39.4,2024
4079,3900,Mahindra XUV400,SUV,39.4,2023
4080,3901,Hyundai Ioniq 5,SUV,72.6,2020
4081,3902,MG ZS EV,SUV,50.3,2025
4082,3903,Hyundai Kona Electric,SUV,39.2,2023
4083,3904,Mahindra BE 6,SUV,59.0,2024
4084,3905,Tata Nexon EV,SUV,30.2,2023
4085,3906,Hyundai Ioniq 5,SUV,72.6,2021
4086,3907,Mahindra XUV400,SUV,39.4,2025
4087,3908,Tata Tiago EV,Hatchback,24.0,2024
4088,3909,Hyundai Ioniq 5,SUV,72.6,2023
4089,3910,Hyundai Kona Electric,SUV,39.2,2022
4090,3911,Tata Tiago EV,Hatchback,24.0,2023
4091,3912,BYD Atto 3,SUV,60.5,2020
4092,3913,MG ZS EV,SUV,50.3,2021
4093,3914,Mahindra BE 6,SUV,59.0,2024
4094,3915,Kia EV6,SUV,77.4,2021
4095,3916,MG ZS EV,SUV,50.3,2021
4096,3917,Kia EV6,SUV,77.4,2020
4097,3918,Hyundai Kona Electric,SUV,39.2,2021
4098,3919,MG ZS EV,SUV,50.3,2023
4099,3920,Hyundai Kona Electric,SUV,39.2,2025
4100,3921,BYD Atto 3,SUV,60.5,2020
4101,3922,Tata Punch EV,Hatchback,35.0,2025
4102,3923,Mahindra BE 6,SUV,59.0,2022
4103,3924,MG ZS EV,SUV,50.3,2020
4104,3925,Mahindra XUV400,SUV,39.4,2020
4105,3926,Mahindra XUV400,SUV,39.4,2024
4106,3927,BYD Atto 3,SUV,60.5,2020
4107,3928,Mahindra BE 6,SUV,59.0,2020
4108,3929,Tata Nexon EV,SUV,30.2,2021
4109,3930,Mahindra XUV400,SUV,39.4,2023
4110,3931,Kia EV6,SUV,77.4,2024
4111,3931,BYD Atto 3,SUV,60.5,2022
4112,3932,Mahindra XUV400,SUV,39.4,2024
4113,3933,Tata Tiago EV,Hatchback,24.0,2021
4114,3934,Mahindra BE 6,SUV,59.0,2025
4115,3935,MG ZS EV,SUV,50.3,2021
4116,3936,Tata Tiago EV,Hatchback,24.0,2023
4117,3937,Mahindra XUV400,SUV,39.4,2022
4118,3938,Tata Nexon EV,SUV,30.2,2023
4119,3939,Mahindra BE 6,SUV,59.0,2024
4120,3940,Tata Tiago EV,Hatchback,24.0,2024
4121,3941,Hyundai Kona Electric,SUV,39.2,2020
4122,3942,Tata Nexon EV,SUV,30.2,2020
4123,3943,Tata Nexon EV,SUV,30.2,2020
4124,3944,Mahindra XUV400,SUV,39.4,2024
4125,3945,MG ZS EV,SUV,50.3,2024
4126,3946,Tata Tiago EV,Hatchback,24.0,2022
4127,3947,Mahindra XUV400,SUV,39.4,2021
4128,3948,Kia EV6,SUV,77.4,2020
4129,3949,Mahindra BE 6,SUV,59.0,2020
4130,3950,Tata Punch EV,Hatchback,35.0,2021
4131,3951,Mahindra XUV400,SUV,39.4,2021
4132,3952,Tata Tiago EV,Hatchback,24.0,2020
4133,3953,Mahindra XUV400,SUV,39.4,2024
4134,3954,Tata Punch EV,Hatchback,35.0,2024
4135,3955,MG ZS EV,SUV,50.3,2025
4136,3956,Hyundai Ioniq 5,SUV,72.6,2023
4137,3957,BYD Atto 3,SUV,60.5,2021
4138,3958,Kia EV6,SUV,77.4,2021
4139,3959,Tata Tiago EV,Hatchback,24.0,2021
4140,3960,Mahindra XUV400,SUV,39.4,2023
4141,3961,Mahindra BE 6,SUV,59.0,2021
4142,3962,Hyundai Ioniq 5,SUV,72.6,2023
4143,3963,Tata Punch EV,Hatchback,35.0,2024
4144,3964,Kia EV6,SUV,77.4,2025
4145,3965,Hyundai Kona Electric,SUV,39.2,2025
4146,3966,Mahindra BE 6,SUV,59.0,2023
4147,3967,BYD Atto 3,SUV,60.5,2024
4148,3968,Mahindra XUV400,SUV,39.4,2023
4149,3969,BYD Atto 3,SUV,60.5,2020
4150,3970,Mahindra BE 6,SUV,59.0,2022
4151,3971,Mahindra XUV400,SUV,39.4,2021
4152,3972,Tata Nexon EV,SUV,30.2,2022
4153,3973,Tata Nexon EV,SUV,30.2,2023
4154,3974,MG ZS EV,SUV,50.3,2024
4155,3975,Mahindra XUV400,SUV,39.4,2020
4156,3976,MG ZS EV,SUV,50.3,2024
4157,3977,Tata Punch EV,Hatchback,35.0,2021
4158,3978,MG ZS EV,SUV,50.3,2020
4159,3979,MG ZS EV,SUV,50.3,2022
4160,3980,Hyundai Kona Electric,SUV,39.2,2022
4161,3981,Tata Tiago EV,Hatchback,24.0,2021
4162,3982,BYD Atto 3,SUV,60.5,2025
4163,3983,Mahindra BE 6,SUV,59.0,2020
4164,3984,Mahindra XUV400,SUV,39.4,2024
4165,3985,BYD Atto 3,SUV,60.5,2024
4166,3986,Tata Nexon EV,SUV,30.2,2023
4167,3986,Tata Punch EV,Hatchback,35.0,2025
4168,3987,Tata Punch EV,Hatchback,35.0,2023
4169,3988,Tata Nexon EV,SUV,30.2,2025
4170,3989,MG ZS EV,SUV,50.3,2022
4171,3990,BYD Atto 3,SUV,60.5,2021
4172,3991,Hyundai Kona Electric,SUV,39.2,2024
4173,3992,Tata Tiago EV,Hatchback,24.0,2025
4174,3993,Hyundai Ioniq 5,SUV,72.6,2020
4175,3994,Tata Punch EV,Hatchback,35.0,2023
4176,3995,Hyundai Ioniq 5,SUV,72.6,2023
4177,3996,Tata Punch EV,Hatchback,35.0,2021
4178,3996,BYD Atto 3,SUV,60.5,2021
4179,3997,Mahindra XUV400,SUV,39.4,2021
4180,3998,Mahindra BE 6,SUV,59.0,2025
4181,3998,Mahindra XUV400,SUV,39.4,2021
4182,3999,Tata Punch EV,Hatchback,35.0,2021
4183,4000,Hyundai Kona Electric,SUV,39.2,2023
4184,4001,Mahindra BE 6,SUV,59.0,2025
4185,4002,Mahindra XUV400,SUV,39.4,2021
4186,4003,Tata Punch EV,Hatchback,35.0,2021
4187,4004,Tata Nexon EV,SUV,30.2,2025
4188,4004,Tata Tiago EV,Hatchback,24.0,2022
4189,4005,Tata Nexon EV,SUV,30.2,2023
4190,4005,Kia EV6,SUV,77.4,2022
4191,4006,MG ZS EV,SUV,50.3,2020
4192,4007,Tata Punch EV,Hatchback,35.0,2023
4193,4008,MG ZS EV,SUV,50.3,2020
4194,4009,BYD Atto 3,SUV,60.5,2022
4195,4010,Mahindra BE 6,SUV,59.0,2024
4196,4011,BYD Atto 3,SUV,60.5,2024
4197,4011,Tata Nexon EV,SUV,30.2,2025
4198,4012,MG ZS EV,SUV,50.3,2021
4199,4013,Tata Nexon EV,SUV,30.2,2022
4200,4014,Tata Punch EV,Hatchback,35.0,2025
4201,4015,Hyundai Kona Electric,SUV,39.2,2020
4202,4015,MG ZS EV,SUV,50.3,2020
4203,4016,Hyundai Ioniq 5,SUV,72.6,2022
4204,4017,Hyundai Kona Electric,SUV,39.2,2022
4205,4018,Hyundai Ioniq 5,SUV,72.6,2023
4206,4019,MG ZS EV,SUV,50.3,2020
4207,4020,Tata Nexon EV,SUV,30.2,2022
4208,4021,Tata Punch EV,Hatchback,35.0,2020
4209,4022,Tata Punch EV,Hatchback,35.0,2024
4210,4023,MG ZS EV,SUV,50.3,2024
4211,4024,Mahindra XUV400,SUV,39.4,2020
4212,4025,Mahindra BE 6,SUV,59.0,2024
4213,4026,MG ZS EV,SUV,50.3,2021
4214,4027,MG ZS EV,SUV,50.3,2024
4215,4028,Kia EV6,SUV,77.4,2021
4216,4029,BYD Atto 3,SUV,60.5,2023
4217,4030,Tata Nexon EV,SUV,30.2,2020
4218,4031,Kia EV6,SUV,77.4,2024
4219,4032,Hyundai Ioniq 5,SUV,72.6,2020
4220,4033,Tata Punch EV,Hatchback,35.0,2022
4221,4034,Mahindra BE 6,SUV,59.0,2024
4222,4035,Kia EV6,SUV,77.4,2024
4223,4036,BYD Atto 3,SUV,60.5,2020
4224,4037,Hyundai Ioniq 5,SUV,72.6,2023
4225,4037,MG ZS EV,SUV,50.3,2020
4226,4038,Kia EV6,SUV,77.4,2024
4227,4039,Mahindra BE 6,SUV,59.0,2022
4228,4039,Tata Nexon EV,SUV,30.2,2021
4229,4040,BYD Atto 3,SUV,60.5,2025
4230,4041,Kia EV6,SUV,77.4,2025
4231,4042,Hyundai Kona Electric,SUV,39.2,2021
4232,4043,Hyundai Ioniq 5,SUV,72.6,2021
4233,4044,Tata Nexon EV,SUV,30.2,2022
4234,4045,Mahindra XUV400,SUV,39.4,2022
4235,4046,BYD Atto 3,SUV,60.5,2022
4236,4047,Tata Punch EV,Hatchback,35.0,2024
4237,4048,BYD Atto 3,SUV,60.5,2024
4238,4049,Hyundai Ioniq 5,SUV,72.6,2020
4239,4050,Tata Punch EV,Hatchback,35.0,2024
4240,4051,Tata Nexon EV,SUV,30.2,2020
4241,4051,MG ZS EV,SUV,50.3,2024
4242,4052,Mahindra BE 6,SUV,59.0,2020
4243,4053,Kia EV6,SUV,77.4,2023
4244,4054,Tata Punch EV,Hatchback,35.0,2021
4245,4055,Tata Nexon EV,SUV,30.2,2025
4246,4056,MG ZS EV,SUV,50.3,2023
4247,4057,Tata Punch EV,Hatchback,35.0,2023
4248,4058,MG ZS EV,SUV,50.3,2024
4249,4059,Hyundai Ioniq 5,SUV,72.6,2024
4250,4060,Mahindra BE 6,SUV,59.0,2020
4251,4061,Mahindra XUV400,SUV,39.4,2020
4252,4062,Tata Tiago EV,Hatchback,24.0,2025
4253,4063,Tata Tiago EV,Hatchback,24.0,2025
4254,4064,Tata Punch EV,Hatchback,35.0,2021
4255,4065,Tata Nexon EV,SUV,30.2,2020
4256,4066,Kia EV6,SUV,77.4,2021
4257,4067,BYD Atto 3,SUV,60.5,2021
4258,4068,Mahindra BE 6,SUV,59.0,2021
4259,4069,Tata Punch EV,Hatchback,35.0,2024
4260,4070,Hyundai Kona Electric,SUV,39.2,2025
4261,4071,Mahindra XUV400,SUV,39.4,2023
4262,4072,Mahindra BE 6,SUV,59.0,2024
4263,4073,Hyundai Kona Electric,SUV,39.2,2025
4264,4074,Mahindra BE 6,SUV,59.0,2021
4265,4075,Tata Punch EV,Hatchback,35.0,2024
4266,4076,Tata Punch EV,Hatchback,35.0,2025
4267,4077,Hyundai Ioniq 5,SUV,72.6,2025
4268,4078,MG ZS EV,SUV,50.3,2023
4269,4079,Mahindra BE 6,SUV,59.0,2022
4270,4080,Tata Nexon EV,SUV,30.2,2023
4271,4081,Tata Punch EV,Hatchback,35.0,2021
4272,4082,Tata Nexon EV,SUV,30.2,2021
4273,4083,Mahindra BE 6,SUV,59.0,2023
4274,4084,Kia EV6,SUV,77.4,2025
4275,4085,Kia EV6,SUV,77.4,2020
4276,4086,Mahindra XUV400,SUV,39.4,2023
4277,4087,MG ZS EV,SUV,50.3,2021
4278,4088,Tata Nexon EV,SUV,30.2,2023
4279,4089,Hyundai Ioniq 5,SUV,72.6,2020
4280,4090,Hyundai Ioniq 5,SUV,72.6,2025
4281,4091,MG ZS EV,SUV,50.3,2023
4282,4092,Tata Nexon EV,SUV,30.2,2023
4283,4093,Mahindra BE 6,SUV,59.0,2020
4284,4094,Mahindra BE 6,SUV,59.0,2024
4285,4094,Tata Nexon EV,SUV,30.2,2023
4286,4095,Tata Tiago EV,Hatchback,24.0,2021
4287,4096,Tata Tiago EV,Hatchback,24.0,2023
4288,4096,Tata Nexon EV,SUV,30.2,2022
4289,4097,Mahindra BE 6,SUV,59.0,2020
4290,4098,Tata Punch EV,Hatchback,35.0,2025
4291,4099,MG ZS EV,SUV,50.3,2023
4292,4100,Tata Nexon EV,SUV,30.2,2020
4293,4101,Mahindra BE 6,SUV,59.0,2024
4294,4102,Hyundai Ioniq 5,SUV,72.6,2023
4295,4103,Mahindra XUV400,SUV,39.4,2022
4296,4104,Kia EV6,SUV,77.4,2020
4297,4105,Tata Tiago EV,Hatchback,24.0,2021
4298,4106,Tata Tiago EV,Hatchback,24.0,2021
4299,4107,Mahindra BE 6,SUV,59.0,2021
4300,4108,Hyundai Kona Electric,SUV,39.2,2023
4301,4109,BYD Atto 3,SUV,60.5,2021
4302,4110,BYD Atto 3,SUV,60.5,2024
4303,4111,Mahindra XUV400,SUV,39.4,2023
4304,4112,Hyundai Ioniq 5,SUV,72.6,2023
4305,4113,Hyundai Kona Electric,SUV,39.2,2020
4306,4114,MG ZS EV,SUV,50.3,2022
4307,4115,Tata Tiago EV,Hatchback,24.0,2020
4308,4116,Hyundai Ioniq 5,SUV,72.6,2020
4309,4117,Hyundai Ioniq 5,SUV,72.6,2024
4310,4118,MG ZS EV,SUV,50.3,2022
4311,4119,Hyundai Kona Electric,SUV,39.2,2024
4312,4120,Kia EV6,SUV,77.4,2023
4313,4120,Mahindra XUV400,SUV,39.4,2020
4314,4121,Tata Tiago EV,Hatchback,24.0,2020
4315,4122,Hyundai Ioniq 5,SUV,72.6,2023
4316,4123,Mahindra BE 6,SUV,59.0,2024
4317,4124,BYD Atto 3,SUV,60.5,2022
4318,4125,Mahindra BE 6,SUV,59.0,2022
4319,4126,Kia EV6,SUV,77.4,2023
4320,4127,MG ZS EV,SUV,50.3,2021
4321,4128,Hyundai Ioniq 5,SUV,72.6,2024
4322,4129,Hyundai Kona Electric,SUV,39.2,2023
4323,4130,MG ZS EV,SUV,50.3,2023
4324,4131,BYD Atto 3,SUV,60.5,2024
4325,4132,Hyundai Kona Electric,SUV,39.2,2023
4326,4133,Mahindra XUV400,SUV,39.4,2023
4327,4134,Hyundai Kona Electric,SUV,39.2,2025
4328,4135,Tata Punch EV,Hatchback,35.0,2020
4329,4136,BYD Atto 3,SUV,60.5,2021
4330,4137,Hyundai Kona Electric,SUV,39.2,2020
4331,4138,Tata Nexon EV,SUV,30.2,2022
4332,4139,Tata Punch EV,Hatchback,35.0,2023
4333,4140,Kia EV6,SUV,77.4,2023
4334,4141,Mahindra XUV400,SUV,39.4,2025
4335,4142,MG ZS EV,SUV,50.3,2025
4336,4143,Mahindra BE 6,SUV,59.0,2020
4337,4144,BYD Atto 3,SUV,60.5,2024
4338,4145,Hyundai Ioniq 5,SUV,72.6,2020
4339,4146,BYD Atto 3,SUV,60.5,2023
4340,4147,Tata Nexon EV,SUV,30.2,2025
4341,4148,BYD Atto 3,SUV,60.5,2024
4342,4149,Hyundai Kona Electric,SUV,39.2,2025
4343,4150,Tata Punch EV,Hatchback,35.0,2021
4344,4151,Tata Nexon EV,SUV,30.2,2025
4345,4152,Hyundai Ioniq 5,SUV,72.6,2021
4346,4153,Tata Punch EV,Hatchback,35.0,2022
4347,4154,Tata Nexon EV,SUV,30.2,2021
4348,4155,Hyundai Ioniq 5,SUV,72.6,2021
4349,4155,MG ZS EV,SUV,50.3,2022
4350,4156,Hyundai Ioniq 5,SUV,72.6,2023
4351,4157,Tata Punch EV,Hatchback,35.0,2025
4352,4158,Mahindra XUV400,SUV,39.4,2021
4353,4159,BYD Atto 3,SUV,60.5,2023
4354,4160,Kia EV6,SUV,77.4,2021
4355,4161,BYD Atto 3,SUV,60.5,2023
4356,4162,Kia EV6,SUV,77.4,2024
4357,4163,BYD Atto 3,SUV,60.5,2025
4358,4164,BYD Atto 3,SUV,60.5,2023
4359,4165,Kia EV6,SUV,77.4,2020
4360,4166,MG ZS EV,SUV,50.3,2020
4361,4167,MG ZS EV,SUV,50.3,2021
4362,4168,MG ZS EV,SUV,50.3,2025
4363,4169,Kia EV6,SUV,77.4,2021
4364,4170,BYD Atto 3,SUV,60.5,2023
4365,4171,MG ZS EV,SUV,50.3,2021
4366,4172,Mahindra BE 6,SUV,59.0,2025
4367,4173,Kia EV6,SUV,77.4,2022
4368,4174,BYD Atto 3,SUV,60.5,2024
4369,4175,Tata Punch EV,Hatchback,35.0,2020
4370,4176,Hyundai Ioniq 5,SUV,72.6,2023
4371,4177,Hyundai Kona Electric,SUV,39.2,2023
4372,4178,Mahindra BE 6,SUV,59.0,2023
4373,4179,Mahindra BE 6,SUV,59.0,2020
4374,4180,Mahindra BE 6,SUV,59.0,2021
4375,4181,Tata Nexon EV,SUV,30.2,2024
4376,4182,Mahindra XUV400,SUV,39.4,2025
4377,4183,Tata Nexon EV,SUV,30.2,2024
4378,4184,Hyundai Kona Electric,SUV,39.2,2022
4379,4185,Tata Nexon EV,SUV,30.2,2022
4380,4186,Tata Punch EV,Hatchback,35.0,2023
4381,4187,Tata Nexon EV,SUV,30.2,2024
4382,4188,BYD Atto 3,SUV,60.5,2025
4383,4189,MG ZS EV,SUV,50.3,2021
4384,4190,Tata Nexon EV,SUV,30.2,2020
4385,4191,BYD Atto 3,SUV,60.5,2020
4386,4192,Mahindra BE 6,SUV,59.0,2022
4387,4193,Hyundai Kona Electric,SUV,39.2,2021
4388,4194,Hyundai Ioniq 5,SUV,72.6,2020
4389,4195,Hyundai Kona Electric,SUV,39.2,2023
4390,4196,Tata Tiago EV,Hatchback,24.0,2022
4391,4197,Tata Tiago EV,Hatchback,24.0,2023
4392,4198,Kia EV6,SUV,77.4,2021
4393,4199,Mahindra BE 6,SUV,59.0,2025
4394,4200,BYD Atto 3,SUV,60.5,2022
4395,4201,Mahindra XUV400,SUV,39.4,2020
4396,4202,Tata Punch EV,Hatchback,35.0,2021
4397,4202,BYD Atto 3,SUV,60.5,2023
4398,4203,Tata Tiago EV,Hatchback,24.0,2023
4399,4204,Kia EV6,SUV,77.4,2025
4400,4205,Hyundai Ioniq 5,SUV,72.6,2023
4401,4206,Mahindra XUV400,SUV,39.4,2024
4402,4207,Hyundai Ioniq 5,SUV,72.6,2023
4403,4207,Hyundai Ioniq 5,SUV,72.6,2020
4404,4208,Tata Tiago EV,Hatchback,24.0,2022
4405,4209,MG ZS EV,SUV,50.3,2022
4406,4210,Hyundai Kona Electric,SUV,39.2,2025
4407,4211,Tata Tiago EV,Hatchback,24.0,2025
4408,4212,Mahindra BE 6,SUV,59.0,2020
4409,4213,Mahindra XUV400,SUV,39.4,2024
4410,4214,Hyundai Kona Electric,SUV,39.2,2020
4411,4215,Hyundai Kona Electric,SUV,39.2,2025
4412,4216,Tata Tiago EV,Hatchback,24.0,2024
4413,4217,Kia EV6,SUV,77.4,2023
4414,4218,Mahindra XUV400,SUV,39.4,2022
4415,4219,Mahindra XUV400,SUV,39.4,2025
4416,4220,Tata Nexon EV,SUV,30.2,2020
4417,4221,Hyundai Ioniq 5,SUV,72.6,2024
4418,4222,Tata Punch EV,Hatchback,35.0,2025
4419,4223,Mahindra BE 6,SUV,59.0,2021
4420,4224,Mahindra XUV400,SUV,39.4,2023
4421,4225,Tata Nexon EV,SUV,30.2,2023
4422,4226,Tata Nexon EV,SUV,30.2,2023
4423,4227,Mahindra BE 6,SUV,59.0,2023
4424,4228,Kia EV6,SUV,77.4,2021
4425,4229,Tata Nexon EV,SUV,30.2,2023
4426,4230,Tata Punch EV,Hatchback,35.0,2025
4427,4231,Hyundai Kona Electric,SUV,39.2,2021
4428,4232,Mahindra XUV400,SUV,39.4,2024
4429,4233,Mahindra XUV400,SUV,39.4,2024
4430,4234,Mahindra XUV400,SUV,39.4,2024
4431,4235,Tata Punch EV,Hatchback,35.0,2025
4432,4235,Tata Punch EV,Hatchback,35.0,2023
4433,4236,MG ZS EV,SUV,50.3,2023
4434,4237,Mahindra XUV400,SUV,39.4,2023
4435,4238,Mahindra XUV400,SUV,39.4,2022
4436,4238,Hyundai Kona Electric,SUV,39.2,2024
4437,4239,BYD Atto 3,SUV,60.5,2023
4438,4239,Mahindra BE 6,SUV,59.0,2020
4439,4240,MG ZS EV,SUV,50.3,2022
4440,4241,Hyundai Ioniq 5,SUV,72.6,2022
4441,4242,Hyundai Ioniq 5,SUV,72.6,2022
4442,4243,Mahindra BE 6,SUV,59.0,2021
4443,4244,Tata Punch EV,Hatchback,35.0,2022
4444,4245,Mahindra XUV400,SUV,39.4,2021
4445,4245,Tata Punch EV,Hatchback,35.0,2023
4446,4246,Kia EV6,SUV,77.4,2022
4447,4247,Hyundai Kona Electric,SUV,39.2,2020
4448,4248,Hyundai Kona Electric,SUV,39.2,2020
4449,4249,Hyundai Ioniq 5,SUV,72.6,2024
4450,4250,Mahindra XUV400,SUV,39.4,2023
4451,4251,Hyundai Ioniq 5,SUV,72.6,2022
4452,4252,Mahindra XUV400,SUV,39.4,2023
4453,4253,MG ZS EV,SUV,50.3,2024
4454,4254,Hyundai Ioniq 5,SUV,72.6,2024
4455,4255,Kia EV6,SUV,77.4,2025
4456,4256,MG ZS EV,SUV,50.3,2023
4457,4257,Hyundai Ioniq 5,SUV,72.6,2022
4458,4258,MG ZS EV,SUV,50.3,2024
4459,4259,Kia EV6,SUV,77.4,2024
4460,4260,Tata Punch EV,Hatchback,35.0,2025
4461,4261,Hyundai Kona Electric,SUV,39.2,2021
4462,4261,Mahindra BE 6,SUV,59.0,2022
4463,4262,Hyundai Kona Electric,SUV,39.2,2024
4464,4263,Kia EV6,SUV,77.4,2021
4465,4264,BYD Atto 3,SUV,60.5,2020
4466,4265,Tata Tiago EV,Hatchback,24.0,2021
4467,4266,Tata Punch EV,Hatchback,35.0,2020
4468,4267,Tata Punch EV,Hatchback,35.0,2025
4469,4268,Mahindra XUV400,SUV,39.4,2021
4470,4269,Hyundai Kona Electric,SUV,39.2,2021
4471,4270,Hyundai Ioniq 5,SUV,72.6,2025
4472,4271,Tata Punch EV,Hatchback,35.0,2025
4473,4272,Mahindra XUV400,SUV,39.4,2022
4474,4273,Mahindra BE 6,SUV,59.0,2020
4475,4274,Hyundai Ioniq 5,SUV,72.6,2024
4476,4275,Hyundai Ioniq 5,SUV,72.6,2023
4477,4276,Tata Punch EV,Hatchback,35.0,2022
4478,4277,Tata Punch EV,Hatchback,35.0,2022
4479,4278,Tata Tiago EV,Hatchback,24.0,2025
4480,4279,Mahindra XUV400,SUV,39.4,2022
4481,4280,BYD Atto 3,SUV,60.5,2025
4482,4281,MG ZS EV,SUV,50.3,2024
4483,4282,Kia EV6,SUV,77.4,2024
4484,4283,BYD Atto 3,SUV,60.5,2024
4485,4284,Mahindra XUV400,SUV,39.4,2020
4486,4285,Hyundai Kona Electric,SUV,39.2,2021
4487,4286,MG ZS EV,SUV,50.3,2022
4488,4287,Mahindra XUV400,SUV,39.4,2025
4489,4288,BYD Atto 3,SUV,60.5,2024
4490,4289,Tata Punch EV,Hatchback,35.0,2022
4491,4290,Tata Nexon EV,SUV,30.2,2020
4492,4291,Tata Nexon EV,SUV,30.2,2025
4493,4292,MG ZS EV,SUV,50.3,2025
4494,4293,BYD Atto 3,SUV,60.5,2024
4495,4294,Mahindra XUV400,SUV,39.4,2020
4496,4295,Hyundai Kona Electric,SUV,39.2,2022
4497,4296,BYD Atto 3,SUV,60.5,2021
4498,4297,Tata Punch EV,Hatchback,35.0,2021
4499,4298,Hyundai Ioniq 5,SUV,72.6,2020
4500,4299,Hyundai Kona Electric,SUV,39.2,2025
4501,4300,Hyundai Ioniq 5,SUV,72.6,2021
4502,4301,Tata Tiago EV,Hatchback,24.0,2024
4503,4302,Tata Punch EV,Hatchback,35.0,2022
4504,4303,Tata Nexon EV,SUV,30.2,2022
4505,4304,Kia EV6,SUV,77.4,2025
4506,4305,Hyundai Ioniq 5,SUV,72.6,2020
4507,4305,Hyundai Ioniq 5,SUV,72.6,2021
4508,4306,BYD Atto 3,SUV,60.5,2023
4509,4307,Tata Punch EV,Hatchback,35.0,2022
4510,4308,Hyundai Ioniq 5,SUV,72.6,2021
4511,4309,MG ZS EV,SUV,50.3,2020
4512,4310,Mahindra XUV400,SUV,39.4,2024
4513,4311,Hyundai Kona Electric,SUV,39.2,2023
4514,4312,Kia EV6,SUV,77.4,2024
4515,4313,Mahindra BE 6,SUV,59.0,2020
4516,4314,Mahindra XUV400,SUV,39.4,2025
4517,4315,Hyundai Kona Electric,SUV,39.2,2025
4518,4316,Mahindra XUV400,SUV,39.4,2025
4519,4317,Tata Nexon EV,SUV,30.2,2020
4520,4318,Hyundai Kona Electric,SUV,39.2,2024
4521,4319,MG ZS EV,SUV,50.3,2022
4522,4320,Tata Nexon EV,SUV,30.2,2025
4523,4321,Tata Punch EV,Hatchback,35.0,2024
4524,4322,Kia EV6,SUV,77.4,2021
4525,4323,Hyundai Ioniq 5,SUV,72.6,2025
4526,4324,Tata Nexon EV,SUV,30.2,2021
4527,4325,Kia EV6,SUV,77.4,2024
4528,4326,MG ZS EV,SUV,50.3,2024
4529,4327,Tata Tiago EV,Hatchback,24.0,2023
4530,4328,Tata Tiago EV,Hatchback,24.0,2021
4531,4329,Tata Punch EV,Hatchback,35.0,2020
4532,4330,Tata Punch EV,Hatchback,35.0,2021
4533,4331,Mahindra BE 6,SUV,59.0,2025
4534,4332,MG ZS EV,SUV,50.3,2024
4535,4333,Mahindra XUV400,SUV,39.4,2021
4536,4334,Kia EV6,SUV,77.4,2025
4537,4335,Hyundai Kona Electric,SUV,39.2,2022
4538,4336,BYD Atto 3,SUV,60.5,2024
4539,4337,Tata Punch EV,Hatchback,35.0,2021
4540,4338,Tata Tiago EV,Hatchback,24.0,2020
4541,4339,MG ZS EV,SUV,50.3,2025
4542,4340,Tata Punch EV,Hatchback,35.0,2024
4543,4341,Mahindra BE 6,SUV,59.0,2023
4544,4342,BYD Atto 3,SUV,60.5,2020
4545,4343,Tata Nexon EV,SUV,30.2,2020
4546,4344,Hyundai Kona Electric,SUV,39.2,2022
4547,4345,Tata Nexon EV,SUV,30.2,2022
4548,4346,BYD Atto 3,SUV,60.5,2024
4549,4347,Tata Nexon EV,SUV,30.2,2023
4550,4348,BYD Atto 3,SUV,60.5,2023
4551,4349,Hyundai Kona Electric,SUV,39.2,2022
4552,4350,Tata Punch EV,Hatchback,35.0,2024
4553,4351,Hyundai Ioniq 5,SUV,72.6,2024
4554,4352,Mahindra BE 6,SUV,59.0,2021
4555,4353,Tata Tiago EV,Hatchback,24.0,2021
4556,4354,Tata Tiago EV,Hatchback,24.0,2020
4557,4355,Kia EV6,SUV,77.4,2020
4558,4356,Mahindra BE 6,SUV,59.0,2025
4559,4357,Mahindra XUV400,SUV,39.4,2024
4560,4358,Tata Punch EV,Hatchback,35.0,2025
4561,4359,BYD Atto 3,SUV,60.5,2024
4562,4360,Kia EV6,SUV,77.4,2022
4563,4361,Hyundai Kona Electric,SUV,39.2,2023
4564,4362,Hyundai Ioniq 5,SUV,72.6,2024
4565,4362,BYD Atto 3,SUV,60.5,2025
4566,4363,Tata Tiago EV,Hatchback,24.0,2024
4567,4364,Hyundai Kona Electric,SUV,39.2,2025
4568,4365,BYD Atto 3,SUV,60.5,2022
4569,4366,MG ZS EV,SUV,50.3,2021
4570,4367,Tata Punch EV,Hatchback,35.0,2022
4571,4368,Kia EV6,SUV,77.4,2020
4572,4369,Tata Nexon EV,SUV,30.2,2025
4573,4370,Mahindra BE 6,SUV,59.0,2023
4574,4371,Tata Punch EV,Hatchback,35.0,2025
4575,4372,Tata Tiago EV,Hatchback,24.0,2022
4576,4373,Tata Tiago EV,Hatchback,24.0,2021
4577,4374,Tata Tiago EV,Hatchback,24.0,2021
4578,4375,Tata Tiago EV,Hatchback,24.0,2022
4579,4376,Mahindra XUV400,SUV,39.4,2021
4580,4377,Kia EV6,SUV,77.4,2023
4581,4378,Hyundai Kona Electric,SUV,39.2,2025
4582,4379,Hyundai Kona Electric,SUV,39.2,2023
4583,4380,Mahindra XUV400,SUV,39.4,2025
4584,4381,BYD Atto 3,SUV,60.5,2025
4585,4382,Tata Nexon EV,SUV,30.2,2021
4586,4383,Tata Nexon EV,SUV,30.2,2023
4587,4384,Mahindra XUV400,SUV,39.4,2020
4588,4385,Kia EV6,SUV,77.4,2025
4589,4386,Tata Tiago EV,Hatchback,24.0,2025
4590,4387,MG ZS EV,SUV,50.3,2024
4591,4388,Hyundai Kona Electric,SUV,39.2,2021
4592,4389,Tata Tiago EV,Hatchback,24.0,2023
4593,4390,Tata Nexon EV,SUV,30.2,2023
4594,4391,Mahindra BE 6,SUV,59.0,2024
4595,4392,Hyundai Ioniq 5,SUV,72.6,2022
4596,4393,Hyundai Kona Electric,SUV,39.2,2022
4597,4394,BYD Atto 3,SUV,60.5,2024
4598,4395,Mahindra XUV400,SUV,39.4,2022
4599,4396,MG ZS EV,SUV,50.3,2025
4600,4397,Kia EV6,SUV,77.4,2024
4601,4398,Mahindra XUV400,SUV,39.4,2022
4602,4398,Tata Punch EV,Hatchback,35.0,2022
4603,4399,Mahindra XUV400,SUV,39.4,2021
4604,4400,MG ZS EV,SUV,50.3,2022
4605,4401,Tata Punch EV,Hatchback,35.0,2024
4606,4402,Tata Nexon EV,SUV,30.2,2020
4607,4402,Tata Tiago EV,Hatchback,24.0,2024
4608,4403,Mahindra XUV400,SUV,39.4,2024
4609,4404,BYD Atto 3,SUV,60.5,2025
4610,4405,Tata Tiago EV,Hatchback,24.0,2025
4611,4406,Hyundai Kona Electric,SUV,39.2,2023
4612,4407,Mahindra XUV400,SUV,39.4,2021
4613,4408,MG ZS EV,SUV,50.3,2020
4614,4408,BYD Atto 3,SUV,60.5,2025
4615,4409,Mahindra XUV400,SUV,39.4,2024
4616,4410,Mahindra XUV400,SUV,39.4,2022
4617,4411,Mahindra XUV400,SUV,39.4,2025
4618,4412,Hyundai Ioniq 5,SUV,72.6,2022
4619,4413,Hyundai Ioniq 5,SUV,72.6,2020
4620,4413,Tata Tiago EV,Hatchback,24.0,2022
4621,4414,Mahindra XUV400,SUV,39.4,2020
4622,4415,Kia EV6,SUV,77.4,2025
4623,4416,Mahindra XUV400,SUV,39.4,2020
4624,4417,MG ZS EV,SUV,50.3,2024
4625,4418,Kia EV6,SUV,77.4,2023
4626,4419,BYD Atto 3,SUV,60.5,2022
4627,4420,Tata Nexon EV,SUV,30.2,2022
4628,4421,BYD Atto 3,SUV,60.5,2021
4629,4422,Tata Nexon EV,SUV,30.2,2025
4630,4423,Mahindra BE 6,SUV,59.0,2024
4631,4424,Hyundai Ioniq 5,SUV,72.6,2023
4632,4425,Mahindra XUV400,SUV,39.4,2024
4633,4426,MG ZS EV,SUV,50.3,2024
4634,4427,Mahindra BE 6,SUV,59.0,2020
4635,4428,MG ZS EV,SUV,50.3,2025
4636,4429,Tata Punch EV,Hatchback,35.0,2020
4637,4430,Mahindra XUV400,SUV,39.4,2021
4638,4431,Hyundai Kona Electric,SUV,39.2,2025
4639,4432,Tata Tiago EV,Hatchback,24.0,2023
4640,4433,MG ZS EV,SUV,50.3,2024
4641,4434,MG ZS EV,SUV,50.3,2023
4642,4435,Mahindra XUV400,SUV,39.4,2025
4643,4436,Tata Punch EV,Hatchback,35.0,2020
4644,4437,Hyundai Ioniq 5,SUV,72.6,2022
4645,4438,Kia EV6,SUV,77.4,2024
4646,4439,BYD Atto 3,SUV,60.5,2020
4647,4440,Mahindra XUV400,SUV,39.4,2025
4648,4441,Hyundai Ioniq 5,SUV,72.6,2024
4649,4442,Hyundai Ioniq 5,SUV,72.6,2020
4650,4443,Tata Tiago EV,Hatchback,24.0,2025
4651,4444,BYD Atto 3,SUV,60.5,2025
4652,4445,Tata Nexon EV,SUV,30.2,2025
4653,4446,Mahindra BE 6,SUV,59.0,2025
4654,4447,MG ZS EV,SUV,50.3,2023
4655,4448,Tata Punch EV,Hatchback,35.0,2020
4656,4449,Tata Nexon EV,SUV,30.2,2025
4657,4450,Hyundai Ioniq 5,SUV,72.6,2021
4658,4451,Mahindra BE 6,SUV,59.0,2022
4659,4452,Tata Nexon EV,SUV,30.2,2025
4660,4453,Mahindra BE 6,SUV,59.0,2023
4661,4454,Mahindra BE 6,SUV,59.0,2023
4662,4455,Hyundai Kona Electric,SUV,39.2,2021
4663,4456,Tata Tiago EV,Hatchback,24.0,2021
4664,4457,Mahindra BE 6,SUV,59.0,2024
4665,4458,Hyundai Ioniq 5,SUV,72.6,2022
4666,4459,Hyundai Ioniq 5,SUV,72.6,2024
4667,4460,MG ZS EV,SUV,50.3,2024
4668,4461,MG ZS EV,SUV,50.3,2020
4669,4462,Kia EV6,SUV,77.4,2021
4670,4463,Mahindra XUV400,SUV,39.4,2022
4671,4464,Tata Punch EV,Hatchback,35.0,2023
4672,4465,Hyundai Ioniq 5,SUV,72.6,2023
4673,4466,Mahindra XUV400,SUV,39.4,2025
4674,4467,Hyundai Ioniq 5,SUV,72.6,2024
4675,4468,Mahindra XUV400,SUV,39.4,2021
4676,4469,BYD Atto 3,SUV,60.5,2023
4677,4470,BYD Atto 3,SUV,60.5,2023
4678,4471,Tata Tiago EV,Hatchback,24.0,2021
4679,4472,Kia EV6,SUV,77.4,2021
4680,4473,Mahindra BE 6,SUV,59.0,2025
4681,4474,Hyundai Kona Electric,SUV,39.2,2020
4682,4475,Mahindra XUV400,SUV,39.4,2022
4683,4476,Tata Punch EV,Hatchback,35.0,2023
4684,4477,MG ZS EV,SUV,50.3,2024
4685,4478,MG ZS EV,SUV,50.3,2024
4686,4478,Mahindra XUV400,SUV,39.4,2020
4687,4479,Tata Tiago EV,Hatchback,24.0,2020
4688,4480,Mahindra XUV400,SUV,39.4,2020
4689,4481,Tata Tiago EV,Hatchback,24.0,2021
4690,4482,Hyundai Ioniq 5,SUV,72.6,2022
4691,4483,Tata Nexon EV,SUV,30.2,2020
4692,4484,Mahindra BE 6,SUV,59.0,2021
4693,4485,BYD Atto 3,SUV,60.5,2023
4694,4486,Hyundai Kona Electric,SUV,39.2,2020
4695,4487,Hyundai Kona Electric,SUV,39.2,2021
4696,4488,Tata Punch EV,Hatchback,35.0,2024
4697,4489,BYD Atto 3,SUV,60.5,2022
4698,4490,Tata Nexon EV,SUV,30.2,2023
4699,4491,Hyundai Ioniq 5,SUV,72.6,2024
4700,4492,BYD Atto 3,SUV,60.5,2025
4701,4493,Tata Punch EV,Hatchback,35.0,2022
4702,4494,Hyundai Kona Electric,SUV,39.2,2025
4703,4495,Hyundai Ioniq 5,SUV,72.6,2024
4704,4496,Mahindra BE 6,SUV,59.0,2022
4705,4497,MG ZS EV,SUV,50.3,2025
4706,4498,MG ZS EV,SUV,50.3,2022
4707,4499,Tata Tiago EV,Hatchback,24.0,2020
4708,4500,BYD Atto 3,SUV,60.5,2021
4709,4501,Kia EV6,SUV,77.4,2023
4710,4502,Tata Nexon EV,SUV,30.2,2024
4711,4503,Kia EV6,SUV,77.4,2025
4712,4504,Hyundai Kona Electric,SUV,39.2,2024
4713,4505,Hyundai Ioniq 5,SUV,72.6,2022
4714,4506,Tata Punch EV,Hatchback,35.0,2020
4715,4507,BYD Atto 3,SUV,60.5,2023
4716,4508,Tata Punch EV,Hatchback,35.0,2020
4717,4509,Hyundai Kona Electric,SUV,39.2,2020
4718,4510,Tata Nexon EV,SUV,30.2,2024
4719,4511,BYD Atto 3,SUV,60.5,2021
4720,4512,Hyundai Ioniq 5,SUV,72.6,2024
4721,4513,Kia EV6,SUV,77.4,2024
4722,4513,MG ZS EV,SUV,50.3,2020
4723,4514,Hyundai Ioniq 5,SUV,72.6,2024
4724,4515,BYD Atto 3,SUV,60.5,2020
4725,4516,Mahindra BE 6,SUV,59.0,2024
4726,4517,Mahindra BE 6,SUV,59.0,2025
4727,4518,Tata Nexon EV,SUV,30.2,2022
4728,4519,Tata Tiago EV,Hatchback,24.0,2022
4729,4520,Hyundai Ioniq 5,SUV,72.6,2025
4730,4520,Kia EV6,SUV,77.4,2022
4731,4521,MG ZS EV,SUV,50.3,2021
4732,4522,Mahindra BE 6,SUV,59.0,2020
4733,4523,Hyundai Kona Electric,SUV,39.2,2025
4734,4524,Mahindra BE 6,SUV,59.0,2020
4735,4525,Tata Punch EV,Hatchback,35.0,2023
4736,4526,Hyundai Ioniq 5,SUV,72.6,2024
4737,4527,Kia EV6,SUV,77.4,2021
4738,4528,BYD Atto 3,SUV,60.5,2021
4739,4529,BYD Atto 3,SUV,60.5,2020
4740,4530,MG ZS EV,SUV,50.3,2023
4741,4531,Mahindra XUV400,SUV,39.4,2020
4742,4532,Hyundai Kona Electric,SUV,39.2,2022
4743,4533,Hyundai Ioniq 5,SUV,72.6,2025
4744,4534,Tata Tiago EV,Hatchback,24.0,2025
4745,4535,Tata Nexon EV,SUV,30.2,2024
4746,4536,Tata Nexon EV,SUV,30.2,2022
4747,4537,Kia EV6,SUV,77.4,2020
4748,4538,Mahindra BE 6,SUV,59.0,2024
4749,4539,Tata Tiago EV,Hatchback,24.0,2023
4750,4540,Mahindra BE 6,SUV,59.0,2021
4751,4541,Tata Punch EV,Hatchback,35.0,2024
4752,4542,MG ZS EV,SUV,50.3,2025
4753,4543,Tata Punch EV,Hatchback,35.0,2021
4754,4544,Hyundai Kona Electric,SUV,39.2,2023
4755,4545,MG ZS EV,SUV,50.3,2020
4756,4546,Kia EV6,SUV,77.4,2021
4757,4547,Mahindra BE 6,SUV,59.0,2023
4758,4548,Hyundai Ioniq 5,SUV,72.6,2025
4759,4549,MG ZS EV,SUV,50.3,2024
4760,4550,Mahindra BE 6,SUV,59.0,2023
4761,4551,BYD Atto 3,SUV,60.5,2023
4762,4552,Kia EV6,SUV,77.4,2023
4763,4553,Kia EV6,SUV,77.4,2021
4764,4554,Hyundai Ioniq 5,SUV,72.6,2022
4765,4555,MG ZS EV,SUV,50.3,2025
4766,4556,Tata Tiago EV,Hatchback,24.0,2024
4767,4557,Hyundai Ioniq 5,SUV,72.6,2024
4768,4558,Tata Tiago EV,Hatchback,24.0,2020
4769,4559,Hyundai Ioniq 5,SUV,72.6,2023
4770,4559,Tata Punch EV,Hatchback,35.0,2024
4771,4560,Tata Tiago EV,Hatchback,24.0,2022
4772,4561,Hyundai Ioniq 5,SUV,72.6,2022
4773,4562,Hyundai Ioniq 5,SUV,72.6,2020
4774,4563,Mahindra XUV400,SUV,39.4,2022
4775,4564,Mahindra BE 6,SUV,59.0,2021
4776,4565,Tata Nexon EV,SUV,30.2,2023
4777,4566,Kia EV6,SUV,77.4,2024
4778,4567,Tata Punch EV,Hatchback,35.0,2024
4779,4568,BYD Atto 3,SUV,60.5,2024
4780,4569,Kia EV6,SUV,77.4,2022
4781,4570,Tata Punch EV,Hatchback,35.0,2022
4782,4571,BYD Atto 3,SUV,60.5,2023
4783,4572,Mahindra XUV400,SUV,39.4,2022
4784,4573,BYD Atto 3,SUV,60.5,2021
4785,4574,Kia EV6,SUV,77.4,2024
4786,4574,Kia EV6,SUV,77.4,2023
4787,4575,Tata Punch EV,Hatchback,35.0,2025
4788,4576,Hyundai Ioniq 5,SUV,72.6,2023
4789,4577,Tata Tiago EV,Hatchback,24.0,2020
4790,4578,Mahindra XUV400,SUV,39.4,2022
4791,4579,Hyundai Kona Electric,SUV,39.2,2021
4792,4580,BYD Atto 3,SUV,60.5,2022
4793,4581,MG ZS EV,SUV,50.3,2020
4794,4582,Tata Punch EV,Hatchback,35.0,2022
4795,4583,MG ZS EV,SUV,50.3,2020
4796,4584,BYD Atto 3,SUV,60.5,2022
4797,4585,Tata Nexon EV,SUV,30.2,2020
4798,4586,Tata Nexon EV,SUV,30.2,2024
4799,4587,Tata Punch EV,Hatchback,35.0,2023
4800,4588,Kia EV6,SUV,77.4,2021
4801,4589,Tata Nexon EV,SUV,30.2,2024
4802,4590,Hyundai Ioniq 5,SUV,72.6,2023
4803,4590,Tata Punch EV,Hatchback,35.0,2025
4804,4591,Tata Nexon EV,SUV,30.2,2020
4805,4592,Mahindra XUV400,SUV,39.4,2022
4806,4593,Tata Nexon EV,SUV,30.2,2022
4807,4594,Kia EV6,SUV,77.4,2023
4808,4595,Mahindra XUV400,SUV,39.4,2024
4809,4596,BYD Atto 3,SUV,60.5,2022
4810,4597,Mahindra BE 6,SUV,59.0,2020
4811,4598,Hyundai Kona Electric,SUV,39.2,2021
4812,4599,MG ZS EV,SUV,50.3,2021
4813,4600,Tata Nexon EV,SUV,30.2,2021
4814,4601,Mahindra XUV400,SUV,39.4,2025
4815,4602,Tata Nexon EV,SUV,30.2,2021
4816,4603,Mahindra XUV400,SUV,39.4,2024
4817,4604,Mahindra BE 6,SUV,59.0,2020
4818,4605,BYD Atto 3,SUV,60.5,2023
4819,4606,Mahindra XUV400,SUV,39.4,2020
4820,4607,Tata Nexon EV,SUV,30.2,2020
4821,4608,BYD Atto 3,SUV,60.5,2021
4822,4609,Mahindra BE 6,SUV,59.0,2025
4823,4610,Tata Punch EV,Hatchback,35.0,2020
4824,4611,BYD Atto 3,SUV,60.5,2025
4825,4612,Mahindra BE 6,SUV,59.0,2020
4826,4613,Mahindra BE 6,SUV,59.0,2022
4827,4614,Mahindra BE 6,SUV,59.0,2021
4828,4615,Tata Punch EV,Hatchback,35.0,2025
4829,4616,Tata Tiago EV,Hatchback,24.0,2023
4830,4617,Tata Punch EV,Hatchback,35.0,2025
4831,4618,Tata Tiago EV,Hatchback,24.0,2021
4832,4619,BYD Atto 3,SUV,60.5,2022
4833,4620,Tata Punch EV,Hatchback,35.0,2021
4834,4620,Tata Punch EV,Hatchback,35.0,2021
4835,4621,Mahindra XUV400,SUV,39.4,2022
4836,4622,Tata Tiago EV,Hatchback,24.0,2025
4837,4622,BYD Atto 3,SUV,60.5,2020
4838,4623,Hyundai Ioniq 5,SUV,72.6,2023
4839,4624,Hyundai Ioniq 5,SUV,72.6,2024
4840,4625,Hyundai Kona Electric,SUV,39.2,2025
4841,4626,Mahindra BE 6,SUV,59.0,2021
4842,4627,Hyundai Kona Electric,SUV,39.2,2023
4843,4628,Hyundai Ioniq 5,SUV,72.6,2020
4844,4629,Mahindra BE 6,SUV,59.0,2021
4845,4630,Mahindra XUV400,SUV,39.4,2021
4846,4631,BYD Atto 3,SUV,60.5,2020
4847,4631,Hyundai Ioniq 5,SUV,72.6,2024
4848,4632,Kia EV6,SUV,77.4,2021
4849,4633,BYD Atto 3,SUV,60.5,2025
4850,4634,Kia EV6,SUV,77.4,2020
4851,4635,Hyundai Ioniq 5,SUV,72.6,2023
4852,4636,BYD Atto 3,SUV,60.5,2025
4853,4637,Tata Punch EV,Hatchback,35.0,2020
4854,4638,Kia EV6,SUV,77.4,2022
4855,4639,Hyundai Ioniq 5,SUV,72.6,2024
4856,4640,Tata Punch EV,Hatchback,35.0,2025
4857,4641,Hyundai Kona Electric,SUV,39.2,2020
4858,4642,MG ZS EV,SUV,50.3,2025
4859,4643,Tata Nexon EV,SUV,30.2,2020
4860,4644,MG ZS EV,SUV,50.3,2021
4861,4645,Tata Nexon EV,SUV,30.2,2021
4862,4646,BYD Atto 3,SUV,60.5,2024
4863,4647,Mahindra BE 6,SUV,59.0,2020
4864,4648,MG ZS EV,SUV,50.3,2023
4865,4649,Tata Tiago EV,Hatchback,24.0,2025
4866,4650,Hyundai Ioniq 5,SUV,72.6,2025
4867,4651,MG ZS EV,SUV,50.3,2025
4868,4652,Mahindra BE 6,SUV,59.0,2022
4869,4653,Hyundai Ioniq 5,SUV,72.6,2023
4870,4654,Tata Punch EV,Hatchback,35.0,2025
4871,4654,Hyundai Kona Electric,SUV,39.2,2025
4872,4655,Tata Nexon EV,SUV,30.2,2023
4873,4656,Hyundai Ioniq 5,SUV,72.6,2025
4874,4657,Tata Tiago EV,Hatchback,24.0,2022
4875,4658,Hyundai Kona Electric,SUV,39.2,2021
4876,4659,Tata Tiago EV,Hatchback,24.0,2022
4877,4660,Mahindra BE 6,SUV,59.0,2020
4878,4661,Tata Punch EV,Hatchback,35.0,2025
4879,4662,Mahindra XUV400,SUV,39.4,2023
4880,4663,Kia EV6,SUV,77.4,2022
4881,4664,Tata Punch EV,Hatchback,35.0,2020
4882,4665,BYD Atto 3,SUV,60.5,2023
4883,4666,Kia EV6,SUV,77.4,2023
4884,4667,MG ZS EV,SUV,50.3,2020
4885,4668,Tata Nexon EV,SUV,30.2,2025
4886,4669,Mahindra XUV400,SUV,39.4,2025
4887,4670,Tata Tiago EV,Hatchback,24.0,2020
4888,4671,Mahindra BE 6,SUV,59.0,2025
4889,4672,Tata Tiago EV,Hatchback,24.0,2023
4890,4673,Hyundai Kona Electric,SUV,39.2,2022
4891,4674,Tata Tiago EV,Hatchback,24.0,2020
4892,4675,Hyundai Ioniq 5,SUV,72.6,2020
4893,4676,Tata Punch EV,Hatchback,35.0,2025
4894,4677,Kia EV6,SUV,77.4,2022
4895,4678,MG ZS EV,SUV,50.3,2021
4896,4679,Tata Punch EV,Hatchback,35.0,2021
4897,4680,Tata Tiago EV,Hatchback,24.0,2023
4898,4681,MG ZS EV,SUV,50.3,2021
4899,4682,Mahindra BE 6,SUV,59.0,2025
4900,4683,Mahindra BE 6,SUV,59.0,2021
4901,4684,Tata Nexon EV,SUV,30.2,2024
4902,4685,Mahindra XUV400,SUV,39.4,2021
4903,4686,Tata Nexon EV,SUV,30.2,2025
4904,4687,MG ZS EV,SUV,50.3,2025
4905,4688,Tata Tiago EV,Hatchback,24.0,2021
4906,4688,Tata Tiago EV,Hatchback,24.0,2024
4907,4689,Tata Punch EV,Hatchback,35.0,2025
4908,4690,Hyundai Ioniq 5,SUV,72.6,2022
4909,4690,MG ZS EV,SUV,50.3,2023
4910,4691,Tata Nexon EV,SUV,30.2,2024
4911,4692,Hyundai Kona Electric,SUV,39.2,2022
4912,4693,Hyundai Kona Electric,SUV,39.2,2025
4913,4694,Mahindra BE 6,SUV,59.0,2024
4914,4695,Hyundai Kona Electric,SUV,39.2,2021
4915,4696,Tata Tiago EV,Hatchback,24.0,2025
4916,4697,MG ZS EV,SUV,50.3,2020
4917,4698,Tata Punch EV,Hatchback,35.0,2022
4918,4699,Kia EV6,SUV,77.4,2022
4919,4700,Tata Nexon EV,SUV,30.2,2023
4920,4701,Mahindra XUV400,SUV,39.4,2022
4921,4702,Mahindra BE 6,SUV,59.0,2021
4922,4703,Tata Tiago EV,Hatchback,24.0,2021
4923,4704,Kia EV6,SUV,77.4,2025
4924,4705,Hyundai Ioniq 5,SUV,72.6,2020
4925,4706,Hyundai Kona Electric,SUV,39.2,2022
4926,4707,Tata Tiago EV,Hatchback,24.0,2022
4927,4708,Hyundai Kona Electric,SUV,39.2,2024
4928,4709,BYD Atto 3,SUV,60.5,2025
4929,4710,Hyundai Kona Electric,SUV,39.2,2021
4930,4711,Mahindra XUV400,SUV,39.4,2021
4931,4712,Tata Tiago EV,Hatchback,24.0,2022
4932,4713,Tata Nexon EV,SUV,30.2,2024
4933,4714,Hyundai Kona Electric,SUV,39.2,2020
4934,4715,Mahindra XUV400,SUV,39.4,2022
4935,4716,Tata Tiago EV,Hatchback,24.0,2021
4936,4717,Mahindra BE 6,SUV,59.0,2022
4937,4718,Kia EV6,SUV,77.4,2020
4938,4719,MG ZS EV,SUV,50.3,2023
4939,4720,MG ZS EV,SUV,50.3,2023
4940,4721,MG ZS EV,SUV,50.3,2022
4941,4722,Mahindra XUV400,SUV,39.4,2024
4942,4723,Hyundai Ioniq 5,SUV,72.6,2020
4943,4724,Mahindra BE 6,SUV,59.0,2024
4944,4725,Mahindra XUV400,SUV,39.4,2025
4945,4726,Hyundai Ioniq 5,SUV,72.6,2022
4946,4727,Tata Nexon EV,SUV,30.2,2025
4947,4728,Kia EV6,SUV,77.4,2022
4948,4729,Hyundai Ioniq 5,SUV,72.6,2021
4949,4730,Tata Punch EV,Hatchback,35.0,2021
4950,4731,Hyundai Kona Electric,SUV,39.2,2021
4951,4732,Hyundai Kona Electric,SUV,39.2,2023
4952,4733,BYD Atto 3,SUV,60.5,2020
4953,4734,Hyundai Kona Electric,SUV,39.2,2021
4954,4735,Tata Punch EV,Hatchback,35.0,2021
4955,4736,Tata Nexon EV,SUV,30.2,2023
4956,4737,Kia EV6,SUV,77.4,2025
4957,4738,Hyundai Kona Electric,SUV,39.2,2025
4958,4739,Tata Punch EV,Hatchback,35.0,2025
4959,4740,Tata Tiago EV,Hatchback,24.0,2023
4960,4741,Tata Nexon EV,SUV,30.2,2024
4961,4742,Hyundai Ioniq 5,SUV,72.6,2022
4962,4743,Tata Punch EV,Hatchback,35.0,2020
4963,4744,Kia EV6,SUV,77.4,2024
4964,4745,Hyundai Ioniq 5,SUV,72.6,2021
4965,4746,Kia EV6,SUV,77.4,2025
4966,4747,Tata Tiago EV,Hatchback,24.0,2020
4967,4748,Kia EV6,SUV,77.4,2025
4968,4749,BYD Atto 3,SUV,60.5,2025
4969,4750,Hyundai Kona Electric,SUV,39.2,2024
4970,4751,BYD Atto 3,SUV,60.5,2022
4971,4752,Hyundai Ioniq 5,SUV,72.6,2024
4972,4753,Mahindra BE 6,SUV,59.0,2025
4973,4754,MG ZS EV,SUV,50.3,2020
4974,4755,Kia EV6,SUV,77.4,2022
4975,4756,Kia EV6,SUV,77.4,2020
4976,4757,Hyundai Kona Electric,SUV,39.2,2020
4977,4757,Mahindra BE 6,SUV,59.0,2024
4978,4758,MG ZS EV,SUV,50.3,2023
4979,4759,Mahindra XUV400,SUV,39.4,2023
4980,4760,Tata Nexon EV,SUV,30.2,2021
4981,4761,Tata Punch EV,Hatchback,35.0,2022
4982,4762,MG ZS EV,SUV,50.3,2022
4983,4763,BYD Atto 3,SUV,60.5,2020
4984,4764,Mahindra BE 6,SUV,59.0,2022
4985,4765,Tata Nexon EV,SUV,30.2,2020
4986,4766,Hyundai Ioniq 5,SUV,72.6,2022
4987,4767,Tata Punch EV,Hatchback,35.0,2025
4988,4768,Tata Punch EV,Hatchback,35.0,2021
4989,4769,Mahindra XUV400,SUV,39.4,2023
4990,4770,Hyundai Kona Electric,SUV,39.2,2020
4991,4771,MG ZS EV,SUV,50.3,2024
4992,4772,Hyundai Ioniq 5,SUV,72.6,2024
4993,4773,Mahindra XUV400,SUV,39.4,2021
4994,4774,Mahindra XUV400,SUV,39.4,2023
4995,4775,Tata Tiago EV,Hatchback,24.0,2023
4996,4776,Kia EV6,SUV,77.4,2020
4997,4777,Kia EV6,SUV,77.4,2023
4998,4778,Mahindra BE 6,SUV,59.0,2023
4999,4779,Tata Nexon EV,SUV,30.2,2020
5000,4780,Tata Tiago EV,Hatchback,24.0,2021
5001,4781,Kia EV6,SUV,77.4,2020
5002,4782,Mahindra BE 6,SUV,59.0,2025
5003,4783,MG ZS EV,SUV,50.3,2020
5004,4784,MG ZS EV,SUV,50.3,2025
5005,4785,BYD Atto 3,SUV,60.5,2025
5006,4786,Mahindra XUV400,SUV,39.4,2023
5007,4787,MG ZS EV,SUV,50.3,2023
5008,4788,Tata Punch EV,Hatchback,35.0,2022
5009,4789,Tata Nexon EV,SUV,30.2,2023
5010,4790,Mahindra XUV400,SUV,39.4,2023
5011,4791,MG ZS EV,SUV,50.3,2020
5012,4792,Hyundai Ioniq 5,SUV,72.6,2025
5013,4793,Mahindra XUV400,SUV,39.4,2024
5014,4794,MG ZS EV,SUV,50.3,2023
5015,4795,Tata Nexon EV,SUV,30.2,2023
5016,4796,Tata Punch EV,Hatchback,35.0,2020
5017,4797,Tata Tiago EV,Hatchback,24.0,2024
5018,4798,Hyundai Kona Electric,SUV,39.2,2024
5019,4799,BYD Atto 3,SUV,60.5,2021
5020,4799,Kia EV6,SUV,77.4,2023
5021,4800,MG ZS EV,SUV,50.3,2023
5022,4801,Tata Nexon EV,SUV,30.2,2025
5023,4801,MG ZS EV,SUV,50.3,2020
5024,4802,Tata Nexon EV,SUV,30.2,2020
5025,4803,Hyundai Ioniq 5,SUV,72.6,2024
5026,4804,Mahindra BE 6,SUV,59.0,2024
5027,4805,MG ZS EV,SUV,50.3,2023
5028,4805,MG ZS EV,SUV,50.3,2023
5029,4806,Hyundai Ioniq 5,SUV,72.6,2023
5030,4807,Tata Nexon EV,SUV,30.2,2022
5031,4808,Tata Punch EV,Hatchback,35.0,2022
5032,4809,Tata Punch EV,Hatchback,35.0,2024
5033,4810,Mahindra XUV400,SUV,39.4,2023
5034,4811,Tata Tiago EV,Hatchback,24.0,2023
5035,4812,Mahindra XUV400,SUV,39.4,2022
5036,4813,Tata Punch EV,Hatchback,35.0,2021
5037,4814,Tata Tiago EV,Hatchback,24.0,2022
5038,4815,Tata Punch EV,Hatchback,35.0,2025
5039,4816,Hyundai Kona Electric,SUV,39.2,2025
5040,4817,Tata Tiago EV,Hatchback,24.0,2024
5041,4818,Tata Nexon EV,SUV,30.2,2021
5042,4819,Tata Tiago EV,Hatchback,24.0,2020
5043,4820,MG ZS EV,SUV,50.3,2023
5044,4821,Tata Nexon EV,SUV,30.2,2025
5045,4822,Tata Nexon EV,SUV,30.2,2025
5046,4823,Tata Punch EV,Hatchback,35.0,2022
5047,4824,BYD Atto 3,SUV,60.5,2023
5048,4825,MG ZS EV,SUV,50.3,2020
5049,4826,Hyundai Kona Electric,SUV,39.2,2023
5050,4827,Hyundai Kona Electric,SUV,39.2,2023
5051,4828,Kia EV6,SUV,77.4,2023
5052,4829,Hyundai Ioniq 5,SUV,72.6,2023
5053,4830,Mahindra XUV400,SUV,39.4,2024
5054,4831,BYD Atto 3,SUV,60.5,2021
5055,4832,MG ZS EV,SUV,50.3,2024
5056,4833,Hyundai Ioniq 5,SUV,72.6,2020
5057,4834,Tata Tiago EV,Hatchback,24.0,2024
5058,4835,Mahindra XUV400,SUV,39.4,2024
5059,4836,MG ZS EV,SUV,50.3,2022
5060,4837,Mahindra XUV400,SUV,39.4,2020
5061,4838,Hyundai Kona Electric,SUV,39.2,2020
5062,4839,Mahindra BE 6,SUV,59.0,2025
5063,4840,Tata Punch EV,Hatchback,35.0,2021
5064,4841,Hyundai Kona Electric,SUV,39.2,2025
5065,4842,Mahindra BE 6,SUV,59.0,2024
5066,4843,Hyundai Ioniq 5,SUV,72.6,2025
5067,4844,Tata Nexon EV,SUV,30.2,2025
5068,4845,Tata Punch EV,Hatchback,35.0,2021
5069,4845,Kia EV6,SUV,77.4,2025
5070,4846,Hyundai Ioniq 5,SUV,72.6,2022
5071,4847,Mahindra XUV400,SUV,39.4,2024
5072,4848,Tata Punch EV,Hatchback,35.0,2025
5073,4849,Tata Tiago EV,Hatchback,24.0,2023
5074,4850,Tata Tiago EV,Hatchback,24.0,2024
5075,4851,Kia EV6,SUV,77.4,2022
5076,4852,BYD Atto 3,SUV,60.5,2025
5077,4853,Mahindra BE 6,SUV,59.0,2021
5078,4854,Tata Nexon EV,SUV,30.2,2023
5079,4855,Hyundai Ioniq 5,SUV,72.6,2025
5080,4856,BYD Atto 3,SUV,60.5,2021
5081,4857,MG ZS EV,SUV,50.3,2024
5082,4858,Hyundai Kona Electric,SUV,39.2,2022
5083,4859,Mahindra XUV400,SUV,39.4,2025
5084,4859,Tata Tiago EV,Hatchback,24.0,2024
5085,4860,Mahindra BE 6,SUV,59.0,2022
5086,4861,Tata Punch EV,Hatchback,35.0,2022
5087,4862,Kia EV6,SUV,77.4,2025
5088,4863,Tata Nexon EV,SUV,30.2,2025
5089,4864,Kia EV6,SUV,77.4,2021
5090,4865,MG ZS EV,SUV,50.3,2020
5091,4866,Tata Nexon EV,SUV,30.2,2020
5092,4867,Mahindra BE 6,SUV,59.0,2024
5093,4868,Kia EV6,SUV,77.4,2023
5094,4869,Tata Punch EV,Hatchback,35.0,2022
5095,4870,BYD Atto 3,SUV,60.5,2021
5096,4871,Tata Nexon EV,SUV,30.2,2025
5097,4872,Tata Nexon EV,SUV,30.2,2023
5098,4873,Tata Nexon EV,SUV,30.2,2025
5099,4874,BYD Atto 3,SUV,60.5,2020
5100,4875,Kia EV6,SUV,77.4,2021
5101,4876,Hyundai Kona Electric,SUV,39.2,2021
5102,4877,Kia EV6,SUV,77.4,2020
5103,4878,Tata Nexon EV,SUV,30.2,2025
5104,4879,Mahindra XUV400,SUV,39.4,2022
5105,4880,Tata Nexon EV,SUV,30.2,2022
5106,4881,MG ZS EV,SUV,50.3,2025
5107,4882,MG ZS EV,SUV,50.3,2021
5108,4883,Tata Punch EV,Hatchback,35.0,2020
5109,4884,Mahindra BE 6,SUV,59.0,2025
5110,4885,MG ZS EV,SUV,50.3,2024
5111,4886,Tata Punch EV,Hatchback,35.0,2020
5112,4886,Tata Punch EV,Hatchback,35.0,2023
5113,4887,MG ZS EV,SUV,50.3,2021
5114,4888,Tata Tiago EV,Hatchback,24.0,2020
5115,4889,Tata Tiago EV,Hatchback,24.0,2025
5116,4890,Hyundai Kona Electric,SUV,39.2,2020
5117,4891,Mahindra XUV400,SUV,39.4,2020
5118,4892,Mahindra BE 6,SUV,59.0,2025
5119,4893,MG ZS EV,SUV,50.3,2023
5120,4894,Tata Tiago EV,Hatchback,24.0,2022
5121,4895,Hyundai Kona Electric,SUV,39.2,2023
5122,4896,BYD Atto 3,SUV,60.5,2021
5123,4897,Kia EV6,SUV,77.4,2020
5124,4898,MG ZS EV,SUV,50.3,2022
5125,4899,BYD Atto 3,SUV,60.5,2025
5126,4900,Mahindra XUV400,SUV,39.4,2021
5127,4901,MG ZS EV,SUV,50.3,2023
5128,4902,Tata Tiago EV,Hatchback,24.0,2021
5129,4903,Hyundai Ioniq 5,SUV,72.6,2023
5130,4904,BYD Atto 3,SUV,60.5,2023
5131,4905,Hyundai Kona Electric,SUV,39.2,2023
5132,4906,Mahindra BE 6,SUV,59.0,2022
5133,4907,Hyundai Kona Electric,SUV,39.2,2021
5134,4908,BYD Atto 3,SUV,60.5,2023
5135,4908,Tata Nexon EV,SUV,30.2,2022
5136,4909,Mahindra BE 6,SUV,59.0,2021
5137,4910,Mahindra XUV400,SUV,39.4,2021
5138,4911,Tata Nexon EV,SUV,30.2,2020
5139,4912,Mahindra BE 6,SUV,59.0,2024
5140,4913,Mahindra BE 6,SUV,59.0,2023
5141,4914,Hyundai Ioniq 5,SUV,72.6,2023
5142,4915,Mahindra XUV400,SUV,39.4,2025
5143,4916,Tata Punch EV,Hatchback,35.0,2024
5144,4917,Tata Tiago EV,Hatchback,24.0,2024
5145,4918,BYD Atto 3,SUV,60.5,2025
5146,4919,Mahindra BE 6,SUV,59.0,2024
5147,4920,MG ZS EV,SUV,50.3,2020
5148,4921,Kia EV6,SUV,77.4,2021
5149,4922,Tata Punch EV,Hatchback,35.0,2023
5150,4923,Tata Tiago EV,Hatchback,24.0,2023
5151,4924,Tata Punch EV,Hatchback,35.0,2024
5152,4925,Kia EV6,SUV,77.4,2024
5153,4926,Tata Punch EV,Hatchback,35.0,2021
5154,4927,Kia EV6,SUV,77.4,2021
5155,4928,MG ZS EV,SUV,50.3,2020
5156,4929,Hyundai Ioniq 5,SUV,72.6,2021
5157,4930,Mahindra XUV400,SUV,39.4,2024
5158,4930,BYD Atto 3,SUV,60.5,2022
5159,4931,Hyundai Kona Electric,SUV,39.2,2020
5160,4932,Kia EV6,SUV,77.4,2024
5161,4933,Hyundai Ioniq 5,SUV,72.6,2025
5162,4934,BYD Atto 3,SUV,60.5,2020
5163,4934,Kia EV6,SUV,77.4,2022
5164,4935,Tata Punch EV,Hatchback,35.0,2024
5165,4936,Tata Tiago EV,Hatchback,24.0,2021
5166,4937,BYD Atto 3,SUV,60.5,2024
5167,4938,Tata Tiago EV,Hatchback,24.0,2024
5168,4939,Tata Punch EV,Hatchback,35.0,2022
5169,4939,Hyundai Ioniq 5,SUV,72.6,2021
5170,4940,Mahindra XUV400,SUV,39.4,2020
5171,4941,Kia EV6,SUV,77.4,2022
5172,4941,Tata Nexon EV,SUV,30.2,2025
5173,4942,Mahindra BE 6,SUV,59.0,2022
5174,4943,Tata Tiago EV,Hatchback,24.0,2022
5175,4944,Tata Punch EV,Hatchback,35.0,2020
5176,4945,Tata Tiago EV,Hatchback,24.0,2024
5177,4945,Mahindra XUV400,SUV,39.4,2024
5178,4946,Hyundai Kona Electric,SUV,39.2,2024
5179,4947,Kia EV6,SUV,77.4,2020
5180,4948,Hyundai Kona Electric,SUV,39.2,2022
5181,4949,Tata Tiago EV,Hatchback,24.0,2022
5182,4950,Mahindra BE 6,SUV,59.0,2021
5183,4951,BYD Atto 3,SUV,60.5,2023
5184,4952,Hyundai Ioniq 5,SUV,72.6,2024
5185,4953,BYD Atto 3,SUV,60.5,2022
5186,4954,Hyundai Ioniq 5,SUV,72.6,2021
5187,4955,MG ZS EV,SUV,50.3,2020
5188,4956,Mahindra XUV400,SUV,39.4,2021
5189,4957,Tata Punch EV,Hatchback,35.0,2025
5190,4958,Mahindra BE 6,SUV,59.0,2023
5191,4959,Tata Nexon EV,SUV,30.2,2022
5192,4960,Hyundai Ioniq 5,SUV,72.6,2025
5193,4961,Tata Nexon EV,SUV,30.2,2020
5194,4962,Tata Tiago EV,Hatchback,24.0,2025
5195,4963,BYD Atto 3,SUV,60.5,2022
5196,4964,BYD Atto 3,SUV,60.5,2021
5197,4965,Tata Tiago EV,Hatchback,24.0,2025
5198,4966,Mahindra XUV400,SUV,39.4,2025
5199,4967,Tata Tiago EV,Hatchback,24.0,2020
5200,4968,Tata Nexon EV,SUV,30.2,2025
5201,4969,Mahindra BE 6,SUV,59.0,2021
5202,4970,Tata Tiago EV,Hatchback,24.0,2021
5203,4971,Hyundai Kona Electric,SUV,39.2,2025
5204,4972,Tata Nexon EV,SUV,30.2,2024
5205,4973,Tata Tiago EV,Hatchback,24.0,2024
5206,4974,Tata Nexon EV,SUV,30.2,2020
5207,4975,Mahindra BE 6,SUV,59.0,2020
5208,4976,MG ZS EV,SUV,50.3,2022
5209,4977,Tata Tiago EV,Hatchback,24.0,2020
5210,4977,MG ZS EV,SUV,50.3,2024
5211,4978,Hyundai Kona Electric,SUV,39.2,2023
5212,4979,MG ZS EV,SUV,50.3,2023
5213,4980,Tata Nexon EV,SUV,30.2,2021
5214,4981,Tata Tiago EV,Hatchback,24.0,2024
5215,4982,Mahindra XUV400,SUV,39.4,2021
5216,4983,Tata Nexon EV,SUV,30.2,2022
5217,4984,Tata Nexon EV,SUV,30.2,2021
5218,4985,Hyundai Ioniq 5,SUV,72.6,2024
5219,4986,Hyundai Ioniq 5,SUV,72.6,2025
5220,4987,MG ZS EV,SUV,50.3,2022
5221,4988,BYD Atto 3,SUV,60.5,2020
5222,4989,Tata Tiago EV,Hatchback,24.0,2020
5223,4990,Hyundai Kona Electric,SUV,39.2,2020
5224,4991,Tata Nexon EV,SUV,30.2,2020
5225,4992,Hyundai Ioniq 5,SUV,72.6,2020
5226,4993,BYD Atto 3,SUV,60.5,2025
5227,4994,Mahindra BE 6,SUV,59.0,2023
5228,4995,Hyundai Kona Electric,SUV,39.2,2022
5229,4995,Mahindra XUV400,SUV,39.4,2023
5230,4996,Tata Tiago EV,Hatchback,24.0,2020
5231,4997,MG ZS EV,SUV,50.3,2022
5232,4998,Hyundai Kona Electric,SUV,39.2,2022
5233,4999,Tata Punch EV,Hatchback,35.0,2023
5234,5000,Tata Tiago EV,Hatchback,24.0,2022
5235,5001,Tata Tiago EV,Hatchback,24.0,2025
5236,5002,Mahindra XUV400,SUV,39.4,2022
5237,5003,Tata Tiago EV,Hatchback,24.0,2022
5238,5004,Mahindra BE 6,SUV,59.0,2020
5239,5005,MG ZS EV,SUV,50.3,2024
5240,5006,BYD Atto 3,SUV,60.5,2024
5241,5007,Tata Tiago EV,Hatchback,24.0,2023
5242,5008,Tata Tiago EV,Hatchback,24.0,2020
5243,5009,Kia EV6,SUV,77.4,2024
5244,5010,Tata Tiago EV,Hatchback,24.0,2024
5245,5011,Tata Tiago EV,Hatchback,24.0,2024
5246,5012,Mahindra XUV400,SUV,39.4,2024
5247,5013,BYD Atto 3,SUV,60.5,2024
5248,5014,Kia EV6,SUV,77.4,2020
5249,5015,Mahindra BE 6,SUV,59.0,2021
5250,5016,Tata Tiago EV,Hatchback,24.0,2023
5251,5017,Mahindra XUV400,SUV,39.4,2020
5252,5018,Hyundai Ioniq 5,SUV,72.6,2025
5253,5019,BYD Atto 3,SUV,60.5,2025
5254,5020,Hyundai Kona Electric,SUV,39.2,2024
5255,5021,BYD Atto 3,SUV,60.5,2023
5256,5022,Hyundai Ioniq 5,SUV,72.6,2023
5257,5023,Hyundai Kona Electric,SUV,39.2,2025
5258,5024,Mahindra XUV400,SUV,39.4,2021
5259,5025,Tata Tiago EV,Hatchback,24.0,2023
5260,5026,MG ZS EV,SUV,50.3,2022
5261,5027,Tata Tiago EV,Hatchback,24.0,2024
5262,5028,Mahindra XUV400,SUV,39.4,2021
5263,5029,Tata Punch EV,Hatchback,35.0,2022
5264,5030,Mahindra XUV400,SUV,39.4,2024
5265,5031,MG ZS EV,SUV,50.3,2021
5266,5032,Tata Nexon EV,SUV,30.2,2021
5267,5033,BYD Atto 3,SUV,60.5,2022
5268,5034,BYD Atto 3,SUV,60.5,2022
5269,5035,Tata Tiago EV,Hatchback,24.0,2023
5270,5036,Mahindra XUV400,SUV,39.4,2020
5271,5036,Mahindra BE 6,SUV,59.0,2021
5272,5037,Kia EV6,SUV,77.4,2024
5273,5038,BYD Atto 3,SUV,60.5,2024
5274,5039,Tata Nexon EV,SUV,30.2,2025
5275,5040,Kia EV6,SUV,77.4,2021
5276,5041,MG ZS EV,SUV,50.3,2022
5277,5042,Mahindra BE 6,SUV,59.0,2024
5278,5043,Tata Nexon EV,SUV,30.2,2023
5279,5044,Mahindra BE 6,SUV,59.0,2023
5280,5045,Mahindra XUV400,SUV,39.4,2024
5281,5046,Mahindra XUV400,SUV,39.4,2025
5282,5047,MG ZS EV,SUV,50.3,2025
5283,5048,Tata Tiago EV,Hatchback,24.0,2021
5284,5049,Tata Punch EV,Hatchback,35.0,2025
5285,5050,Tata Tiago EV,Hatchback,24.0,2023
5286,5051,Hyundai Kona Electric,SUV,39.2,2021
5287,5052,Kia EV6,SUV,77.4,2020
5288,5053,Mahindra BE 6,SUV,59.0,2024
5289,5054,Tata Tiago EV,Hatchback,24.0,2020
5290,5055,Tata Tiago EV,Hatchback,24.0,2025
5291,5056,Hyundai Kona Electric,SUV,39.2,2022
5292,5057,Tata Punch EV,Hatchback,35.0,2020
5293,5058,Mahindra BE 6,SUV,59.0,2023
5294,5059,Tata Tiago EV,Hatchback,24.0,2023
5295,5060,Mahindra BE 6,SUV,59.0,2021
5296,5061,Tata Nexon EV,SUV,30.2,2022
5297,5062,Mahindra BE 6,SUV,59.0,2021
5298,5063,Mahindra BE 6,SUV,59.0,2022
5299,5063,MG ZS EV,SUV,50.3,2023
5300,5064,MG ZS EV,SUV,50.3,2020
5301,5065,MG ZS EV,SUV,50.3,2024
5302,5066,Kia EV6,SUV,77.4,2024
5303,5067,Mahindra BE 6,SUV,59.0,2020
5304,5068,Tata Tiago EV,Hatchback,24.0,2023
5305,5069,Tata Nexon EV,SUV,30.2,2023
5306,5070,Hyundai Ioniq 5,SUV,72.6,2023
5307,5071,MG ZS EV,SUV,50.3,2021
5308,5072,Tata Punch EV,Hatchback,35.0,2020
5309,5073,Kia EV6,SUV,77.4,2025
5310,5074,Tata Punch EV,Hatchback,35.0,2022
5311,5075,Tata Nexon EV,SUV,30.2,2020
5312,5075,BYD Atto 3,SUV,60.5,2025
5313,5076,Tata Punch EV,Hatchback,35.0,2025
5314,5077,Kia EV6,SUV,77.4,2021
5315,5078,Kia EV6,SUV,77.4,2022
5316,5079,BYD Atto 3,SUV,60.5,2020
5317,5080,BYD Atto 3,SUV,60.5,2021
5318,5081,Tata Punch EV,Hatchback,35.0,2023
5319,5082,Hyundai Kona Electric,SUV,39.2,2024
5320,5083,MG ZS EV,SUV,50.3,2020
5321,5084,Tata Punch EV,Hatchback,35.0,2021
5322,5085,Tata Tiago EV,Hatchback,24.0,2025
5323,5086,Tata Tiago EV,Hatchback,24.0,2023
5324,5086,Tata Punch EV,Hatchback,35.0,2022
5325,5087,Tata Nexon EV,SUV,30.2,2025
5326,5088,MG ZS EV,SUV,50.3,2023
5327,5089,MG ZS EV,SUV,50.3,2022
5328,5090,Hyundai Kona Electric,SUV,39.2,2024
5329,5091,Hyundai Ioniq 5,SUV,72.6,2024
5330,5092,Tata Tiago EV,Hatchback,24.0,2022
5331,5093,Tata Nexon EV,SUV,30.2,2024
5332,5094,MG ZS EV,SUV,50.3,2025
5333,5095,Hyundai Ioniq 5,SUV,72.6,2020
5334,5096,Tata Punch EV,Hatchback,35.0,2021
5335,5097,Kia EV6,SUV,77.4,2024
5336,5098,Mahindra XUV400,SUV,39.4,2022
5337,5099,MG ZS EV,SUV,50.3,2023
5338,5100,Tata Tiago EV,Hatchback,24.0,2025
5339,5101,Tata Punch EV,Hatchback,35.0,2021
5340,5102,Hyundai Kona Electric,SUV,39.2,2020
5341,5103,BYD Atto 3,SUV,60.5,2024
5342,5104,Mahindra BE 6,SUV,59.0,2024
5343,5105,Tata Nexon EV,SUV,30.2,2024
5344,5106,Mahindra BE 6,SUV,59.0,2022
5345,5107,Tata Tiago EV,Hatchback,24.0,2023
5346,5108,Tata Nexon EV,SUV,30.2,2022
5347,5109,Tata Nexon EV,SUV,30.2,2025
5348,5110,MG ZS EV,SUV,50.3,2023
5349,5111,MG ZS EV,SUV,50.3,2024
5350,5111,BYD Atto 3,SUV,60.5,2023
5351,5112,Hyundai Kona Electric,SUV,39.2,2022
5352,5113,Mahindra XUV400,SUV,39.4,2020
5353,5114,Hyundai Kona Electric,SUV,39.2,2023
5354,5115,Tata Tiago EV,Hatchback,24.0,2025
5355,5116,Tata Tiago EV,Hatchback,24.0,2023
5356,5117,Hyundai Kona Electric,SUV,39.2,2022
5357,5118,Mahindra XUV400,SUV,39.4,2022
5358,5118,Tata Punch EV,Hatchback,35.0,2022
5359,5119,BYD Atto 3,SUV,60.5,2023
5360,5120,Tata Punch EV,Hatchback,35.0,2022
5361,5121,Hyundai Ioniq 5,SUV,72.6,2020
5362,5121,Hyundai Kona Electric,SUV,39.2,2021
5363,5122,Mahindra XUV400,SUV,39.4,2023
5364,5123,MG ZS EV,SUV,50.3,2022
5365,5124,Mahindra BE 6,SUV,59.0,2025
5366,5125,Tata Tiago EV,Hatchback,24.0,2020
5367,5126,Hyundai Kona Electric,SUV,39.2,2023
5368,5127,Tata Punch EV,Hatchback,35.0,2022
5369,5128,Mahindra XUV400,SUV,39.4,2020
5370,5129,MG ZS EV,SUV,50.3,2022
5371,5130,Kia EV6,SUV,77.4,2020
5372,5131,Tata Punch EV,Hatchback,35.0,2024
5373,5132,Hyundai Ioniq 5,SUV,72.6,2025
5374,5133,MG ZS EV,SUV,50.3,2020
5375,5134,Tata Tiago EV,Hatchback,24.0,2021
5376,5135,Tata Tiago EV,Hatchback,24.0,2022
5377,5136,Kia EV6,SUV,77.4,2024
5378,5137,Kia EV6,SUV,77.4,2022
5379,5138,Kia EV6,SUV,77.4,2023
5380,5139,Tata Tiago EV,Hatchback,24.0,2025
5381,5140,Tata Tiago EV,Hatchback,24.0,2021
5382,5141,Tata Punch EV,Hatchback,35.0,2021
5383,5142,MG ZS EV,SUV,50.3,2024
5384,5143,BYD Atto 3,SUV,60.5,2025
5385,5144,Tata Tiago EV,Hatchback,24.0,2024
5386,5145,MG ZS EV,SUV,50.3,2022
5387,5146,Tata Punch EV,Hatchback,35.0,2023
5388,5147,Tata Tiago EV,Hatchback,24.0,2021
5389,5148,MG ZS EV,SUV,50.3,2023
5390,5149,Kia EV6,SUV,77.4,2024
5391,5150,Mahindra BE 6,SUV,59.0,2020
5392,5151,Hyundai Ioniq 5,SUV,72.6,2022
5393,5151,Tata Tiago EV,Hatchback,24.0,2021
5394,5152,Tata Tiago EV,Hatchback,24.0,2023
5395,5153,Hyundai Kona Electric,SUV,39.2,2025
5396,5154,Mahindra XUV400,SUV,39.4,2024
5397,5155,BYD Atto 3,SUV,60.5,2025
5398,5156,Mahindra BE 6,SUV,59.0,2020
5399,5157,Kia EV6,SUV,77.4,2021
5400,5158,Hyundai Kona Electric,SUV,39.2,2025
5401,5159,Tata Nexon EV,SUV,30.2,2022
5402,5160,BYD Atto 3,SUV,60.5,2021
5403,5161,MG ZS EV,SUV,50.3,2022
5404,5162,BYD Atto 3,SUV,60.5,2025
5405,5162,BYD Atto 3,SUV,60.5,2021
5406,5163,Tata Tiago EV,Hatchback,24.0,2023
5407,5164,Tata Punch EV,Hatchback,35.0,2020
5408,5165,Tata Nexon EV,SUV,30.2,2023
5409,5166,BYD Atto 3,SUV,60.5,2025
5410,5167,Hyundai Ioniq 5,SUV,72.6,2020
5411,5168,Mahindra XUV400,SUV,39.4,2021
5412,5169,Hyundai Kona Electric,SUV,39.2,2022
5413,5170,Hyundai Ioniq 5,SUV,72.6,2020
5414,5171,Hyundai Kona Electric,SUV,39.2,2024
5415,5172,Tata Tiago EV,Hatchback,24.0,2025
5416,5173,Tata Nexon EV,SUV,30.2,2025
5417,5174,Mahindra BE 6,SUV,59.0,2023
5418,5175,Tata Tiago EV,Hatchback,24.0,2022
5419,5176,Kia EV6,SUV,77.4,2021
5420,5177,Hyundai Ioniq 5,SUV,72.6,2023
5421,5177,Hyundai Kona Electric,SUV,39.2,2020
5422,5178,Tata Tiago EV,Hatchback,24.0,2021
5423,5179,Mahindra XUV400,SUV,39.4,2021
5424,5180,Tata Nexon EV,SUV,30.2,2020
5425,5181,Mahindra BE 6,SUV,59.0,2025
5426,5182,Tata Punch EV,Hatchback,35.0,2024
5427,5183,MG ZS EV,SUV,50.3,2024
5428,5184,MG ZS EV,SUV,50.3,2020
5429,5185,Hyundai Ioniq 5,SUV,72.6,2022
5430,5186,Hyundai Ioniq 5,SUV,72.6,2023
5431,5187,Tata Punch EV,Hatchback,35.0,2023
5432,5188,Hyundai Ioniq 5,SUV,72.6,2024
5433,5189,Hyundai Kona Electric,SUV,39.2,2023
5434,5190,Tata Tiago EV,Hatchback,24.0,2021
5435,5191,Tata Tiago EV,Hatchback,24.0,2023
5436,5192,MG ZS EV,SUV,50.3,2024
5437,5193,Tata Punch EV,Hatchback,35.0,2020
5438,5194,Tata Tiago EV,Hatchback,24.0,2023
5439,5195,Tata Nexon EV,SUV,30.2,2020
5440,5196,Tata Tiago EV,Hatchback,24.0,2021
5441,5197,BYD Atto 3,SUV,60.5,2021
5442,5198,Mahindra XUV400,SUV,39.4,2024
5443,5199,Mahindra XUV400,SUV,39.4,2023
5444,5200,MG ZS EV,SUV,50.3,2025
5445,5201,Tata Tiago EV,Hatchback,24.0,2020
5446,5202,BYD Atto 3,SUV,60.5,2024
5447,5203,Mahindra XUV400,SUV,39.4,2020
5448,5204,Kia EV6,SUV,77.4,2023
5449,5205,Hyundai Ioniq 5,SUV,72.6,2020
5450,5206,Tata Punch EV,Hatchback,35.0,2023
5451,5207,Mahindra XUV400,SUV,39.4,2021
5452,5208,Mahindra BE 6,SUV,59.0,2022
5453,5209,Tata Punch EV,Hatchback,35.0,2025
5454,5210,Tata Nexon EV,SUV,30.2,2025
5455,5211,Mahindra XUV400,SUV,39.4,2020
5456,5212,MG ZS EV,SUV,50.3,2021
5457,5212,Tata Punch EV,Hatchback,35.0,2024
5458,5213,Tata Punch EV,Hatchback,35.0,2021
5459,5214,Hyundai Kona Electric,SUV,39.2,2025
5460,5215,Tata Punch EV,Hatchback,35.0,2021
5461,5216,Hyundai Kona Electric,SUV,39.2,2022
5462,5217,Tata Punch EV,Hatchback,35.0,2023
5463,5218,Tata Punch EV,Hatchback,35.0,2025
5464,5219,Kia EV6,SUV,77.4,2025
5465,5220,BYD Atto 3,SUV,60.5,2022
5466,5221,Tata Nexon EV,SUV,30.2,2020
5467,5222,Mahindra XUV400,SUV,39.4,2022
5468,5223,MG ZS EV,SUV,50.3,2020
5469,5224,Hyundai Kona Electric,SUV,39.2,2020
5470,5225,Mahindra XUV400,SUV,39.4,2025
5471,5226,Hyundai Ioniq 5,SUV,72.6,2021
5472,5227,Hyundai Ioniq 5,SUV,72.6,2023
5473,5228,Kia EV6,SUV,77.4,2020
5474,5228,Mahindra XUV400,SUV,39.4,2024
5475,5229,Mahindra BE 6,SUV,59.0,2025
5476,5230,MG ZS EV,SUV,50.3,2023
5477,5231,Hyundai Kona Electric,SUV,39.2,2020
5478,5232,Hyundai Ioniq 5,SUV,72.6,2023
5479,5233,Hyundai Kona Electric,SUV,39.2,2024
5480,5234,Tata Punch EV,Hatchback,35.0,2020
5481,5235,Mahindra BE 6,SUV,59.0,2021
5482,5236,Kia EV6,SUV,77.4,2021
5483,5237,BYD Atto 3,SUV,60.5,2025
5484,5238,Tata Nexon EV,SUV,30.2,2020
5485,5239,Hyundai Ioniq 5,SUV,72.6,2020
5486,5240,Mahindra XUV400,SUV,39.4,2024
5487,5241,Mahindra BE 6,SUV,59.0,2023
5488,5242,BYD Atto 3,SUV,60.5,2025
5489,5242,Mahindra XUV400,SUV,39.4,2025
5490,5243,Hyundai Ioniq 5,SUV,72.6,2025
5491,5244,Tata Punch EV,Hatchback,35.0,2022
5492,5245,Kia EV6,SUV,77.4,2021
5493,5246,BYD Atto 3,SUV,60.5,2021
5494,5247,Hyundai Kona Electric,SUV,39.2,2021
5495,5247,Hyundai Ioniq 5,SUV,72.6,2025
5496,5248,Tata Punch EV,Hatchback,35.0,2024
5497,5249,Tata Nexon EV,SUV,30.2,2023
5498,5250,Hyundai Ioniq 5,SUV,72.6,2021
5499,5251,Hyundai Ioniq 5,SUV,72.6,2023
5500,5252,MG ZS EV,SUV,50.3,2022
5501,5253,Kia EV6,SUV,77.4,2024
5502,5254,Mahindra XUV400,SUV,39.4,2023
5503,5254,Hyundai Ioniq 5,SUV,72.6,2021
5504,5255,Tata Punch EV,Hatchback,35.0,2024
5505,5256,Tata Punch EV,Hatchback,35.0,2024
5506,5257,Hyundai Ioniq 5,SUV,72.6,2025
5507,5258,Hyundai Ioniq 5,SUV,72.6,2024
5508,5259,Tata Nexon EV,SUV,30.2,2023
5509,5260,Mahindra XUV400,SUV,39.4,2021
5510,5261,BYD Atto 3,SUV,60.5,2025
5511,5262,Kia EV6,SUV,77.4,2024
5512,5263,Tata Nexon EV,SUV,30.2,2022
5513,5264,Hyundai Ioniq 5,SUV,72.6,2022
5514,5265,Mahindra BE 6,SUV,59.0,2024
5515,5266,MG ZS EV,SUV,50.3,2020
5516,5267,BYD Atto 3,SUV,60.5,2021
5517,5268,MG ZS EV,SUV,50.3,2021
5518,5269,Tata Punch EV,Hatchback,35.0,2024
5519,5270,Mahindra XUV400,SUV,39.4,2022
5520,5271,Tata Punch EV,Hatchback,35.0,2024
5521,5272,Hyundai Kona Electric,SUV,39.2,2021
5522,5273,MG ZS EV,SUV,50.3,2021
5523,5274,BYD Atto 3,SUV,60.5,2022
5524,5275,BYD Atto 3,SUV,60.5,2020
5525,5276,Hyundai Ioniq 5,SUV,72.6,2024
5526,5277,Hyundai Ioniq 5,SUV,72.6,2021
5527,5278,Tata Punch EV,Hatchback,35.0,2022
5528,5279,Mahindra XUV400,SUV,39.4,2022
5529,5280,Tata Punch EV,Hatchback,35.0,2025
5530,5281,Kia EV6,SUV,77.4,2025
5531,5282,Hyundai Kona Electric,SUV,39.2,2020
5532,5283,Kia EV6,SUV,77.4,2020
5533,5284,Hyundai Kona Electric,SUV,39.2,2020
5534,5285,Hyundai Kona Electric,SUV,39.2,2022
5535,5286,Hyundai Kona Electric,SUV,39.2,2025
5536,5287,Mahindra XUV400,SUV,39.4,2021
5537,5288,Hyundai Ioniq 5,SUV,72.6,2023
5538,5289,Hyundai Ioniq 5,SUV,72.6,2023
5539,5290,MG ZS EV,SUV,50.3,2023
5540,5291,MG ZS EV,SUV,50.3,2022
5541,5292,MG ZS EV,SUV,50.3,2023
5542,5293,Tata Punch EV,Hatchback,35.0,2022
5543,5294,BYD Atto 3,SUV,60.5,2021
5544,5295,Hyundai Ioniq 5,SUV,72.6,2023
5545,5296,Tata Punch EV,Hatchback,35.0,2020
5546,5297,Hyundai Ioniq 5,SUV,72.6,2023
5547,5298,Tata Punch EV,Hatchback,35.0,2024
5548,5299,Hyundai Kona Electric,SUV,39.2,2022
5549,5300,Tata Punch EV,Hatchback,35.0,2025
5550,5301,Mahindra XUV400,SUV,39.4,2022
5551,5302,Mahindra BE 6,SUV,59.0,2023
5552,5303,Kia EV6,SUV,77.4,2025
5553,5304,Hyundai Kona Electric,SUV,39.2,2021
5554,5305,Tata Nexon EV,SUV,30.2,2023
5555,5306,Tata Punch EV,Hatchback,35.0,2021
5556,5307,Hyundai Kona Electric,SUV,39.2,2025
5557,5308,Tata Punch EV,Hatchback,35.0,2023
5558,5309,Hyundai Kona Electric,SUV,39.2,2024
5559,5310,Hyundai Ioniq 5,SUV,72.6,2022
5560,5311,Hyundai Ioniq 5,SUV,72.6,2020
5561,5312,Kia EV6,SUV,77.4,2025
5562,5313,Tata Tiago EV,Hatchback,24.0,2022
5563,5314,BYD Atto 3,SUV,60.5,2022
5564,5315,Mahindra BE 6,SUV,59.0,2022
5565,5316,Mahindra BE 6,SUV,59.0,2024
5566,5317,Tata Punch EV,Hatchback,35.0,2025
5567,5318,Tata Tiago EV,Hatchback,24.0,2020
5568,5319,Hyundai Ioniq 5,SUV,72.6,2025
5569,5320,Hyundai Kona Electric,SUV,39.2,2021
5570,5321,BYD Atto 3,SUV,60.5,2023
5571,5322,Tata Tiago EV,Hatchback,24.0,2025
5572,5323,Tata Punch EV,Hatchback,35.0,2020
5573,5324,Tata Nexon EV,SUV,30.2,2025
5574,5324,Kia EV6,SUV,77.4,2024
5575,5325,Tata Punch EV,Hatchback,35.0,2022
5576,5326,Tata Punch EV,Hatchback,35.0,2021
5577,5327,Kia EV6,SUV,77.4,2024
5578,5328,Hyundai Ioniq 5,SUV,72.6,2021
5579,5329,MG ZS EV,SUV,50.3,2022
5580,5330,MG ZS EV,SUV,50.3,2024
5581,5331,Mahindra XUV400,SUV,39.4,2020
5582,5332,Mahindra XUV400,SUV,39.4,2020
5583,5333,Mahindra XUV400,SUV,39.4,2021
5584,5334,Tata Punch EV,Hatchback,35.0,2023
5585,5335,Hyundai Ioniq 5,SUV,72.6,2025
5586,5336,BYD Atto 3,SUV,60.5,2023
5587,5337,Mahindra XUV400,SUV,39.4,2020
5588,5338,BYD Atto 3,SUV,60.5,2020
5589,5339,Tata Punch EV,Hatchback,35.0,2024
5590,5340,Tata Nexon EV,SUV,30.2,2023
5591,5341,Mahindra XUV400,SUV,39.4,2021
5592,5342,Hyundai Ioniq 5,SUV,72.6,2024
5593,5343,Hyundai Ioniq 5,SUV,72.6,2021
5594,5344,Hyundai Ioniq 5,SUV,72.6,2023
5595,5345,Hyundai Ioniq 5,SUV,72.6,2024
5596,5346,Hyundai Kona Electric,SUV,39.2,2024
5597,5347,Kia EV6,SUV,77.4,2020
5598,5348,Hyundai Ioniq 5,SUV,72.6,2025
5599,5349,Hyundai Kona Electric,SUV,39.2,2020
5600,5350,BYD Atto 3,SUV,60.5,2025
5601,5351,Hyundai Kona Electric,SUV,39.2,2021
5602,5352,Tata Tiago EV,Hatchback,24.0,2024
5603,5353,Tata Nexon EV,SUV,30.2,2021
5604,5354,BYD Atto 3,SUV,60.5,2021
5605,5355,Hyundai Kona Electric,SUV,39.2,2020
5606,5356,Mahindra XUV400,SUV,39.4,2024
5607,5357,Mahindra XUV400,SUV,39.4,2023
5608,5358,Hyundai Ioniq 5,SUV,72.6,2023
5609,5359,Tata Nexon EV,SUV,30.2,2023
5610,5360,Kia EV6,SUV,77.4,2020
5611,5361,Tata Nexon EV,SUV,30.2,2020
5612,5362,Tata Tiago EV,Hatchback,24.0,2020
5613,5363,MG ZS EV,SUV,50.3,2023
5614,5364,BYD Atto 3,SUV,60.5,2020
5615,5365,BYD Atto 3,SUV,60.5,2023
5616,5366,Mahindra XUV400,SUV,39.4,2025
5617,5367,Mahindra XUV400,SUV,39.4,2025
5618,5368,Hyundai Ioniq 5,SUV,72.6,2024
5619,5368,BYD Atto 3,SUV,60.5,2022
5620,5369,Tata Tiago EV,Hatchback,24.0,2021
5621,5370,Hyundai Kona Electric,SUV,39.2,2024
5622,5371,Hyundai Ioniq 5,SUV,72.6,2025
5623,5372,Hyundai Ioniq 5,SUV,72.6,2023
5624,5373,Mahindra XUV400,SUV,39.4,2020
5625,5374,Kia EV6,SUV,77.4,2024
5626,5375,Tata Punch EV,Hatchback,35.0,2022
5627,5376,Tata Nexon EV,SUV,30.2,2025
5628,5377,Hyundai Kona Electric,SUV,39.2,2021
5629,5378,BYD Atto 3,SUV,60.5,2022
5630,5379,Tata Tiago EV,Hatchback,24.0,2023
5631,5380,Tata Tiago EV,Hatchback,24.0,2021
5632,5381,Tata Punch EV,Hatchback,35.0,2023
5633,5382,Tata Nexon EV,SUV,30.2,2024
5634,5383,Hyundai Ioniq 5,SUV,72.6,2024
5635,5383,MG ZS EV,SUV,50.3,2025
5636,5384,Mahindra BE 6,SUV,59.0,2021
5637,5385,MG ZS EV,SUV,50.3,2024
5638,5386,MG ZS EV,SUV,50.3,2024
5639,5387,Tata Tiago EV,Hatchback,24.0,2025
5640,5388,Mahindra XUV400,SUV,39.4,2021
5641,5389,Mahindra BE 6,SUV,59.0,2022
5642,5390,Mahindra BE 6,SUV,59.0,2022
5643,5391,Tata Nexon EV,SUV,30.2,2025
5644,5391,Tata Nexon EV,SUV,30.2,2023
5645,5392,Hyundai Ioniq 5,SUV,72.6,2020
5646,5393,Tata Tiago EV,Hatchback,24.0,2022
5647,5394,Kia EV6,SUV,77.4,2022
5648,5395,Hyundai Kona Electric,SUV,39.2,2020
5649,5396,Tata Nexon EV,SUV,30.2,2022
5650,5397,Tata Punch EV,Hatchback,35.0,2021
5651,5398,BYD Atto 3,SUV,60.5,2024
5652,5399,Mahindra XUV400,SUV,39.4,2024
5653,5400,BYD Atto 3,SUV,60.5,2024
5654,5401,MG ZS EV,SUV,50.3,2024
5655,5402,Mahindra XUV400,SUV,39.4,2020
5656,5403,Kia EV6,SUV,77.4,2024
5657,5404,Tata Punch EV,Hatchback,35.0,2020
5658,5405,Tata Punch EV,Hatchback,35.0,2025
5659,5406,Tata Punch EV,Hatchback,35.0,2021
5660,5407,Mahindra BE 6,SUV,59.0,2020
5661,5408,Hyundai Ioniq 5,SUV,72.6,2021
5662,5409,Tata Punch EV,Hatchback,35.0,2024
5663,5410,Hyundai Kona Electric,SUV,39.2,2020
5664,5411,MG ZS EV,SUV,50.3,2025
5665,5412,BYD Atto 3,SUV,60.5,2021
5666,5413,Kia EV6,SUV,77.4,2023
5667,5414,BYD Atto 3,SUV,60.5,2023
5668,5415,Hyundai Kona Electric,SUV,39.2,2025
5669,5416,Kia EV6,SUV,77.4,2025
5670,5417,Tata Punch EV,Hatchback,35.0,2025
5671,5418,Mahindra XUV400,SUV,39.4,2023
5672,5419,BYD Atto 3,SUV,60.5,2020
5673,5420,Tata Tiago EV,Hatchback,24.0,2021
5674,5421,MG ZS EV,SUV,50.3,2023
5675,5422,Tata Nexon EV,SUV,30.2,2024
5676,5423,Kia EV6,SUV,77.4,2024
5677,5424,Mahindra XUV400,SUV,39.4,2021
5678,5425,Mahindra BE 6,SUV,59.0,2023
5679,5426,Tata Tiago EV,Hatchback,24.0,2023
5680,5427,Mahindra XUV400,SUV,39.4,2022
5681,5428,Kia EV6,SUV,77.4,2022
5682,5428,Hyundai Kona Electric,SUV,39.2,2024
5683,5429,MG ZS EV,SUV,50.3,2024
5684,5430,BYD Atto 3,SUV,60.5,2023
5685,5431,Tata Nexon EV,SUV,30.2,2024
5686,5432,Tata Nexon EV,SUV,30.2,2020
5687,5433,Tata Nexon EV,SUV,30.2,2023
5688,5434,MG ZS EV,SUV,50.3,2021
5689,5435,Mahindra BE 6,SUV,59.0,2023
5690,5436,Mahindra BE 6,SUV,59.0,2025
5691,5437,MG ZS EV,SUV,50.3,2025
5692,5438,Mahindra BE 6,SUV,59.0,2025
5693,5439,Tata Tiago EV,Hatchback,24.0,2025
5694,5440,Hyundai Kona Electric,SUV,39.2,2024
5695,5441,Tata Nexon EV,SUV,30.2,2020
5696,5441,Tata Punch EV,Hatchback,35.0,2023
5697,5442,Tata Nexon EV,SUV,30.2,2024
5698,5443,BYD Atto 3,SUV,60.5,2025
5699,5444,BYD Atto 3,SUV,60.5,2020
5700,5445,Tata Punch EV,Hatchback,35.0,2020
5701,5446,MG ZS EV,SUV,50.3,2024
5702,5447,Mahindra XUV400,SUV,39.4,2025
5703,5448,Mahindra XUV400,SUV,39.4,2020
5704,5449,Mahindra BE 6,SUV,59.0,2025
5705,5450,Tata Tiago EV,Hatchback,24.0,2020
5706,5451,Mahindra XUV400,SUV,39.4,2022
5707,5452,Hyundai Kona Electric,SUV,39.2,2020
5708,5452,MG ZS EV,SUV,50.3,2021
5709,5453,Kia EV6,SUV,77.4,2023
5710,5454,Mahindra XUV400,SUV,39.4,2021
5711,5455,Tata Tiago EV,Hatchback,24.0,2025
5712,5456,Tata Punch EV,Hatchback,35.0,2023
5713,5457,MG ZS EV,SUV,50.3,2024
5714,5458,Tata Tiago EV,Hatchback,24.0,2025
5715,5459,Tata Tiago EV,Hatchback,24.0,2023
5716,5460,Tata Nexon EV,SUV,30.2,2025
5717,5461,Hyundai Kona Electric,SUV,39.2,2025
5718,5462,BYD Atto 3,SUV,60.5,2021
5719,5463,Mahindra BE 6,SUV,59.0,2025
5720,5464,Hyundai Kona Electric,SUV,39.2,2025
5721,5465,Tata Punch EV,Hatchback,35.0,2022
5722,5466,Mahindra XUV400,SUV,39.4,2022
5723,5467,Tata Nexon EV,SUV,30.2,2023
5724,5468,Hyundai Ioniq 5,SUV,72.6,2024
5725,5469,Tata Tiago EV,Hatchback,24.0,2025
5726,5470,Mahindra BE 6,SUV,59.0,2021
5727,5471,Mahindra BE 6,SUV,59.0,2021
5728,5472,Tata Tiago EV,Hatchback,24.0,2024
5729,5473,Tata Punch EV,Hatchback,35.0,2021
5730,5474,Mahindra XUV400,SUV,39.4,2020
5731,5475,Mahindra BE 6,SUV,59.0,2024
5732,5476,Tata Nexon EV,SUV,30.2,2025
5733,5477,Mahindra XUV400,SUV,39.4,2023
5734,5478,BYD Atto 3,SUV,60.5,2023
5735,5479,Mahindra XUV400,SUV,39.4,2021
5736,5480,Kia EV6,SUV,77.4,2025
5737,5480,Mahindra BE 6,SUV,59.0,2025
5738,5481,Hyundai Ioniq 5,SUV,72.6,2025
5739,5482,BYD Atto 3,SUV,60.5,2020
5740,5483,Hyundai Ioniq 5,SUV,72.6,2023
5741,5484,Hyundai Ioniq 5,SUV,72.6,2021
5742,5485,MG ZS EV,SUV,50.3,2021
5743,5486,Hyundai Ioniq 5,SUV,72.6,2023
5744,5487,Hyundai Ioniq 5,SUV,72.6,2025
5745,5488,Tata Tiago EV,Hatchback,24.0,2022
5746,5489,Hyundai Kona Electric,SUV,39.2,2020
5747,5490,Mahindra BE 6,SUV,59.0,2025
5748,5491,Tata Nexon EV,SUV,30.2,2023
5749,5492,Tata Tiago EV,Hatchback,24.0,2021
5750,5493,Tata Tiago EV,Hatchback,24.0,2021
5751,5494,Tata Nexon EV,SUV,30.2,2024
5752,5495,MG ZS EV,SUV,50.3,2022
5753,5496,Tata Punch EV,Hatchback,35.0,2023
5754,5497,Mahindra XUV400,SUV,39.4,2023
5755,5498,MG ZS EV,SUV,50.3,2023
5756,5499,Tata Nexon EV,SUV,30.2,2025
5757,5500,Hyundai Ioniq 5,SUV,72.6,2022
5758,5501,Tata Nexon EV,SUV,30.2,2025
5759,5502,Kia EV6,SUV,77.4,2023
5760,5503,Mahindra XUV400,SUV,39.4,2020
5761,5504,Tata Punch EV,Hatchback,35.0,2020
5762,5505,Kia EV6,SUV,77.4,2023
5763,5506,MG ZS EV,SUV,50.3,2025
5764,5507,Tata Nexon EV,SUV,30.2,2025
5765,5508,Mahindra BE 6,SUV,59.0,2023
5766,5509,MG ZS EV,SUV,50.3,2025
5767,5510,Tata Tiago EV,Hatchback,24.0,2023
5768,5511,Mahindra BE 6,SUV,59.0,2023
5769,5512,Mahindra XUV400,SUV,39.4,2023
5770,5513,Hyundai Ioniq 5,SUV,72.6,2025
5771,5514,Mahindra XUV400,SUV,39.4,2022
5772,5515,Mahindra XUV400,SUV,39.4,2020
5773,5516,Kia EV6,SUV,77.4,2024
5774,5516,Hyundai Kona Electric,SUV,39.2,2023
5775,5517,Mahindra XUV400,SUV,39.4,2021
5776,5517,Tata Tiago EV,Hatchback,24.0,2023
5777,5518,Tata Tiago EV,Hatchback,24.0,2025
5778,5519,Tata Punch EV,Hatchback,35.0,2024
5779,5520,BYD Atto 3,SUV,60.5,2023
5780,5521,Mahindra XUV400,SUV,39.4,2021
5781,5522,MG ZS EV,SUV,50.3,2023
5782,5523,Mahindra BE 6,SUV,59.0,2020
5783,5524,Tata Punch EV,Hatchback,35.0,2021
5784,5525,Tata Punch EV,Hatchback,35.0,2025
5785,5526,Hyundai Ioniq 5,SUV,72.6,2021
5786,5527,Mahindra BE 6,SUV,59.0,2021
5787,5528,Hyundai Ioniq 5,SUV,72.6,2025
5788,5528,Hyundai Kona Electric,SUV,39.2,2022
5789,5529,Hyundai Ioniq 5,SUV,72.6,2021
5790,5530,BYD Atto 3,SUV,60.5,2020
5791,5531,BYD Atto 3,SUV,60.5,2021
5792,5532,MG ZS EV,SUV,50.3,2021
5793,5533,Tata Tiago EV,Hatchback,24.0,2023
5794,5534,Hyundai Ioniq 5,SUV,72.6,2025
5795,5535,Tata Punch EV,Hatchback,35.0,2022
5796,5536,Tata Tiago EV,Hatchback,24.0,2021
5797,5537,BYD Atto 3,SUV,60.5,2023
5798,5538,Mahindra XUV400,SUV,39.4,2021
5799,5539,Tata Tiago EV,Hatchback,24.0,2023
5800,5540,Kia EV6,SUV,77.4,2024
5801,5541,Mahindra BE 6,SUV,59.0,2021
5802,5542,Hyundai Kona Electric,SUV,39.2,2024
5803,5543,MG ZS EV,SUV,50.3,2023
5804,5544,Kia EV6,SUV,77.4,2020
5805,5545,Mahindra XUV400,SUV,39.4,2021
5806,5546,Mahindra XUV400,SUV,39.4,2020
5807,5547,Mahindra XUV400,SUV,39.4,2020
5808,5548,Mahindra XUV400,SUV,39.4,2023
5809,5549,Mahindra XUV400,SUV,39.4,2023
5810,5550,Tata Tiago EV,Hatchback,24.0,2021
5811,5551,Mahindra XUV400,SUV,39.4,2020
5812,5552,Mahindra BE 6,SUV,59.0,2020
5813,5553,Mahindra XUV400,SUV,39.4,2021
5814,5554,Tata Punch EV,Hatchback,35.0,2024
5815,5555,Hyundai Ioniq 5,SUV,72.6,2022
5816,5556,Tata Tiago EV,Hatchback,24.0,2024
5817,5557,Hyundai Ioniq 5,SUV,72.6,2021
5818,5558,Kia EV6,SUV,77.4,2023
5819,5559,Tata Punch EV,Hatchback,35.0,2021
5820,5560,Tata Nexon EV,SUV,30.2,2023
5821,5561,BYD Atto 3,SUV,60.5,2020
5822,5562,MG ZS EV,SUV,50.3,2023
5823,5563,Hyundai Kona Electric,SUV,39.2,2021
5824,5564,Hyundai Kona Electric,SUV,39.2,2024
5825,5565,Tata Nexon EV,SUV,30.2,2023
5826,5565,Tata Nexon EV,SUV,30.2,2022
5827,5566,Mahindra BE 6,SUV,59.0,2021
5828,5567,Mahindra XUV400,SUV,39.4,2023
5829,5568,Hyundai Ioniq 5,SUV,72.6,2021
5830,5569,Tata Tiago EV,Hatchback,24.0,2025
5831,5569,Tata Nexon EV,SUV,30.2,2022
5832,5570,Hyundai Ioniq 5,SUV,72.6,2020
5833,5571,Mahindra XUV400,SUV,39.4,2022
5834,5572,Tata Nexon EV,SUV,30.2,2023
5835,5573,Tata Punch EV,Hatchback,35.0,2021
5836,5574,Tata Tiago EV,Hatchback,24.0,2022
5837,5575,Mahindra BE 6,SUV,59.0,2020
5838,5576,BYD Atto 3,SUV,60.5,2020
5839,5577,Mahindra XUV400,SUV,39.4,2021
5840,5578,Mahindra BE 6,SUV,59.0,2023
5841,5579,Mahindra XUV400,SUV,39.4,2021
5842,5580,MG ZS EV,SUV,50.3,2022
5843,5581,Mahindra BE 6,SUV,59.0,2023
5844,5582,Mahindra BE 6,SUV,59.0,2020
5845,5583,MG ZS EV,SUV,50.3,2025
5846,5584,Mahindra XUV400,SUV,39.4,2022
5847,5585,BYD Atto 3,SUV,60.5,2020
5848,5586,BYD Atto 3,SUV,60.5,2020
5849,5587,Tata Nexon EV,SUV,30.2,2020
5850,5588,Mahindra XUV400,SUV,39.4,2024
5851,5589,Mahindra BE 6,SUV,59.0,2025
5852,5590,Mahindra BE 6,SUV,59.0,2021
5853,5590,Kia EV6,SUV,77.4,2024
5854,5591,MG ZS EV,SUV,50.3,2025
5855,5592,Mahindra BE 6,SUV,59.0,2025
5856,5593,Tata Tiago EV,Hatchback,24.0,2024
5857,5594,BYD Atto 3,SUV,60.5,2020
5858,5595,Tata Tiago EV,Hatchback,24.0,2025
5859,5596,Mahindra BE 6,SUV,59.0,2022
5860,5597,Tata Nexon EV,SUV,30.2,2023
5861,5598,Hyundai Ioniq 5,SUV,72.6,2023
5862,5599,Mahindra BE 6,SUV,59.0,2020
5863,5600,Tata Nexon EV,SUV,30.2,2022
5864,5601,Kia EV6,SUV,77.4,2025
5865,5602,Hyundai Kona Electric,SUV,39.2,2025
5866,5603,Kia EV6,SUV,77.4,2021
5867,5604,Kia EV6,SUV,77.4,2024
5868,5605,Tata Nexon EV,SUV,30.2,2022
5869,5606,MG ZS EV,SUV,50.3,2020
5870,5607,BYD Atto 3,SUV,60.5,2024
5871,5608,Tata Punch EV,Hatchback,35.0,2020
5872,5609,Tata Nexon EV,SUV,30.2,2021
5873,5610,Kia EV6,SUV,77.4,2025
5874,5611,Tata Punch EV,Hatchback,35.0,2025
5875,5612,Hyundai Ioniq 5,SUV,72.6,2025
5876,5613,Tata Tiago EV,Hatchback,24.0,2023
5877,5613,Hyundai Kona Electric,SUV,39.2,2022
5878,5614,Hyundai Ioniq 5,SUV,72.6,2021
5879,5615,Mahindra BE 6,SUV,59.0,2020
5880,5616,Tata Nexon EV,SUV,30.2,2021
5881,5617,Mahindra XUV400,SUV,39.4,2025
5882,5618,MG ZS EV,SUV,50.3,2022
5883,5619,Tata Tiago EV,Hatchback,24.0,2025
5884,5620,Mahindra XUV400,SUV,39.4,2022
5885,5621,Kia EV6,SUV,77.4,2023
5886,5622,Tata Tiago EV,Hatchback,24.0,2021
5887,5623,Mahindra BE 6,SUV,59.0,2021
5888,5624,Tata Punch EV,Hatchback,35.0,2022
5889,5625,Hyundai Ioniq 5,SUV,72.6,2022
5890,5626,Hyundai Ioniq 5,SUV,72.6,2020
5891,5627,Tata Punch EV,Hatchback,35.0,2020
5892,5628,Kia EV6,SUV,77.4,2022
5893,5629,Mahindra XUV400,SUV,39.4,2024
5894,5630,Tata Nexon EV,SUV,30.2,2024
5895,5631,Tata Punch EV,Hatchback,35.0,2025
5896,5631,Mahindra XUV400,SUV,39.4,2023
5897,5632,MG ZS EV,SUV,50.3,2020
5898,5633,Tata Punch EV,Hatchback,35.0,2020
5899,5634,Mahindra XUV400,SUV,39.4,2023
5900,5635,Tata Nexon EV,SUV,30.2,2021
5901,5636,Tata Punch EV,Hatchback,35.0,2025
5902,5637,Tata Tiago EV,Hatchback,24.0,2021
5903,5638,Mahindra BE 6,SUV,59.0,2020
5904,5639,Mahindra XUV400,SUV,39.4,2021
5905,5640,Hyundai Ioniq 5,SUV,72.6,2025
5906,5640,Mahindra XUV400,SUV,39.4,2025
5907,5641,Tata Nexon EV,SUV,30.2,2022
5908,5642,Tata Tiago EV,Hatchback,24.0,2020
5909,5643,Mahindra BE 6,SUV,59.0,2020
5910,5644,Hyundai Ioniq 5,SUV,72.6,2024
5911,5645,MG ZS EV,SUV,50.3,2021
5912,5646,Tata Punch EV,Hatchback,35.0,2023
5913,5646,Tata Nexon EV,SUV,30.2,2023
5914,5647,MG ZS EV,SUV,50.3,2023
5915,5648,Hyundai Ioniq 5,SUV,72.6,2024
5916,5649,MG ZS EV,SUV,50.3,2020
5917,5650,Tata Tiago EV,Hatchback,24.0,2021
5918,5651,Tata Nexon EV,SUV,30.2,2021
5919,5652,MG ZS EV,SUV,50.3,2024
5920,5653,Kia EV6,SUV,77.4,2025
5921,5654,Tata Punch EV,Hatchback,35.0,2023
5922,5655,Mahindra BE 6,SUV,59.0,2020
5923,5656,Kia EV6,SUV,77.4,2025
5924,5657,Kia EV6,SUV,77.4,2020
5925,5658,BYD Atto 3,SUV,60.5,2024
5926,5659,Tata Nexon EV,SUV,30.2,2024
5927,5660,Tata Punch EV,Hatchback,35.0,2024
5928,5661,MG ZS EV,SUV,50.3,2024
5929,5662,Hyundai Kona Electric,SUV,39.2,2022
5930,5663,Tata Punch EV,Hatchback,35.0,2024
5931,5664,Hyundai Kona Electric,SUV,39.2,2025
5932,5665,Tata Tiago EV,Hatchback,24.0,2021
5933,5666,Tata Punch EV,Hatchback,35.0,2021
5934,5667,Tata Tiago EV,Hatchback,24.0,2025
5935,5668,Tata Nexon EV,SUV,30.2,2023
5936,5669,Hyundai Ioniq 5,SUV,72.6,2022
5937,5670,Hyundai Kona Electric,SUV,39.2,2020
5938,5671,Mahindra XUV400,SUV,39.4,2024
5939,5671,Tata Punch EV,Hatchback,35.0,2020
5940,5672,Hyundai Kona Electric,SUV,39.2,2023
5941,5673,Tata Tiago EV,Hatchback,24.0,2025
5942,5674,Kia EV6,SUV,77.4,2022
5943,5675,Hyundai Kona Electric,SUV,39.2,2022
5944,5676,Tata Punch EV,Hatchback,35.0,2025
5945,5677,MG ZS EV,SUV,50.3,2023
5946,5678,Tata Nexon EV,SUV,30.2,2025
5947,5678,Kia EV6,SUV,77.4,2021
5948,5679,Mahindra XUV400,SUV,39.4,2021
5949,5680,MG ZS EV,SUV,50.3,2021
5950,5681,Mahindra XUV400,SUV,39.4,2024
5951,5682,Tata Punch EV,Hatchback,35.0,2025
5952,5683,Kia EV6,SUV,77.4,2021
5953,5684,Hyundai Kona Electric,SUV,39.2,2025
5954,5684,Hyundai Kona Electric,SUV,39.2,2024
5955,5685,Kia EV6,SUV,77.4,2024
5956,5686,Tata Punch EV,Hatchback,35.0,2020
5957,5687,Tata Tiago EV,Hatchback,24.0,2022
5958,5688,Tata Punch EV,Hatchback,35.0,2023
5959,5689,Kia EV6,SUV,77.4,2022
5960,5690,Hyundai Kona Electric,SUV,39.2,2020
5961,5691,BYD Atto 3,SUV,60.5,2020
5962,5692,BYD Atto 3,SUV,60.5,2021
5963,5693,Kia EV6,SUV,77.4,2022
5964,5694,Hyundai Kona Electric,SUV,39.2,2021
5965,5695,Tata Punch EV,Hatchback,35.0,2021
5966,5696,MG ZS EV,SUV,50.3,2022
5967,5697,Hyundai Kona Electric,SUV,39.2,2021
5968,5698,BYD Atto 3,SUV,60.5,2024
5969,5699,BYD Atto 3,SUV,60.5,2024
5970,5700,Tata Nexon EV,SUV,30.2,2022
5971,5701,Hyundai Kona Electric,SUV,39.2,2024
5972,5702,BYD Atto 3,SUV,60.5,2020
5973,5703,Mahindra XUV400,SUV,39.4,2023
5974,5704,Tata Punch EV,Hatchback,35.0,2025
5975,5705,Hyundai Kona Electric,SUV,39.2,2025
5976,5706,Hyundai Kona Electric,SUV,39.2,2022
5977,5707,BYD Atto 3,SUV,60.5,2025
5978,5708,BYD Atto 3,SUV,60.5,2021
5979,5709,Hyundai Kona Electric,SUV,39.2,2025
5980,5710,MG ZS EV,SUV,50.3,2020
5981,5711,BYD Atto 3,SUV,60.5,2023
5982,5712,Tata Punch EV,Hatchback,35.0,2021
5983,5713,BYD Atto 3,SUV,60.5,2025
5984,5714,Kia EV6,SUV,77.4,2023
5985,5715,Tata Punch EV,Hatchback,35.0,2025
5986,5716,Kia EV6,SUV,77.4,2025
5987,5717,Mahindra XUV400,SUV,39.4,2024
5988,5718,Tata Tiago EV,Hatchback,24.0,2025
5989,5719,Hyundai Kona Electric,SUV,39.2,2020
5990,5720,MG ZS EV,SUV,50.3,2023
5991,5721,Hyundai Ioniq 5,SUV,72.6,2025
5992,5722,Tata Tiago EV,Hatchback,24.0,2024
5993,5723,MG ZS EV,SUV,50.3,2024
5994,5724,Hyundai Kona Electric,SUV,39.2,2022
5995,5725,MG ZS EV,SUV,50.3,2023
5996,5726,Mahindra BE 6,SUV,59.0,2023
5997,5727,Tata Tiago EV,Hatchback,24.0,2023
5998,5728,MG ZS EV,SUV,50.3,2023
5999,5729,Tata Punch EV,Hatchback,35.0,2020
6000,5730,Tata Nexon EV,SUV,30.2,2020
6001,5731,Tata Punch EV,Hatchback,35.0,2021
6002,5732,Tata Nexon EV,SUV,30.2,2021
6003,5733,Tata Nexon EV,SUV,30.2,2023
6004,5734,Mahindra BE 6,SUV,59.0,2022
6005,5735,Tata Tiago EV,Hatchback,24.0,2024
6006,5736,Hyundai Ioniq 5,SUV,72.6,2020
6007,5737,Mahindra XUV400,SUV,39.4,2022
6008,5738,Hyundai Ioniq 5,SUV,72.6,2022
6009,5739,Mahindra BE 6,SUV,59.0,2025
6010,5740,Tata Tiago EV,Hatchback,24.0,2023
6011,5741,Hyundai Ioniq 5,SUV,72.6,2021
6012,5742,Kia EV6,SUV,77.4,2021
6013,5743,Tata Tiago EV,Hatchback,24.0,2022
6014,5744,Tata Punch EV,Hatchback,35.0,2021
6015,5745,Hyundai Kona Electric,SUV,39.2,2025
6016,5746,Mahindra XUV400,SUV,39.4,2025
6017,5747,Tata Nexon EV,SUV,30.2,2024
6018,5748,Tata Tiago EV,Hatchback,24.0,2025
6019,5749,Kia EV6,SUV,77.4,2021
6020,5749,Tata Punch EV,Hatchback,35.0,2025
6021,5750,MG ZS EV,SUV,50.3,2025
6022,5751,MG ZS EV,SUV,50.3,2023
6023,5752,Mahindra BE 6,SUV,59.0,2021
6024,5753,MG ZS EV,SUV,50.3,2021
6025,5754,Tata Nexon EV,SUV,30.2,2021
6026,5755,Tata Tiago EV,Hatchback,24.0,2024
6027,5755,Tata Tiago EV,Hatchback,24.0,2020
6028,5756,MG ZS EV,SUV,50.3,2023
6029,5757,Hyundai Ioniq 5,SUV,72.6,2022
6030,5757,MG ZS EV,SUV,50.3,2020
6031,5758,Kia EV6,SUV,77.4,2023
6032,5759,Hyundai Kona Electric,SUV,39.2,2023
6033,5760,Mahindra BE 6,SUV,59.0,2022
6034,5761,Mahindra BE 6,SUV,59.0,2021
6035,5761,Tata Punch EV,Hatchback,35.0,2025
6036,5762,Hyundai Kona Electric,SUV,39.2,2021
6037,5763,Hyundai Kona Electric,SUV,39.2,2020
6038,5764,Tata Punch EV,Hatchback,35.0,2023
6039,5765,Mahindra BE 6,SUV,59.0,2020
6040,5766,MG ZS EV,SUV,50.3,2020
6041,5767,MG ZS EV,SUV,50.3,2022
6042,5768,Mahindra XUV400,SUV,39.4,2023
6043,5769,Tata Punch EV,Hatchback,35.0,2025
6044,5770,Mahindra XUV400,SUV,39.4,2020
6045,5771,MG ZS EV,SUV,50.3,2020
6046,5772,Tata Nexon EV,SUV,30.2,2024
6047,5773,BYD Atto 3,SUV,60.5,2023
6048,5774,Mahindra BE 6,SUV,59.0,2020
6049,5775,Hyundai Kona Electric,SUV,39.2,2023
6050,5776,Tata Tiago EV,Hatchback,24.0,2025
6051,5777,Mahindra XUV400,SUV,39.4,2023
6052,5778,Hyundai Ioniq 5,SUV,72.6,2021
6053,5779,Kia EV6,SUV,77.4,2023
6054,5780,BYD Atto 3,SUV,60.5,2022
6055,5781,Mahindra XUV400,SUV,39.4,2024
6056,5782,Kia EV6,SUV,77.4,2020
6057,5783,MG ZS EV,SUV,50.3,2024
6058,5784,Kia EV6,SUV,77.4,2022
6059,5785,Mahindra XUV400,SUV,39.4,2025
6060,5785,Mahindra XUV400,SUV,39.4,2022
6061,5786,BYD Atto 3,SUV,60.5,2020
6062,5787,Tata Nexon EV,SUV,30.2,2024
6063,5788,Hyundai Kona Electric,SUV,39.2,2020
6064,5789,Hyundai Kona Electric,SUV,39.2,2022
6065,5790,Tata Tiago EV,Hatchback,24.0,2020
6066,5791,Tata Punch EV,Hatchback,35.0,2021
6067,5792,Hyundai Ioniq 5,SUV,72.6,2024
6068,5793,Tata Tiago EV,Hatchback,24.0,2021
6069,5794,Mahindra BE 6,SUV,59.0,2020
6070,5795,Tata Nexon EV,SUV,30.2,2020
6071,5796,Mahindra BE 6,SUV,59.0,2022
6072,5797,MG ZS EV,SUV,50.3,2025
6073,5798,BYD Atto 3,SUV,60.5,2023
6074,5799,Tata Nexon EV,SUV,30.2,2024
6075,5800,BYD Atto 3,SUV,60.5,2021
6076,5801,Tata Punch EV,Hatchback,35.0,2021
6077,5802,Mahindra BE 6,SUV,59.0,2024
6078,5803,BYD Atto 3,SUV,60.5,2023
6079,5804,BYD Atto 3,SUV,60.5,2021
6080,5804,Kia EV6,SUV,77.4,2021
6081,5805,Tata Punch EV,Hatchback,35.0,2020
6082,5806,Tata Punch EV,Hatchback,35.0,2020
6083,5807,Mahindra XUV400,SUV,39.4,2023
6084,5808,Hyundai Ioniq 5,SUV,72.6,2025
6085,5809,Kia EV6,SUV,77.4,2024
6086,5810,Hyundai Kona Electric,SUV,39.2,2021
6087,5811,Mahindra XUV400,SUV,39.4,2024
6088,5812,Hyundai Kona Electric,SUV,39.2,2025
6089,5813,Tata Punch EV,Hatchback,35.0,2021
6090,5814,Kia EV6,SUV,77.4,2020
6091,5815,Tata Punch EV,Hatchback,35.0,2025
6092,5816,Hyundai Ioniq 5,SUV,72.6,2025
6093,5817,Mahindra XUV400,SUV,39.4,2020
6094,5818,Mahindra XUV400,SUV,39.4,2023
6095,5819,Hyundai Kona Electric,SUV,39.2,2021
6096,5820,Tata Nexon EV,SUV,30.2,2021
6097,5821,Tata Punch EV,Hatchback,35.0,2021
6098,5822,Tata Nexon EV,SUV,30.2,2024
6099,5823,Hyundai Kona Electric,SUV,39.2,2021
6100,5824,Tata Punch EV,Hatchback,35.0,2021
6101,5825,Tata Tiago EV,Hatchback,24.0,2025
6102,5826,Tata Tiago EV,Hatchback,24.0,2021
6103,5827,Mahindra BE 6,SUV,59.0,2020
6104,5828,Kia EV6,SUV,77.4,2022
6105,5829,Kia EV6,SUV,77.4,2024
6106,5830,BYD Atto 3,SUV,60.5,2021
6107,5831,Hyundai Kona Electric,SUV,39.2,2023
6108,5832,Tata Tiago EV,Hatchback,24.0,2025
6109,5833,Hyundai Ioniq 5,SUV,72.6,2024
6110,5834,BYD Atto 3,SUV,60.5,2024
6111,5835,Hyundai Kona Electric,SUV,39.2,2021
6112,5836,Kia EV6,SUV,77.4,2025
6113,5837,MG ZS EV,SUV,50.3,2023
6114,5837,Tata Nexon EV,SUV,30.2,2024
6115,5838,Mahindra XUV400,SUV,39.4,2025
6116,5839,Tata Tiago EV,Hatchback,24.0,2021
6117,5840,Mahindra BE 6,SUV,59.0,2025
6118,5841,Mahindra XUV400,SUV,39.4,2020
6119,5842,Kia EV6,SUV,77.4,2024
6120,5843,BYD Atto 3,SUV,60.5,2025
6121,5844,Hyundai Ioniq 5,SUV,72.6,2023
6122,5845,Kia EV6,SUV,77.4,2025
6123,5846,MG ZS EV,SUV,50.3,2021
6124,5847,Kia EV6,SUV,77.4,2021
6125,5847,Tata Punch EV,Hatchback,35.0,2024
6126,5848,Kia EV6,SUV,77.4,2025
6127,5849,Hyundai Kona Electric,SUV,39.2,2020
6128,5850,Kia EV6,SUV,77.4,2021
6129,5851,Kia EV6,SUV,77.4,2023
6130,5852,Kia EV6,SUV,77.4,2022
6131,5853,Hyundai Kona Electric,SUV,39.2,2024
6132,5854,Hyundai Kona Electric,SUV,39.2,2025
6133,5855,Tata Punch EV,Hatchback,35.0,2022
6134,5856,MG ZS EV,SUV,50.3,2020
6135,5857,Mahindra BE 6,SUV,59.0,2022
6136,5858,Hyundai Ioniq 5,SUV,72.6,2022
6137,5859,BYD Atto 3,SUV,60.5,2021
6138,5860,Kia EV6,SUV,77.4,2022
6139,5861,Tata Punch EV,Hatchback,35.0,2020
6140,5862,Mahindra BE 6,SUV,59.0,2023
6141,5863,BYD Atto 3,SUV,60.5,2025
6142,5864,Hyundai Kona Electric,SUV,39.2,2025
6143,5865,Hyundai Ioniq 5,SUV,72.6,2020
6144,5866,Mahindra XUV400,SUV,39.4,2024
6145,5867,Hyundai Ioniq 5,SUV,72.6,2025
6146,5868,Tata Tiago EV,Hatchback,24.0,2024
6147,5869,Tata Punch EV,Hatchback,35.0,2022
6148,5870,Tata Nexon EV,SUV,30.2,2024
6149,5871,Hyundai Ioniq 5,SUV,72.6,2020
6150,5872,MG ZS EV,SUV,50.3,2025
6151,5873,Kia EV6,SUV,77.4,2025
6152,5874,Mahindra XUV400,SUV,39.4,2024
6153,5875,MG ZS EV,SUV,50.3,2023
6154,5876,Hyundai Ioniq 5,SUV,72.6,2025
6155,5877,Hyundai Ioniq 5,SUV,72.6,2023
6156,5878,Hyundai Ioniq 5,SUV,72.6,2024
6157,5879,Mahindra BE 6,SUV,59.0,2024
6158,5880,Tata Tiago EV,Hatchback,24.0,2023
6159,5881,Tata Nexon EV,SUV,30.2,2024
6160,5882,Mahindra BE 6,SUV,59.0,2025
6161,5883,Hyundai Kona Electric,SUV,39.2,2023
6162,5884,Tata Nexon EV,SUV,30.2,2020
6163,5885,BYD Atto 3,SUV,60.5,2024
6164,5886,Hyundai Ioniq 5,SUV,72.6,2022
6165,5886,Hyundai Kona Electric,SUV,39.2,2021
6166,5887,Tata Nexon EV,SUV,30.2,2021
6167,5888,BYD Atto 3,SUV,60.5,2025
6168,5889,Hyundai Ioniq 5,SUV,72.6,2020
6169,5890,Tata Tiago EV,Hatchback,24.0,2024
6170,5891,Tata Tiago EV,Hatchback,24.0,2025
6171,5892,Mahindra XUV400,SUV,39.4,2022
6172,5893,BYD Atto 3,SUV,60.5,2022
6173,5894,Mahindra XUV400,SUV,39.4,2020
6174,5895,Mahindra XUV400,SUV,39.4,2024
6175,5896,MG ZS EV,SUV,50.3,2024
6176,5897,Tata Punch EV,Hatchback,35.0,2023
6177,5898,Hyundai Kona Electric,SUV,39.2,2024
6178,5898,Tata Punch EV,Hatchback,35.0,2020
6179,5899,Hyundai Kona Electric,SUV,39.2,2024
6180,5900,Hyundai Ioniq 5,SUV,72.6,2022
6181,5901,Hyundai Kona Electric,SUV,39.2,2024
6182,5902,Mahindra BE 6,SUV,59.0,2022
6183,5903,Mahindra XUV400,SUV,39.4,2024
6184,5904,Tata Nexon EV,SUV,30.2,2025
6185,5905,Hyundai Ioniq 5,SUV,72.6,2022
6186,5906,Tata Nexon EV,SUV,30.2,2024
6187,5907,Mahindra BE 6,SUV,59.0,2020
6188,5908,Kia EV6,SUV,77.4,2023
6189,5909,Hyundai Ioniq 5,SUV,72.6,2022
6190,5910,Hyundai Ioniq 5,SUV,72.6,2023
6191,5911,Kia EV6,SUV,77.4,2024
6192,5912,Tata Nexon EV,SUV,30.2,2022
6193,5913,Tata Nexon EV,SUV,30.2,2024
6194,5914,Mahindra BE 6,SUV,59.0,2022
6195,5915,Hyundai Kona Electric,SUV,39.2,2022
6196,5916,Tata Nexon EV,SUV,30.2,2022
6197,5917,Hyundai Ioniq 5,SUV,72.6,2025
6198,5918,Tata Tiago EV,Hatchback,24.0,2024
6199,5919,Tata Tiago EV,Hatchback,24.0,2023
6200,5920,MG ZS EV,SUV,50.3,2021
6201,5921,Tata Tiago EV,Hatchback,24.0,2021
6202,5921,Tata Nexon EV,SUV,30.2,2020
6203,5922,Tata Tiago EV,Hatchback,24.0,2025
6204,5923,MG ZS EV,SUV,50.3,2023
6205,5924,Tata Punch EV,Hatchback,35.0,2023
6206,5925,MG ZS EV,SUV,50.3,2021
6207,5926,Tata Punch EV,Hatchback,35.0,2025
6208,5927,Tata Nexon EV,SUV,30.2,2021
6209,5928,MG ZS EV,SUV,50.3,2021
6210,5929,Tata Punch EV,Hatchback,35.0,2025
6211,5930,Tata Nexon EV,SUV,30.2,2025
6212,5931,MG ZS EV,SUV,50.3,2020
6213,5932,Mahindra BE 6,SUV,59.0,2024
6214,5933,Hyundai Kona Electric,SUV,39.2,2020
6215,5934,Kia EV6,SUV,77.4,2024
6216,5935,Hyundai Ioniq 5,SUV,72.6,2025
6217,5936,BYD Atto 3,SUV,60.5,2025
6218,5937,BYD Atto 3,SUV,60.5,2022
6219,5938,Mahindra BE 6,SUV,59.0,2022
6220,5939,Hyundai Kona Electric,SUV,39.2,2024
6221,5940,BYD Atto 3,SUV,60.5,2023
6222,5941,BYD Atto 3,SUV,60.5,2020
6223,5942,Tata Nexon EV,SUV,30.2,2023
6224,5943,Kia EV6,SUV,77.4,2021
6225,5944,MG ZS EV,SUV,50.3,2021
6226,5945,Tata Tiago EV,Hatchback,24.0,2021
6227,5946,Hyundai Ioniq 5,SUV,72.6,2022
6228,5947,Mahindra BE 6,SUV,59.0,2020
6229,5948,Tata Nexon EV,SUV,30.2,2023
6230,5949,Hyundai Ioniq 5,SUV,72.6,2020
6231,5950,Mahindra BE 6,SUV,59.0,2020
6232,5951,Tata Punch EV,Hatchback,35.0,2022
6233,5952,Tata Nexon EV,SUV,30.2,2022
6234,5953,Mahindra BE 6,SUV,59.0,2025
6235,5954,Kia EV6,SUV,77.4,2022
6236,5955,BYD Atto 3,SUV,60.5,2022
6237,5956,Mahindra BE 6,SUV,59.0,2025
6238,5957,Mahindra XUV400,SUV,39.4,2021
6239,5958,Hyundai Kona Electric,SUV,39.2,2024
6240,5959,Tata Tiago EV,Hatchback,24.0,2023
6241,5960,Mahindra XUV400,SUV,39.4,2023
6242,5961,Hyundai Kona Electric,SUV,39.2,2023
6243,5962,Tata Nexon EV,SUV,30.2,2024
6244,5963,Mahindra XUV400,SUV,39.4,2024
6245,5964,Tata Punch EV,Hatchback,35.0,2021
6246,5965,MG ZS EV,SUV,50.3,2023
6247,5966,Hyundai Kona Electric,SUV,39.2,2023
6248,5967,MG ZS EV,SUV,50.3,2024
6249,5968,Mahindra BE 6,SUV,59.0,2022
6250,5969,Hyundai Ioniq 5,SUV,72.6,2020
6251,5970,Tata Punch EV,Hatchback,35.0,2022
6252,5971,Mahindra BE 6,SUV,59.0,2020
6253,5972,Mahindra BE 6,SUV,59.0,2023
6254,5973,Tata Tiago EV,Hatchback,24.0,2023
6255,5974,Tata Tiago EV,Hatchback,24.0,2021
6256,5975,Hyundai Kona Electric,SUV,39.2,2021
6257,5975,Tata Nexon EV,SUV,30.2,2020
6258,5976,Tata Punch EV,Hatchback,35.0,2025
6259,5977,Tata Nexon EV,SUV,30.2,2023
6260,5978,Tata Punch EV,Hatchback,35.0,2023
6261,5979,Mahindra XUV400,SUV,39.4,2024
6262,5980,MG ZS EV,SUV,50.3,2023
6263,5981,Tata Punch EV,Hatchback,35.0,2022
6264,5982,Tata Punch EV,Hatchback,35.0,2024
6265,5983,Hyundai Kona Electric,SUV,39.2,2020
6266,5984,Tata Tiago EV,Hatchback,24.0,2021
6267,5985,Mahindra BE 6,SUV,59.0,2024
6268,5986,Kia EV6,SUV,77.4,2024
6269,5987,Hyundai Kona Electric,SUV,39.2,2022
6270,5988,BYD Atto 3,SUV,60.5,2022
6271,5989,Kia EV6,SUV,77.4,2025
6272,5990,Tata Tiago EV,Hatchback,24.0,2023
6273,5991,Hyundai Kona Electric,SUV,39.2,2023
6274,5992,Hyundai Kona Electric,SUV,39.2,2021
6275,5993,Tata Punch EV,Hatchback,35.0,2022
6276,5994,Tata Tiago EV,Hatchback,24.0,2022
6277,5995,Tata Tiago EV,Hatchback,24.0,2021
6278,5996,Hyundai Kona Electric,SUV,39.2,2022
6279,5997,Hyundai Ioniq 5,SUV,72.6,2024
6280,5998,BYD Atto 3,SUV,60.5,2024
6281,5999,BYD Atto 3,SUV,60.5,2025
6282,6000,Mahindra XUV400,SUV,39.4,2022
6283,6001,MG ZS EV,SUV,50.3,2025
6284,6002,Hyundai Kona Electric,SUV,39.2,2021
6285,6003,Mahindra BE 6,SUV,59.0,2020
6286,6004,Hyundai Kona Electric,SUV,39.2,2021
6287,6005,Kia EV6,SUV,77.4,2022
6288,6006,Tata Nexon EV,SUV,30.2,2024
6289,6007,Kia EV6,SUV,77.4,2023
6290,6008,Tata Nexon EV,SUV,30.2,2023
6291,6009,Tata Punch EV,Hatchback,35.0,2022
6292,6010,Mahindra XUV400,SUV,39.4,2022
6293,6011,Tata Tiago EV,Hatchback,24.0,2023
6294,6012,MG ZS EV,SUV,50.3,2024
6295,6013,Kia EV6,SUV,77.4,2023
6296,6014,Mahindra BE 6,SUV,59.0,2020
6297,6015,Tata Punch EV,Hatchback,35.0,2022
6298,6016,Kia EV6,SUV,77.4,2023
6299,6017,MG ZS EV,SUV,50.3,2023
6300,6018,Tata Punch EV,Hatchback,35.0,2023
6301,6019,Tata Nexon EV,SUV,30.2,2025
6302,6020,Mahindra XUV400,SUV,39.4,2021
6303,6021,Hyundai Kona Electric,SUV,39.2,2024
6304,6022,BYD Atto 3,SUV,60.5,2024
6305,6023,Mahindra XUV400,SUV,39.4,2021
6306,6023,MG ZS EV,SUV,50.3,2022
6307,6024,Tata Tiago EV,Hatchback,24.0,2024
6308,6025,Tata Punch EV,Hatchback,35.0,2025
6309,6026,MG ZS EV,SUV,50.3,2022
6310,6027,MG ZS EV,SUV,50.3,2025
6311,6028,BYD Atto 3,SUV,60.5,2021
6312,6029,Tata Nexon EV,SUV,30.2,2024
6313,6030,BYD Atto 3,SUV,60.5,2025
6314,6031,Hyundai Kona Electric,SUV,39.2,2024
6315,6032,Hyundai Ioniq 5,SUV,72.6,2024
6316,6033,Hyundai Ioniq 5,SUV,72.6,2024
6317,6034,Tata Nexon EV,SUV,30.2,2020
6318,6035,Mahindra BE 6,SUV,59.0,2024
6319,6036,Hyundai Ioniq 5,SUV,72.6,2024
6320,6037,Kia EV6,SUV,77.4,2020
6321,6038,Mahindra XUV400,SUV,39.4,2024
6322,6039,Tata Tiago EV,Hatchback,24.0,2024
6323,6040,Mahindra BE 6,SUV,59.0,2025
6324,6041,Mahindra XUV400,SUV,39.4,2021
6325,6042,Hyundai Ioniq 5,SUV,72.6,2025
6326,6043,Tata Tiago EV,Hatchback,24.0,2022
6327,6044,Tata Tiago EV,Hatchback,24.0,2021
6328,6045,Tata Tiago EV,Hatchback,24.0,2023
6329,6046,Hyundai Ioniq 5,SUV,72.6,2020
6330,6047,Mahindra XUV400,SUV,39.4,2025
6331,6048,Tata Tiago EV,Hatchback,24.0,2025
6332,6049,Mahindra XUV400,SUV,39.4,2023
6333,6050,Tata Tiago EV,Hatchback,24.0,2025
6334,6051,Hyundai Ioniq 5,SUV,72.6,2025
6335,6051,BYD Atto 3,SUV,60.5,2021
6336,6052,Tata Punch EV,Hatchback,35.0,2023
6337,6053,Kia EV6,SUV,77.4,2025
6338,6054,Mahindra XUV400,SUV,39.4,2021
6339,6055,MG ZS EV,SUV,50.3,2021
6340,6056,Hyundai Kona Electric,SUV,39.2,2025
6341,6057,Hyundai Kona Electric,SUV,39.2,2023
6342,6058,Tata Punch EV,Hatchback,35.0,2025
6343,6059,Tata Nexon EV,SUV,30.2,2020
6344,6060,Tata Punch EV,Hatchback,35.0,2022
6345,6061,Hyundai Ioniq 5,SUV,72.6,2021
6346,6062,Hyundai Ioniq 5,SUV,72.6,2021
6347,6063,Mahindra XUV400,SUV,39.4,2023
6348,6064,MG ZS EV,SUV,50.3,2024
6349,6065,Mahindra XUV400,SUV,39.4,2023
6350,6066,Tata Tiago EV,Hatchback,24.0,2022
6351,6067,Tata Nexon EV,SUV,30.2,2022
6352,6068,Kia EV6,SUV,77.4,2021
6353,6069,MG ZS EV,SUV,50.3,2024
6354,6070,Kia EV6,SUV,77.4,2022
6355,6071,Tata Punch EV,Hatchback,35.0,2025
6356,6072,Mahindra BE 6,SUV,59.0,2021
6357,6073,Hyundai Ioniq 5,SUV,72.6,2025
6358,6074,Mahindra XUV400,SUV,39.4,2020
6359,6075,Mahindra BE 6,SUV,59.0,2024
6360,6076,Tata Nexon EV,SUV,30.2,2020
6361,6077,Tata Nexon EV,SUV,30.2,2025
6362,6078,Tata Tiago EV,Hatchback,24.0,2021
6363,6079,Hyundai Ioniq 5,SUV,72.6,2020
6364,6080,Tata Punch EV,Hatchback,35.0,2022
6365,6081,Tata Punch EV,Hatchback,35.0,2021
6366,6082,Tata Tiago EV,Hatchback,24.0,2022
6367,6083,Hyundai Ioniq 5,SUV,72.6,2020
6368,6084,Mahindra BE 6,SUV,59.0,2022
6369,6085,MG ZS EV,SUV,50.3,2021
6370,6086,Mahindra BE 6,SUV,59.0,2025
6371,6087,Mahindra BE 6,SUV,59.0,2024
6372,6088,BYD Atto 3,SUV,60.5,2022
6373,6089,Mahindra BE 6,SUV,59.0,2021
6374,6090,BYD Atto 3,SUV,60.5,2022
6375,6091,Tata Nexon EV,SUV,30.2,2025
6376,6092,Mahindra BE 6,SUV,59.0,2021
6377,6092,Hyundai Kona Electric,SUV,39.2,2024
6378,6093,MG ZS EV,SUV,50.3,2023
6379,6094,Tata Punch EV,Hatchback,35.0,2022
6380,6094,BYD Atto 3,SUV,60.5,2025
6381,6095,Kia EV6,SUV,77.4,2025
6382,6096,MG ZS EV,SUV,50.3,2024
6383,6097,Kia EV6,SUV,77.4,2022
6384,6098,Tata Nexon EV,SUV,30.2,2020
6385,6099,Tata Tiago EV,Hatchback,24.0,2023
6386,6100,BYD Atto 3,SUV,60.5,2020
6387,6101,Hyundai Ioniq 5,SUV,72.6,2022
6388,6102,Tata Punch EV,Hatchback,35.0,2024
6389,6103,Hyundai Kona Electric,SUV,39.2,2020
6390,6104,BYD Atto 3,SUV,60.5,2024
6391,6105,Hyundai Kona Electric,SUV,39.2,2021
6392,6106,Tata Tiago EV,Hatchback,24.0,2024
6393,6107,Mahindra XUV400,SUV,39.4,2022
6394,6108,Tata Nexon EV,SUV,30.2,2022
6395,6109,Kia EV6,SUV,77.4,2020
6396,6110,Tata Tiago EV,Hatchback,24.0,2021
6397,6111,BYD Atto 3,SUV,60.5,2021
6398,6112,Hyundai Kona Electric,SUV,39.2,2022
6399,6112,MG ZS EV,SUV,50.3,2023
6400,6113,BYD Atto 3,SUV,60.5,2020
6401,6114,Hyundai Ioniq 5,SUV,72.6,2020
6402,6115,Tata Punch EV,Hatchback,35.0,2023
6403,6116,Tata Nexon EV,SUV,30.2,2020
6404,6117,Mahindra XUV400,SUV,39.4,2024
6405,6118,Mahindra BE 6,SUV,59.0,2021
6406,6119,Hyundai Kona Electric,SUV,39.2,2025
6407,6120,MG ZS EV,SUV,50.3,2024
6408,6121,Mahindra BE 6,SUV,59.0,2024
6409,6121,MG ZS EV,SUV,50.3,2021
6410,6122,Hyundai Ioniq 5,SUV,72.6,2021
6411,6123,Hyundai Kona Electric,SUV,39.2,2021
6412,6124,BYD Atto 3,SUV,60.5,2020
6413,6125,Mahindra XUV400,SUV,39.4,2021
6414,6126,MG ZS EV,SUV,50.3,2022
6415,6126,BYD Atto 3,SUV,60.5,2022
6416,6127,Mahindra XUV400,SUV,39.4,2023
6417,6128,Mahindra XUV400,SUV,39.4,2023
6418,6129,BYD Atto 3,SUV,60.5,2022
6419,6130,Tata Tiago EV,Hatchback,24.0,2021
6420,6131,Hyundai Ioniq 5,SUV,72.6,2020
6421,6132,Hyundai Ioniq 5,SUV,72.6,2020
6422,6133,Kia EV6,SUV,77.4,2025
6423,6134,Hyundai Ioniq 5,SUV,72.6,2023
6424,6135,Hyundai Ioniq 5,SUV,72.6,2020
6425,6136,Hyundai Ioniq 5,SUV,72.6,2025
6426,6137,Tata Punch EV,Hatchback,35.0,2021
6427,6138,Tata Punch EV,Hatchback,35.0,2020
6428,6139,Mahindra XUV400,SUV,39.4,2021
6429,6140,Mahindra XUV400,SUV,39.4,2025
6430,6141,Mahindra BE 6,SUV,59.0,2020
6431,6142,MG ZS EV,SUV,50.3,2022
6432,6143,MG ZS EV,SUV,50.3,2023
6433,6144,Tata Punch EV,Hatchback,35.0,2020
6434,6145,Tata Nexon EV,SUV,30.2,2020
6435,6146,Kia EV6,SUV,77.4,2020
6436,6147,Mahindra BE 6,SUV,59.0,2020
6437,6148,Kia EV6,SUV,77.4,2024
6438,6149,Mahindra XUV400,SUV,39.4,2025
6439,6150,Kia EV6,SUV,77.4,2020
6440,6151,Tata Punch EV,Hatchback,35.0,2025
6441,6152,Kia EV6,SUV,77.4,2023
6442,6153,Kia EV6,SUV,77.4,2025
6443,6154,Hyundai Ioniq 5,SUV,72.6,2020
6444,6155,BYD Atto 3,SUV,60.5,2023
6445,6156,Mahindra XUV400,SUV,39.4,2025
6446,6157,MG ZS EV,SUV,50.3,2023
6447,6158,Tata Nexon EV,SUV,30.2,2021
6448,6159,Hyundai Ioniq 5,SUV,72.6,2021
6449,6160,Hyundai Kona Electric,SUV,39.2,2021
6450,6161,Hyundai Ioniq 5,SUV,72.6,2023
6451,6162,BYD Atto 3,SUV,60.5,2021
6452,6163,Tata Nexon EV,SUV,30.2,2025
6453,6164,Mahindra XUV400,SUV,39.4,2024
6454,6165,Hyundai Kona Electric,SUV,39.2,2024
6455,6165,Mahindra XUV400,SUV,39.4,2021
6456,6166,Hyundai Kona Electric,SUV,39.2,2024
6457,6167,Mahindra XUV400,SUV,39.4,2023
6458,6167,Kia EV6,SUV,77.4,2024
6459,6168,Tata Punch EV,Hatchback,35.0,2021
6460,6169,MG ZS EV,SUV,50.3,2023
6461,6170,Mahindra XUV400,SUV,39.4,2024
6462,6171,Hyundai Kona Electric,SUV,39.2,2023
6463,6172,Kia EV6,SUV,77.4,2023
6464,6173,Tata Punch EV,Hatchback,35.0,2020
6465,6174,Mahindra XUV400,SUV,39.4,2025
6466,6175,BYD Atto 3,SUV,60.5,2025
6467,6176,Mahindra XUV400,SUV,39.4,2024
6468,6177,Kia EV6,SUV,77.4,2023
6469,6178,Kia EV6,SUV,77.4,2020
6470,6179,Tata Tiago EV,Hatchback,24.0,2022
6471,6180,Tata Tiago EV,Hatchback,24.0,2024
6472,6180,Mahindra BE 6,SUV,59.0,2020
6473,6181,BYD Atto 3,SUV,60.5,2023
6474,6182,Mahindra BE 6,SUV,59.0,2023
6475,6182,Kia EV6,SUV,77.4,2020
6476,6183,Mahindra XUV400,SUV,39.4,2021
6477,6183,Hyundai Ioniq 5,SUV,72.6,2023
6478,6184,Mahindra BE 6,SUV,59.0,2021
6479,6185,Mahindra BE 6,SUV,59.0,2021
6480,6186,Kia EV6,SUV,77.4,2020
6481,6187,Tata Nexon EV,SUV,30.2,2023
6482,6188,Mahindra BE 6,SUV,59.0,2025
6483,6189,Hyundai Kona Electric,SUV,39.2,2024
6484,6190,Hyundai Ioniq 5,SUV,72.6,2024
6485,6191,Mahindra BE 6,SUV,59.0,2020
6486,6192,Kia EV6,SUV,77.4,2021
6487,6193,Tata Nexon EV,SUV,30.2,2024
6488,6194,Tata Nexon EV,SUV,30.2,2025
6489,6195,Tata Tiago EV,Hatchback,24.0,2022
6490,6196,Tata Punch EV,Hatchback,35.0,2025
6491,6196,Hyundai Kona Electric,SUV,39.2,2025
6492,6197,BYD Atto 3,SUV,60.5,2020
6493,6198,MG ZS EV,SUV,50.3,2022
6494,6199,Hyundai Ioniq 5,SUV,72.6,2023
6495,6200,BYD Atto 3,SUV,60.5,2020
6496,6201,Kia EV6,SUV,77.4,2022
6497,6202,Tata Nexon EV,SUV,30.2,2023
6498,6203,Hyundai Kona Electric,SUV,39.2,2025
6499,6204,Mahindra XUV400,SUV,39.4,2025
6500,6205,Tata Nexon EV,SUV,30.2,2025
6501,6206,Kia EV6,SUV,77.4,2024
6502,6207,Hyundai Ioniq 5,SUV,72.6,2022
6503,6208,Hyundai Kona Electric,SUV,39.2,2021
6504,6209,Kia EV6,SUV,77.4,2024
6505,6210,Hyundai Ioniq 5,SUV,72.6,2020
6506,6210,MG ZS EV,SUV,50.3,2022
6507,6211,Tata Nexon EV,SUV,30.2,2025
6508,6212,Tata Tiago EV,Hatchback,24.0,2020
6509,6213,Kia EV6,SUV,77.4,2021
6510,6214,Hyundai Kona Electric,SUV,39.2,2020
6511,6215,BYD Atto 3,SUV,60.5,2021
6512,6216,Tata Nexon EV,SUV,30.2,2022
6513,6217,MG ZS EV,SUV,50.3,2022
6514,6218,Tata Nexon EV,SUV,30.2,2020
6515,6219,Tata Nexon EV,SUV,30.2,2023
6516,6220,Kia EV6,SUV,77.4,2020
6517,6221,Tata Punch EV,Hatchback,35.0,2023
6518,6222,BYD Atto 3,SUV,60.5,2025
6519,6223,Hyundai Kona Electric,SUV,39.2,2021
6520,6224,Tata Tiago EV,Hatchback,24.0,2021
6521,6225,Hyundai Kona Electric,SUV,39.2,2025
6522,6226,BYD Atto 3,SUV,60.5,2023
6523,6227,Hyundai Ioniq 5,SUV,72.6,2024
6524,6228,Kia EV6,SUV,77.4,2024
6525,6229,Tata Punch EV,Hatchback,35.0,2024
6526,6230,Hyundai Kona Electric,SUV,39.2,2022
6527,6231,Tata Punch EV,Hatchback,35.0,2023
6528,6232,MG ZS EV,SUV,50.3,2025
6529,6233,Tata Tiago EV,Hatchback,24.0,2022
6530,6234,Tata Tiago EV,Hatchback,24.0,2021
6531,6235,Kia EV6,SUV,77.4,2024
6532,6236,Hyundai Kona Electric,SUV,39.2,2024
6533,6237,BYD Atto 3,SUV,60.5,2023
6534,6238,Mahindra XUV400,SUV,39.4,2023
6535,6239,Tata Tiago EV,Hatchback,24.0,2022
6536,6240,Tata Tiago EV,Hatchback,24.0,2020
6537,6241,Tata Punch EV,Hatchback,35.0,2022
6538,6242,Mahindra XUV400,SUV,39.4,2022
6539,6243,Tata Nexon EV,SUV,30.2,2025
6540,6244,Tata Punch EV,Hatchback,35.0,2025
6541,6245,Tata Punch EV,Hatchback,35.0,2023
6542,6246,BYD Atto 3,SUV,60.5,2024
6543,6247,Hyundai Ioniq 5,SUV,72.6,2021
6544,6248,Hyundai Ioniq 5,SUV,72.6,2022
6545,6249,Tata Nexon EV,SUV,30.2,2025
6546,6250,Mahindra BE 6,SUV,59.0,2021
6547,6251,Mahindra XUV400,SUV,39.4,2020
6548,6252,BYD Atto 3,SUV,60.5,2023
6549,6253,Kia EV6,SUV,77.4,2024
6550,6254,Mahindra XUV400,SUV,39.4,2023
6551,6255,MG ZS EV,SUV,50.3,2024
6552,6255,Hyundai Kona Electric,SUV,39.2,2020
6553,6256,BYD Atto 3,SUV,60.5,2025
6554,6257,Tata Punch EV,Hatchback,35.0,2025
6555,6258,Mahindra XUV400,SUV,39.4,2022
6556,6258,BYD Atto 3,SUV,60.5,2025
6557,6259,Tata Tiago EV,Hatchback,24.0,2023
6558,6260,Mahindra XUV400,SUV,39.4,2025
6559,6261,Mahindra XUV400,SUV,39.4,2025
6560,6262,MG ZS EV,SUV,50.3,2025
6561,6263,Mahindra BE 6,SUV,59.0,2023
6562,6264,Kia EV6,SUV,77.4,2020
6563,6265,Hyundai Ioniq 5,SUV,72.6,2021
6564,6266,Mahindra XUV400,SUV,39.4,2021
6565,6267,Tata Tiago EV,Hatchback,24.0,2024
6566,6268,Tata Tiago EV,Hatchback,24.0,2020
6567,6269,Mahindra XUV400,SUV,39.4,2023
6568,6270,Tata Punch EV,Hatchback,35.0,2025
6569,6271,Hyundai Kona Electric,SUV,39.2,2022
6570,6272,Kia EV6,SUV,77.4,2020
6571,6273,BYD Atto 3,SUV,60.5,2021
6572,6274,Mahindra XUV400,SUV,39.4,2025
6573,6275,BYD Atto 3,SUV,60.5,2025
6574,6276,Mahindra XUV400,SUV,39.4,2021
6575,6276,Mahindra XUV400,SUV,39.4,2024
6576,6277,MG ZS EV,SUV,50.3,2024
6577,6278,Hyundai Ioniq 5,SUV,72.6,2025
6578,6279,BYD Atto 3,SUV,60.5,2021
6579,6280,Mahindra XUV400,SUV,39.4,2024
6580,6280,Mahindra XUV400,SUV,39.4,2023
6581,6281,Tata Tiago EV,Hatchback,24.0,2023
6582,6282,Mahindra BE 6,SUV,59.0,2022
6583,6283,Hyundai Ioniq 5,SUV,72.6,2025
6584,6284,Mahindra BE 6,SUV,59.0,2020
6585,6285,Mahindra XUV400,SUV,39.4,2025
6586,6286,Hyundai Kona Electric,SUV,39.2,2024
6587,6287,Hyundai Kona Electric,SUV,39.2,2022
6588,6288,MG ZS EV,SUV,50.3,2022
6589,6289,Tata Nexon EV,SUV,30.2,2022
6590,6290,Mahindra XUV400,SUV,39.4,2025
6591,6290,Hyundai Ioniq 5,SUV,72.6,2023
6592,6291,Kia EV6,SUV,77.4,2024
6593,6292,Kia EV6,SUV,77.4,2020
6594,6293,Mahindra BE 6,SUV,59.0,2022
6595,6293,Tata Tiago EV,Hatchback,24.0,2022
6596,6294,Kia EV6,SUV,77.4,2020
6597,6295,Mahindra BE 6,SUV,59.0,2024
6598,6296,Mahindra XUV400,SUV,39.4,2024
6599,6297,Kia EV6,SUV,77.4,2021
6600,6298,Hyundai Kona Electric,SUV,39.2,2025
6601,6299,Kia EV6,SUV,77.4,2023
6602,6300,Hyundai Ioniq 5,SUV,72.6,2023
6603,6301,Tata Nexon EV,SUV,30.2,2020
6604,6302,BYD Atto 3,SUV,60.5,2025
6605,6303,Tata Punch EV,Hatchback,35.0,2021
6606,6304,BYD Atto 3,SUV,60.5,2022
6607,6305,Tata Nexon EV,SUV,30.2,2025
6608,6306,Tata Punch EV,Hatchback,35.0,2024
6609,6307,Hyundai Ioniq 5,SUV,72.6,2020
6610,6308,Mahindra XUV400,SUV,39.4,2024
6611,6309,Tata Tiago EV,Hatchback,24.0,2020
6612,6310,Hyundai Kona Electric,SUV,39.2,2023
6613,6311,Kia EV6,SUV,77.4,2023
6614,6312,Tata Punch EV,Hatchback,35.0,2022
6615,6313,Hyundai Kona Electric,SUV,39.2,2025
6616,6314,Kia EV6,SUV,77.4,2023
6617,6315,MG ZS EV,SUV,50.3,2025
6618,6315,MG ZS EV,SUV,50.3,2020
6619,6316,Hyundai Kona Electric,SUV,39.2,2025
6620,6317,Kia EV6,SUV,77.4,2022
6621,6318,Tata Tiago EV,Hatchback,24.0,2023
6622,6319,MG ZS EV,SUV,50.3,2022
6623,6320,Tata Tiago EV,Hatchback,24.0,2021
6624,6321,Mahindra BE 6,SUV,59.0,2021
6625,6322,Mahindra BE 6,SUV,59.0,2024
6626,6323,Tata Tiago EV,Hatchback,24.0,2022
6627,6324,MG ZS EV,SUV,50.3,2024
6628,6325,Kia EV6,SUV,77.4,2020
6629,6326,Tata Nexon EV,SUV,30.2,2025
6630,6327,Kia EV6,SUV,77.4,2023
6631,6328,Hyundai Kona Electric,SUV,39.2,2020
6632,6329,Kia EV6,SUV,77.4,2020
6633,6330,Tata Nexon EV,SUV,30.2,2023
6634,6331,BYD Atto 3,SUV,60.5,2025
6635,6332,Tata Punch EV,Hatchback,35.0,2022
6636,6333,Tata Punch EV,Hatchback,35.0,2022
6637,6334,Tata Nexon EV,SUV,30.2,2020
6638,6335,BYD Atto 3,SUV,60.5,2023
6639,6336,MG ZS EV,SUV,50.3,2021
6640,6337,BYD Atto 3,SUV,60.5,2023
6641,6338,Tata Punch EV,Hatchback,35.0,2023
6642,6339,Hyundai Kona Electric,SUV,39.2,2025
6643,6340,Tata Punch EV,Hatchback,35.0,2020
6644,6341,Hyundai Ioniq 5,SUV,72.6,2024
6645,6342,BYD Atto 3,SUV,60.5,2024
6646,6343,MG ZS EV,SUV,50.3,2023
6647,6344,Hyundai Ioniq 5,SUV,72.6,2023
6648,6345,Hyundai Ioniq 5,SUV,72.6,2022
6649,6346,Kia EV6,SUV,77.4,2025
6650,6347,Mahindra BE 6,SUV,59.0,2025
6651,6348,Tata Punch EV,Hatchback,35.0,2021
6652,6349,MG ZS EV,SUV,50.3,2022
6653,6350,Mahindra BE 6,SUV,59.0,2020
6654,6351,MG ZS EV,SUV,50.3,2022
6655,6352,Hyundai Ioniq 5,SUV,72.6,2024
6656,6353,Tata Tiago EV,Hatchback,24.0,2022
6657,6354,Tata Punch EV,Hatchback,35.0,2025
6658,6355,Mahindra BE 6,SUV,59.0,2021
6659,6356,Kia EV6,SUV,77.4,2022
6660,6357,MG ZS EV,SUV,50.3,2023
6661,6358,Mahindra BE 6,SUV,59.0,2025
6662,6359,Tata Tiago EV,Hatchback,24.0,2024
6663,6360,BYD Atto 3,SUV,60.5,2025
6664,6361,Kia EV6,SUV,77.4,2024
6665,6362,MG ZS EV,SUV,50.3,2024
6666,6363,Hyundai Ioniq 5,SUV,72.6,2024
6667,6364,Tata Tiago EV,Hatchback,24.0,2022
6668,6364,Kia EV6,SUV,77.4,2022
6669,6365,Kia EV6,SUV,77.4,2021
6670,6366,Hyundai Kona Electric,SUV,39.2,2021
6671,6367,Hyundai Ioniq 5,SUV,72.6,2020
6672,6368,Tata Nexon EV,SUV,30.2,2020
6673,6369,Tata Nexon EV,SUV,30.2,2025
6674,6370,Tata Nexon EV,SUV,30.2,2023
6675,6371,BYD Atto 3,SUV,60.5,2021
6676,6372,Mahindra XUV400,SUV,39.4,2020
6677,6373,Hyundai Ioniq 5,SUV,72.6,2023
6678,6374,Kia EV6,SUV,77.4,2020
6679,6375,Mahindra XUV400,SUV,39.4,2021
6680,6376,MG ZS EV,SUV,50.3,2020
6681,6376,Hyundai Kona Electric,SUV,39.2,2021
6682,6377,Tata Nexon EV,SUV,30.2,2021
6683,6378,BYD Atto 3,SUV,60.5,2021
6684,6379,BYD Atto 3,SUV,60.5,2023
6685,6380,Hyundai Ioniq 5,SUV,72.6,2021
6686,6381,MG ZS EV,SUV,50.3,2021
6687,6382,Mahindra BE 6,SUV,59.0,2023
6688,6383,Hyundai Ioniq 5,SUV,72.6,2021
6689,6384,Mahindra BE 6,SUV,59.0,2023
6690,6385,Tata Nexon EV,SUV,30.2,2023
6691,6386,Hyundai Ioniq 5,SUV,72.6,2024
6692,6387,Tata Tiago EV,Hatchback,24.0,2023
6693,6388,BYD Atto 3,SUV,60.5,2020
6694,6389,MG ZS EV,SUV,50.3,2024
6695,6390,Hyundai Ioniq 5,SUV,72.6,2025
6696,6391,MG ZS EV,SUV,50.3,2024
6697,6392,BYD Atto 3,SUV,60.5,2021
6698,6393,Tata Punch EV,Hatchback,35.0,2024
6699,6394,Tata Punch EV,Hatchback,35.0,2021
6700,6395,Tata Nexon EV,SUV,30.2,2022
6701,6396,Tata Tiago EV,Hatchback,24.0,2022
6702,6397,Hyundai Kona Electric,SUV,39.2,2023
6703,6398,Hyundai Kona Electric,SUV,39.2,2024
6704,6399,Mahindra XUV400,SUV,39.4,2022
6705,6400,Hyundai Kona Electric,SUV,39.2,2024
6706,6401,MG ZS EV,SUV,50.3,2022
6707,6401,MG ZS EV,SUV,50.3,2025
6708,6402,BYD Atto 3,SUV,60.5,2020
6709,6403,Hyundai Kona Electric,SUV,39.2,2023
6710,6404,Tata Nexon EV,SUV,30.2,2023
6711,6405,Tata Tiago EV,Hatchback,24.0,2023
6712,6406,Mahindra XUV400,SUV,39.4,2021
6713,6407,BYD Atto 3,SUV,60.5,2020
6714,6408,Tata Tiago EV,Hatchback,24.0,2022
6715,6409,Mahindra BE 6,SUV,59.0,2022
6716,6410,Tata Punch EV,Hatchback,35.0,2022
6717,6411,MG ZS EV,SUV,50.3,2024
6718,6412,Tata Punch EV,Hatchback,35.0,2022
6719,6413,Mahindra XUV400,SUV,39.4,2020
6720,6414,Mahindra BE 6,SUV,59.0,2024
6721,6415,Mahindra XUV400,SUV,39.4,2023
6722,6416,Tata Nexon EV,SUV,30.2,2020
6723,6417,Mahindra BE 6,SUV,59.0,2022
6724,6418,Hyundai Ioniq 5,SUV,72.6,2020
6725,6419,Mahindra BE 6,SUV,59.0,2020
6726,6420,Mahindra BE 6,SUV,59.0,2022
6727,6421,Mahindra XUV400,SUV,39.4,2024
6728,6422,MG ZS EV,SUV,50.3,2025
6729,6423,Tata Tiago EV,Hatchback,24.0,2022
6730,6424,Hyundai Ioniq 5,SUV,72.6,2022
6731,6425,Tata Tiago EV,Hatchback,24.0,2023
6732,6426,Hyundai Kona Electric,SUV,39.2,2025
6733,6427,Tata Tiago EV,Hatchback,24.0,2024
6734,6428,Tata Punch EV,Hatchback,35.0,2024
6735,6429,Tata Nexon EV,SUV,30.2,2024
6736,6430,Mahindra BE 6,SUV,59.0,2020
6737,6431,Hyundai Kona Electric,SUV,39.2,2021
6738,6432,Tata Nexon EV,SUV,30.2,2023
6739,6433,Mahindra BE 6,SUV,59.0,2023
6740,6434,MG ZS EV,SUV,50.3,2024
6741,6435,Tata Tiago EV,Hatchback,24.0,2023
6742,6436,Kia EV6,SUV,77.4,2024
6743,6437,Mahindra XUV400,SUV,39.4,2025
6744,6438,Kia EV6,SUV,77.4,2023
6745,6439,Kia EV6,SUV,77.4,2024
6746,6440,Tata Tiago EV,Hatchback,24.0,2023
6747,6441,Kia EV6,SUV,77.4,2023
6748,6442,Tata Tiago EV,Hatchback,24.0,2022
6749,6443,Kia EV6,SUV,77.4,2020
6750,6443,Tata Punch EV,Hatchback,35.0,2023
6751,6444,MG ZS EV,SUV,50.3,2020
6752,6445,Tata Punch EV,Hatchback,35.0,2024
6753,6446,Kia EV6,SUV,77.4,2022
6754,6446,Tata Punch EV,Hatchback,35.0,2023
6755,6447,Hyundai Ioniq 5,SUV,72.6,2024
6756,6448,Tata Tiago EV,Hatchback,24.0,2025
6757,6448,Mahindra BE 6,SUV,59.0,2020
6758,6449,Kia EV6,SUV,77.4,2024
6759,6450,BYD Atto 3,SUV,60.5,2023
6760,6451,Hyundai Kona Electric,SUV,39.2,2024
6761,6451,Tata Punch EV,Hatchback,35.0,2022
6762,6452,Tata Punch EV,Hatchback,35.0,2022
6763,6453,BYD Atto 3,SUV,60.5,2021
6764,6454,MG ZS EV,SUV,50.3,2020
6765,6455,Mahindra BE 6,SUV,59.0,2023
6766,6456,Mahindra XUV400,SUV,39.4,2020
6767,6456,Tata Tiago EV,Hatchback,24.0,2023
6768,6457,Mahindra XUV400,SUV,39.4,2022
6769,6458,Hyundai Ioniq 5,SUV,72.6,2023
6770,6458,Mahindra XUV400,SUV,39.4,2023
6771,6459,Hyundai Kona Electric,SUV,39.2,2023
6772,6460,Mahindra BE 6,SUV,59.0,2025
6773,6461,Hyundai Kona Electric,SUV,39.2,2020
6774,6462,Mahindra XUV400,SUV,39.4,2021
6775,6463,Kia EV6,SUV,77.4,2020
6776,6464,Tata Tiago EV,Hatchback,24.0,2025
6777,6465,Kia EV6,SUV,77.4,2023
6778,6466,Mahindra XUV400,SUV,39.4,2022
6779,6467,Mahindra XUV400,SUV,39.4,2020
6780,6468,Kia EV6,SUV,77.4,2025
6781,6469,Mahindra BE 6,SUV,59.0,2023
6782,6470,Tata Nexon EV,SUV,30.2,2021
6783,6471,Mahindra XUV400,SUV,39.4,2024
6784,6472,Tata Punch EV,Hatchback,35.0,2020
6785,6473,Mahindra XUV400,SUV,39.4,2023
6786,6474,Tata Tiago EV,Hatchback,24.0,2024
6787,6475,Mahindra BE 6,SUV,59.0,2025
6788,6476,MG ZS EV,SUV,50.3,2023
6789,6477,Tata Punch EV,Hatchback,35.0,2020
6790,6478,Hyundai Ioniq 5,SUV,72.6,2025
6791,6479,Mahindra BE 6,SUV,59.0,2025
6792,6480,Tata Tiago EV,Hatchback,24.0,2024
6793,6481,Kia EV6,SUV,77.4,2023
6794,6482,Kia EV6,SUV,77.4,2022
6795,6483,Hyundai Ioniq 5,SUV,72.6,2020
6796,6484,Mahindra BE 6,SUV,59.0,2024
6797,6485,Mahindra BE 6,SUV,59.0,2024
6798,6486,Kia EV6,SUV,77.4,2025
6799,6487,Mahindra XUV400,SUV,39.4,2023
6800,6488,Tata Punch EV,Hatchback,35.0,2021
6801,6489,BYD Atto 3,SUV,60.5,2024
6802,6490,BYD Atto 3,SUV,60.5,2021
6803,6491,Mahindra BE 6,SUV,59.0,2025
6804,6492,Hyundai Kona Electric,SUV,39.2,2023
6805,6493,Tata Tiago EV,Hatchback,24.0,2020
6806,6494,Hyundai Ioniq 5,SUV,72.6,2020
6807,6495,Tata Punch EV,Hatchback,35.0,2021
6808,6496,Kia EV6,SUV,77.4,2021
6809,6497,Mahindra BE 6,SUV,59.0,2023
6810,6498,Kia EV6,SUV,77.4,2022
6811,6499,Hyundai Ioniq 5,SUV,72.6,2025
6812,6500,Mahindra BE 6,SUV,59.0,2024
6813,6501,Tata Nexon EV,SUV,30.2,2021
6814,6502,Mahindra XUV400,SUV,39.4,2022
6815,6503,Hyundai Kona Electric,SUV,39.2,2024
6816,6504,Mahindra BE 6,SUV,59.0,2025
6817,6505,Mahindra XUV400,SUV,39.4,2021
6818,6506,Mahindra BE 6,SUV,59.0,2023
6819,6507,Tata Tiago EV,Hatchback,24.0,2023
6820,6508,Hyundai Ioniq 5,SUV,72.6,2020
6821,6509,Mahindra XUV400,SUV,39.4,2022
6822,6510,Tata Tiago EV,Hatchback,24.0,2023
6823,6511,MG ZS EV,SUV,50.3,2023
6824,6511,BYD Atto 3,SUV,60.5,2024
6825,6512,Hyundai Kona Electric,SUV,39.2,2023
6826,6513,Tata Nexon EV,SUV,30.2,2022
6827,6514,Tata Tiago EV,Hatchback,24.0,2022
6828,6515,Tata Punch EV,Hatchback,35.0,2025
6829,6516,Tata Nexon EV,SUV,30.2,2025
6830,6517,Kia EV6,SUV,77.4,2022
6831,6518,Mahindra XUV400,SUV,39.4,2025
6832,6519,Mahindra XUV400,SUV,39.4,2025
6833,6520,Mahindra XUV400,SUV,39.4,2020
6834,6521,MG ZS EV,SUV,50.3,2023
6835,6522,Hyundai Kona Electric,SUV,39.2,2021
6836,6523,Tata Tiago EV,Hatchback,24.0,2023
6837,6523,Mahindra BE 6,SUV,59.0,2025
6838,6524,Tata Punch EV,Hatchback,35.0,2021
6839,6525,Hyundai Ioniq 5,SUV,72.6,2021
6840,6526,Mahindra BE 6,SUV,59.0,2024
6841,6527,Tata Tiago EV,Hatchback,24.0,2025
6842,6528,Hyundai Kona Electric,SUV,39.2,2020
6843,6529,MG ZS EV,SUV,50.3,2022
6844,6530,Kia EV6,SUV,77.4,2022
6845,6531,Hyundai Kona Electric,SUV,39.2,2023
6846,6532,Tata Punch EV,Hatchback,35.0,2025
6847,6533,BYD Atto 3,SUV,60.5,2025
6848,6534,Hyundai Kona Electric,SUV,39.2,2021
6849,6535,Hyundai Ioniq 5,SUV,72.6,2023
6850,6536,Kia EV6,SUV,77.4,2025
6851,6536,Mahindra BE 6,SUV,59.0,2024
6852,6537,Mahindra XUV400,SUV,39.4,2024
6853,6538,Hyundai Ioniq 5,SUV,72.6,2021
6854,6539,Hyundai Ioniq 5,SUV,72.6,2020
6855,6540,BYD Atto 3,SUV,60.5,2022
6856,6541,BYD Atto 3,SUV,60.5,2022
6857,6542,Mahindra BE 6,SUV,59.0,2020
6858,6543,Hyundai Kona Electric,SUV,39.2,2023
6859,6543,MG ZS EV,SUV,50.3,2021
6860,6544,Mahindra XUV400,SUV,39.4,2024
6861,6545,Kia EV6,SUV,77.4,2023
6862,6546,Mahindra BE 6,SUV,59.0,2021
6863,6547,Mahindra BE 6,SUV,59.0,2024
6864,6548,Tata Punch EV,Hatchback,35.0,2021
6865,6549,MG ZS EV,SUV,50.3,2022
6866,6550,Tata Tiago EV,Hatchback,24.0,2023
6867,6551,Tata Tiago EV,Hatchback,24.0,2022
6868,6552,Mahindra XUV400,SUV,39.4,2020
6869,6553,Hyundai Kona Electric,SUV,39.2,2024
6870,6553,Mahindra XUV400,SUV,39.4,2025
6871,6554,Tata Nexon EV,SUV,30.2,2024
6872,6555,Kia EV6,SUV,77.4,2024
6873,6556,Tata Nexon EV,SUV,30.2,2024
6874,6557,Hyundai Kona Electric,SUV,39.2,2025
6875,6558,Kia EV6,SUV,77.4,2021
6876,6559,Tata Tiago EV,Hatchback,24.0,2024
6877,6560,Mahindra BE 6,SUV,59.0,2021
6878,6561,Tata Tiago EV,Hatchback,24.0,2025
6879,6562,MG ZS EV,SUV,50.3,2020
6880,6563,Hyundai Ioniq 5,SUV,72.6,2020
6881,6564,Tata Punch EV,Hatchback,35.0,2021
6882,6565,Mahindra XUV400,SUV,39.4,2023
6883,6566,Tata Punch EV,Hatchback,35.0,2022
6884,6567,BYD Atto 3,SUV,60.5,2023
6885,6568,MG ZS EV,SUV,50.3,2023
6886,6569,Tata Tiago EV,Hatchback,24.0,2025
6887,6570,Mahindra BE 6,SUV,59.0,2024
6888,6571,Hyundai Ioniq 5,SUV,72.6,2020
6889,6572,Hyundai Ioniq 5,SUV,72.6,2021
6890,6573,Tata Punch EV,Hatchback,35.0,2020
6891,6574,Mahindra BE 6,SUV,59.0,2021
6892,6575,Mahindra XUV400,SUV,39.4,2022
6893,6576,Mahindra XUV400,SUV,39.4,2025
6894,6577,Hyundai Ioniq 5,SUV,72.6,2023
6895,6578,BYD Atto 3,SUV,60.5,2022
6896,6579,BYD Atto 3,SUV,60.5,2022
6897,6580,Tata Nexon EV,SUV,30.2,2025
6898,6581,Mahindra XUV400,SUV,39.4,2024
6899,6582,Tata Nexon EV,SUV,30.2,2022
6900,6583,Tata Punch EV,Hatchback,35.0,2020
6901,6584,Tata Nexon EV,SUV,30.2,2024
6902,6585,Tata Punch EV,Hatchback,35.0,2024
6903,6586,Mahindra XUV400,SUV,39.4,2020
6904,6587,Mahindra BE 6,SUV,59.0,2023
6905,6588,Mahindra BE 6,SUV,59.0,2022
6906,6589,Tata Tiago EV,Hatchback,24.0,2021
6907,6590,MG ZS EV,SUV,50.3,2024
6908,6591,Mahindra BE 6,SUV,59.0,2024
6909,6592,Tata Nexon EV,SUV,30.2,2021
6910,6593,MG ZS EV,SUV,50.3,2020
6911,6594,Tata Tiago EV,Hatchback,24.0,2022
6912,6595,Tata Punch EV,Hatchback,35.0,2020
6913,6596,Hyundai Ioniq 5,SUV,72.6,2023
6914,6597,Hyundai Kona Electric,SUV,39.2,2025
6915,6598,Mahindra XUV400,SUV,39.4,2020
6916,6599,Hyundai Kona Electric,SUV,39.2,2024
6917,6600,Tata Nexon EV,SUV,30.2,2021
6918,6601,MG ZS EV,SUV,50.3,2020
6919,6602,Hyundai Kona Electric,SUV,39.2,2021
6920,6603,Tata Punch EV,Hatchback,35.0,2020
6921,6604,Hyundai Kona Electric,SUV,39.2,2023
6922,6605,Hyundai Kona Electric,SUV,39.2,2025
6923,6606,Tata Tiago EV,Hatchback,24.0,2023
6924,6607,Tata Tiago EV,Hatchback,24.0,2020
6925,6608,Hyundai Kona Electric,SUV,39.2,2023
6926,6609,Hyundai Kona Electric,SUV,39.2,2025
6927,6610,Mahindra XUV400,SUV,39.4,2021
6928,6611,Hyundai Ioniq 5,SUV,72.6,2022
6929,6612,Hyundai Kona Electric,SUV,39.2,2020
6930,6613,Mahindra BE 6,SUV,59.0,2020
6931,6614,Hyundai Ioniq 5,SUV,72.6,2022
6932,6615,Hyundai Kona Electric,SUV,39.2,2021
6933,6616,MG ZS EV,SUV,50.3,2023
6934,6617,Mahindra XUV400,SUV,39.4,2021
6935,6618,Tata Punch EV,Hatchback,35.0,2024
6936,6619,Mahindra XUV400,SUV,39.4,2022
6937,6620,Tata Punch EV,Hatchback,35.0,2022
6938,6621,Tata Tiago EV,Hatchback,24.0,2023
6939,6622,Tata Tiago EV,Hatchback,24.0,2022
6940,6623,MG ZS EV,SUV,50.3,2023
6941,6624,Kia EV6,SUV,77.4,2024
6942,6625,MG ZS EV,SUV,50.3,2025
6943,6626,Tata Punch EV,Hatchback,35.0,2025
6944,6627,Kia EV6,SUV,77.4,2025
6945,6628,Mahindra BE 6,SUV,59.0,2022
6946,6629,Tata Punch EV,Hatchback,35.0,2022
6947,6630,Mahindra BE 6,SUV,59.0,2021
6948,6631,BYD Atto 3,SUV,60.5,2022
6949,6632,Mahindra BE 6,SUV,59.0,2023
6950,6633,Kia EV6,SUV,77.4,2022
6951,6634,Mahindra BE 6,SUV,59.0,2023
6952,6634,BYD Atto 3,SUV,60.5,2023
6953,6635,Mahindra XUV400,SUV,39.4,2022
6954,6636,MG ZS EV,SUV,50.3,2024
6955,6637,Kia EV6,SUV,77.4,2024
6956,6638,Tata Tiago EV,Hatchback,24.0,2025
6957,6639,Mahindra XUV400,SUV,39.4,2020
6958,6640,Tata Tiago EV,Hatchback,24.0,2023
6959,6641,Kia EV6,SUV,77.4,2025
6960,6642,Tata Punch EV,Hatchback,35.0,2025
6961,6643,BYD Atto 3,SUV,60.5,2025
6962,6644,Mahindra BE 6,SUV,59.0,2021
6963,6645,BYD Atto 3,SUV,60.5,2020
6964,6646,BYD Atto 3,SUV,60.5,2020
6965,6647,Hyundai Kona Electric,SUV,39.2,2024
6966,6648,Hyundai Kona Electric,SUV,39.2,2020
6967,6649,MG ZS EV,SUV,50.3,2021
6968,6650,Tata Tiago EV,Hatchback,24.0,2021
6969,6651,Tata Nexon EV,SUV,30.2,2022
6970,6652,Tata Tiago EV,Hatchback,24.0,2022
6971,6653,Tata Punch EV,Hatchback,35.0,2020
6972,6654,Hyundai Kona Electric,SUV,39.2,2024
6973,6655,Tata Punch EV,Hatchback,35.0,2021
6974,6656,MG ZS EV,SUV,50.3,2025
6975,6657,Tata Tiago EV,Hatchback,24.0,2021
6976,6658,Hyundai Kona Electric,SUV,39.2,2025
6977,6659,Tata Nexon EV,SUV,30.2,2023
6978,6660,Tata Nexon EV,SUV,30.2,2022
6979,6661,Mahindra XUV400,SUV,39.4,2023
6980,6662,Hyundai Ioniq 5,SUV,72.6,2021
6981,6663,Mahindra XUV400,SUV,39.4,2022
6982,6664,BYD Atto 3,SUV,60.5,2020
6983,6665,Tata Nexon EV,SUV,30.2,2020
6984,6666,Mahindra XUV400,SUV,39.4,2022
6985,6667,Mahindra BE 6,SUV,59.0,2022
6986,6668,Mahindra XUV400,SUV,39.4,2021
6987,6669,Hyundai Kona Electric,SUV,39.2,2020
6988,6670,Hyundai Kona Electric,SUV,39.2,2024
6989,6671,BYD Atto 3,SUV,60.5,2021
6990,6671,Kia EV6,SUV,77.4,2024
6991,6672,Hyundai Kona Electric,SUV,39.2,2022
6992,6673,Mahindra BE 6,SUV,59.0,2024
6993,6674,Hyundai Ioniq 5,SUV,72.6,2025
6994,6675,Tata Tiago EV,Hatchback,24.0,2023
6995,6676,Mahindra BE 6,SUV,59.0,2024
6996,6677,Hyundai Ioniq 5,SUV,72.6,2020
6997,6678,BYD Atto 3,SUV,60.5,2021
6998,6679,MG ZS EV,SUV,50.3,2024
6999,6680,BYD Atto 3,SUV,60.5,2022
7000,6680,Tata Tiago EV,Hatchback,24.0,2023
7001,6681,BYD Atto 3,SUV,60.5,2020
7002,6682,Mahindra BE 6,SUV,59.0,2025
7003,6683,BYD Atto 3,SUV,60.5,2021
7004,6684,Mahindra XUV400,SUV,39.4,2020
7005,6685,MG ZS EV,SUV,50.3,2020
7006,6686,MG ZS EV,SUV,50.3,2021
7007,6687,Tata Punch EV,Hatchback,35.0,2025
7008,6688,Mahindra BE 6,SUV,59.0,2020
7009,6688,Tata Punch EV,Hatchback,35.0,2024
7010,6689,Kia EV6,SUV,77.4,2025
7011,6690,Hyundai Ioniq 5,SUV,72.6,2023
7012,6691,BYD Atto 3,SUV,60.5,2020
7013,6692,MG ZS EV,SUV,50.3,2020
7014,6693,Tata Tiago EV,Hatchback,24.0,2022
7015,6694,Tata Tiago EV,Hatchback,24.0,2022
7016,6695,Hyundai Ioniq 5,SUV,72.6,2023
7017,6696,Tata Nexon EV,SUV,30.2,2025
7018,6697,MG ZS EV,SUV,50.3,2021
7019,6698,Hyundai Ioniq 5,SUV,72.6,2021
7020,6699,MG ZS EV,SUV,50.3,2021
7021,6700,Hyundai Kona Electric,SUV,39.2,2022
7022,6701,Tata Tiago EV,Hatchback,24.0,2022
7023,6702,Tata Punch EV,Hatchback,35.0,2021
7024,6703,Hyundai Kona Electric,SUV,39.2,2023
7025,6704,Hyundai Ioniq 5,SUV,72.6,2025
7026,6705,Hyundai Kona Electric,SUV,39.2,2020
7027,6706,Mahindra XUV400,SUV,39.4,2023
7028,6707,BYD Atto 3,SUV,60.5,2022
7029,6708,Tata Nexon EV,SUV,30.2,2024
7030,6709,MG ZS EV,SUV,50.3,2023
7031,6710,Mahindra XUV400,SUV,39.4,2022
7032,6710,Tata Nexon EV,SUV,30.2,2024
7033,6711,Tata Nexon EV,SUV,30.2,2020
7034,6712,Mahindra XUV400,SUV,39.4,2020
7035,6713,Tata Nexon EV,SUV,30.2,2020
7036,6714,Tata Nexon EV,SUV,30.2,2024
7037,6715,Mahindra BE 6,SUV,59.0,2025
7038,6716,BYD Atto 3,SUV,60.5,2021
7039,6717,Tata Punch EV,Hatchback,35.0,2024
7040,6718,Hyundai Kona Electric,SUV,39.2,2022
7041,6719,Hyundai Ioniq 5,SUV,72.6,2021
7042,6720,Tata Nexon EV,SUV,30.2,2022
7043,6721,Mahindra BE 6,SUV,59.0,2024
7044,6722,Tata Punch EV,Hatchback,35.0,2022
7045,6723,Hyundai Kona Electric,SUV,39.2,2022
7046,6724,Hyundai Kona Electric,SUV,39.2,2024
7047,6725,Mahindra BE 6,SUV,59.0,2020
7048,6726,Kia EV6,SUV,77.4,2021
7049,6727,Hyundai Kona Electric,SUV,39.2,2024
7050,6728,Mahindra BE 6,SUV,59.0,2020
7051,6729,BYD Atto 3,SUV,60.5,2020
7052,6730,Tata Punch EV,Hatchback,35.0,2022
7053,6731,Tata Tiago EV,Hatchback,24.0,2022
7054,6732,Tata Nexon EV,SUV,30.2,2025
7055,6733,Tata Nexon EV,SUV,30.2,2022
7056,6734,MG ZS EV,SUV,50.3,2022
7057,6735,MG ZS EV,SUV,50.3,2022
7058,6736,Mahindra XUV400,SUV,39.4,2020
7059,6737,Tata Nexon EV,SUV,30.2,2025
7060,6738,Mahindra XUV400,SUV,39.4,2025
7061,6739,Hyundai Ioniq 5,SUV,72.6,2021
7062,6740,Mahindra BE 6,SUV,59.0,2024
7063,6741,Hyundai Ioniq 5,SUV,72.6,2022
7064,6742,Kia EV6,SUV,77.4,2022
7065,6743,BYD Atto 3,SUV,60.5,2021
7066,6744,Kia EV6,SUV,77.4,2025
7067,6745,MG ZS EV,SUV,50.3,2023
7068,6746,Tata Tiago EV,Hatchback,24.0,2024
7069,6747,Mahindra BE 6,SUV,59.0,2025
7070,6748,BYD Atto 3,SUV,60.5,2024
7071,6748,Hyundai Ioniq 5,SUV,72.6,2024
7072,6749,Tata Tiago EV,Hatchback,24.0,2023
7073,6750,Hyundai Ioniq 5,SUV,72.6,2024
7074,6751,Mahindra BE 6,SUV,59.0,2022
7075,6752,BYD Atto 3,SUV,60.5,2020
7076,6753,Tata Nexon EV,SUV,30.2,2024
7077,6754,Tata Nexon EV,SUV,30.2,2021
7078,6755,Tata Punch EV,Hatchback,35.0,2022
7079,6756,Tata Punch EV,Hatchback,35.0,2023
7080,6757,Mahindra BE 6,SUV,59.0,2021
7081,6758,Kia EV6,SUV,77.4,2022
7082,6759,Mahindra XUV400,SUV,39.4,2023
7083,6760,Kia EV6,SUV,77.4,2023
7084,6761,Tata Tiago EV,Hatchback,24.0,2020
7085,6762,Hyundai Kona Electric,SUV,39.2,2023
7086,6763,Tata Tiago EV,Hatchback,24.0,2023
7087,6763,Mahindra XUV400,SUV,39.4,2022
7088,6764,Tata Punch EV,Hatchback,35.0,2023
7089,6765,Tata Nexon EV,SUV,30.2,2024
7090,6766,Tata Punch EV,Hatchback,35.0,2021
7091,6767,Hyundai Ioniq 5,SUV,72.6,2020
7092,6768,Tata Nexon EV,SUV,30.2,2024
7093,6769,Hyundai Ioniq 5,SUV,72.6,2025
7094,6770,Kia EV6,SUV,77.4,2021
7095,6770,Hyundai Kona Electric,SUV,39.2,2023
7096,6771,Tata Punch EV,Hatchback,35.0,2024
7097,6772,Tata Tiago EV,Hatchback,24.0,2023
7098,6773,Mahindra BE 6,SUV,59.0,2023
7099,6774,Kia EV6,SUV,77.4,2020
7100,6775,Mahindra XUV400,SUV,39.4,2022
7101,6776,Tata Nexon EV,SUV,30.2,2024
7102,6777,BYD Atto 3,SUV,60.5,2024
7103,6778,Tata Tiago EV,Hatchback,24.0,2023
7104,6779,Kia EV6,SUV,77.4,2020
7105,6780,MG ZS EV,SUV,50.3,2023
7106,6781,BYD Atto 3,SUV,60.5,2020
7107,6782,MG ZS EV,SUV,50.3,2021
7108,6783,Mahindra XUV400,SUV,39.4,2025
7109,6784,MG ZS EV,SUV,50.3,2020
7110,6785,BYD Atto 3,SUV,60.5,2020
7111,6786,Tata Tiago EV,Hatchback,24.0,2020
7112,6787,Mahindra BE 6,SUV,59.0,2022
7113,6788,MG ZS EV,SUV,50.3,2023
7114,6789,Mahindra XUV400,SUV,39.4,2020
7115,6790,BYD Atto 3,SUV,60.5,2022
7116,6791,Hyundai Kona Electric,SUV,39.2,2020
7117,6792,BYD Atto 3,SUV,60.5,2022
7118,6793,Tata Tiago EV,Hatchback,24.0,2023
7119,6794,Mahindra BE 6,SUV,59.0,2023
7120,6795,Tata Punch EV,Hatchback,35.0,2021
7121,6796,Hyundai Kona Electric,SUV,39.2,2025
7122,6797,Tata Nexon EV,SUV,30.2,2023
7123,6798,MG ZS EV,SUV,50.3,2025
7124,6799,Tata Tiago EV,Hatchback,24.0,2022
7125,6800,Hyundai Kona Electric,SUV,39.2,2020
7126,6801,Mahindra XUV400,SUV,39.4,2020
7127,6802,Tata Punch EV,Hatchback,35.0,2024
7128,6803,Mahindra XUV400,SUV,39.4,2020
7129,6804,Hyundai Ioniq 5,SUV,72.6,2020
7130,6805,Hyundai Ioniq 5,SUV,72.6,2022
7131,6806,Mahindra XUV400,SUV,39.4,2020
7132,6807,MG ZS EV,SUV,50.3,2022
7133,6808,Hyundai Ioniq 5,SUV,72.6,2020
7134,6809,Mahindra BE 6,SUV,59.0,2023
7135,6810,Mahindra XUV400,SUV,39.4,2020
7136,6811,MG ZS EV,SUV,50.3,2025
7137,6812,MG ZS EV,SUV,50.3,2020
7138,6813,Hyundai Ioniq 5,SUV,72.6,2025
7139,6814,Tata Tiago EV,Hatchback,24.0,2025
7140,6815,Hyundai Kona Electric,SUV,39.2,2024
7141,6816,Mahindra XUV400,SUV,39.4,2024
7142,6817,BYD Atto 3,SUV,60.5,2021
7143,6818,MG ZS EV,SUV,50.3,2023
7144,6819,Tata Punch EV,Hatchback,35.0,2023
7145,6820,MG ZS EV,SUV,50.3,2022
7146,6821,Tata Punch EV,Hatchback,35.0,2021
7147,6822,Tata Punch EV,Hatchback,35.0,2023
7148,6823,Tata Nexon EV,SUV,30.2,2025
7149,6824,Tata Nexon EV,SUV,30.2,2025
7150,6825,Kia EV6,SUV,77.4,2025
7151,6826,Hyundai Kona Electric,SUV,39.2,2020
7152,6827,Hyundai Kona Electric,SUV,39.2,2023
7153,6828,Mahindra XUV400,SUV,39.4,2025
7154,6829,Hyundai Ioniq 5,SUV,72.6,2025
7155,6830,Mahindra BE 6,SUV,59.0,2025
7156,6831,Mahindra BE 6,SUV,59.0,2021
7157,6832,Tata Tiago EV,Hatchback,24.0,2023
7158,6833,Hyundai Ioniq 5,SUV,72.6,2020
7159,6834,Tata Punch EV,Hatchback,35.0,2021
7160,6835,Hyundai Ioniq 5,SUV,72.6,2021
7161,6836,Tata Nexon EV,SUV,30.2,2020
7162,6837,Tata Nexon EV,SUV,30.2,2024
7163,6838,BYD Atto 3,SUV,60.5,2025
7164,6839,BYD Atto 3,SUV,60.5,2024
7165,6840,Hyundai Kona Electric,SUV,39.2,2025
7166,6840,Tata Punch EV,Hatchback,35.0,2024
7167,6841,Mahindra BE 6,SUV,59.0,2022
7168,6842,Mahindra BE 6,SUV,59.0,2020
7169,6843,Tata Nexon EV,SUV,30.2,2023
7170,6844,Mahindra BE 6,SUV,59.0,2025
7171,6845,Tata Nexon EV,SUV,30.2,2025
7172,6846,Mahindra BE 6,SUV,59.0,2021
7173,6847,Kia EV6,SUV,77.4,2024
7174,6848,Tata Nexon EV,SUV,30.2,2020
7175,6849,Mahindra BE 6,SUV,59.0,2024
7176,6850,Kia EV6,SUV,77.4,2023
7177,6851,Tata Punch EV,Hatchback,35.0,2025
7178,6852,Kia EV6,SUV,77.4,2022
7179,6853,Hyundai Ioniq 5,SUV,72.6,2024
7180,6854,Hyundai Kona Electric,SUV,39.2,2025
7181,6855,Hyundai Ioniq 5,SUV,72.6,2024
7182,6856,Mahindra XUV400,SUV,39.4,2020
7183,6856,Mahindra XUV400,SUV,39.4,2024
7184,6857,Hyundai Kona Electric,SUV,39.2,2025
7185,6858,Hyundai Ioniq 5,SUV,72.6,2020
7186,6859,Hyundai Ioniq 5,SUV,72.6,2024
7187,6860,Mahindra BE 6,SUV,59.0,2023
7188,6861,MG ZS EV,SUV,50.3,2025
7189,6862,Mahindra XUV400,SUV,39.4,2022
7190,6863,Tata Tiago EV,Hatchback,24.0,2022
7191,6864,Mahindra BE 6,SUV,59.0,2021
7192,6865,BYD Atto 3,SUV,60.5,2022
7193,6866,Mahindra BE 6,SUV,59.0,2021
7194,6867,Hyundai Kona Electric,SUV,39.2,2022
7195,6868,Tata Tiago EV,Hatchback,24.0,2022
7196,6869,Kia EV6,SUV,77.4,2025
7197,6870,Tata Nexon EV,SUV,30.2,2021
7198,6871,Mahindra XUV400,SUV,39.4,2024
7199,6872,Tata Nexon EV,SUV,30.2,2022
7200,6873,Hyundai Kona Electric,SUV,39.2,2022
7201,6874,Kia EV6,SUV,77.4,2024
7202,6875,Kia EV6,SUV,77.4,2022
7203,6876,Hyundai Kona Electric,SUV,39.2,2020
7204,6877,Tata Nexon EV,SUV,30.2,2021
7205,6878,MG ZS EV,SUV,50.3,2023
7206,6878,BYD Atto 3,SUV,60.5,2023
7207,6879,Kia EV6,SUV,77.4,2022
7208,6880,Mahindra BE 6,SUV,59.0,2024
7209,6880,Hyundai Kona Electric,SUV,39.2,2021
7210,6881,Tata Nexon EV,SUV,30.2,2023
7211,6882,Mahindra BE 6,SUV,59.0,2022
7212,6882,Kia EV6,SUV,77.4,2024
7213,6883,Hyundai Kona Electric,SUV,39.2,2020
7214,6884,Tata Punch EV,Hatchback,35.0,2025
7215,6885,Kia EV6,SUV,77.4,2021
7216,6886,Hyundai Ioniq 5,SUV,72.6,2024
7217,6887,Tata Nexon EV,SUV,30.2,2025
7218,6888,MG ZS EV,SUV,50.3,2020
7219,6889,Tata Tiago EV,Hatchback,24.0,2022
7220,6890,BYD Atto 3,SUV,60.5,2025
7221,6891,Tata Punch EV,Hatchback,35.0,2023
7222,6892,Kia EV6,SUV,77.4,2022
7223,6893,Mahindra BE 6,SUV,59.0,2021
7224,6894,Tata Nexon EV,SUV,30.2,2020
7225,6895,Tata Punch EV,Hatchback,35.0,2022
7226,6896,Tata Tiago EV,Hatchback,24.0,2023
7227,6897,BYD Atto 3,SUV,60.5,2022
7228,6898,Kia EV6,SUV,77.4,2022
7229,6899,BYD Atto 3,SUV,60.5,2023
7230,6899,Kia EV6,SUV,77.4,2021
7231,6900,Tata Tiago EV,Hatchback,24.0,2022
7232,6901,Tata Punch EV,Hatchback,35.0,2023
7233,6902,Tata Punch EV,Hatchback,35.0,2024
7234,6903,Hyundai Kona Electric,SUV,39.2,2025
7235,6904,Mahindra XUV400,SUV,39.4,2025
7236,6905,BYD Atto 3,SUV,60.5,2023
7237,6906,Tata Punch EV,Hatchback,35.0,2022
7238,6907,Kia EV6,SUV,77.4,2025
7239,6907,Hyundai Ioniq 5,SUV,72.6,2020
7240,6908,MG ZS EV,SUV,50.3,2022
7241,6909,MG ZS EV,SUV,50.3,2020
7242,6910,Kia EV6,SUV,77.4,2020
7243,6911,Tata Punch EV,Hatchback,35.0,2021
7244,6912,Tata Punch EV,Hatchback,35.0,2025
7245,6913,Kia EV6,SUV,77.4,2021
7246,6914,Tata Tiago EV,Hatchback,24.0,2025
7247,6915,Hyundai Ioniq 5,SUV,72.6,2025
7248,6916,Tata Tiago EV,Hatchback,24.0,2021
7249,6917,MG ZS EV,SUV,50.3,2023
7250,6918,Kia EV6,SUV,77.4,2025
7251,6919,Mahindra BE 6,SUV,59.0,2025
7252,6920,Hyundai Kona Electric,SUV,39.2,2020
7253,6921,Kia EV6,SUV,77.4,2020
7254,6921,Kia EV6,SUV,77.4,2020
7255,6922,Mahindra XUV400,SUV,39.4,2024
7256,6923,BYD Atto 3,SUV,60.5,2022
7257,6924,Tata Punch EV,Hatchback,35.0,2021
7258,6925,Mahindra BE 6,SUV,59.0,2021
7259,6926,BYD Atto 3,SUV,60.5,2023
7260,6927,Mahindra XUV400,SUV,39.4,2025
7261,6928,Mahindra BE 6,SUV,59.0,2022
7262,6929,MG ZS EV,SUV,50.3,2023
7263,6930,Tata Tiago EV,Hatchback,24.0,2024
7264,6931,MG ZS EV,SUV,50.3,2021
7265,6932,Mahindra BE 6,SUV,59.0,2023
7266,6933,BYD Atto 3,SUV,60.5,2025
7267,6934,Tata Tiago EV,Hatchback,24.0,2022
7268,6935,MG ZS EV,SUV,50.3,2020
7269,6936,Hyundai Kona Electric,SUV,39.2,2021
7270,6937,MG ZS EV,SUV,50.3,2020
7271,6938,Tata Punch EV,Hatchback,35.0,2020
7272,6939,Tata Tiago EV,Hatchback,24.0,2023
7273,6940,Tata Punch EV,Hatchback,35.0,2020
7274,6941,Hyundai Kona Electric,SUV,39.2,2025
7275,6942,Tata Nexon EV,SUV,30.2,2025
7276,6943,Mahindra BE 6,SUV,59.0,2025
7277,6944,MG ZS EV,SUV,50.3,2021
7278,6945,Kia EV6,SUV,77.4,2025
7279,6946,Kia EV6,SUV,77.4,2024
7280,6947,Mahindra XUV400,SUV,39.4,2022
7281,6948,Kia EV6,SUV,77.4,2020
7282,6949,Tata Nexon EV,SUV,30.2,2022
7283,6949,MG ZS EV,SUV,50.3,2024
7284,6950,Tata Nexon EV,SUV,30.2,2021
7285,6951,Mahindra XUV400,SUV,39.4,2022
7286,6952,Mahindra XUV400,SUV,39.4,2022
7287,6953,Mahindra XUV400,SUV,39.4,2020
7288,6954,BYD Atto 3,SUV,60.5,2024
7289,6955,Tata Tiago EV,Hatchback,24.0,2025
7290,6956,Tata Nexon EV,SUV,30.2,2021
7291,6957,Tata Nexon EV,SUV,30.2,2021
7292,6958,Tata Punch EV,Hatchback,35.0,2020
7293,6959,BYD Atto 3,SUV,60.5,2024
7294,6960,Mahindra XUV400,SUV,39.4,2023
7295,6961,Tata Tiago EV,Hatchback,24.0,2021
7296,6962,Mahindra XUV400,SUV,39.4,2025
7297,6962,BYD Atto 3,SUV,60.5,2022
7298,6963,MG ZS EV,SUV,50.3,2021
7299,6964,MG ZS EV,SUV,50.3,2022
7300,6965,Mahindra BE 6,SUV,59.0,2020
7301,6966,MG ZS EV,SUV,50.3,2023
7302,6967,Mahindra XUV400,SUV,39.4,2020
7303,6968,BYD Atto 3,SUV,60.5,2023
7304,6968,Hyundai Ioniq 5,SUV,72.6,2025
7305,6969,BYD Atto 3,SUV,60.5,2021
7306,6969,Hyundai Kona Electric,SUV,39.2,2024
7307,6970,Tata Punch EV,Hatchback,35.0,2022
7308,6971,BYD Atto 3,SUV,60.5,2020
7309,6972,Tata Punch EV,Hatchback,35.0,2023
7310,6972,Hyundai Kona Electric,SUV,39.2,2024
7311,6973,Kia EV6,SUV,77.4,2023
7312,6974,BYD Atto 3,SUV,60.5,2023
7313,6975,Hyundai Ioniq 5,SUV,72.6,2022
7314,6976,Tata Tiago EV,Hatchback,24.0,2020
7315,6977,Mahindra XUV400,SUV,39.4,2024
7316,6978,MG ZS EV,SUV,50.3,2020
7317,6979,Tata Tiago EV,Hatchback,24.0,2020
7318,6980,Mahindra BE 6,SUV,59.0,2024
7319,6981,Tata Tiago EV,Hatchback,24.0,2021
7320,6982,MG ZS EV,SUV,50.3,2025
7321,6983,Mahindra XUV400,SUV,39.4,2020
7322,6984,Tata Nexon EV,SUV,30.2,2023
7323,6985,Tata Punch EV,Hatchback,35.0,2022
7324,6986,Mahindra XUV400,SUV,39.4,2021
7325,6987,Tata Tiago EV,Hatchback,24.0,2025
7326,6988,Tata Tiago EV,Hatchback,24.0,2022
7327,6989,Kia EV6,SUV,77.4,2021
7328,6990,Hyundai Kona Electric,SUV,39.2,2023
7329,6991,Mahindra BE 6,SUV,59.0,2023
7330,6992,Hyundai Kona Electric,SUV,39.2,2020
7331,6992,Tata Tiago EV,Hatchback,24.0,2025
7332,6993,Kia EV6,SUV,77.4,2025
7333,6994,Mahindra XUV400,SUV,39.4,2022
7334,6995,Tata Punch EV,Hatchback,35.0,2021
7335,6996,Tata Tiago EV,Hatchback,24.0,2022
7336,6997,Tata Nexon EV,SUV,30.2,2024
7337,6998,BYD Atto 3,SUV,60.5,2021
7338,6999,Tata Tiago EV,Hatchback,24.0,2022
7339,7000,Hyundai Ioniq 5,SUV,72.6,2020
7340,7001,Mahindra BE 6,SUV,59.0,2024
7341,7002,Kia EV6,SUV,77.4,2023
7342,7003,BYD Atto 3,SUV,60.5,2024
7343,7004,Mahindra BE 6,SUV,59.0,2024
7344,7005,MG ZS EV,SUV,50.3,2022
7345,7006,Tata Tiago EV,Hatchback,24.0,2022
7346,7007,Mahindra XUV400,SUV,39.4,2025
7347,7008,Tata Nexon EV,SUV,30.2,2024
7348,7009,Hyundai Kona Electric,SUV,39.2,2025
7349,7010,Tata Punch EV,Hatchback,35.0,2021
7350,7011,Tata Tiago EV,Hatchback,24.0,2020
7351,7012,Kia EV6,SUV,77.4,2020
7352,7013,Tata Punch EV,Hatchback,35.0,2021
7353,7014,Mahindra BE 6,SUV,59.0,2022
7354,7015,Mahindra XUV400,SUV,39.4,2021
7355,7016,Hyundai Kona Electric,SUV,39.2,2022
7356,7017,Hyundai Kona Electric,SUV,39.2,2024
7357,7018,Hyundai Ioniq 5,SUV,72.6,2020
7358,7019,MG ZS EV,SUV,50.3,2022
7359,7020,Hyundai Kona Electric,SUV,39.2,2025
7360,7021,Tata Punch EV,Hatchback,35.0,2023
7361,7022,Tata Tiago EV,Hatchback,24.0,2025
7362,7023,Hyundai Ioniq 5,SUV,72.6,2020
7363,7024,Tata Tiago EV,Hatchback,24.0,2021
7364,7025,Kia EV6,SUV,77.4,2022
7365,7026,Hyundai Kona Electric,SUV,39.2,2020
7366,7027,MG ZS EV,SUV,50.3,2020
7367,7028,Tata Nexon EV,SUV,30.2,2024
7368,7029,Tata Tiago EV,Hatchback,24.0,2024
7369,7030,Tata Tiago EV,Hatchback,24.0,2022
7370,7031,Tata Nexon EV,SUV,30.2,2020
7371,7032,Tata Tiago EV,Hatchback,24.0,2025
7372,7033,Hyundai Ioniq 5,SUV,72.6,2023
7373,7034,Hyundai Ioniq 5,SUV,72.6,2022
7374,7035,Tata Punch EV,Hatchback,35.0,2021
7375,7036,Kia EV6,SUV,77.4,2024
7376,7037,Mahindra BE 6,SUV,59.0,2023
7377,7037,Tata Tiago EV,Hatchback,24.0,2021
7378,7038,Kia EV6,SUV,77.4,2023
7379,7038,BYD Atto 3,SUV,60.5,2023
7380,7039,Tata Tiago EV,Hatchback,24.0,2025
7381,7040,BYD Atto 3,SUV,60.5,2023
7382,7041,Tata Punch EV,Hatchback,35.0,2022
7383,7042,BYD Atto 3,SUV,60.5,2024
7384,7043,BYD Atto 3,SUV,60.5,2020
7385,7044,Tata Punch EV,Hatchback,35.0,2022
7386,7045,MG ZS EV,SUV,50.3,2021
7387,7046,BYD Atto 3,SUV,60.5,2024
7388,7047,Kia EV6,SUV,77.4,2023
7389,7048,Hyundai Kona Electric,SUV,39.2,2025
7390,7049,Tata Nexon EV,SUV,30.2,2024
7391,7050,Kia EV6,SUV,77.4,2021
7392,7051,BYD Atto 3,SUV,60.5,2025
7393,7052,Tata Punch EV,Hatchback,35.0,2023
7394,7053,BYD Atto 3,SUV,60.5,2023
7395,7054,Mahindra BE 6,SUV,59.0,2020
7396,7055,Tata Nexon EV,SUV,30.2,2024
7397,7056,MG ZS EV,SUV,50.3,2021
7398,7057,Tata Nexon EV,SUV,30.2,2024
7399,7058,MG ZS EV,SUV,50.3,2020
7400,7059,BYD Atto 3,SUV,60.5,2025
7401,7060,Tata Nexon EV,SUV,30.2,2020
7402,7061,Kia EV6,SUV,77.4,2024
7403,7062,Mahindra XUV400,SUV,39.4,2025
7404,7063,Tata Punch EV,Hatchback,35.0,2022
7405,7064,Kia EV6,SUV,77.4,2022
7406,7065,Tata Nexon EV,SUV,30.2,2024
7407,7066,Hyundai Kona Electric,SUV,39.2,2020
7408,7066,Tata Punch EV,Hatchback,35.0,2023
7409,7067,Hyundai Kona Electric,SUV,39.2,2023
7410,7068,BYD Atto 3,SUV,60.5,2025
7411,7069,Mahindra BE 6,SUV,59.0,2020
7412,7070,Tata Punch EV,Hatchback,35.0,2021
7413,7071,BYD Atto 3,SUV,60.5,2023
7414,7072,Mahindra BE 6,SUV,59.0,2023
7415,7073,BYD Atto 3,SUV,60.5,2023
7416,7074,MG ZS EV,SUV,50.3,2023
7417,7075,Mahindra XUV400,SUV,39.4,2025
7418,7076,Mahindra BE 6,SUV,59.0,2022
7419,7077,Tata Tiago EV,Hatchback,24.0,2023
7420,7078,Hyundai Kona Electric,SUV,39.2,2022
7421,7079,Mahindra BE 6,SUV,59.0,2021
7422,7080,Hyundai Ioniq 5,SUV,72.6,2024
7423,7081,Tata Tiago EV,Hatchback,24.0,2022
7424,7082,Kia EV6,SUV,77.4,2022
7425,7083,Hyundai Ioniq 5,SUV,72.6,2025
7426,7084,Tata Punch EV,Hatchback,35.0,2020
7427,7085,BYD Atto 3,SUV,60.5,2022
7428,7086,Kia EV6,SUV,77.4,2022
7429,7087,Kia EV6,SUV,77.4,2023
7430,7088,MG ZS EV,SUV,50.3,2025
7431,7089,MG ZS EV,SUV,50.3,2025
7432,7090,Kia EV6,SUV,77.4,2022
7433,7091,Mahindra BE 6,SUV,59.0,2021
7434,7092,Tata Punch EV,Hatchback,35.0,2021
7435,7093,Mahindra BE 6,SUV,59.0,2023
7436,7094,Tata Nexon EV,SUV,30.2,2020
7437,7095,Hyundai Kona Electric,SUV,39.2,2021
7438,7096,Hyundai Kona Electric,SUV,39.2,2021
7439,7097,Mahindra BE 6,SUV,59.0,2022
7440,7098,MG ZS EV,SUV,50.3,2023
7441,7099,Mahindra BE 6,SUV,59.0,2022
7442,7100,Hyundai Kona Electric,SUV,39.2,2023
7443,7101,Mahindra XUV400,SUV,39.4,2024
7444,7102,Tata Tiago EV,Hatchback,24.0,2021
7445,7103,Tata Tiago EV,Hatchback,24.0,2023
7446,7104,Mahindra XUV400,SUV,39.4,2022
7447,7105,Tata Tiago EV,Hatchback,24.0,2023
7448,7106,Mahindra BE 6,SUV,59.0,2024
7449,7107,Hyundai Kona Electric,SUV,39.2,2023
7450,7108,Kia EV6,SUV,77.4,2020
7451,7109,Tata Punch EV,Hatchback,35.0,2022
7452,7110,Hyundai Kona Electric,SUV,39.2,2020
7453,7111,Kia EV6,SUV,77.4,2022
7454,7112,Hyundai Kona Electric,SUV,39.2,2024
7455,7113,Mahindra BE 6,SUV,59.0,2020
7456,7114,Mahindra BE 6,SUV,59.0,2023
7457,7115,Hyundai Kona Electric,SUV,39.2,2020
7458,7116,BYD Atto 3,SUV,60.5,2021
7459,7117,BYD Atto 3,SUV,60.5,2021
7460,7118,Kia EV6,SUV,77.4,2025
7461,7119,Tata Tiago EV,Hatchback,24.0,2020
7462,7120,BYD Atto 3,SUV,60.5,2023
7463,7121,Tata Punch EV,Hatchback,35.0,2025
7464,7122,Tata Punch EV,Hatchback,35.0,2021
7465,7123,Tata Tiago EV,Hatchback,24.0,2020
7466,7123,Kia EV6,SUV,77.4,2025
7467,7124,Tata Nexon EV,SUV,30.2,2025
7468,7125,Hyundai Kona Electric,SUV,39.2,2021
7469,7126,Mahindra BE 6,SUV,59.0,2021
7470,7127,Tata Punch EV,Hatchback,35.0,2023
7471,7128,BYD Atto 3,SUV,60.5,2025
7472,7129,Tata Punch EV,Hatchback,35.0,2023
7473,7130,Tata Nexon EV,SUV,30.2,2020
7474,7131,Tata Nexon EV,SUV,30.2,2024
7475,7132,BYD Atto 3,SUV,60.5,2025
7476,7133,BYD Atto 3,SUV,60.5,2020
7477,7134,Tata Nexon EV,SUV,30.2,2022
7478,7135,Hyundai Kona Electric,SUV,39.2,2025
7479,7136,Mahindra XUV400,SUV,39.4,2024
7480,7137,Tata Nexon EV,SUV,30.2,2024
7481,7138,Tata Punch EV,Hatchback,35.0,2021
7482,7139,Hyundai Ioniq 5,SUV,72.6,2024
7483,7140,MG ZS EV,SUV,50.3,2025
7484,7141,Tata Nexon EV,SUV,30.2,2020
7485,7142,Mahindra XUV400,SUV,39.4,2021
7486,7143,Hyundai Ioniq 5,SUV,72.6,2022
7487,7144,Mahindra XUV400,SUV,39.4,2021
7488,7145,Mahindra BE 6,SUV,59.0,2020
7489,7146,Kia EV6,SUV,77.4,2020
7490,7147,Tata Tiago EV,Hatchback,24.0,2022
7491,7148,Tata Punch EV,Hatchback,35.0,2021
7492,7149,Mahindra XUV400,SUV,39.4,2023
7493,7150,Mahindra BE 6,SUV,59.0,2020
7494,7151,Tata Nexon EV,SUV,30.2,2025
7495,7152,Tata Nexon EV,SUV,30.2,2025
7496,7153,Tata Tiago EV,Hatchback,24.0,2025
7497,7154,Hyundai Ioniq 5,SUV,72.6,2024
7498,7155,Mahindra BE 6,SUV,59.0,2020
7499,7156,Hyundai Ioniq 5,SUV,72.6,2024
7500,7157,Mahindra XUV400,SUV,39.4,2023
7501,7158,Hyundai Kona Electric,SUV,39.2,2020
7502,7159,MG ZS EV,SUV,50.3,2024
7503,7160,Mahindra BE 6,SUV,59.0,2022
7504,7161,Tata Nexon EV,SUV,30.2,2023
7505,7161,Hyundai Kona Electric,SUV,39.2,2020
7506,7162,Mahindra XUV400,SUV,39.4,2021
7507,7163,Kia EV6,SUV,77.4,2025
7508,7164,MG ZS EV,SUV,50.3,2020
7509,7165,Tata Nexon EV,SUV,30.2,2025
7510,7166,Kia EV6,SUV,77.4,2023
7511,7166,Tata Tiago EV,Hatchback,24.0,2021
7512,7167,Mahindra BE 6,SUV,59.0,2025
7513,7168,Tata Tiago EV,Hatchback,24.0,2024
7514,7169,Tata Punch EV,Hatchback,35.0,2022
7515,7170,Tata Tiago EV,Hatchback,24.0,2021
7516,7171,Tata Tiago EV,Hatchback,24.0,2021
7517,7172,Mahindra XUV400,SUV,39.4,2021
7518,7173,Tata Punch EV,Hatchback,35.0,2024
7519,7174,Mahindra BE 6,SUV,59.0,2021
7520,7175,BYD Atto 3,SUV,60.5,2025
7521,7175,Mahindra XUV400,SUV,39.4,2020
7522,7176,Hyundai Kona Electric,SUV,39.2,2022
7523,7177,Tata Tiago EV,Hatchback,24.0,2022
7524,7178,BYD Atto 3,SUV,60.5,2021
7525,7179,Tata Nexon EV,SUV,30.2,2021
7526,7180,Tata Nexon EV,SUV,30.2,2021
7527,7181,Tata Punch EV,Hatchback,35.0,2020
7528,7182,MG ZS EV,SUV,50.3,2024
7529,7183,Kia EV6,SUV,77.4,2023
7530,7184,Tata Punch EV,Hatchback,35.0,2022
7531,7185,Hyundai Kona Electric,SUV,39.2,2023
7532,7186,MG ZS EV,SUV,50.3,2023
7533,7187,Hyundai Ioniq 5,SUV,72.6,2020
7534,7188,Mahindra XUV400,SUV,39.4,2023
7535,7189,Mahindra BE 6,SUV,59.0,2021
7536,7190,Tata Tiago EV,Hatchback,24.0,2021
7537,7191,Tata Tiago EV,Hatchback,24.0,2023
7538,7192,Tata Nexon EV,SUV,30.2,2020
7539,7193,MG ZS EV,SUV,50.3,2024
7540,7194,Kia EV6,SUV,77.4,2025
7541,7195,MG ZS EV,SUV,50.3,2020
7542,7196,MG ZS EV,SUV,50.3,2021
7543,7197,Hyundai Kona Electric,SUV,39.2,2021
7544,7198,MG ZS EV,SUV,50.3,2022
7545,7199,Kia EV6,SUV,77.4,2025
7546,7200,Tata Nexon EV,SUV,30.2,2025
7547,7201,Tata Tiago EV,Hatchback,24.0,2021
7548,7202,Tata Tiago EV,Hatchback,24.0,2021
7549,7202,MG ZS EV,SUV,50.3,2025
7550,7203,Tata Tiago EV,Hatchback,24.0,2023
7551,7204,BYD Atto 3,SUV,60.5,2025
7552,7205,BYD Atto 3,SUV,60.5,2023
7553,7206,BYD Atto 3,SUV,60.5,2020
7554,7207,Hyundai Ioniq 5,SUV,72.6,2023
7555,7208,BYD Atto 3,SUV,60.5,2020
7556,7209,Hyundai Ioniq 5,SUV,72.6,2022
7557,7210,MG ZS EV,SUV,50.3,2024
7558,7211,Tata Tiago EV,Hatchback,24.0,2022
7559,7212,Tata Tiago EV,Hatchback,24.0,2021
7560,7213,MG ZS EV,SUV,50.3,2023
7561,7214,Hyundai Ioniq 5,SUV,72.6,2023
7562,7215,Tata Tiago EV,Hatchback,24.0,2020
7563,7216,Mahindra BE 6,SUV,59.0,2022
7564,7217,Kia EV6,SUV,77.4,2025
7565,7218,Tata Tiago EV,Hatchback,24.0,2021
7566,7219,Hyundai Ioniq 5,SUV,72.6,2025
7567,7220,Kia EV6,SUV,77.4,2024
7568,7221,Hyundai Kona Electric,SUV,39.2,2025
7569,7222,MG ZS EV,SUV,50.3,2021
7570,7223,Hyundai Ioniq 5,SUV,72.6,2024
7571,7224,Hyundai Ioniq 5,SUV,72.6,2023
7572,7225,Kia EV6,SUV,77.4,2023
7573,7226,Hyundai Kona Electric,SUV,39.2,2021
7574,7227,Kia EV6,SUV,77.4,2021
7575,7228,Tata Tiago EV,Hatchback,24.0,2022
7576,7229,MG ZS EV,SUV,50.3,2023
7577,7230,BYD Atto 3,SUV,60.5,2024
7578,7231,Hyundai Kona Electric,SUV,39.2,2022
7579,7232,Mahindra XUV400,SUV,39.4,2023
7580,7233,Tata Nexon EV,SUV,30.2,2022
7581,7234,Tata Punch EV,Hatchback,35.0,2020
7582,7235,Hyundai Ioniq 5,SUV,72.6,2025
7583,7236,Tata Tiago EV,Hatchback,24.0,2023
7584,7237,Hyundai Kona Electric,SUV,39.2,2020
7585,7238,Hyundai Ioniq 5,SUV,72.6,2022
7586,7239,Mahindra XUV400,SUV,39.4,2022
7587,7240,MG ZS EV,SUV,50.3,2024
7588,7241,BYD Atto 3,SUV,60.5,2022
7589,7242,Mahindra BE 6,SUV,59.0,2021
7590,7243,Hyundai Ioniq 5,SUV,72.6,2020
7591,7244,BYD Atto 3,SUV,60.5,2020
7592,7245,Tata Nexon EV,SUV,30.2,2023
7593,7246,Tata Tiago EV,Hatchback,24.0,2025
7594,7247,Kia EV6,SUV,77.4,2021
7595,7248,Mahindra BE 6,SUV,59.0,2022
7596,7249,MG ZS EV,SUV,50.3,2024
7597,7250,Tata Punch EV,Hatchback,35.0,2021
7598,7251,Mahindra XUV400,SUV,39.4,2025
7599,7252,Hyundai Kona Electric,SUV,39.2,2025
7600,7253,Tata Nexon EV,SUV,30.2,2023
7601,7254,Tata Tiago EV,Hatchback,24.0,2020
7602,7254,Mahindra XUV400,SUV,39.4,2020
7603,7255,MG ZS EV,SUV,50.3,2020
7604,7256,BYD Atto 3,SUV,60.5,2022
7605,7257,Mahindra BE 6,SUV,59.0,2020
7606,7258,Tata Tiago EV,Hatchback,24.0,2022
7607,7259,Hyundai Ioniq 5,SUV,72.6,2024
7608,7259,BYD Atto 3,SUV,60.5,2020
7609,7260,Tata Punch EV,Hatchback,35.0,2022
7610,7261,Kia EV6,SUV,77.4,2025
7611,7262,Hyundai Ioniq 5,SUV,72.6,2022
7612,7263,Mahindra BE 6,SUV,59.0,2025
7613,7264,Hyundai Ioniq 5,SUV,72.6,2020
7614,7265,Hyundai Ioniq 5,SUV,72.6,2020
7615,7266,Hyundai Ioniq 5,SUV,72.6,2023
7616,7267,BYD Atto 3,SUV,60.5,2023
7617,7268,Kia EV6,SUV,77.4,2021
7618,7269,Mahindra XUV400,SUV,39.4,2021
7619,7270,Hyundai Kona Electric,SUV,39.2,2024
7620,7271,Mahindra XUV400,SUV,39.4,2024
7621,7272,Mahindra BE 6,SUV,59.0,2021
7622,7273,Hyundai Ioniq 5,SUV,72.6,2020
7623,7274,Tata Nexon EV,SUV,30.2,2020
7624,7275,Mahindra XUV400,SUV,39.4,2023
7625,7276,Tata Tiago EV,Hatchback,24.0,2025
7626,7277,Kia EV6,SUV,77.4,2024
7627,7278,BYD Atto 3,SUV,60.5,2021
7628,7279,Tata Nexon EV,SUV,30.2,2023
7629,7280,Tata Tiago EV,Hatchback,24.0,2022
7630,7281,Tata Tiago EV,Hatchback,24.0,2023
7631,7282,BYD Atto 3,SUV,60.5,2024
7632,7283,MG ZS EV,SUV,50.3,2021
7633,7284,Hyundai Ioniq 5,SUV,72.6,2021
7634,7285,Tata Punch EV,Hatchback,35.0,2021
7635,7286,Hyundai Ioniq 5,SUV,72.6,2020
7636,7287,Kia EV6,SUV,77.4,2025
7637,7287,Kia EV6,SUV,77.4,2025
7638,7288,BYD Atto 3,SUV,60.5,2021
7639,7289,Tata Nexon EV,SUV,30.2,2022
7640,7290,MG ZS EV,SUV,50.3,2024
7641,7291,Kia EV6,SUV,77.4,2021
7642,7292,BYD Atto 3,SUV,60.5,2024
7643,7293,BYD Atto 3,SUV,60.5,2024
7644,7294,MG ZS EV,SUV,50.3,2022
7645,7295,MG ZS EV,SUV,50.3,2020
7646,7296,Tata Nexon EV,SUV,30.2,2021
7647,7297,Hyundai Ioniq 5,SUV,72.6,2025
7648,7298,BYD Atto 3,SUV,60.5,2021
7649,7299,Mahindra XUV400,SUV,39.4,2021
7650,7300,Tata Tiago EV,Hatchback,24.0,2024
7651,7301,Mahindra XUV400,SUV,39.4,2021
7652,7302,Mahindra BE 6,SUV,59.0,2020
7653,7303,Hyundai Kona Electric,SUV,39.2,2023
7654,7304,Tata Nexon EV,SUV,30.2,2021
7655,7305,Tata Punch EV,Hatchback,35.0,2025
7656,7306,Mahindra BE 6,SUV,59.0,2020
7657,7307,Tata Tiago EV,Hatchback,24.0,2022
7658,7308,Hyundai Ioniq 5,SUV,72.6,2020
7659,7309,Kia EV6,SUV,77.4,2022
7660,7310,BYD Atto 3,SUV,60.5,2022
7661,7310,Kia EV6,SUV,77.4,2025
7662,7311,MG ZS EV,SUV,50.3,2021
7663,7311,Tata Tiago EV,Hatchback,24.0,2023
7664,7312,Mahindra XUV400,SUV,39.4,2025
7665,7313,Tata Punch EV,Hatchback,35.0,2025
7666,7314,MG ZS EV,SUV,50.3,2021
7667,7315,Tata Punch EV,Hatchback,35.0,2025
7668,7316,MG ZS EV,SUV,50.3,2020
7669,7317,Tata Tiago EV,Hatchback,24.0,2020
7670,7318,Mahindra BE 6,SUV,59.0,2023
7671,7319,Tata Nexon EV,SUV,30.2,2023
7672,7320,Tata Punch EV,Hatchback,35.0,2020
7673,7321,Mahindra BE 6,SUV,59.0,2025
7674,7322,Mahindra XUV400,SUV,39.4,2022
7675,7323,Tata Punch EV,Hatchback,35.0,2024
7676,7324,MG ZS EV,SUV,50.3,2025
7677,7325,Hyundai Kona Electric,SUV,39.2,2025
7678,7326,Kia EV6,SUV,77.4,2025
7679,7327,Tata Punch EV,Hatchback,35.0,2025
7680,7328,Mahindra BE 6,SUV,59.0,2022
7681,7329,Hyundai Ioniq 5,SUV,72.6,2021
7682,7330,Kia EV6,SUV,77.4,2021
7683,7331,Kia EV6,SUV,77.4,2022
7684,7332,Mahindra XUV400,SUV,39.4,2023
7685,7333,Tata Punch EV,Hatchback,35.0,2025
7686,7334,Hyundai Ioniq 5,SUV,72.6,2021
7687,7335,Hyundai Kona Electric,SUV,39.2,2025
7688,7336,Tata Tiago EV,Hatchback,24.0,2024
7689,7337,Mahindra BE 6,SUV,59.0,2023
7690,7338,Kia EV6,SUV,77.4,2023
7691,7339,Tata Nexon EV,SUV,30.2,2020
7692,7339,Tata Tiago EV,Hatchback,24.0,2025
7693,7340,Tata Punch EV,Hatchback,35.0,2022
7694,7341,Tata Punch EV,Hatchback,35.0,2020
7695,7342,Hyundai Kona Electric,SUV,39.2,2023
7696,7343,Mahindra BE 6,SUV,59.0,2022
7697,7344,MG ZS EV,SUV,50.3,2025
7698,7345,BYD Atto 3,SUV,60.5,2020
7699,7346,Mahindra XUV400,SUV,39.4,2025
7700,7347,Tata Nexon EV,SUV,30.2,2024
7701,7348,MG ZS EV,SUV,50.3,2022
7702,7348,BYD Atto 3,SUV,60.5,2024
7703,7349,MG ZS EV,SUV,50.3,2022
7704,7350,Mahindra XUV400,SUV,39.4,2025
7705,7351,BYD Atto 3,SUV,60.5,2020
7706,7352,Kia EV6,SUV,77.4,2022
7707,7353,Hyundai Kona Electric,SUV,39.2,2024
7708,7354,Tata Tiago EV,Hatchback,24.0,2022
7709,7355,Tata Punch EV,Hatchback,35.0,2020
7710,7356,Hyundai Ioniq 5,SUV,72.6,2025
7711,7357,BYD Atto 3,SUV,60.5,2020
7712,7357,BYD Atto 3,SUV,60.5,2022
7713,7358,Tata Nexon EV,SUV,30.2,2020
7714,7359,Tata Punch EV,Hatchback,35.0,2024
7715,7360,Kia EV6,SUV,77.4,2024
7716,7361,Hyundai Kona Electric,SUV,39.2,2022
7717,7362,Mahindra BE 6,SUV,59.0,2022
7718,7363,BYD Atto 3,SUV,60.5,2020
7719,7364,Kia EV6,SUV,77.4,2025
7720,7365,Tata Tiago EV,Hatchback,24.0,2025
7721,7366,BYD Atto 3,SUV,60.5,2025
7722,7367,Tata Nexon EV,SUV,30.2,2021
7723,7368,Tata Nexon EV,SUV,30.2,2022
7724,7369,Kia EV6,SUV,77.4,2024
7725,7370,Hyundai Ioniq 5,SUV,72.6,2025
7726,7371,MG ZS EV,SUV,50.3,2021
7727,7372,Kia EV6,SUV,77.4,2023
7728,7373,Tata Punch EV,Hatchback,35.0,2025
7729,7374,MG ZS EV,SUV,50.3,2022
7730,7375,Tata Nexon EV,SUV,30.2,2021
7731,7376,Hyundai Ioniq 5,SUV,72.6,2024
7732,7377,Tata Tiago EV,Hatchback,24.0,2023
7733,7378,Tata Punch EV,Hatchback,35.0,2023
7734,7379,Kia EV6,SUV,77.4,2024
7735,7380,Mahindra XUV400,SUV,39.4,2024
7736,7381,Tata Nexon EV,SUV,30.2,2023
7737,7381,Kia EV6,SUV,77.4,2024
7738,7382,Hyundai Kona Electric,SUV,39.2,2024
7739,7383,BYD Atto 3,SUV,60.5,2023
7740,7384,MG ZS EV,SUV,50.3,2024
7741,7385,Mahindra XUV400,SUV,39.4,2024
7742,7386,MG ZS EV,SUV,50.3,2021
7743,7387,Hyundai Ioniq 5,SUV,72.6,2023
7744,7388,Tata Nexon EV,SUV,30.2,2024
7745,7389,Hyundai Ioniq 5,SUV,72.6,2024
7746,7390,Mahindra BE 6,SUV,59.0,2020
7747,7391,Mahindra XUV400,SUV,39.4,2024
7748,7392,BYD Atto 3,SUV,60.5,2025
7749,7393,Mahindra XUV400,SUV,39.4,2021
7750,7394,Mahindra BE 6,SUV,59.0,2020
7751,7395,Mahindra BE 6,SUV,59.0,2024
7752,7396,Mahindra XUV400,SUV,39.4,2021
7753,7397,MG ZS EV,SUV,50.3,2022
7754,7397,Tata Punch EV,Hatchback,35.0,2025
7755,7398,MG ZS EV,SUV,50.3,2021
7756,7398,BYD Atto 3,SUV,60.5,2024
7757,7399,Mahindra XUV400,SUV,39.4,2020
7758,7400,Tata Punch EV,Hatchback,35.0,2021
7759,7401,Mahindra BE 6,SUV,59.0,2024
7760,7402,MG ZS EV,SUV,50.3,2020
7761,7403,Tata Nexon EV,SUV,30.2,2024
7762,7404,Mahindra XUV400,SUV,39.4,2022
7763,7405,Hyundai Kona Electric,SUV,39.2,2022
7764,7406,Tata Punch EV,Hatchback,35.0,2024
7765,7407,Tata Punch EV,Hatchback,35.0,2021
7766,7408,Mahindra BE 6,SUV,59.0,2021
7767,7408,Mahindra BE 6,SUV,59.0,2021
7768,7409,Kia EV6,SUV,77.4,2020
7769,7410,Hyundai Kona Electric,SUV,39.2,2024
7770,7411,Hyundai Kona Electric,SUV,39.2,2024
7771,7412,Hyundai Kona Electric,SUV,39.2,2022
7772,7413,Mahindra XUV400,SUV,39.4,2022
7773,7414,MG ZS EV,SUV,50.3,2025
7774,7415,Mahindra BE 6,SUV,59.0,2021
7775,7416,Kia EV6,SUV,77.4,2020
7776,7417,Mahindra XUV400,SUV,39.4,2023
7777,7418,Hyundai Kona Electric,SUV,39.2,2025
7778,7419,Tata Nexon EV,SUV,30.2,2022
7779,7420,Kia EV6,SUV,77.4,2021
7780,7421,BYD Atto 3,SUV,60.5,2024
7781,7422,Kia EV6,SUV,77.4,2025
7782,7423,Hyundai Kona Electric,SUV,39.2,2023
7783,7424,Tata Punch EV,Hatchback,35.0,2021
7784,7425,Kia EV6,SUV,77.4,2025
7785,7426,Hyundai Ioniq 5,SUV,72.6,2023
7786,7427,Tata Nexon EV,SUV,30.2,2020
7787,7428,Hyundai Kona Electric,SUV,39.2,2022
7788,7429,Tata Nexon EV,SUV,30.2,2025
7789,7430,Tata Tiago EV,Hatchback,24.0,2022
7790,7431,Tata Nexon EV,SUV,30.2,2024
7791,7432,Tata Punch EV,Hatchback,35.0,2025
7792,7433,Mahindra XUV400,SUV,39.4,2024
7793,7434,Tata Nexon EV,SUV,30.2,2024
7794,7435,MG ZS EV,SUV,50.3,2025
7795,7436,Tata Tiago EV,Hatchback,24.0,2023
7796,7437,Hyundai Kona Electric,SUV,39.2,2021
7797,7438,MG ZS EV,SUV,50.3,2025
7798,7439,Hyundai Ioniq 5,SUV,72.6,2025
7799,7440,Kia EV6,SUV,77.4,2024
7800,7441,BYD Atto 3,SUV,60.5,2020
7801,7442,Mahindra XUV400,SUV,39.4,2021
7802,7443,Tata Nexon EV,SUV,30.2,2022
7803,7444,BYD Atto 3,SUV,60.5,2021
7804,7445,MG ZS EV,SUV,50.3,2021
7805,7446,Hyundai Ioniq 5,SUV,72.6,2025
7806,7447,Mahindra BE 6,SUV,59.0,2021
7807,7448,Tata Nexon EV,SUV,30.2,2020
7808,7449,Hyundai Ioniq 5,SUV,72.6,2024
7809,7450,BYD Atto 3,SUV,60.5,2025
7810,7451,Kia EV6,SUV,77.4,2024
7811,7452,BYD Atto 3,SUV,60.5,2021
7812,7453,MG ZS EV,SUV,50.3,2024
7813,7454,Kia EV6,SUV,77.4,2025
7814,7455,Hyundai Kona Electric,SUV,39.2,2021
7815,7456,Tata Nexon EV,SUV,30.2,2021
7816,7457,Tata Nexon EV,SUV,30.2,2021
7817,7458,Hyundai Ioniq 5,SUV,72.6,2020
7818,7459,Tata Nexon EV,SUV,30.2,2025
7819,7460,BYD Atto 3,SUV,60.5,2023
7820,7461,Kia EV6,SUV,77.4,2022
7821,7462,Kia EV6,SUV,77.4,2023
7822,7463,Tata Punch EV,Hatchback,35.0,2025
7823,7464,MG ZS EV,SUV,50.3,2020
7824,7465,BYD Atto 3,SUV,60.5,2021
7825,7466,Mahindra XUV400,SUV,39.4,2023
7826,7467,Mahindra BE 6,SUV,59.0,2020
7827,7468,BYD Atto 3,SUV,60.5,2023
7828,7469,Mahindra BE 6,SUV,59.0,2020
7829,7470,MG ZS EV,SUV,50.3,2023
7830,7471,Tata Tiago EV,Hatchback,24.0,2020
7831,7472,Tata Punch EV,Hatchback,35.0,2020
7832,7473,Hyundai Kona Electric,SUV,39.2,2022
7833,7474,Hyundai Kona Electric,SUV,39.2,2025
7834,7475,Hyundai Ioniq 5,SUV,72.6,2025
7835,7475,MG ZS EV,SUV,50.3,2025
7836,7476,Mahindra XUV400,SUV,39.4,2023
7837,7477,BYD Atto 3,SUV,60.5,2022
7838,7478,BYD Atto 3,SUV,60.5,2024
7839,7478,Mahindra XUV400,SUV,39.4,2020
7840,7479,Kia EV6,SUV,77.4,2020
7841,7480,Tata Tiago EV,Hatchback,24.0,2023
7842,7481,Hyundai Ioniq 5,SUV,72.6,2023
7843,7482,Hyundai Kona Electric,SUV,39.2,2025
7844,7483,Tata Nexon EV,SUV,30.2,2024
7845,7484,Mahindra XUV400,SUV,39.4,2020
7846,7485,Mahindra XUV400,SUV,39.4,2021
7847,7486,Kia EV6,SUV,77.4,2020
7848,7487,Mahindra BE 6,SUV,59.0,2025
7849,7488,Tata Nexon EV,SUV,30.2,2025
7850,7489,Tata Tiago EV,Hatchback,24.0,2022
7851,7490,Hyundai Kona Electric,SUV,39.2,2025
7852,7491,BYD Atto 3,SUV,60.5,2020
7853,7492,Kia EV6,SUV,77.4,2020
7854,7493,Hyundai Ioniq 5,SUV,72.6,2024
7855,7494,Hyundai Ioniq 5,SUV,72.6,2024
7856,7495,MG ZS EV,SUV,50.3,2022
7857,7496,BYD Atto 3,SUV,60.5,2020
7858,7497,Tata Nexon EV,SUV,30.2,2024
7859,7498,Mahindra XUV400,SUV,39.4,2020
7860,7499,MG ZS EV,SUV,50.3,2020
7861,7500,Mahindra XUV400,SUV,39.4,2021
7862,7501,Tata Nexon EV,SUV,30.2,2024
7863,7502,Kia EV6,SUV,77.4,2022
7864,7503,Mahindra XUV400,SUV,39.4,2022
7865,7504,Tata Punch EV,Hatchback,35.0,2024
7866,7505,Kia EV6,SUV,77.4,2022
7867,7506,Hyundai Kona Electric,SUV,39.2,2024
7868,7507,Kia EV6,SUV,77.4,2020
7869,7508,Mahindra XUV400,SUV,39.4,2021
7870,7509,Tata Punch EV,Hatchback,35.0,2024
7871,7510,Tata Punch EV,Hatchback,35.0,2025
7872,7511,Hyundai Ioniq 5,SUV,72.6,2023
7873,7512,Tata Punch EV,Hatchback,35.0,2021
7874,7513,Hyundai Kona Electric,SUV,39.2,2020
7875,7514,Hyundai Ioniq 5,SUV,72.6,2024
7876,7515,Tata Punch EV,Hatchback,35.0,2021
7877,7516,Tata Punch EV,Hatchback,35.0,2023
7878,7517,Tata Punch EV,Hatchback,35.0,2020
7879,7518,Hyundai Ioniq 5,SUV,72.6,2023
7880,7519,Kia EV6,SUV,77.4,2023
7881,7520,Hyundai Kona Electric,SUV,39.2,2025
7882,7521,Mahindra XUV400,SUV,39.4,2024
7883,7522,MG ZS EV,SUV,50.3,2023
7884,7523,Tata Tiago EV,Hatchback,24.0,2025
7885,7524,Hyundai Kona Electric,SUV,39.2,2022
7886,7525,Mahindra XUV400,SUV,39.4,2021
7887,7526,Tata Tiago EV,Hatchback,24.0,2022
7888,7526,Hyundai Ioniq 5,SUV,72.6,2025
7889,7527,MG ZS EV,SUV,50.3,2020
7890,7528,Hyundai Ioniq 5,SUV,72.6,2022
7891,7529,Mahindra XUV400,SUV,39.4,2020
7892,7530,Tata Nexon EV,SUV,30.2,2020
7893,7531,Tata Tiago EV,Hatchback,24.0,2021
7894,7532,Tata Punch EV,Hatchback,35.0,2020
7895,7533,Mahindra BE 6,SUV,59.0,2023
7896,7534,Tata Tiago EV,Hatchback,24.0,2020
7897,7535,BYD Atto 3,SUV,60.5,2021
7898,7536,MG ZS EV,SUV,50.3,2023
7899,7537,BYD Atto 3,SUV,60.5,2021
7900,7538,Hyundai Kona Electric,SUV,39.2,2021
7901,7539,MG ZS EV,SUV,50.3,2024
7902,7540,Mahindra XUV400,SUV,39.4,2025
7903,7541,Tata Punch EV,Hatchback,35.0,2020
7904,7542,Tata Tiago EV,Hatchback,24.0,2021
7905,7543,Kia EV6,SUV,77.4,2023
7906,7543,Hyundai Kona Electric,SUV,39.2,2020
7907,7544,MG ZS EV,SUV,50.3,2020
7908,7545,Tata Tiago EV,Hatchback,24.0,2022
7909,7546,Mahindra XUV400,SUV,39.4,2021
7910,7547,Hyundai Ioniq 5,SUV,72.6,2022
7911,7548,Mahindra BE 6,SUV,59.0,2022
7912,7549,BYD Atto 3,SUV,60.5,2024
7913,7550,Tata Punch EV,Hatchback,35.0,2020
7914,7551,Tata Nexon EV,SUV,30.2,2020
7915,7552,Tata Punch EV,Hatchback,35.0,2021
7916,7553,Tata Punch EV,Hatchback,35.0,2023
7917,7554,Mahindra BE 6,SUV,59.0,2020
7918,7555,BYD Atto 3,SUV,60.5,2021
7919,7556,Kia EV6,SUV,77.4,2020
7920,7557,BYD Atto 3,SUV,60.5,2020
7921,7557,BYD Atto 3,SUV,60.5,2021
7922,7558,Hyundai Ioniq 5,SUV,72.6,2024
7923,7559,BYD Atto 3,SUV,60.5,2021
7924,7560,Mahindra BE 6,SUV,59.0,2024
7925,7561,Tata Punch EV,Hatchback,35.0,2023
7926,7561,Hyundai Kona Electric,SUV,39.2,2020
7927,7562,Tata Punch EV,Hatchback,35.0,2020
7928,7563,Tata Nexon EV,SUV,30.2,2024
7929,7564,MG ZS EV,SUV,50.3,2022
7930,7565,BYD Atto 3,SUV,60.5,2024
7931,7566,Mahindra BE 6,SUV,59.0,2024
7932,7567,Kia EV6,SUV,77.4,2021
7933,7568,Tata Punch EV,Hatchback,35.0,2025
7934,7569,Kia EV6,SUV,77.4,2021
7935,7570,Mahindra BE 6,SUV,59.0,2024
7936,7571,Kia EV6,SUV,77.4,2022
7937,7572,MG ZS EV,SUV,50.3,2022
7938,7573,Mahindra XUV400,SUV,39.4,2022
7939,7574,Hyundai Kona Electric,SUV,39.2,2021
7940,7575,Kia EV6,SUV,77.4,2023
7941,7576,Tata Punch EV,Hatchback,35.0,2025
7942,7577,Tata Tiago EV,Hatchback,24.0,2025
7943,7578,Kia EV6,SUV,77.4,2023
7944,7579,Tata Punch EV,Hatchback,35.0,2025
7945,7580,Hyundai Ioniq 5,SUV,72.6,2024
7946,7581,Mahindra XUV400,SUV,39.4,2020
7947,7582,Tata Punch EV,Hatchback,35.0,2020
7948,7583,Mahindra XUV400,SUV,39.4,2024
7949,7584,Hyundai Kona Electric,SUV,39.2,2021
7950,7585,Hyundai Ioniq 5,SUV,72.6,2024
7951,7586,Tata Tiago EV,Hatchback,24.0,2020
7952,7587,BYD Atto 3,SUV,60.5,2021
7953,7588,MG ZS EV,SUV,50.3,2021
7954,7589,Tata Punch EV,Hatchback,35.0,2022
7955,7590,Mahindra BE 6,SUV,59.0,2021
7956,7591,Tata Tiago EV,Hatchback,24.0,2021
7957,7592,Hyundai Ioniq 5,SUV,72.6,2023
7958,7593,Kia EV6,SUV,77.4,2024
7959,7594,Kia EV6,SUV,77.4,2020
7960,7595,Kia EV6,SUV,77.4,2025
7961,7596,Hyundai Ioniq 5,SUV,72.6,2021
7962,7597,Mahindra XUV400,SUV,39.4,2025
7963,7598,Tata Nexon EV,SUV,30.2,2022
7964,7599,BYD Atto 3,SUV,60.5,2021
7965,7600,Hyundai Kona Electric,SUV,39.2,2022
7966,7601,Tata Punch EV,Hatchback,35.0,2021
7967,7602,Tata Tiago EV,Hatchback,24.0,2024
7968,7603,Mahindra BE 6,SUV,59.0,2023
7969,7604,MG ZS EV,SUV,50.3,2023
7970,7605,Mahindra BE 6,SUV,59.0,2024
7971,7606,Hyundai Kona Electric,SUV,39.2,2024
7972,7607,Tata Nexon EV,SUV,30.2,2020
7973,7608,Hyundai Ioniq 5,SUV,72.6,2025
7974,7609,Hyundai Ioniq 5,SUV,72.6,2023
7975,7610,Tata Tiago EV,Hatchback,24.0,2025
7976,7611,Hyundai Kona Electric,SUV,39.2,2023
7977,7612,Tata Tiago EV,Hatchback,24.0,2024
7978,7613,Hyundai Ioniq 5,SUV,72.6,2020
7979,7614,Mahindra XUV400,SUV,39.4,2024
7980,7615,Tata Tiago EV,Hatchback,24.0,2022
7981,7616,Tata Tiago EV,Hatchback,24.0,2025
7982,7617,Mahindra BE 6,SUV,59.0,2022
7983,7618,Tata Tiago EV,Hatchback,24.0,2023
7984,7619,Kia EV6,SUV,77.4,2022
7985,7620,Tata Tiago EV,Hatchback,24.0,2024
7986,7621,BYD Atto 3,SUV,60.5,2024
7987,7622,Tata Nexon EV,SUV,30.2,2023
7988,7623,Mahindra BE 6,SUV,59.0,2024
7989,7624,BYD Atto 3,SUV,60.5,2020
7990,7625,Mahindra XUV400,SUV,39.4,2021
7991,7626,Kia EV6,SUV,77.4,2020
7992,7627,Tata Punch EV,Hatchback,35.0,2025
7993,7628,Tata Tiago EV,Hatchback,24.0,2024
7994,7629,Kia EV6,SUV,77.4,2021
7995,7630,Hyundai Ioniq 5,SUV,72.6,2020
7996,7631,Hyundai Kona Electric,SUV,39.2,2023
7997,7632,BYD Atto 3,SUV,60.5,2025
7998,7633,Kia EV6,SUV,77.4,2023
7999,7634,Mahindra BE 6,SUV,59.0,2020
8000,7635,Kia EV6,SUV,77.4,2024
8001,7636,Tata Punch EV,Hatchback,35.0,2024
8002,7637,Mahindra BE 6,SUV,59.0,2024
8003,7638,Kia EV6,SUV,77.4,2020
8004,7639,Hyundai Ioniq 5,SUV,72.6,2025
8005,7640,MG ZS EV,SUV,50.3,2020
8006,7641,Hyundai Kona Electric,SUV,39.2,2025
8007,7642,Kia EV6,SUV,77.4,2025
8008,7643,Mahindra BE 6,SUV,59.0,2025
8009,7643,Mahindra BE 6,SUV,59.0,2021
8010,7644,Tata Punch EV,Hatchback,35.0,2022
8011,7645,BYD Atto 3,SUV,60.5,2020
8012,7646,Hyundai Ioniq 5,SUV,72.6,2022
8013,7647,Mahindra BE 6,SUV,59.0,2021
8014,7648,Hyundai Kona Electric,SUV,39.2,2023
8015,7649,MG ZS EV,SUV,50.3,2024
8016,7650,Tata Punch EV,Hatchback,35.0,2025
8017,7651,Tata Tiago EV,Hatchback,24.0,2020
8018,7652,Hyundai Ioniq 5,SUV,72.6,2025
8019,7653,Tata Punch EV,Hatchback,35.0,2025
8020,7654,Mahindra BE 6,SUV,59.0,2020
8021,7655,Tata Nexon EV,SUV,30.2,2024
8022,7656,Mahindra XUV400,SUV,39.4,2021
8023,7657,Mahindra XUV400,SUV,39.4,2021
8024,7658,Hyundai Ioniq 5,SUV,72.6,2024
8025,7659,BYD Atto 3,SUV,60.5,2025
8026,7660,Tata Tiago EV,Hatchback,24.0,2020
8027,7661,Hyundai Kona Electric,SUV,39.2,2023
8028,7662,Hyundai Kona Electric,SUV,39.2,2021
8029,7663,Mahindra BE 6,SUV,59.0,2021
8030,7664,BYD Atto 3,SUV,60.5,2020
8031,7665,Tata Nexon EV,SUV,30.2,2022
8032,7666,Tata Punch EV,Hatchback,35.0,2023
8033,7666,Hyundai Ioniq 5,SUV,72.6,2023
8034,7667,Mahindra BE 6,SUV,59.0,2025
8035,7668,Tata Punch EV,Hatchback,35.0,2023
8036,7669,Hyundai Ioniq 5,SUV,72.6,2020
8037,7670,Tata Punch EV,Hatchback,35.0,2020
8038,7671,MG ZS EV,SUV,50.3,2022
8039,7672,Tata Nexon EV,SUV,30.2,2024
8040,7673,Mahindra XUV400,SUV,39.4,2021
8041,7674,Hyundai Kona Electric,SUV,39.2,2024
8042,7675,MG ZS EV,SUV,50.3,2023
8043,7676,Hyundai Ioniq 5,SUV,72.6,2022
8044,7677,Tata Nexon EV,SUV,30.2,2023
8045,7678,Mahindra BE 6,SUV,59.0,2020
8046,7679,BYD Atto 3,SUV,60.5,2020
8047,7680,Tata Punch EV,Hatchback,35.0,2025
8048,7681,BYD Atto 3,SUV,60.5,2020
8049,7682,Hyundai Ioniq 5,SUV,72.6,2023
8050,7683,Tata Punch EV,Hatchback,35.0,2020
8051,7684,Mahindra BE 6,SUV,59.0,2025
8052,7685,Tata Punch EV,Hatchback,35.0,2021
8053,7686,Tata Tiago EV,Hatchback,24.0,2021
8054,7687,Hyundai Ioniq 5,SUV,72.6,2024
8055,7688,Hyundai Ioniq 5,SUV,72.6,2022
8056,7689,Tata Tiago EV,Hatchback,24.0,2020
8057,7689,Tata Punch EV,Hatchback,35.0,2021
8058,7690,Tata Tiago EV,Hatchback,24.0,2020
8059,7691,MG ZS EV,SUV,50.3,2022
8060,7692,Tata Nexon EV,SUV,30.2,2023
8061,7693,Mahindra BE 6,SUV,59.0,2024
8062,7694,Mahindra BE 6,SUV,59.0,2020
8063,7695,Tata Tiago EV,Hatchback,24.0,2024
8064,7696,MG ZS EV,SUV,50.3,2022
8065,7697,Mahindra BE 6,SUV,59.0,2020
8066,7698,Hyundai Kona Electric,SUV,39.2,2020
8067,7699,BYD Atto 3,SUV,60.5,2025
8068,7700,Kia EV6,SUV,77.4,2021
8069,7701,Tata Punch EV,Hatchback,35.0,2025
8070,7702,Kia EV6,SUV,77.4,2021
8071,7703,Kia EV6,SUV,77.4,2025
8072,7704,Mahindra XUV400,SUV,39.4,2025
8073,7705,Tata Punch EV,Hatchback,35.0,2021
8074,7706,Tata Tiago EV,Hatchback,24.0,2020
8075,7707,Tata Tiago EV,Hatchback,24.0,2023
8076,7708,Tata Punch EV,Hatchback,35.0,2023
8077,7709,Tata Tiago EV,Hatchback,24.0,2024
8078,7710,Mahindra XUV400,SUV,39.4,2024
8079,7711,Tata Punch EV,Hatchback,35.0,2021
8080,7711,Mahindra XUV400,SUV,39.4,2021
8081,7712,Kia EV6,SUV,77.4,2025
8082,7713,Mahindra XUV400,SUV,39.4,2023
8083,7713,Kia EV6,SUV,77.4,2021
8084,7714,Tata Nexon EV,SUV,30.2,2025
8085,7715,Tata Tiago EV,Hatchback,24.0,2023
8086,7716,MG ZS EV,SUV,50.3,2024
8087,7717,Hyundai Kona Electric,SUV,39.2,2023
8088,7718,Mahindra XUV400,SUV,39.4,2021
8089,7719,Hyundai Ioniq 5,SUV,72.6,2021
8090,7720,Tata Punch EV,Hatchback,35.0,2021
8091,7721,Mahindra BE 6,SUV,59.0,2022
8092,7722,Kia EV6,SUV,77.4,2022
8093,7723,Mahindra BE 6,SUV,59.0,2025
8094,7724,Hyundai Ioniq 5,SUV,72.6,2024
8095,7725,Tata Punch EV,Hatchback,35.0,2025
8096,7726,Kia EV6,SUV,77.4,2024
8097,7727,Mahindra BE 6,SUV,59.0,2020
8098,7728,Hyundai Ioniq 5,SUV,72.6,2025
8099,7729,Mahindra XUV400,SUV,39.4,2022
8100,7730,Hyundai Kona Electric,SUV,39.2,2022
8101,7731,Kia EV6,SUV,77.4,2025
8102,7732,MG ZS EV,SUV,50.3,2020
8103,7733,MG ZS EV,SUV,50.3,2020
8104,7734,Hyundai Kona Electric,SUV,39.2,2021
8105,7735,Tata Punch EV,Hatchback,35.0,2025
8106,7736,Tata Nexon EV,SUV,30.2,2024
8107,7737,BYD Atto 3,SUV,60.5,2023
8108,7738,Mahindra BE 6,SUV,59.0,2020
8109,7739,Mahindra BE 6,SUV,59.0,2020
8110,7740,Mahindra BE 6,SUV,59.0,2020
8111,7741,BYD Atto 3,SUV,60.5,2024
8112,7742,Hyundai Ioniq 5,SUV,72.6,2021
8113,7743,Hyundai Ioniq 5,SUV,72.6,2021
8114,7744,MG ZS EV,SUV,50.3,2023
8115,7745,Tata Punch EV,Hatchback,35.0,2023
8116,7746,Tata Punch EV,Hatchback,35.0,2021
8117,7747,Mahindra XUV400,SUV,39.4,2025
8118,7748,BYD Atto 3,SUV,60.5,2023
8119,7749,Mahindra BE 6,SUV,59.0,2022
8120,7750,Mahindra BE 6,SUV,59.0,2022
8121,7751,Tata Tiago EV,Hatchback,24.0,2024
8122,7752,Mahindra BE 6,SUV,59.0,2023
8123,7753,Tata Punch EV,Hatchback,35.0,2020
8124,7754,Tata Tiago EV,Hatchback,24.0,2025
8125,7755,Mahindra BE 6,SUV,59.0,2023
8126,7756,Tata Punch EV,Hatchback,35.0,2020
8127,7757,Hyundai Kona Electric,SUV,39.2,2023
8128,7758,Tata Punch EV,Hatchback,35.0,2024
8129,7759,Mahindra XUV400,SUV,39.4,2023
8130,7760,Tata Nexon EV,SUV,30.2,2023
8131,7761,Tata Nexon EV,SUV,30.2,2023
8132,7762,MG ZS EV,SUV,50.3,2024
8133,7763,Kia EV6,SUV,77.4,2022
8134,7764,MG ZS EV,SUV,50.3,2025
8135,7765,Tata Nexon EV,SUV,30.2,2022
8136,7766,Tata Punch EV,Hatchback,35.0,2024
8137,7767,Mahindra BE 6,SUV,59.0,2021
8138,7768,Hyundai Kona Electric,SUV,39.2,2024
8139,7769,Tata Nexon EV,SUV,30.2,2025
8140,7770,Kia EV6,SUV,77.4,2025
8141,7771,Tata Nexon EV,SUV,30.2,2023
8142,7772,Tata Punch EV,Hatchback,35.0,2025
8143,7773,Hyundai Kona Electric,SUV,39.2,2023
8144,7774,Tata Punch EV,Hatchback,35.0,2022
8145,7775,Tata Tiago EV,Hatchback,24.0,2025
8146,7776,BYD Atto 3,SUV,60.5,2022
8147,7777,Mahindra XUV400,SUV,39.4,2024
8148,7778,BYD Atto 3,SUV,60.5,2024
8149,7778,Tata Punch EV,Hatchback,35.0,2020
8150,7779,MG ZS EV,SUV,50.3,2023
8151,7780,Tata Tiago EV,Hatchback,24.0,2024
8152,7781,Tata Nexon EV,SUV,30.2,2023
8153,7782,Tata Nexon EV,SUV,30.2,2023
8154,7783,Hyundai Kona Electric,SUV,39.2,2024
8155,7784,Tata Nexon EV,SUV,30.2,2020
8156,7785,Hyundai Ioniq 5,SUV,72.6,2020
8157,7786,Kia EV6,SUV,77.4,2023
8158,7786,Tata Punch EV,Hatchback,35.0,2021
8159,7787,MG ZS EV,SUV,50.3,2023
8160,7788,Tata Nexon EV,SUV,30.2,2021
8161,7789,Tata Tiago EV,Hatchback,24.0,2020
8162,7790,Hyundai Kona Electric,SUV,39.2,2020
8163,7791,Tata Nexon EV,SUV,30.2,2021
8164,7792,MG ZS EV,SUV,50.3,2024
8165,7793,BYD Atto 3,SUV,60.5,2022
8166,7794,Tata Tiago EV,Hatchback,24.0,2023
8167,7795,Tata Tiago EV,Hatchback,24.0,2021
8168,7796,Hyundai Kona Electric,SUV,39.2,2020
8169,7797,Tata Punch EV,Hatchback,35.0,2025
8170,7798,Hyundai Kona Electric,SUV,39.2,2023
8171,7799,Tata Tiago EV,Hatchback,24.0,2020
8172,7800,Mahindra BE 6,SUV,59.0,2024
8173,7801,Mahindra XUV400,SUV,39.4,2023
8174,7802,Kia EV6,SUV,77.4,2021
8175,7803,Tata Nexon EV,SUV,30.2,2022
8176,7804,Tata Punch EV,Hatchback,35.0,2025
8177,7805,Hyundai Ioniq 5,SUV,72.6,2025
8178,7806,Tata Nexon EV,SUV,30.2,2022
8179,7807,Tata Punch EV,Hatchback,35.0,2021
8180,7808,Hyundai Kona Electric,SUV,39.2,2023
8181,7809,Tata Nexon EV,SUV,30.2,2023
8182,7810,Kia EV6,SUV,77.4,2023
8183,7811,Hyundai Ioniq 5,SUV,72.6,2024
8184,7812,Hyundai Kona Electric,SUV,39.2,2022
8185,7813,Tata Punch EV,Hatchback,35.0,2021
8186,7814,BYD Atto 3,SUV,60.5,2024
8187,7815,Tata Tiago EV,Hatchback,24.0,2022
8188,7816,MG ZS EV,SUV,50.3,2023
8189,7817,BYD Atto 3,SUV,60.5,2022
8190,7818,Tata Tiago EV,Hatchback,24.0,2023
8191,7819,Tata Nexon EV,SUV,30.2,2021
8192,7820,Tata Punch EV,Hatchback,35.0,2025
8193,7821,Tata Punch EV,Hatchback,35.0,2025
8194,7822,Hyundai Ioniq 5,SUV,72.6,2022
8195,7823,Tata Tiago EV,Hatchback,24.0,2025
8196,7824,Tata Nexon EV,SUV,30.2,2022
8197,7824,Tata Punch EV,Hatchback,35.0,2020
8198,7825,Mahindra XUV400,SUV,39.4,2022
8199,7826,Hyundai Kona Electric,SUV,39.2,2022
8200,7827,Tata Punch EV,Hatchback,35.0,2020
8201,7828,BYD Atto 3,SUV,60.5,2020
8202,7829,Hyundai Ioniq 5,SUV,72.6,2023
8203,7830,Tata Punch EV,Hatchback,35.0,2021
8204,7831,Mahindra BE 6,SUV,59.0,2020
8205,7832,MG ZS EV,SUV,50.3,2024
8206,7833,Tata Tiago EV,Hatchback,24.0,2024
8207,7834,Mahindra XUV400,SUV,39.4,2022
8208,7835,Tata Punch EV,Hatchback,35.0,2025
8209,7836,Tata Nexon EV,SUV,30.2,2025
8210,7837,Mahindra XUV400,SUV,39.4,2024
8211,7838,Mahindra BE 6,SUV,59.0,2024
8212,7839,Mahindra XUV400,SUV,39.4,2021
8213,7840,Hyundai Ioniq 5,SUV,72.6,2022
8214,7841,Tata Punch EV,Hatchback,35.0,2023
8215,7841,Hyundai Kona Electric,SUV,39.2,2025
8216,7842,Hyundai Kona Electric,SUV,39.2,2022
8217,7843,Mahindra BE 6,SUV,59.0,2022
8218,7844,BYD Atto 3,SUV,60.5,2025
8219,7845,BYD Atto 3,SUV,60.5,2025
8220,7846,Hyundai Kona Electric,SUV,39.2,2021
8221,7847,Hyundai Ioniq 5,SUV,72.6,2023
8222,7848,Mahindra XUV400,SUV,39.4,2022
8223,7849,Mahindra BE 6,SUV,59.0,2023
8224,7850,MG ZS EV,SUV,50.3,2022
8225,7851,Kia EV6,SUV,77.4,2024
8226,7852,Hyundai Kona Electric,SUV,39.2,2022
8227,7853,MG ZS EV,SUV,50.3,2020
8228,7854,Tata Tiago EV,Hatchback,24.0,2024
8229,7855,MG ZS EV,SUV,50.3,2024
8230,7856,Tata Nexon EV,SUV,30.2,2025
8231,7857,Hyundai Kona Electric,SUV,39.2,2023
8232,7858,MG ZS EV,SUV,50.3,2023
8233,7859,BYD Atto 3,SUV,60.5,2021
8234,7860,BYD Atto 3,SUV,60.5,2024
8235,7861,Tata Nexon EV,SUV,30.2,2024
8236,7862,Tata Nexon EV,SUV,30.2,2022
8237,7863,Tata Punch EV,Hatchback,35.0,2021
8238,7864,Mahindra BE 6,SUV,59.0,2022
8239,7865,MG ZS EV,SUV,50.3,2020
8240,7866,Mahindra BE 6,SUV,59.0,2022
8241,7867,Mahindra XUV400,SUV,39.4,2023
8242,7868,Mahindra BE 6,SUV,59.0,2021
8243,7869,Tata Punch EV,Hatchback,35.0,2024
8244,7870,Kia EV6,SUV,77.4,2024
8245,7871,MG ZS EV,SUV,50.3,2023
8246,7872,Kia EV6,SUV,77.4,2020
8247,7872,Mahindra XUV400,SUV,39.4,2023
8248,7873,Tata Punch EV,Hatchback,35.0,2024
8249,7874,Hyundai Ioniq 5,SUV,72.6,2021
8250,7875,Hyundai Ioniq 5,SUV,72.6,2024
8251,7876,Kia EV6,SUV,77.4,2023
8252,7877,Hyundai Ioniq 5,SUV,72.6,2022
8253,7878,Tata Nexon EV,SUV,30.2,2020
8254,7878,Mahindra BE 6,SUV,59.0,2022
8255,7879,Tata Punch EV,Hatchback,35.0,2022
8256,7880,Kia EV6,SUV,77.4,2020
8257,7881,Kia EV6,SUV,77.4,2020
8258,7882,Hyundai Kona Electric,SUV,39.2,2020
8259,7883,Mahindra BE 6,SUV,59.0,2022
8260,7884,Tata Tiago EV,Hatchback,24.0,2022
8261,7885,Tata Punch EV,Hatchback,35.0,2024
8262,7886,Kia EV6,SUV,77.4,2020
8263,7887,MG ZS EV,SUV,50.3,2025
8264,7888,Tata Nexon EV,SUV,30.2,2023
8265,7889,Tata Punch EV,Hatchback,35.0,2020
8266,7890,BYD Atto 3,SUV,60.5,2021
8267,7891,BYD Atto 3,SUV,60.5,2021
8268,7892,Tata Tiago EV,Hatchback,24.0,2021
8269,7893,Tata Tiago EV,Hatchback,24.0,2021
8270,7894,Tata Tiago EV,Hatchback,24.0,2025
8271,7895,Hyundai Ioniq 5,SUV,72.6,2021
8272,7896,BYD Atto 3,SUV,60.5,2025
8273,7897,Hyundai Ioniq 5,SUV,72.6,2023
8274,7898,Kia EV6,SUV,77.4,2021
8275,7899,MG ZS EV,SUV,50.3,2023
8276,7900,Tata Nexon EV,SUV,30.2,2024
8277,7901,Tata Tiago EV,Hatchback,24.0,2022
8278,7902,Kia EV6,SUV,77.4,2022
8279,7903,Hyundai Kona Electric,SUV,39.2,2020
8280,7904,Mahindra BE 6,SUV,59.0,2022
8281,7905,Kia EV6,SUV,77.4,2022
8282,7906,Mahindra XUV400,SUV,39.4,2025
8283,7907,Tata Punch EV,Hatchback,35.0,2023
8284,7908,Mahindra XUV400,SUV,39.4,2021
8285,7909,BYD Atto 3,SUV,60.5,2024
8286,7910,Tata Tiago EV,Hatchback,24.0,2025
8287,7911,Kia EV6,SUV,77.4,2020
8288,7912,MG ZS EV,SUV,50.3,2025
8289,7913,Hyundai Ioniq 5,SUV,72.6,2023
8290,7914,Mahindra BE 6,SUV,59.0,2021
8291,7915,Tata Tiago EV,Hatchback,24.0,2021
8292,7916,Tata Nexon EV,SUV,30.2,2023
8293,7917,Hyundai Kona Electric,SUV,39.2,2021
8294,7917,Kia EV6,SUV,77.4,2024
8295,7918,BYD Atto 3,SUV,60.5,2021
8296,7919,Hyundai Kona Electric,SUV,39.2,2023
8297,7920,Tata Punch EV,Hatchback,35.0,2023
8298,7921,MG ZS EV,SUV,50.3,2023
8299,7922,Tata Punch EV,Hatchback,35.0,2023
8300,7923,Tata Punch EV,Hatchback,35.0,2025
8301,7924,Hyundai Ioniq 5,SUV,72.6,2025
8302,7925,MG ZS EV,SUV,50.3,2021
8303,7926,Mahindra XUV400,SUV,39.4,2020
8304,7927,BYD Atto 3,SUV,60.5,2021
8305,7928,Kia EV6,SUV,77.4,2025
8306,7929,Mahindra BE 6,SUV,59.0,2021
8307,7930,Tata Punch EV,Hatchback,35.0,2024
8308,7931,Mahindra BE 6,SUV,59.0,2024
8309,7932,BYD Atto 3,SUV,60.5,2021
8310,7933,Tata Tiago EV,Hatchback,24.0,2023
8311,7934,BYD Atto 3,SUV,60.5,2024
8312,7935,MG ZS EV,SUV,50.3,2021
8313,7936,Kia EV6,SUV,77.4,2024
8314,7937,Mahindra BE 6,SUV,59.0,2024
8315,7938,Kia EV6,SUV,77.4,2024
8316,7939,BYD Atto 3,SUV,60.5,2025
8317,7940,BYD Atto 3,SUV,60.5,2024
8318,7940,Hyundai Kona Electric,SUV,39.2,2024
8319,7941,Tata Tiago EV,Hatchback,24.0,2020
8320,7942,BYD Atto 3,SUV,60.5,2023
8321,7943,Tata Punch EV,Hatchback,35.0,2023
8322,7944,Kia EV6,SUV,77.4,2022
8323,7945,Kia EV6,SUV,77.4,2023
8324,7946,Mahindra XUV400,SUV,39.4,2024
8325,7947,BYD Atto 3,SUV,60.5,2021
8326,7948,Tata Punch EV,Hatchback,35.0,2021
8327,7949,MG ZS EV,SUV,50.3,2025
8328,7950,Tata Tiago EV,Hatchback,24.0,2023
8329,7951,BYD Atto 3,SUV,60.5,2020
8330,7952,BYD Atto 3,SUV,60.5,2023
8331,7953,Tata Punch EV,Hatchback,35.0,2021
8332,7954,MG ZS EV,SUV,50.3,2022
8333,7955,BYD Atto 3,SUV,60.5,2022
8334,7956,MG ZS EV,SUV,50.3,2025
8335,7957,MG ZS EV,SUV,50.3,2024
8336,7958,BYD Atto 3,SUV,60.5,2023
8337,7959,Mahindra XUV400,SUV,39.4,2024
8338,7960,Mahindra XUV400,SUV,39.4,2022
8339,7961,Hyundai Kona Electric,SUV,39.2,2020
8340,7962,Mahindra BE 6,SUV,59.0,2024
8341,7963,BYD Atto 3,SUV,60.5,2022
8342,7964,Tata Tiago EV,Hatchback,24.0,2020
8343,7965,Tata Tiago EV,Hatchback,24.0,2020
8344,7966,Tata Punch EV,Hatchback,35.0,2024
8345,7967,Hyundai Kona Electric,SUV,39.2,2024
8346,7967,Hyundai Kona Electric,SUV,39.2,2020
8347,7968,Tata Nexon EV,SUV,30.2,2021
8348,7969,Mahindra BE 6,SUV,59.0,2021
8349,7970,MG ZS EV,SUV,50.3,2023
8350,7971,Tata Punch EV,Hatchback,35.0,2025
8351,7972,MG ZS EV,SUV,50.3,2021
8352,7973,Hyundai Ioniq 5,SUV,72.6,2021
8353,7974,BYD Atto 3,SUV,60.5,2025
8354,7975,Tata Tiago EV,Hatchback,24.0,2021
8355,7976,Hyundai Ioniq 5,SUV,72.6,2023
8356,7977,Kia EV6,SUV,77.4,2023
8357,7978,BYD Atto 3,SUV,60.5,2025
8358,7979,MG ZS EV,SUV,50.3,2025
8359,7979,MG ZS EV,SUV,50.3,2022
8360,7980,Tata Punch EV,Hatchback,35.0,2022
8361,7981,Mahindra XUV400,SUV,39.4,2020
8362,7982,Tata Punch EV,Hatchback,35.0,2021
8363,7983,Tata Tiago EV,Hatchback,24.0,2021
8364,7984,Hyundai Kona Electric,SUV,39.2,2021
8365,7985,Mahindra XUV400,SUV,39.4,2022
8366,7986,Mahindra XUV400,SUV,39.4,2025
8367,7987,Hyundai Ioniq 5,SUV,72.6,2020
8368,7988,Tata Tiago EV,Hatchback,24.0,2024
8369,7989,MG ZS EV,SUV,50.3,2022
8370,7990,Tata Tiago EV,Hatchback,24.0,2021
8371,7991,MG ZS EV,SUV,50.3,2022
8372,7992,Hyundai Ioniq 5,SUV,72.6,2023
8373,7993,Tata Punch EV,Hatchback,35.0,2021
8374,7994,Kia EV6,SUV,77.4,2024
8375,7995,Tata Nexon EV,SUV,30.2,2024
8376,7996,Tata Punch EV,Hatchback,35.0,2025
8377,7997,Tata Punch EV,Hatchback,35.0,2024
8378,7998,MG ZS EV,SUV,50.3,2022
8379,7998,Mahindra BE 6,SUV,59.0,2023
8380,7999,MG ZS EV,SUV,50.3,2020
8381,8000,Mahindra XUV400,SUV,39.4,2021
8382,8001,Tata Tiago EV,Hatchback,24.0,2022
8383,8002,BYD Atto 3,SUV,60.5,2024
8384,8003,Tata Nexon EV,SUV,30.2,2020
8385,8004,Mahindra BE 6,SUV,59.0,2025
8386,8005,Hyundai Kona Electric,SUV,39.2,2023
8387,8006,Kia EV6,SUV,77.4,2021
8388,8007,Hyundai Ioniq 5,SUV,72.6,2023
8389,8008,BYD Atto 3,SUV,60.5,2024
8390,8009,Hyundai Kona Electric,SUV,39.2,2025
8391,8010,Kia EV6,SUV,77.4,2025
8392,8011,Kia EV6,SUV,77.4,2022
8393,8012,Tata Tiago EV,Hatchback,24.0,2025
8394,8013,Hyundai Ioniq 5,SUV,72.6,2025
8395,8014,Hyundai Ioniq 5,SUV,72.6,2022
8396,8015,BYD Atto 3,SUV,60.5,2021
8397,8016,Tata Nexon EV,SUV,30.2,2024
8398,8017,Mahindra XUV400,SUV,39.4,2023
8399,8018,Mahindra XUV400,SUV,39.4,2023
8400,8019,Tata Nexon EV,SUV,30.2,2023
8401,8020,BYD Atto 3,SUV,60.5,2021
8402,8021,Mahindra XUV400,SUV,39.4,2021
8403,8022,Tata Punch EV,Hatchback,35.0,2025
8404,8023,Tata Punch EV,Hatchback,35.0,2025
8405,8024,Kia EV6,SUV,77.4,2022
8406,8025,Kia EV6,SUV,77.4,2025
8407,8026,BYD Atto 3,SUV,60.5,2020
8408,8027,MG ZS EV,SUV,50.3,2024
8409,8028,Tata Nexon EV,SUV,30.2,2021
8410,8029,Tata Tiago EV,Hatchback,24.0,2025
8411,8030,Mahindra XUV400,SUV,39.4,2024
8412,8031,Hyundai Ioniq 5,SUV,72.6,2022
8413,8032,Mahindra XUV400,SUV,39.4,2020
8414,8033,Hyundai Ioniq 5,SUV,72.6,2025
8415,8033,Mahindra BE 6,SUV,59.0,2021
8416,8034,Tata Tiago EV,Hatchback,24.0,2024
8417,8035,Tata Nexon EV,SUV,30.2,2023
8418,8036,BYD Atto 3,SUV,60.5,2023
8419,8037,Tata Nexon EV,SUV,30.2,2024
8420,8038,Hyundai Ioniq 5,SUV,72.6,2020
8421,8039,Tata Punch EV,Hatchback,35.0,2021
8422,8040,Tata Tiago EV,Hatchback,24.0,2025
8423,8041,Tata Nexon EV,SUV,30.2,2025
8424,8042,Mahindra XUV400,SUV,39.4,2020
8425,8043,Kia EV6,SUV,77.4,2024
8426,8044,Mahindra XUV400,SUV,39.4,2024
8427,8045,Hyundai Ioniq 5,SUV,72.6,2025
8428,8046,Kia EV6,SUV,77.4,2025
8429,8046,Hyundai Ioniq 5,SUV,72.6,2020
8430,8047,MG ZS EV,SUV,50.3,2025
8431,8048,Hyundai Kona Electric,SUV,39.2,2022
8432,8049,MG ZS EV,SUV,50.3,2024
8433,8050,Hyundai Kona Electric,SUV,39.2,2022
8434,8050,Hyundai Kona Electric,SUV,39.2,2023
8435,8051,BYD Atto 3,SUV,60.5,2025
8436,8052,BYD Atto 3,SUV,60.5,2022
8437,8053,Kia EV6,SUV,77.4,2022
8438,8054,Tata Tiago EV,Hatchback,24.0,2023
8439,8055,Tata Nexon EV,SUV,30.2,2024
8440,8056,Tata Nexon EV,SUV,30.2,2021
8441,8057,Tata Nexon EV,SUV,30.2,2022
8442,8058,Hyundai Ioniq 5,SUV,72.6,2024
8443,8058,Hyundai Kona Electric,SUV,39.2,2021
8444,8059,Hyundai Kona Electric,SUV,39.2,2020
8445,8060,Kia EV6,SUV,77.4,2025
8446,8061,Hyundai Kona Electric,SUV,39.2,2021
8447,8062,Tata Nexon EV,SUV,30.2,2021
8448,8063,Tata Nexon EV,SUV,30.2,2020
8449,8064,BYD Atto 3,SUV,60.5,2025
8450,8065,Mahindra XUV400,SUV,39.4,2021
8451,8066,Mahindra XUV400,SUV,39.4,2021
8452,8067,Tata Nexon EV,SUV,30.2,2022
8453,8068,MG ZS EV,SUV,50.3,2022
8454,8069,Tata Tiago EV,Hatchback,24.0,2022
8455,8070,Kia EV6,SUV,77.4,2020
8456,8071,MG ZS EV,SUV,50.3,2025
8457,8072,Mahindra BE 6,SUV,59.0,2025
8458,8073,Mahindra BE 6,SUV,59.0,2021
8459,8074,Hyundai Ioniq 5,SUV,72.6,2021
8460,8075,Tata Punch EV,Hatchback,35.0,2020
8461,8076,Tata Tiago EV,Hatchback,24.0,2024
8462,8077,Tata Nexon EV,SUV,30.2,2021
8463,8078,Tata Punch EV,Hatchback,35.0,2022
8464,8079,Tata Nexon EV,SUV,30.2,2023
8465,8080,Tata Punch EV,Hatchback,35.0,2024
8466,8081,Tata Tiago EV,Hatchback,24.0,2025
8467,8082,MG ZS EV,SUV,50.3,2023
8468,8083,Tata Tiago EV,Hatchback,24.0,2023
8469,8084,Mahindra XUV400,SUV,39.4,2021
8470,8085,Mahindra XUV400,SUV,39.4,2021
8471,8086,BYD Atto 3,SUV,60.5,2024
8472,8087,Hyundai Ioniq 5,SUV,72.6,2020
8473,8088,BYD Atto 3,SUV,60.5,2021
8474,8089,Tata Tiago EV,Hatchback,24.0,2022
8475,8090,Mahindra BE 6,SUV,59.0,2021
8476,8091,BYD Atto 3,SUV,60.5,2025
8477,8092,BYD Atto 3,SUV,60.5,2020
8478,8093,Tata Nexon EV,SUV,30.2,2020
8479,8094,BYD Atto 3,SUV,60.5,2024
8480,8095,Hyundai Kona Electric,SUV,39.2,2023
8481,8096,BYD Atto 3,SUV,60.5,2022
8482,8097,Tata Nexon EV,SUV,30.2,2021
8483,8098,Mahindra XUV400,SUV,39.4,2025
8484,8099,Hyundai Kona Electric,SUV,39.2,2020
8485,8099,Mahindra BE 6,SUV,59.0,2023
8486,8100,Mahindra XUV400,SUV,39.4,2022
8487,8101,Kia EV6,SUV,77.4,2024
8488,8102,Tata Nexon EV,SUV,30.2,2020
8489,8103,Tata Tiago EV,Hatchback,24.0,2025
8490,8104,MG ZS EV,SUV,50.3,2020
8491,8105,Kia EV6,SUV,77.4,2020
8492,8106,Mahindra BE 6,SUV,59.0,2020
8493,8107,Tata Punch EV,Hatchback,35.0,2021
8494,8108,Tata Punch EV,Hatchback,35.0,2023
8495,8109,Hyundai Kona Electric,SUV,39.2,2021
8496,8110,Tata Tiago EV,Hatchback,24.0,2025
8497,8111,Tata Nexon EV,SUV,30.2,2023
8498,8112,Mahindra BE 6,SUV,59.0,2022
8499,8112,Hyundai Kona Electric,SUV,39.2,2023
8500,8113,Mahindra XUV400,SUV,39.4,2024
8501,8114,Tata Nexon EV,SUV,30.2,2023
8502,8115,Hyundai Kona Electric,SUV,39.2,2024
8503,8116,Tata Punch EV,Hatchback,35.0,2024
8504,8117,Kia EV6,SUV,77.4,2022
8505,8118,Hyundai Ioniq 5,SUV,72.6,2023
8506,8119,MG ZS EV,SUV,50.3,2021
8507,8120,MG ZS EV,SUV,50.3,2020
8508,8121,Mahindra BE 6,SUV,59.0,2020
8509,8122,BYD Atto 3,SUV,60.5,2023
8510,8123,Hyundai Kona Electric,SUV,39.2,2023
8511,8124,Mahindra XUV400,SUV,39.4,2025
8512,8125,Kia EV6,SUV,77.4,2023
8513,8126,Hyundai Ioniq 5,SUV,72.6,2023
8514,8127,Hyundai Ioniq 5,SUV,72.6,2024
8515,8128,MG ZS EV,SUV,50.3,2020
8516,8129,Tata Nexon EV,SUV,30.2,2022
8517,8129,Kia EV6,SUV,77.4,2023
8518,8130,Kia EV6,SUV,77.4,2021
8519,8131,Mahindra XUV400,SUV,39.4,2021
8520,8131,MG ZS EV,SUV,50.3,2022
8521,8132,Kia EV6,SUV,77.4,2021
8522,8133,Hyundai Ioniq 5,SUV,72.6,2024
8523,8134,Tata Punch EV,Hatchback,35.0,2021
8524,8134,Tata Nexon EV,SUV,30.2,2024
8525,8135,Tata Nexon EV,SUV,30.2,2020
8526,8136,Hyundai Ioniq 5,SUV,72.6,2022
8527,8137,Tata Nexon EV,SUV,30.2,2020
8528,8138,Hyundai Ioniq 5,SUV,72.6,2021
8529,8139,Hyundai Ioniq 5,SUV,72.6,2021
8530,8140,Mahindra BE 6,SUV,59.0,2021
8531,8141,BYD Atto 3,SUV,60.5,2025
8532,8142,Kia EV6,SUV,77.4,2025
8533,8143,Mahindra BE 6,SUV,59.0,2023
8534,8144,Hyundai Kona Electric,SUV,39.2,2025
8535,8145,MG ZS EV,SUV,50.3,2020
8536,8146,Hyundai Ioniq 5,SUV,72.6,2024
8537,8147,Mahindra BE 6,SUV,59.0,2021
8538,8148,Tata Nexon EV,SUV,30.2,2020
8539,8149,BYD Atto 3,SUV,60.5,2024
8540,8150,BYD Atto 3,SUV,60.5,2022
8541,8151,Hyundai Kona Electric,SUV,39.2,2020
8542,8152,Hyundai Kona Electric,SUV,39.2,2021
8543,8153,MG ZS EV,SUV,50.3,2023
8544,8154,Tata Tiago EV,Hatchback,24.0,2021
8545,8155,Kia EV6,SUV,77.4,2020
8546,8156,Mahindra BE 6,SUV,59.0,2025
8547,8157,Mahindra BE 6,SUV,59.0,2021
8548,8158,Kia EV6,SUV,77.4,2024
8549,8159,Mahindra BE 6,SUV,59.0,2022
8550,8160,BYD Atto 3,SUV,60.5,2025
8551,8161,MG ZS EV,SUV,50.3,2020
8552,8161,Hyundai Ioniq 5,SUV,72.6,2025
8553,8162,Mahindra BE 6,SUV,59.0,2020
8554,8163,Tata Punch EV,Hatchback,35.0,2022
8555,8164,Tata Tiago EV,Hatchback,24.0,2024
8556,8165,BYD Atto 3,SUV,60.5,2025
8557,8166,Hyundai Kona Electric,SUV,39.2,2024
8558,8167,Tata Tiago EV,Hatchback,24.0,2020
8559,8168,Tata Tiago EV,Hatchback,24.0,2022
8560,8169,Tata Nexon EV,SUV,30.2,2022
8561,8170,BYD Atto 3,SUV,60.5,2024
8562,8171,Hyundai Ioniq 5,SUV,72.6,2023
8563,8172,Mahindra XUV400,SUV,39.4,2025
8564,8173,Tata Tiago EV,Hatchback,24.0,2022
8565,8174,Mahindra XUV400,SUV,39.4,2025
8566,8175,Hyundai Kona Electric,SUV,39.2,2025
8567,8176,Mahindra BE 6,SUV,59.0,2021
8568,8177,BYD Atto 3,SUV,60.5,2022
8569,8178,Mahindra BE 6,SUV,59.0,2020
8570,8179,Tata Tiago EV,Hatchback,24.0,2023
8571,8180,Hyundai Ioniq 5,SUV,72.6,2023
8572,8181,Mahindra XUV400,SUV,39.4,2021
8573,8182,Mahindra BE 6,SUV,59.0,2020
8574,8183,Tata Nexon EV,SUV,30.2,2024
8575,8184,Hyundai Kona Electric,SUV,39.2,2022
8576,8185,BYD Atto 3,SUV,60.5,2023
8577,8186,Mahindra BE 6,SUV,59.0,2021
8578,8187,BYD Atto 3,SUV,60.5,2023
8579,8188,Hyundai Kona Electric,SUV,39.2,2025
8580,8189,BYD Atto 3,SUV,60.5,2021
8581,8190,BYD Atto 3,SUV,60.5,2024
8582,8191,Hyundai Ioniq 5,SUV,72.6,2023
8583,8191,Hyundai Kona Electric,SUV,39.2,2024
8584,8192,Tata Tiago EV,Hatchback,24.0,2021
8585,8193,Tata Tiago EV,Hatchback,24.0,2025
8586,8194,Tata Nexon EV,SUV,30.2,2023
8587,8195,Kia EV6,SUV,77.4,2024
8588,8196,Hyundai Ioniq 5,SUV,72.6,2021
8589,8197,BYD Atto 3,SUV,60.5,2021
8590,8198,Tata Nexon EV,SUV,30.2,2024
8591,8199,Tata Nexon EV,SUV,30.2,2020
8592,8200,BYD Atto 3,SUV,60.5,2025
8593,8201,Tata Nexon EV,SUV,30.2,2020
8594,8202,Mahindra BE 6,SUV,59.0,2025
8595,8203,Hyundai Ioniq 5,SUV,72.6,2025
8596,8204,Mahindra BE 6,SUV,59.0,2022
8597,8205,BYD Atto 3,SUV,60.5,2021
8598,8206,Hyundai Ioniq 5,SUV,72.6,2022
8599,8207,Tata Punch EV,Hatchback,35.0,2023
8600,8208,Tata Tiago EV,Hatchback,24.0,2022
8601,8209,Tata Nexon EV,SUV,30.2,2020
8602,8210,Tata Punch EV,Hatchback,35.0,2021
8603,8211,BYD Atto 3,SUV,60.5,2021
8604,8212,Tata Nexon EV,SUV,30.2,2020
8605,8213,BYD Atto 3,SUV,60.5,2025
8606,8214,Hyundai Kona Electric,SUV,39.2,2023
8607,8215,Tata Punch EV,Hatchback,35.0,2021
8608,8216,MG ZS EV,SUV,50.3,2023
8609,8217,Mahindra BE 6,SUV,59.0,2025
8610,8218,Hyundai Ioniq 5,SUV,72.6,2025
8611,8219,Tata Tiago EV,Hatchback,24.0,2023
8612,8220,Tata Nexon EV,SUV,30.2,2025
8613,8221,Mahindra XUV400,SUV,39.4,2022
8614,8222,Kia EV6,SUV,77.4,2022
8615,8223,BYD Atto 3,SUV,60.5,2022
8616,8223,MG ZS EV,SUV,50.3,2025
8617,8224,MG ZS EV,SUV,50.3,2020
8618,8225,Tata Nexon EV,SUV,30.2,2021
8619,8226,BYD Atto 3,SUV,60.5,2020
8620,8227,Mahindra XUV400,SUV,39.4,2021
8621,8228,Hyundai Ioniq 5,SUV,72.6,2023
8622,8229,Tata Nexon EV,SUV,30.2,2022
8623,8230,Hyundai Ioniq 5,SUV,72.6,2024
8624,8231,Hyundai Ioniq 5,SUV,72.6,2025
8625,8232,Mahindra XUV400,SUV,39.4,2024
8626,8233,Mahindra XUV400,SUV,39.4,2022
8627,8234,BYD Atto 3,SUV,60.5,2024
8628,8235,Kia EV6,SUV,77.4,2022
8629,8236,MG ZS EV,SUV,50.3,2022
8630,8237,Tata Nexon EV,SUV,30.2,2022
8631,8238,Hyundai Kona Electric,SUV,39.2,2020
8632,8239,Hyundai Ioniq 5,SUV,72.6,2020
8633,8240,Kia EV6,SUV,77.4,2020
8634,8241,Mahindra XUV400,SUV,39.4,2023
8635,8242,Mahindra XUV400,SUV,39.4,2021
8636,8243,Hyundai Ioniq 5,SUV,72.6,2022
8637,8244,Mahindra XUV400,SUV,39.4,2024
8638,8245,Tata Nexon EV,SUV,30.2,2023
8639,8246,BYD Atto 3,SUV,60.5,2023
8640,8247,Tata Nexon EV,SUV,30.2,2022
8641,8248,Hyundai Ioniq 5,SUV,72.6,2025
8642,8249,Tata Punch EV,Hatchback,35.0,2024
8643,8250,Tata Punch EV,Hatchback,35.0,2024
8644,8251,MG ZS EV,SUV,50.3,2025
8645,8252,Tata Punch EV,Hatchback,35.0,2024
8646,8253,Tata Tiago EV,Hatchback,24.0,2023
8647,8254,Hyundai Ioniq 5,SUV,72.6,2021
8648,8255,MG ZS EV,SUV,50.3,2021
8649,8256,Tata Tiago EV,Hatchback,24.0,2024
8650,8257,MG ZS EV,SUV,50.3,2021
8651,8258,BYD Atto 3,SUV,60.5,2023
8652,8259,Tata Punch EV,Hatchback,35.0,2024
8653,8260,BYD Atto 3,SUV,60.5,2022
8654,8261,Tata Nexon EV,SUV,30.2,2025
8655,8262,Mahindra XUV400,SUV,39.4,2023
8656,8263,Tata Tiago EV,Hatchback,24.0,2023
8657,8264,Tata Tiago EV,Hatchback,24.0,2021
8658,8265,Mahindra XUV400,SUV,39.4,2023
8659,8266,MG ZS EV,SUV,50.3,2021
8660,8267,Mahindra XUV400,SUV,39.4,2021
8661,8268,Mahindra BE 6,SUV,59.0,2021
8662,8269,Tata Punch EV,Hatchback,35.0,2021
8663,8270,Tata Punch EV,Hatchback,35.0,2021
8664,8271,Hyundai Ioniq 5,SUV,72.6,2025
8665,8272,Kia EV6,SUV,77.4,2023
8666,8273,Mahindra XUV400,SUV,39.4,2021
8667,8273,Mahindra BE 6,SUV,59.0,2024
8668,8274,Hyundai Kona Electric,SUV,39.2,2024
8669,8275,MG ZS EV,SUV,50.3,2025
8670,8276,MG ZS EV,SUV,50.3,2025
8671,8276,Mahindra XUV400,SUV,39.4,2025
8672,8277,Hyundai Ioniq 5,SUV,72.6,2021
8673,8278,BYD Atto 3,SUV,60.5,2023
8674,8279,Mahindra BE 6,SUV,59.0,2022
8675,8280,Tata Punch EV,Hatchback,35.0,2025
8676,8281,MG ZS EV,SUV,50.3,2022
8677,8282,Mahindra XUV400,SUV,39.4,2021
8678,8283,BYD Atto 3,SUV,60.5,2022
8679,8284,BYD Atto 3,SUV,60.5,2025
8680,8285,Tata Nexon EV,SUV,30.2,2025
8681,8286,Kia EV6,SUV,77.4,2021
8682,8287,Kia EV6,SUV,77.4,2024
8683,8288,Tata Tiago EV,Hatchback,24.0,2025
8684,8289,MG ZS EV,SUV,50.3,2023
8685,8290,Tata Punch EV,Hatchback,35.0,2022
8686,8291,Tata Tiago EV,Hatchback,24.0,2025
8687,8292,Mahindra XUV400,SUV,39.4,2020
8688,8292,Mahindra XUV400,SUV,39.4,2020
8689,8293,Tata Punch EV,Hatchback,35.0,2024
8690,8294,Hyundai Ioniq 5,SUV,72.6,2022
8691,8295,Kia EV6,SUV,77.4,2023
8692,8296,Mahindra BE 6,SUV,59.0,2020
8693,8297,MG ZS EV,SUV,50.3,2020
8694,8298,BYD Atto 3,SUV,60.5,2022
8695,8299,Tata Nexon EV,SUV,30.2,2020
8696,8300,Mahindra BE 6,SUV,59.0,2025
8697,8301,Kia EV6,SUV,77.4,2023
8698,8302,Hyundai Ioniq 5,SUV,72.6,2023
8699,8303,Hyundai Kona Electric,SUV,39.2,2024
8700,8304,Tata Punch EV,Hatchback,35.0,2023
8701,8305,Tata Punch EV,Hatchback,35.0,2024
8702,8306,Hyundai Ioniq 5,SUV,72.6,2024
8703,8307,BYD Atto 3,SUV,60.5,2020
8704,8308,Kia EV6,SUV,77.4,2024
8705,8309,Hyundai Kona Electric,SUV,39.2,2025
8706,8310,Hyundai Kona Electric,SUV,39.2,2023
8707,8311,Tata Nexon EV,SUV,30.2,2024
8708,8312,Hyundai Kona Electric,SUV,39.2,2024
8709,8313,Kia EV6,SUV,77.4,2022
8710,8314,Tata Tiago EV,Hatchback,24.0,2022
8711,8315,Tata Nexon EV,SUV,30.2,2025
8712,8316,Mahindra BE 6,SUV,59.0,2023
8713,8317,Kia EV6,SUV,77.4,2022
8714,8317,Mahindra XUV400,SUV,39.4,2023
8715,8318,Tata Punch EV,Hatchback,35.0,2024
8716,8319,Tata Nexon EV,SUV,30.2,2025
8717,8320,Hyundai Ioniq 5,SUV,72.6,2023
8718,8321,Hyundai Kona Electric,SUV,39.2,2024
8719,8322,Kia EV6,SUV,77.4,2021
8720,8323,Tata Punch EV,Hatchback,35.0,2023
8721,8324,Tata Punch EV,Hatchback,35.0,2023
8722,8324,Mahindra BE 6,SUV,59.0,2020
8723,8325,Hyundai Ioniq 5,SUV,72.6,2023
8724,8326,Hyundai Kona Electric,SUV,39.2,2024
8725,8327,Hyundai Kona Electric,SUV,39.2,2025
8726,8328,Tata Tiago EV,Hatchback,24.0,2022
8727,8329,Mahindra XUV400,SUV,39.4,2021
8728,8330,BYD Atto 3,SUV,60.5,2023
8729,8331,Mahindra BE 6,SUV,59.0,2020
8730,8332,Kia EV6,SUV,77.4,2021
8731,8333,Hyundai Kona Electric,SUV,39.2,2021
8732,8334,BYD Atto 3,SUV,60.5,2021
8733,8335,Mahindra XUV400,SUV,39.4,2024
8734,8336,Mahindra XUV400,SUV,39.4,2020
8735,8337,Tata Tiago EV,Hatchback,24.0,2020
8736,8338,Tata Nexon EV,SUV,30.2,2021
8737,8339,Tata Tiago EV,Hatchback,24.0,2024
8738,8340,BYD Atto 3,SUV,60.5,2023
8739,8341,Mahindra XUV400,SUV,39.4,2021
8740,8342,Tata Nexon EV,SUV,30.2,2022
8741,8343,Tata Tiago EV,Hatchback,24.0,2020
8742,8344,Tata Punch EV,Hatchback,35.0,2022
8743,8345,Mahindra BE 6,SUV,59.0,2025
8744,8346,Tata Tiago EV,Hatchback,24.0,2022
8745,8347,Tata Nexon EV,SUV,30.2,2025
8746,8348,Mahindra BE 6,SUV,59.0,2021
8747,8349,Hyundai Kona Electric,SUV,39.2,2023
8748,8350,Tata Punch EV,Hatchback,35.0,2025
8749,8351,Tata Nexon EV,SUV,30.2,2022
8750,8352,Mahindra XUV400,SUV,39.4,2021
8751,8352,Kia EV6,SUV,77.4,2025
8752,8353,Tata Punch EV,Hatchback,35.0,2020
8753,8353,Tata Tiago EV,Hatchback,24.0,2022
8754,8354,Hyundai Ioniq 5,SUV,72.6,2022
8755,8355,Mahindra BE 6,SUV,59.0,2025
8756,8356,Hyundai Kona Electric,SUV,39.2,2022
8757,8357,Mahindra BE 6,SUV,59.0,2022
8758,8358,Hyundai Ioniq 5,SUV,72.6,2024
8759,8359,Hyundai Kona Electric,SUV,39.2,2025
8760,8360,MG ZS EV,SUV,50.3,2022
8761,8360,Hyundai Kona Electric,SUV,39.2,2024
8762,8361,Mahindra BE 6,SUV,59.0,2021
8763,8362,MG ZS EV,SUV,50.3,2024
8764,8363,Kia EV6,SUV,77.4,2022
8765,8364,BYD Atto 3,SUV,60.5,2022
8766,8365,Kia EV6,SUV,77.4,2022
8767,8366,Tata Nexon EV,SUV,30.2,2021
8768,8367,Hyundai Ioniq 5,SUV,72.6,2024
8769,8368,Hyundai Kona Electric,SUV,39.2,2020
8770,8369,Kia EV6,SUV,77.4,2022
8771,8370,Mahindra BE 6,SUV,59.0,2022
8772,8371,Hyundai Ioniq 5,SUV,72.6,2024
8773,8372,Hyundai Ioniq 5,SUV,72.6,2020
8774,8373,MG ZS EV,SUV,50.3,2024
8775,8374,Tata Tiago EV,Hatchback,24.0,2025
8776,8375,Tata Tiago EV,Hatchback,24.0,2020
8777,8376,Tata Punch EV,Hatchback,35.0,2022
8778,8377,BYD Atto 3,SUV,60.5,2020
8779,8378,Hyundai Kona Electric,SUV,39.2,2023
8780,8379,Kia EV6,SUV,77.4,2022
8781,8380,Kia EV6,SUV,77.4,2022
8782,8381,Tata Tiago EV,Hatchback,24.0,2024
8783,8382,Hyundai Kona Electric,SUV,39.2,2023
8784,8383,Mahindra BE 6,SUV,59.0,2022
8785,8384,Tata Tiago EV,Hatchback,24.0,2024
8786,8385,MG ZS EV,SUV,50.3,2021
8787,8386,MG ZS EV,SUV,50.3,2021
8788,8387,Tata Nexon EV,SUV,30.2,2024
8789,8388,Hyundai Ioniq 5,SUV,72.6,2020
8790,8389,Kia EV6,SUV,77.4,2020
8791,8390,Kia EV6,SUV,77.4,2022
8792,8391,Tata Nexon EV,SUV,30.2,2024
8793,8392,Kia EV6,SUV,77.4,2023
8794,8393,MG ZS EV,SUV,50.3,2024
8795,8394,Kia EV6,SUV,77.4,2024
8796,8395,BYD Atto 3,SUV,60.5,2021
8797,8396,Kia EV6,SUV,77.4,2020
8798,8397,Tata Punch EV,Hatchback,35.0,2022
8799,8398,Hyundai Ioniq 5,SUV,72.6,2022
8800,8399,MG ZS EV,SUV,50.3,2021
8801,8400,Kia EV6,SUV,77.4,2021
8802,8401,Kia EV6,SUV,77.4,2020
8803,8402,Tata Punch EV,Hatchback,35.0,2023
8804,8403,Tata Tiago EV,Hatchback,24.0,2021
8805,8404,Mahindra XUV400,SUV,39.4,2020
8806,8405,BYD Atto 3,SUV,60.5,2020
8807,8406,Hyundai Kona Electric,SUV,39.2,2022
8808,8407,Tata Punch EV,Hatchback,35.0,2025
8809,8408,Kia EV6,SUV,77.4,2020
8810,8409,Tata Punch EV,Hatchback,35.0,2024
8811,8410,MG ZS EV,SUV,50.3,2022
8812,8411,Tata Nexon EV,SUV,30.2,2021
8813,8412,MG ZS EV,SUV,50.3,2023
8814,8413,Tata Tiago EV,Hatchback,24.0,2024
8815,8414,Tata Tiago EV,Hatchback,24.0,2022
8816,8415,Hyundai Ioniq 5,SUV,72.6,2021
8817,8416,Mahindra XUV400,SUV,39.4,2021
8818,8417,BYD Atto 3,SUV,60.5,2020
8819,8418,Hyundai Kona Electric,SUV,39.2,2020
8820,8419,MG ZS EV,SUV,50.3,2022
8821,8420,Hyundai Kona Electric,SUV,39.2,2022
8822,8421,Mahindra BE 6,SUV,59.0,2023
8823,8422,Tata Punch EV,Hatchback,35.0,2024
8824,8423,Tata Tiago EV,Hatchback,24.0,2024
8825,8424,Mahindra BE 6,SUV,59.0,2022
8826,8425,Tata Tiago EV,Hatchback,24.0,2020
8827,8426,Tata Tiago EV,Hatchback,24.0,2022
8828,8426,Hyundai Ioniq 5,SUV,72.6,2020
8829,8427,BYD Atto 3,SUV,60.5,2025
8830,8428,Hyundai Ioniq 5,SUV,72.6,2020
8831,8429,Mahindra BE 6,SUV,59.0,2020
8832,8430,BYD Atto 3,SUV,60.5,2020
8833,8431,BYD Atto 3,SUV,60.5,2020
8834,8432,Hyundai Kona Electric,SUV,39.2,2024
8835,8433,Tata Punch EV,Hatchback,35.0,2021
8836,8434,MG ZS EV,SUV,50.3,2023
8837,8435,Hyundai Kona Electric,SUV,39.2,2022
8838,8436,Tata Nexon EV,SUV,30.2,2024
8839,8437,Hyundai Ioniq 5,SUV,72.6,2024
8840,8438,MG ZS EV,SUV,50.3,2023
8841,8439,Tata Tiago EV,Hatchback,24.0,2023
8842,8440,Kia EV6,SUV,77.4,2020
8843,8441,Mahindra BE 6,SUV,59.0,2021
8844,8442,Tata Punch EV,Hatchback,35.0,2020
8845,8443,Tata Punch EV,Hatchback,35.0,2025
8846,8444,Hyundai Ioniq 5,SUV,72.6,2023
8847,8444,Tata Tiago EV,Hatchback,24.0,2023
8848,8445,Tata Tiago EV,Hatchback,24.0,2020
8849,8446,Tata Tiago EV,Hatchback,24.0,2020
8850,8447,Mahindra XUV400,SUV,39.4,2021
8851,8448,Mahindra BE 6,SUV,59.0,2023
8852,8449,Hyundai Ioniq 5,SUV,72.6,2020
8853,8450,Hyundai Ioniq 5,SUV,72.6,2022
8854,8450,Kia EV6,SUV,77.4,2024
8855,8451,Mahindra XUV400,SUV,39.4,2025
8856,8452,Hyundai Kona Electric,SUV,39.2,2025
8857,8453,Tata Tiago EV,Hatchback,24.0,2025
8858,8454,Kia EV6,SUV,77.4,2024
8859,8455,Hyundai Ioniq 5,SUV,72.6,2023
8860,8456,Mahindra BE 6,SUV,59.0,2024
8861,8457,Tata Tiago EV,Hatchback,24.0,2022
8862,8458,Tata Nexon EV,SUV,30.2,2024
8863,8459,Hyundai Kona Electric,SUV,39.2,2020
8864,8460,BYD Atto 3,SUV,60.5,2024
8865,8461,Tata Tiago EV,Hatchback,24.0,2023
8866,8462,Kia EV6,SUV,77.4,2022
8867,8463,Hyundai Kona Electric,SUV,39.2,2021
8868,8464,Tata Nexon EV,SUV,30.2,2021
8869,8465,Kia EV6,SUV,77.4,2025
8870,8466,Tata Nexon EV,SUV,30.2,2020
8871,8467,Mahindra BE 6,SUV,59.0,2020
8872,8468,Hyundai Kona Electric,SUV,39.2,2023
8873,8469,Tata Nexon EV,SUV,30.2,2023
8874,8470,Tata Tiago EV,Hatchback,24.0,2022
8875,8471,Tata Punch EV,Hatchback,35.0,2021
8876,8472,MG ZS EV,SUV,50.3,2021
8877,8473,BYD Atto 3,SUV,60.5,2025
8878,8474,Tata Punch EV,Hatchback,35.0,2023
8879,8475,Hyundai Kona Electric,SUV,39.2,2024
8880,8476,Mahindra BE 6,SUV,59.0,2020
8881,8477,Tata Punch EV,Hatchback,35.0,2025
8882,8478,Hyundai Kona Electric,SUV,39.2,2023
8883,8479,MG ZS EV,SUV,50.3,2024
8884,8480,Hyundai Ioniq 5,SUV,72.6,2022
8885,8481,Tata Nexon EV,SUV,30.2,2020
8886,8482,MG ZS EV,SUV,50.3,2024
8887,8483,Mahindra BE 6,SUV,59.0,2024
8888,8484,Hyundai Ioniq 5,SUV,72.6,2023
8889,8485,Mahindra XUV400,SUV,39.4,2024
8890,8486,Mahindra XUV400,SUV,39.4,2022
8891,8487,Tata Punch EV,Hatchback,35.0,2020
8892,8488,Mahindra XUV400,SUV,39.4,2024
8893,8489,Tata Nexon EV,SUV,30.2,2022
8894,8490,Hyundai Kona Electric,SUV,39.2,2022
8895,8490,BYD Atto 3,SUV,60.5,2024
8896,8491,Hyundai Ioniq 5,SUV,72.6,2024
8897,8492,Tata Nexon EV,SUV,30.2,2020
8898,8493,Mahindra BE 6,SUV,59.0,2025
8899,8494,Tata Punch EV,Hatchback,35.0,2020
8900,8495,Mahindra XUV400,SUV,39.4,2024
8901,8495,Tata Punch EV,Hatchback,35.0,2021
8902,8496,Kia EV6,SUV,77.4,2021
8903,8497,Tata Tiago EV,Hatchback,24.0,2020
8904,8498,Hyundai Ioniq 5,SUV,72.6,2023
8905,8499,Kia EV6,SUV,77.4,2023
8906,8500,Hyundai Ioniq 5,SUV,72.6,2020
8907,8501,Hyundai Kona Electric,SUV,39.2,2020
8908,8502,Mahindra BE 6,SUV,59.0,2025
8909,8503,Hyundai Kona Electric,SUV,39.2,2021
8910,8504,Mahindra BE 6,SUV,59.0,2024
8911,8504,MG ZS EV,SUV,50.3,2020
8912,8505,Tata Nexon EV,SUV,30.2,2022
8913,8506,Tata Tiago EV,Hatchback,24.0,2024
8914,8507,MG ZS EV,SUV,50.3,2022
8915,8508,Tata Nexon EV,SUV,30.2,2025
8916,8509,BYD Atto 3,SUV,60.5,2022
8917,8510,Mahindra XUV400,SUV,39.4,2025
8918,8511,BYD Atto 3,SUV,60.5,2024
8919,8512,Tata Nexon EV,SUV,30.2,2021
8920,8513,Tata Tiago EV,Hatchback,24.0,2023
8921,8514,Hyundai Ioniq 5,SUV,72.6,2025
8922,8515,Tata Nexon EV,SUV,30.2,2021
8923,8516,Mahindra BE 6,SUV,59.0,2025
8924,8517,MG ZS EV,SUV,50.3,2022
8925,8518,Tata Nexon EV,SUV,30.2,2023
8926,8518,BYD Atto 3,SUV,60.5,2021
8927,8519,Mahindra XUV400,SUV,39.4,2021
8928,8520,Mahindra BE 6,SUV,59.0,2021
8929,8521,BYD Atto 3,SUV,60.5,2020
8930,8522,Hyundai Ioniq 5,SUV,72.6,2021
8931,8523,Mahindra XUV400,SUV,39.4,2021
8932,8524,Mahindra XUV400,SUV,39.4,2021
8933,8525,Tata Punch EV,Hatchback,35.0,2021
8934,8526,Hyundai Ioniq 5,SUV,72.6,2024
8935,8527,Kia EV6,SUV,77.4,2023
8936,8528,Tata Punch EV,Hatchback,35.0,2020
8937,8529,BYD Atto 3,SUV,60.5,2020
8938,8530,Mahindra BE 6,SUV,59.0,2020
8939,8531,Mahindra BE 6,SUV,59.0,2023
8940,8532,Tata Tiago EV,Hatchback,24.0,2024
8941,8533,BYD Atto 3,SUV,60.5,2021
8942,8534,MG ZS EV,SUV,50.3,2025
8943,8535,Hyundai Ioniq 5,SUV,72.6,2025
8944,8536,Tata Tiago EV,Hatchback,24.0,2024
8945,8536,Tata Nexon EV,SUV,30.2,2024
8946,8537,Hyundai Ioniq 5,SUV,72.6,2022
8947,8538,Tata Nexon EV,SUV,30.2,2025
8948,8539,Mahindra XUV400,SUV,39.4,2020
8949,8539,Tata Nexon EV,SUV,30.2,2024
8950,8540,Kia EV6,SUV,77.4,2021
8951,8541,Hyundai Kona Electric,SUV,39.2,2020
8952,8542,Kia EV6,SUV,77.4,2022
8953,8543,BYD Atto 3,SUV,60.5,2021
8954,8544,Tata Nexon EV,SUV,30.2,2020
8955,8545,Tata Nexon EV,SUV,30.2,2021
8956,8545,Hyundai Kona Electric,SUV,39.2,2020
8957,8546,Hyundai Kona Electric,SUV,39.2,2024
8958,8547,Hyundai Kona Electric,SUV,39.2,2022
8959,8548,Mahindra BE 6,SUV,59.0,2025
8960,8549,Kia EV6,SUV,77.4,2021
8961,8550,Kia EV6,SUV,77.4,2024
8962,8551,Kia EV6,SUV,77.4,2024
8963,8552,Mahindra XUV400,SUV,39.4,2021
8964,8553,BYD Atto 3,SUV,60.5,2024
8965,8554,Kia EV6,SUV,77.4,2020
8966,8555,Kia EV6,SUV,77.4,2022
8967,8556,Kia EV6,SUV,77.4,2023
8968,8557,Mahindra BE 6,SUV,59.0,2022
8969,8558,MG ZS EV,SUV,50.3,2025
8970,8559,Hyundai Ioniq 5,SUV,72.6,2025
8971,8560,Tata Tiago EV,Hatchback,24.0,2021
8972,8561,MG ZS EV,SUV,50.3,2023
8973,8562,BYD Atto 3,SUV,60.5,2023
8974,8563,Mahindra BE 6,SUV,59.0,2024
8975,8564,Mahindra BE 6,SUV,59.0,2025
8976,8565,MG ZS EV,SUV,50.3,2024
8977,8566,Tata Tiago EV,Hatchback,24.0,2022
8978,8567,MG ZS EV,SUV,50.3,2024
8979,8568,BYD Atto 3,SUV,60.5,2020
8980,8569,Tata Tiago EV,Hatchback,24.0,2020
8981,8570,Mahindra BE 6,SUV,59.0,2025
8982,8571,Hyundai Ioniq 5,SUV,72.6,2023
8983,8572,Mahindra BE 6,SUV,59.0,2021
8984,8573,Mahindra XUV400,SUV,39.4,2021
8985,8574,Tata Nexon EV,SUV,30.2,2025
8986,8575,Mahindra XUV400,SUV,39.4,2023
8987,8576,Mahindra BE 6,SUV,59.0,2025
8988,8577,Hyundai Ioniq 5,SUV,72.6,2023
8989,8578,Hyundai Kona Electric,SUV,39.2,2021
8990,8579,MG ZS EV,SUV,50.3,2025
8991,8580,Tata Punch EV,Hatchback,35.0,2022
8992,8581,Hyundai Ioniq 5,SUV,72.6,2020
8993,8582,Tata Tiago EV,Hatchback,24.0,2024
8994,8583,Tata Tiago EV,Hatchback,24.0,2022
8995,8584,Mahindra BE 6,SUV,59.0,2021
8996,8585,MG ZS EV,SUV,50.3,2020
8997,8586,Tata Nexon EV,SUV,30.2,2025
8998,8587,Mahindra BE 6,SUV,59.0,2020
8999,8588,Tata Nexon EV,SUV,30.2,2020
9000,8589,Mahindra XUV400,SUV,39.4,2023
9001,8590,Tata Nexon EV,SUV,30.2,2024
9002,8591,Tata Tiago EV,Hatchback,24.0,2022
9003,8592,MG ZS EV,SUV,50.3,2022
9004,8593,Tata Punch EV,Hatchback,35.0,2021
9005,8594,Kia EV6,SUV,77.4,2022
9006,8595,Mahindra BE 6,SUV,59.0,2022
9007,8596,MG ZS EV,SUV,50.3,2021
9008,8597,Hyundai Ioniq 5,SUV,72.6,2022
9009,8598,MG ZS EV,SUV,50.3,2021
9010,8599,Mahindra XUV400,SUV,39.4,2022
9011,8600,Hyundai Kona Electric,SUV,39.2,2024
9012,8601,MG ZS EV,SUV,50.3,2022
9013,8602,Tata Nexon EV,SUV,30.2,2024
9014,8603,Tata Nexon EV,SUV,30.2,2022
9015,8604,MG ZS EV,SUV,50.3,2025
9016,8605,Mahindra XUV400,SUV,39.4,2022
9017,8606,Tata Tiago EV,Hatchback,24.0,2024
9018,8607,MG ZS EV,SUV,50.3,2021
9019,8608,Tata Punch EV,Hatchback,35.0,2022
9020,8609,Mahindra XUV400,SUV,39.4,2023
9021,8610,Kia EV6,SUV,77.4,2025
9022,8610,Kia EV6,SUV,77.4,2022
9023,8611,Tata Nexon EV,SUV,30.2,2024
9024,8612,Hyundai Kona Electric,SUV,39.2,2022
9025,8613,Mahindra XUV400,SUV,39.4,2023
9026,8614,Mahindra XUV400,SUV,39.4,2023
9027,8615,Hyundai Ioniq 5,SUV,72.6,2025
9028,8616,Tata Tiago EV,Hatchback,24.0,2025
9029,8617,Tata Punch EV,Hatchback,35.0,2021
9030,8618,Mahindra XUV400,SUV,39.4,2022
9031,8619,Hyundai Kona Electric,SUV,39.2,2025
9032,8620,Tata Punch EV,Hatchback,35.0,2020
9033,8621,BYD Atto 3,SUV,60.5,2023
9034,8622,Hyundai Ioniq 5,SUV,72.6,2023
9035,8623,MG ZS EV,SUV,50.3,2023
9036,8624,Tata Tiago EV,Hatchback,24.0,2020
9037,8625,Mahindra XUV400,SUV,39.4,2024
9038,8626,Hyundai Ioniq 5,SUV,72.6,2020
9039,8627,Mahindra XUV400,SUV,39.4,2023
9040,8628,MG ZS EV,SUV,50.3,2021
9041,8629,Tata Nexon EV,SUV,30.2,2022
9042,8630,BYD Atto 3,SUV,60.5,2024
9043,8631,Hyundai Ioniq 5,SUV,72.6,2023
9044,8632,Kia EV6,SUV,77.4,2020
9045,8633,Hyundai Ioniq 5,SUV,72.6,2025
9046,8634,Kia EV6,SUV,77.4,2023
9047,8635,Tata Nexon EV,SUV,30.2,2023
9048,8636,Mahindra XUV400,SUV,39.4,2022
9049,8636,Tata Tiago EV,Hatchback,24.0,2023
9050,8637,Tata Tiago EV,Hatchback,24.0,2021
9051,8638,Tata Punch EV,Hatchback,35.0,2021
9052,8639,MG ZS EV,SUV,50.3,2021
9053,8640,Mahindra BE 6,SUV,59.0,2024
9054,8641,MG ZS EV,SUV,50.3,2025
9055,8642,Mahindra XUV400,SUV,39.4,2022
9056,8643,Tata Tiago EV,Hatchback,24.0,2024
9057,8644,Kia EV6,SUV,77.4,2023
9058,8645,Tata Tiago EV,Hatchback,24.0,2025
9059,8645,Hyundai Ioniq 5,SUV,72.6,2022
9060,8646,Tata Punch EV,Hatchback,35.0,2025
9061,8647,Hyundai Kona Electric,SUV,39.2,2024
9062,8648,Hyundai Ioniq 5,SUV,72.6,2024
9063,8649,Kia EV6,SUV,77.4,2021
9064,8650,Tata Tiago EV,Hatchback,24.0,2025
9065,8650,Kia EV6,SUV,77.4,2022
9066,8651,Tata Nexon EV,SUV,30.2,2025
9067,8652,MG ZS EV,SUV,50.3,2024
9068,8653,Hyundai Kona Electric,SUV,39.2,2023
9069,8654,Mahindra XUV400,SUV,39.4,2025
9070,8655,Hyundai Kona Electric,SUV,39.2,2021
9071,8656,Hyundai Ioniq 5,SUV,72.6,2020
9072,8657,Kia EV6,SUV,77.4,2024
9073,8658,MG ZS EV,SUV,50.3,2023
9074,8659,Mahindra XUV400,SUV,39.4,2020
9075,8660,Hyundai Ioniq 5,SUV,72.6,2022
9076,8661,Mahindra XUV400,SUV,39.4,2021
9077,8662,Mahindra XUV400,SUV,39.4,2020
9078,8663,Tata Nexon EV,SUV,30.2,2021
9079,8664,Hyundai Kona Electric,SUV,39.2,2020
9080,8665,Tata Nexon EV,SUV,30.2,2024
9081,8666,MG ZS EV,SUV,50.3,2023
9082,8667,Mahindra XUV400,SUV,39.4,2021
9083,8668,Mahindra BE 6,SUV,59.0,2024
9084,8669,Tata Tiago EV,Hatchback,24.0,2023
9085,8670,Hyundai Kona Electric,SUV,39.2,2020
9086,8671,Mahindra XUV400,SUV,39.4,2020
9087,8672,Hyundai Ioniq 5,SUV,72.6,2025
9088,8673,BYD Atto 3,SUV,60.5,2025
9089,8674,MG ZS EV,SUV,50.3,2021
9090,8675,MG ZS EV,SUV,50.3,2021
9091,8676,MG ZS EV,SUV,50.3,2023
9092,8677,Tata Nexon EV,SUV,30.2,2024
9093,8678,Mahindra XUV400,SUV,39.4,2020
9094,8679,Tata Nexon EV,SUV,30.2,2024
9095,8680,Hyundai Kona Electric,SUV,39.2,2022
9096,8681,Hyundai Ioniq 5,SUV,72.6,2022
9097,8682,MG ZS EV,SUV,50.3,2024
9098,8682,Kia EV6,SUV,77.4,2025
9099,8683,Tata Tiago EV,Hatchback,24.0,2022
9100,8684,Mahindra XUV400,SUV,39.4,2023
9101,8685,Tata Tiago EV,Hatchback,24.0,2020
9102,8686,Tata Tiago EV,Hatchback,24.0,2025
9103,8687,Tata Tiago EV,Hatchback,24.0,2025
9104,8688,Mahindra BE 6,SUV,59.0,2024
9105,8689,MG ZS EV,SUV,50.3,2021
9106,8690,Tata Tiago EV,Hatchback,24.0,2022
9107,8691,Kia EV6,SUV,77.4,2025
9108,8692,BYD Atto 3,SUV,60.5,2021
9109,8693,Hyundai Ioniq 5,SUV,72.6,2022
9110,8694,Tata Nexon EV,SUV,30.2,2021
9111,8695,Hyundai Kona Electric,SUV,39.2,2020
9112,8696,BYD Atto 3,SUV,60.5,2025
9113,8697,Mahindra XUV400,SUV,39.4,2020
9114,8698,Kia EV6,SUV,77.4,2020
9115,8699,Hyundai Kona Electric,SUV,39.2,2021
9116,8699,Tata Tiago EV,Hatchback,24.0,2020
9117,8700,MG ZS EV,SUV,50.3,2021
9118,8701,Tata Nexon EV,SUV,30.2,2021
9119,8702,Mahindra BE 6,SUV,59.0,2020
9120,8703,Tata Punch EV,Hatchback,35.0,2023
9121,8704,Mahindra XUV400,SUV,39.4,2024
9122,8705,Hyundai Ioniq 5,SUV,72.6,2020
9123,8706,Mahindra XUV400,SUV,39.4,2020
9124,8707,Hyundai Ioniq 5,SUV,72.6,2023
9125,8708,Mahindra BE 6,SUV,59.0,2025
9126,8709,Tata Tiago EV,Hatchback,24.0,2025
9127,8710,MG ZS EV,SUV,50.3,2022
9128,8711,Mahindra XUV400,SUV,39.4,2021
9129,8712,Tata Punch EV,Hatchback,35.0,2022
9130,8713,Tata Punch EV,Hatchback,35.0,2021
9131,8714,MG ZS EV,SUV,50.3,2023
9132,8715,Tata Punch EV,Hatchback,35.0,2024
9133,8716,Mahindra BE 6,SUV,59.0,2025
9134,8717,Tata Tiago EV,Hatchback,24.0,2024
9135,8718,MG ZS EV,SUV,50.3,2020
9136,8719,Kia EV6,SUV,77.4,2020
9137,8720,Mahindra XUV400,SUV,39.4,2020
9138,8721,Hyundai Kona Electric,SUV,39.2,2022
9139,8722,Mahindra BE 6,SUV,59.0,2022
9140,8723,Hyundai Kona Electric,SUV,39.2,2022
9141,8724,Hyundai Ioniq 5,SUV,72.6,2024
9142,8725,Hyundai Kona Electric,SUV,39.2,2022
9143,8726,MG ZS EV,SUV,50.3,2021
9144,8727,Mahindra XUV400,SUV,39.4,2022
9145,8728,Hyundai Kona Electric,SUV,39.2,2020
9146,8729,Mahindra XUV400,SUV,39.4,2022
9147,8730,Kia EV6,SUV,77.4,2023
9148,8731,MG ZS EV,SUV,50.3,2022
9149,8732,BYD Atto 3,SUV,60.5,2024
9150,8733,Tata Punch EV,Hatchback,35.0,2025
9151,8734,Tata Tiago EV,Hatchback,24.0,2025
9152,8735,Tata Nexon EV,SUV,30.2,2022
9153,8736,Tata Nexon EV,SUV,30.2,2022
9154,8737,Mahindra BE 6,SUV,59.0,2022
9155,8738,Mahindra BE 6,SUV,59.0,2021
9156,8739,Mahindra BE 6,SUV,59.0,2021
9157,8740,Mahindra XUV400,SUV,39.4,2024
9158,8741,Tata Nexon EV,SUV,30.2,2021
9159,8742,Tata Nexon EV,SUV,30.2,2025
9160,8743,Kia EV6,SUV,77.4,2025
9161,8744,Mahindra BE 6,SUV,59.0,2024
9162,8745,Tata Punch EV,Hatchback,35.0,2024
9163,8746,Tata Nexon EV,SUV,30.2,2024
9164,8747,Kia EV6,SUV,77.4,2023
9165,8748,BYD Atto 3,SUV,60.5,2025
9166,8749,Kia EV6,SUV,77.4,2024
9167,8750,Tata Nexon EV,SUV,30.2,2020
9168,8751,Tata Nexon EV,SUV,30.2,2024
9169,8752,Mahindra BE 6,SUV,59.0,2022
9170,8753,Mahindra XUV400,SUV,39.4,2025
9171,8754,Tata Punch EV,Hatchback,35.0,2022
9172,8755,Hyundai Kona Electric,SUV,39.2,2024
9173,8756,Kia EV6,SUV,77.4,2021
9174,8757,MG ZS EV,SUV,50.3,2025
9175,8758,Hyundai Kona Electric,SUV,39.2,2022
9176,8759,Hyundai Kona Electric,SUV,39.2,2025
9177,8759,Mahindra XUV400,SUV,39.4,2025
9178,8760,Hyundai Kona Electric,SUV,39.2,2022
9179,8761,Mahindra BE 6,SUV,59.0,2025
9180,8762,Tata Punch EV,Hatchback,35.0,2020
9181,8763,Tata Punch EV,Hatchback,35.0,2020
9182,8764,Mahindra BE 6,SUV,59.0,2020
9183,8765,BYD Atto 3,SUV,60.5,2022
9184,8766,Mahindra XUV400,SUV,39.4,2023
9185,8767,Mahindra BE 6,SUV,59.0,2024
9186,8768,BYD Atto 3,SUV,60.5,2025
9187,8769,Hyundai Ioniq 5,SUV,72.6,2022
9188,8770,Mahindra XUV400,SUV,39.4,2023
9189,8771,Kia EV6,SUV,77.4,2020
9190,8771,Tata Nexon EV,SUV,30.2,2023
9191,8772,Tata Tiago EV,Hatchback,24.0,2023
9192,8773,Tata Tiago EV,Hatchback,24.0,2024
9193,8774,MG ZS EV,SUV,50.3,2021
9194,8775,Hyundai Kona Electric,SUV,39.2,2025
9195,8776,Hyundai Ioniq 5,SUV,72.6,2024
9196,8777,MG ZS EV,SUV,50.3,2021
9197,8778,Kia EV6,SUV,77.4,2020
9198,8779,MG ZS EV,SUV,50.3,2023
9199,8780,Mahindra BE 6,SUV,59.0,2023
9200,8781,Tata Punch EV,Hatchback,35.0,2022
9201,8782,MG ZS EV,SUV,50.3,2021
9202,8783,Hyundai Ioniq 5,SUV,72.6,2023
9203,8784,Mahindra BE 6,SUV,59.0,2025
9204,8785,Hyundai Kona Electric,SUV,39.2,2024
9205,8786,Mahindra XUV400,SUV,39.4,2023
9206,8787,Tata Nexon EV,SUV,30.2,2022
9207,8788,BYD Atto 3,SUV,60.5,2022
9208,8789,Tata Tiago EV,Hatchback,24.0,2024
9209,8790,Tata Nexon EV,SUV,30.2,2024
9210,8791,Hyundai Ioniq 5,SUV,72.6,2023
9211,8791,Hyundai Kona Electric,SUV,39.2,2021
9212,8792,MG ZS EV,SUV,50.3,2020
9213,8793,MG ZS EV,SUV,50.3,2020
9214,8794,Tata Nexon EV,SUV,30.2,2024
9215,8795,Mahindra BE 6,SUV,59.0,2025
9216,8796,Kia EV6,SUV,77.4,2023
9217,8797,Tata Punch EV,Hatchback,35.0,2025
9218,8798,Tata Nexon EV,SUV,30.2,2021
9219,8799,Tata Nexon EV,SUV,30.2,2023
9220,8800,Hyundai Ioniq 5,SUV,72.6,2023
9221,8801,Tata Tiago EV,Hatchback,24.0,2020
9222,8802,Mahindra BE 6,SUV,59.0,2020
9223,8803,Hyundai Kona Electric,SUV,39.2,2025
9224,8804,BYD Atto 3,SUV,60.5,2021
9225,8805,Kia EV6,SUV,77.4,2022
9226,8806,Tata Tiago EV,Hatchback,24.0,2023
9227,8807,Hyundai Ioniq 5,SUV,72.6,2022
9228,8808,Tata Punch EV,Hatchback,35.0,2020
9229,8809,Mahindra BE 6,SUV,59.0,2022
9230,8810,BYD Atto 3,SUV,60.5,2024
9231,8810,BYD Atto 3,SUV,60.5,2021
9232,8811,BYD Atto 3,SUV,60.5,2023
9233,8812,Mahindra XUV400,SUV,39.4,2025
9234,8813,Mahindra BE 6,SUV,59.0,2023
9235,8814,BYD Atto 3,SUV,60.5,2025
9236,8815,Tata Nexon EV,SUV,30.2,2021
9237,8816,Tata Nexon EV,SUV,30.2,2022
9238,8817,Tata Nexon EV,SUV,30.2,2023
9239,8818,Mahindra BE 6,SUV,59.0,2020
9240,8819,Tata Punch EV,Hatchback,35.0,2025
9241,8820,Mahindra BE 6,SUV,59.0,2022
9242,8821,Hyundai Kona Electric,SUV,39.2,2024
9243,8822,Tata Punch EV,Hatchback,35.0,2021
9244,8823,Hyundai Kona Electric,SUV,39.2,2024
9245,8824,Tata Punch EV,Hatchback,35.0,2023
9246,8825,BYD Atto 3,SUV,60.5,2020
9247,8826,MG ZS EV,SUV,50.3,2024
9248,8827,Mahindra XUV400,SUV,39.4,2021
9249,8828,BYD Atto 3,SUV,60.5,2020
9250,8829,Mahindra BE 6,SUV,59.0,2020
9251,8830,Kia EV6,SUV,77.4,2025
9252,8831,Tata Tiago EV,Hatchback,24.0,2025
9253,8832,Kia EV6,SUV,77.4,2025
9254,8833,Tata Punch EV,Hatchback,35.0,2020
9255,8834,Tata Tiago EV,Hatchback,24.0,2024
9256,8835,Mahindra XUV400,SUV,39.4,2022
9257,8836,Mahindra BE 6,SUV,59.0,2020
9258,8837,Tata Punch EV,Hatchback,35.0,2020
9259,8838,Hyundai Ioniq 5,SUV,72.6,2020
9260,8839,Mahindra BE 6,SUV,59.0,2025
9261,8840,Tata Tiago EV,Hatchback,24.0,2023
9262,8841,Mahindra BE 6,SUV,59.0,2021
9263,8842,Tata Tiago EV,Hatchback,24.0,2020
9264,8843,Tata Nexon EV,SUV,30.2,2020
9265,8844,BYD Atto 3,SUV,60.5,2023
9266,8845,Mahindra XUV400,SUV,39.4,2022
9267,8846,Tata Nexon EV,SUV,30.2,2020
9268,8847,Kia EV6,SUV,77.4,2023
9269,8848,Mahindra XUV400,SUV,39.4,2020
9270,8848,Mahindra BE 6,SUV,59.0,2023
9271,8849,Tata Tiago EV,Hatchback,24.0,2021
9272,8849,Tata Punch EV,Hatchback,35.0,2023
9273,8850,Mahindra BE 6,SUV,59.0,2020
9274,8851,BYD Atto 3,SUV,60.5,2020
9275,8851,Tata Tiago EV,Hatchback,24.0,2023
9276,8852,Hyundai Kona Electric,SUV,39.2,2021
9277,8853,BYD Atto 3,SUV,60.5,2021
9278,8854,Tata Tiago EV,Hatchback,24.0,2022
9279,8855,Tata Tiago EV,Hatchback,24.0,2020
9280,8855,Hyundai Ioniq 5,SUV,72.6,2024
9281,8856,MG ZS EV,SUV,50.3,2022
9282,8857,Hyundai Kona Electric,SUV,39.2,2024
9283,8858,Kia EV6,SUV,77.4,2024
9284,8859,Hyundai Ioniq 5,SUV,72.6,2024
9285,8860,Tata Punch EV,Hatchback,35.0,2020
9286,8861,Hyundai Kona Electric,SUV,39.2,2020
9287,8862,Mahindra BE 6,SUV,59.0,2024
9288,8863,Tata Tiago EV,Hatchback,24.0,2021
9289,8864,Hyundai Ioniq 5,SUV,72.6,2020
9290,8865,Hyundai Ioniq 5,SUV,72.6,2022
9291,8866,Hyundai Ioniq 5,SUV,72.6,2024
9292,8867,Tata Punch EV,Hatchback,35.0,2020
9293,8868,Hyundai Ioniq 5,SUV,72.6,2025
9294,8869,Tata Tiago EV,Hatchback,24.0,2022
9295,8870,Mahindra XUV400,SUV,39.4,2022
9296,8871,Mahindra BE 6,SUV,59.0,2022
9297,8872,BYD Atto 3,SUV,60.5,2022
9298,8873,Mahindra XUV400,SUV,39.4,2023
9299,8873,Kia EV6,SUV,77.4,2021
9300,8874,Hyundai Kona Electric,SUV,39.2,2022
9301,8875,Tata Tiago EV,Hatchback,24.0,2025
9302,8876,Kia EV6,SUV,77.4,2023
9303,8877,Tata Nexon EV,SUV,30.2,2022
9304,8878,Tata Tiago EV,Hatchback,24.0,2022
9305,8879,Tata Tiago EV,Hatchback,24.0,2022
9306,8880,Mahindra XUV400,SUV,39.4,2021
9307,8881,Mahindra XUV400,SUV,39.4,2024
9308,8882,BYD Atto 3,SUV,60.5,2025
9309,8883,MG ZS EV,SUV,50.3,2025
9310,8884,Tata Punch EV,Hatchback,35.0,2022
9311,8885,Hyundai Ioniq 5,SUV,72.6,2020
9312,8885,Hyundai Ioniq 5,SUV,72.6,2021
9313,8886,Tata Nexon EV,SUV,30.2,2023
9314,8887,Kia EV6,SUV,77.4,2023
9315,8888,Tata Tiago EV,Hatchback,24.0,2024
9316,8889,Mahindra BE 6,SUV,59.0,2021
9317,8890,MG ZS EV,SUV,50.3,2024
9318,8891,Mahindra XUV400,SUV,39.4,2024
9319,8892,Hyundai Kona Electric,SUV,39.2,2020
9320,8893,Tata Punch EV,Hatchback,35.0,2021
9321,8894,BYD Atto 3,SUV,60.5,2022
9322,8895,Tata Tiago EV,Hatchback,24.0,2020
9323,8896,Mahindra BE 6,SUV,59.0,2020
9324,8897,Tata Punch EV,Hatchback,35.0,2025
9325,8898,Hyundai Ioniq 5,SUV,72.6,2023
9326,8899,Kia EV6,SUV,77.4,2025
9327,8900,Hyundai Kona Electric,SUV,39.2,2023
9328,8901,Tata Nexon EV,SUV,30.2,2023
9329,8902,Mahindra BE 6,SUV,59.0,2020
9330,8903,Tata Nexon EV,SUV,30.2,2020
9331,8904,Mahindra BE 6,SUV,59.0,2024
9332,8905,Tata Punch EV,Hatchback,35.0,2022
9333,8905,Tata Nexon EV,SUV,30.2,2024
9334,8906,Tata Tiago EV,Hatchback,24.0,2022
9335,8907,Mahindra XUV400,SUV,39.4,2021
9336,8908,Kia EV6,SUV,77.4,2023
9337,8909,Tata Nexon EV,SUV,30.2,2021
9338,8910,Hyundai Kona Electric,SUV,39.2,2023
9339,8911,Tata Punch EV,Hatchback,35.0,2025
9340,8911,Tata Punch EV,Hatchback,35.0,2020
9341,8912,Tata Nexon EV,SUV,30.2,2022
9342,8913,Hyundai Kona Electric,SUV,39.2,2022
9343,8914,MG ZS EV,SUV,50.3,2025
9344,8915,Kia EV6,SUV,77.4,2021
9345,8916,Kia EV6,SUV,77.4,2025
9346,8917,MG ZS EV,SUV,50.3,2020
9347,8918,Mahindra BE 6,SUV,59.0,2020
9348,8919,Hyundai Kona Electric,SUV,39.2,2023
9349,8920,Tata Punch EV,Hatchback,35.0,2020
9350,8921,Mahindra BE 6,SUV,59.0,2023
9351,8922,Hyundai Kona Electric,SUV,39.2,2021
9352,8923,Hyundai Ioniq 5,SUV,72.6,2021
9353,8924,BYD Atto 3,SUV,60.5,2020
9354,8925,Tata Punch EV,Hatchback,35.0,2022
9355,8926,Kia EV6,SUV,77.4,2025
9356,8927,Hyundai Kona Electric,SUV,39.2,2020
9357,8928,MG ZS EV,SUV,50.3,2022
9358,8929,Hyundai Ioniq 5,SUV,72.6,2024
9359,8930,Hyundai Kona Electric,SUV,39.2,2025
9360,8931,Tata Tiago EV,Hatchback,24.0,2024
9361,8932,Hyundai Kona Electric,SUV,39.2,2022
9362,8933,Hyundai Ioniq 5,SUV,72.6,2023
9363,8934,Hyundai Kona Electric,SUV,39.2,2021
9364,8935,BYD Atto 3,SUV,60.5,2020
9365,8936,Mahindra BE 6,SUV,59.0,2024
9366,8937,Tata Punch EV,Hatchback,35.0,2021
9367,8938,Tata Nexon EV,SUV,30.2,2022
9368,8939,Mahindra BE 6,SUV,59.0,2024
9369,8940,Mahindra BE 6,SUV,59.0,2021
9370,8941,Tata Tiago EV,Hatchback,24.0,2023
9371,8942,Mahindra BE 6,SUV,59.0,2025
9372,8943,Kia EV6,SUV,77.4,2020
9373,8943,Tata Tiago EV,Hatchback,24.0,2022
9374,8944,Mahindra BE 6,SUV,59.0,2021
9375,8945,MG ZS EV,SUV,50.3,2025
9376,8946,BYD Atto 3,SUV,60.5,2025
9377,8946,BYD Atto 3,SUV,60.5,2022
9378,8947,Mahindra BE 6,SUV,59.0,2022
9379,8948,MG ZS EV,SUV,50.3,2021
9380,8949,Kia EV6,SUV,77.4,2025
9381,8950,BYD Atto 3,SUV,60.5,2025
9382,8951,Tata Tiago EV,Hatchback,24.0,2024
9383,8952,Hyundai Kona Electric,SUV,39.2,2023
9384,8953,BYD Atto 3,SUV,60.5,2022
9385,8954,Mahindra XUV400,SUV,39.4,2025
9386,8955,Kia EV6,SUV,77.4,2022
9387,8956,Tata Tiago EV,Hatchback,24.0,2024
9388,8957,Mahindra BE 6,SUV,59.0,2021
9389,8958,Tata Nexon EV,SUV,30.2,2023
9390,8959,Kia EV6,SUV,77.4,2020
9391,8960,Kia EV6,SUV,77.4,2021
9392,8961,Kia EV6,SUV,77.4,2023
9393,8962,Hyundai Kona Electric,SUV,39.2,2024
9394,8963,Tata Punch EV,Hatchback,35.0,2025
9395,8964,Mahindra BE 6,SUV,59.0,2020
9396,8965,Mahindra BE 6,SUV,59.0,2024
9397,8966,Tata Nexon EV,SUV,30.2,2025
9398,8967,Mahindra XUV400,SUV,39.4,2025
9399,8968,Tata Nexon EV,SUV,30.2,2023
9400,8969,BYD Atto 3,SUV,60.5,2023
9401,8970,Tata Nexon EV,SUV,30.2,2023
9402,8971,Tata Tiago EV,Hatchback,24.0,2024
9403,8971,Tata Punch EV,Hatchback,35.0,2023
9404,8972,Tata Tiago EV,Hatchback,24.0,2023
9405,8973,Tata Tiago EV,Hatchback,24.0,2020
9406,8974,Tata Tiago EV,Hatchback,24.0,2022
9407,8975,Tata Nexon EV,SUV,30.2,2022
9408,8976,Hyundai Kona Electric,SUV,39.2,2024
9409,8977,MG ZS EV,SUV,50.3,2021
9410,8978,Mahindra BE 6,SUV,59.0,2025
9411,8979,Hyundai Kona Electric,SUV,39.2,2020
9412,8980,Tata Punch EV,Hatchback,35.0,2022
9413,8981,Tata Tiago EV,Hatchback,24.0,2022
9414,8982,Kia EV6,SUV,77.4,2022
9415,8983,Tata Nexon EV,SUV,30.2,2025
9416,8984,Mahindra BE 6,SUV,59.0,2025
9417,8985,Tata Nexon EV,SUV,30.2,2024
9418,8986,BYD Atto 3,SUV,60.5,2022
9419,8987,Hyundai Ioniq 5,SUV,72.6,2020
9420,8988,BYD Atto 3,SUV,60.5,2022
9421,8989,Hyundai Kona Electric,SUV,39.2,2023
9422,8990,Hyundai Kona Electric,SUV,39.2,2021
9423,8991,MG ZS EV,SUV,50.3,2020
9424,8992,MG ZS EV,SUV,50.3,2025
9425,8993,Tata Nexon EV,SUV,30.2,2023
9426,8994,BYD Atto 3,SUV,60.5,2020
9427,8995,BYD Atto 3,SUV,60.5,2022
9428,8996,Kia EV6,SUV,77.4,2020
9429,8997,MG ZS EV,SUV,50.3,2024
9430,8998,Kia EV6,SUV,77.4,2025
9431,8999,MG ZS EV,SUV,50.3,2024
9432,9000,Hyundai Ioniq 5,SUV,72.6,2025
9433,9001,Mahindra XUV400,SUV,39.4,2021
9434,9002,Hyundai Ioniq 5,SUV,72.6,2020
9435,9003,Tata Nexon EV,SUV,30.2,2020
9436,9004,Tata Nexon EV,SUV,30.2,2021
9437,9005,MG ZS EV,SUV,50.3,2025
9438,9006,Kia EV6,SUV,77.4,2023
9439,9007,BYD Atto 3,SUV,60.5,2023
9440,9008,Tata Tiago EV,Hatchback,24.0,2023
9441,9009,MG ZS EV,SUV,50.3,2021
9442,9010,Mahindra BE 6,SUV,59.0,2023
9443,9011,Tata Tiago EV,Hatchback,24.0,2024
9444,9012,Hyundai Kona Electric,SUV,39.2,2022
9445,9013,Hyundai Kona Electric,SUV,39.2,2024
9446,9014,Tata Punch EV,Hatchback,35.0,2025
9447,9015,BYD Atto 3,SUV,60.5,2020
9448,9016,BYD Atto 3,SUV,60.5,2020
9449,9017,BYD Atto 3,SUV,60.5,2021
9450,9018,Mahindra XUV400,SUV,39.4,2021
9451,9019,Hyundai Kona Electric,SUV,39.2,2025
9452,9020,BYD Atto 3,SUV,60.5,2023
9453,9021,BYD Atto 3,SUV,60.5,2021
9454,9022,Mahindra BE 6,SUV,59.0,2024
9455,9022,Hyundai Ioniq 5,SUV,72.6,2023
9456,9023,MG ZS EV,SUV,50.3,2023
9457,9024,Tata Nexon EV,SUV,30.2,2022
9458,9025,Hyundai Kona Electric,SUV,39.2,2020
9459,9026,MG ZS EV,SUV,50.3,2021
9460,9027,Tata Tiago EV,Hatchback,24.0,2020
9461,9028,BYD Atto 3,SUV,60.5,2025
9462,9029,Mahindra BE 6,SUV,59.0,2025
9463,9030,MG ZS EV,SUV,50.3,2024
9464,9031,Hyundai Kona Electric,SUV,39.2,2021
9465,9032,Tata Punch EV,Hatchback,35.0,2023
9466,9033,Mahindra BE 6,SUV,59.0,2023
9467,9034,Tata Tiago EV,Hatchback,24.0,2024
9468,9035,Tata Tiago EV,Hatchback,24.0,2020
9469,9036,Mahindra XUV400,SUV,39.4,2024
9470,9037,Tata Punch EV,Hatchback,35.0,2020
9471,9038,Tata Punch EV,Hatchback,35.0,2022
9472,9039,Mahindra BE 6,SUV,59.0,2023
9473,9039,Tata Tiago EV,Hatchback,24.0,2020
9474,9040,MG ZS EV,SUV,50.3,2025
9475,9041,Hyundai Ioniq 5,SUV,72.6,2020
9476,9042,Mahindra BE 6,SUV,59.0,2020
9477,9043,Mahindra BE 6,SUV,59.0,2021
9478,9044,Mahindra BE 6,SUV,59.0,2023
9479,9045,Hyundai Kona Electric,SUV,39.2,2025
9480,9046,MG ZS EV,SUV,50.3,2023
9481,9047,Tata Punch EV,Hatchback,35.0,2024
9482,9048,Mahindra BE 6,SUV,59.0,2020
9483,9049,Tata Tiago EV,Hatchback,24.0,2025
9484,9050,MG ZS EV,SUV,50.3,2022
9485,9051,Mahindra BE 6,SUV,59.0,2025
9486,9051,Tata Nexon EV,SUV,30.2,2023
9487,9052,Hyundai Ioniq 5,SUV,72.6,2021
9488,9053,BYD Atto 3,SUV,60.5,2021
9489,9054,Tata Nexon EV,SUV,30.2,2020
9490,9055,Mahindra BE 6,SUV,59.0,2023
9491,9056,MG ZS EV,SUV,50.3,2022
9492,9057,BYD Atto 3,SUV,60.5,2025
9493,9058,Hyundai Kona Electric,SUV,39.2,2025
9494,9059,Tata Punch EV,Hatchback,35.0,2024
9495,9060,Tata Tiago EV,Hatchback,24.0,2023
9496,9061,BYD Atto 3,SUV,60.5,2020
9497,9062,Hyundai Kona Electric,SUV,39.2,2024
9498,9063,MG ZS EV,SUV,50.3,2025
9499,9064,Tata Punch EV,Hatchback,35.0,2020
9500,9065,Hyundai Ioniq 5,SUV,72.6,2025
9501,9066,Hyundai Ioniq 5,SUV,72.6,2020
9502,9067,Hyundai Kona Electric,SUV,39.2,2021
9503,9068,Hyundai Ioniq 5,SUV,72.6,2020
9504,9069,Kia EV6,SUV,77.4,2022
9505,9070,Hyundai Kona Electric,SUV,39.2,2022
9506,9071,Tata Nexon EV,SUV,30.2,2024
9507,9072,Tata Tiago EV,Hatchback,24.0,2024
9508,9073,Tata Punch EV,Hatchback,35.0,2024
9509,9074,MG ZS EV,SUV,50.3,2022
9510,9075,Hyundai Kona Electric,SUV,39.2,2020
9511,9076,Kia EV6,SUV,77.4,2023
9512,9077,Mahindra BE 6,SUV,59.0,2020
9513,9078,Hyundai Ioniq 5,SUV,72.6,2022
9514,9079,Tata Nexon EV,SUV,30.2,2020
9515,9080,Mahindra BE 6,SUV,59.0,2024
9516,9081,MG ZS EV,SUV,50.3,2023
9517,9082,Tata Nexon EV,SUV,30.2,2022
9518,9083,Tata Punch EV,Hatchback,35.0,2024
9519,9084,Hyundai Kona Electric,SUV,39.2,2021
9520,9085,Mahindra XUV400,SUV,39.4,2022
9521,9086,Hyundai Ioniq 5,SUV,72.6,2025
9522,9087,Mahindra BE 6,SUV,59.0,2022
9523,9088,Tata Punch EV,Hatchback,35.0,2024
9524,9089,Hyundai Ioniq 5,SUV,72.6,2022
9525,9090,Hyundai Kona Electric,SUV,39.2,2020
9526,9091,MG ZS EV,SUV,50.3,2023
9527,9092,Hyundai Kona Electric,SUV,39.2,2024
9528,9093,Mahindra XUV400,SUV,39.4,2022
9529,9094,MG ZS EV,SUV,50.3,2021
9530,9095,Hyundai Ioniq 5,SUV,72.6,2023
9531,9096,Tata Tiago EV,Hatchback,24.0,2022
9532,9097,MG ZS EV,SUV,50.3,2023
9533,9098,Kia EV6,SUV,77.4,2021
9534,9099,Tata Nexon EV,SUV,30.2,2021
9535,9100,BYD Atto 3,SUV,60.5,2022
9536,9101,BYD Atto 3,SUV,60.5,2022
9537,9102,Hyundai Ioniq 5,SUV,72.6,2024
9538,9102,Tata Nexon EV,SUV,30.2,2021
9539,9103,Tata Punch EV,Hatchback,35.0,2022
9540,9104,Kia EV6,SUV,77.4,2021
9541,9105,Tata Nexon EV,SUV,30.2,2020
9542,9106,MG ZS EV,SUV,50.3,2021
9543,9107,Hyundai Kona Electric,SUV,39.2,2020
9544,9108,MG ZS EV,SUV,50.3,2021
9545,9109,Hyundai Ioniq 5,SUV,72.6,2022
9546,9110,Hyundai Ioniq 5,SUV,72.6,2022
9547,9111,Hyundai Kona Electric,SUV,39.2,2025
9548,9112,Tata Nexon EV,SUV,30.2,2021
9549,9113,Mahindra XUV400,SUV,39.4,2021
9550,9114,Tata Nexon EV,SUV,30.2,2024
9551,9115,Hyundai Kona Electric,SUV,39.2,2023
9552,9116,Mahindra XUV400,SUV,39.4,2025
9553,9117,Kia EV6,SUV,77.4,2022
9554,9118,Tata Punch EV,Hatchback,35.0,2025
9555,9119,Hyundai Ioniq 5,SUV,72.6,2025
9556,9120,BYD Atto 3,SUV,60.5,2024
9557,9121,Hyundai Ioniq 5,SUV,72.6,2024
9558,9122,Kia EV6,SUV,77.4,2025
9559,9123,Hyundai Ioniq 5,SUV,72.6,2020
9560,9124,Tata Tiago EV,Hatchback,24.0,2025
9561,9125,Tata Tiago EV,Hatchback,24.0,2024
9562,9126,MG ZS EV,SUV,50.3,2024
9563,9127,Kia EV6,SUV,77.4,2020
9564,9128,Hyundai Kona Electric,SUV,39.2,2022
9565,9129,Hyundai Ioniq 5,SUV,72.6,2025
9566,9130,Tata Tiago EV,Hatchback,24.0,2021
9567,9131,Hyundai Kona Electric,SUV,39.2,2021
9568,9132,MG ZS EV,SUV,50.3,2025
9569,9133,Tata Nexon EV,SUV,30.2,2025
9570,9134,Tata Punch EV,Hatchback,35.0,2023
9571,9134,Kia EV6,SUV,77.4,2025
9572,9135,BYD Atto 3,SUV,60.5,2025
9573,9136,Mahindra BE 6,SUV,59.0,2023
9574,9137,Mahindra XUV400,SUV,39.4,2022
9575,9138,Tata Tiago EV,Hatchback,24.0,2022
9576,9139,Tata Punch EV,Hatchback,35.0,2022
9577,9140,Hyundai Kona Electric,SUV,39.2,2022
9578,9141,Tata Nexon EV,SUV,30.2,2020
9579,9142,Mahindra XUV400,SUV,39.4,2022
9580,9143,Tata Nexon EV,SUV,30.2,2020
9581,9144,Mahindra XUV400,SUV,39.4,2021
9582,9145,Tata Punch EV,Hatchback,35.0,2023
9583,9146,Tata Nexon EV,SUV,30.2,2020
9584,9147,Mahindra BE 6,SUV,59.0,2020
9585,9147,Tata Tiago EV,Hatchback,24.0,2021
9586,9148,Mahindra BE 6,SUV,59.0,2024
9587,9148,Hyundai Ioniq 5,SUV,72.6,2020
9588,9149,MG ZS EV,SUV,50.3,2020
9589,9150,BYD Atto 3,SUV,60.5,2020
9590,9151,Hyundai Kona Electric,SUV,39.2,2020
9591,9152,Tata Tiago EV,Hatchback,24.0,2024
9592,9153,Hyundai Kona Electric,SUV,39.2,2023
9593,9154,Tata Punch EV,Hatchback,35.0,2022
9594,9155,Mahindra XUV400,SUV,39.4,2023
9595,9156,Hyundai Ioniq 5,SUV,72.6,2020
9596,9157,Mahindra BE 6,SUV,59.0,2024
9597,9158,Tata Tiago EV,Hatchback,24.0,2020
9598,9159,Tata Punch EV,Hatchback,35.0,2025
9599,9160,MG ZS EV,SUV,50.3,2021
9600,9161,Kia EV6,SUV,77.4,2022
9601,9162,Kia EV6,SUV,77.4,2025
9602,9163,Mahindra XUV400,SUV,39.4,2021
9603,9164,MG ZS EV,SUV,50.3,2024
9604,9165,Mahindra BE 6,SUV,59.0,2020
9605,9166,Tata Punch EV,Hatchback,35.0,2021
9606,9167,Mahindra BE 6,SUV,59.0,2023
9607,9168,MG ZS EV,SUV,50.3,2021
9608,9168,Hyundai Kona Electric,SUV,39.2,2025
9609,9169,Tata Nexon EV,SUV,30.2,2020
9610,9170,Mahindra BE 6,SUV,59.0,2021
9611,9171,Tata Punch EV,Hatchback,35.0,2022
9612,9172,Kia EV6,SUV,77.4,2025
9613,9173,Hyundai Kona Electric,SUV,39.2,2022
9614,9174,MG ZS EV,SUV,50.3,2022
9615,9175,BYD Atto 3,SUV,60.5,2020
9616,9176,Hyundai Kona Electric,SUV,39.2,2023
9617,9177,Tata Punch EV,Hatchback,35.0,2022
9618,9178,Mahindra XUV400,SUV,39.4,2025
9619,9179,Tata Punch EV,Hatchback,35.0,2021
9620,9180,Tata Tiago EV,Hatchback,24.0,2022
9621,9181,Mahindra XUV400,SUV,39.4,2022
9622,9182,Hyundai Ioniq 5,SUV,72.6,2021
9623,9183,Hyundai Kona Electric,SUV,39.2,2022
9624,9184,MG ZS EV,SUV,50.3,2025
9625,9185,Kia EV6,SUV,77.4,2024
9626,9186,Mahindra XUV400,SUV,39.4,2021
9627,9187,Tata Punch EV,Hatchback,35.0,2022
9628,9188,Mahindra XUV400,SUV,39.4,2025
9629,9189,Mahindra BE 6,SUV,59.0,2025
9630,9190,Mahindra XUV400,SUV,39.4,2024
9631,9190,Tata Punch EV,Hatchback,35.0,2021
9632,9191,Mahindra XUV400,SUV,39.4,2025
9633,9192,Hyundai Kona Electric,SUV,39.2,2022
9634,9193,Hyundai Kona Electric,SUV,39.2,2024
9635,9194,Hyundai Kona Electric,SUV,39.2,2022
9636,9195,Hyundai Kona Electric,SUV,39.2,2022
9637,9196,Mahindra BE 6,SUV,59.0,2024
9638,9196,BYD Atto 3,SUV,60.5,2020
9639,9197,Tata Nexon EV,SUV,30.2,2021
9640,9198,Mahindra XUV400,SUV,39.4,2020
9641,9199,MG ZS EV,SUV,50.3,2020
9642,9200,BYD Atto 3,SUV,60.5,2024
9643,9201,Tata Punch EV,Hatchback,35.0,2024
9644,9202,Hyundai Ioniq 5,SUV,72.6,2020
9645,9203,Kia EV6,SUV,77.4,2022
9646,9204,Hyundai Ioniq 5,SUV,72.6,2025
9647,9205,Kia EV6,SUV,77.4,2023
9648,9206,Hyundai Ioniq 5,SUV,72.6,2021
9649,9207,Hyundai Kona Electric,SUV,39.2,2021
9650,9208,BYD Atto 3,SUV,60.5,2023
9651,9208,Hyundai Kona Electric,SUV,39.2,2024
9652,9209,Tata Nexon EV,SUV,30.2,2021
9653,9210,MG ZS EV,SUV,50.3,2022
9654,9211,BYD Atto 3,SUV,60.5,2025
9655,9212,BYD Atto 3,SUV,60.5,2020
9656,9213,BYD Atto 3,SUV,60.5,2025
9657,9214,MG ZS EV,SUV,50.3,2022
9658,9215,Tata Punch EV,Hatchback,35.0,2021
9659,9216,Kia EV6,SUV,77.4,2023
9660,9217,Mahindra BE 6,SUV,59.0,2021
9661,9218,Tata Nexon EV,SUV,30.2,2025
9662,9219,Hyundai Kona Electric,SUV,39.2,2022
9663,9220,Kia EV6,SUV,77.4,2024
9664,9221,Tata Tiago EV,Hatchback,24.0,2025
9665,9222,MG ZS EV,SUV,50.3,2022
9666,9223,Hyundai Kona Electric,SUV,39.2,2023
9667,9224,Tata Nexon EV,SUV,30.2,2020
9668,9225,Tata Nexon EV,SUV,30.2,2022
9669,9226,BYD Atto 3,SUV,60.5,2020
9670,9227,BYD Atto 3,SUV,60.5,2022
9671,9228,Kia EV6,SUV,77.4,2020
9672,9229,Kia EV6,SUV,77.4,2025
9673,9230,Tata Punch EV,Hatchback,35.0,2024
9674,9231,Tata Nexon EV,SUV,30.2,2024
9675,9232,MG ZS EV,SUV,50.3,2021
9676,9233,Mahindra BE 6,SUV,59.0,2023
9677,9234,Mahindra XUV400,SUV,39.4,2022
9678,9235,Tata Nexon EV,SUV,30.2,2025
9679,9236,Tata Nexon EV,SUV,30.2,2022
9680,9237,Mahindra XUV400,SUV,39.4,2024
9681,9238,Hyundai Ioniq 5,SUV,72.6,2025
9682,9239,Hyundai Ioniq 5,SUV,72.6,2020
9683,9240,Mahindra XUV400,SUV,39.4,2020
9684,9241,Tata Nexon EV,SUV,30.2,2022
9685,9242,Mahindra BE 6,SUV,59.0,2021
9686,9243,Kia EV6,SUV,77.4,2021
9687,9244,Hyundai Kona Electric,SUV,39.2,2023
9688,9245,BYD Atto 3,SUV,60.5,2022
9689,9246,Mahindra BE 6,SUV,59.0,2025
9690,9247,Tata Nexon EV,SUV,30.2,2024
9691,9248,Tata Punch EV,Hatchback,35.0,2022
9692,9249,Mahindra BE 6,SUV,59.0,2020
9693,9249,Tata Tiago EV,Hatchback,24.0,2021
9694,9250,Mahindra BE 6,SUV,59.0,2023
9695,9251,BYD Atto 3,SUV,60.5,2025
9696,9252,Mahindra XUV400,SUV,39.4,2025
9697,9253,Tata Tiago EV,Hatchback,24.0,2023
9698,9254,Tata Tiago EV,Hatchback,24.0,2021
9699,9255,Kia EV6,SUV,77.4,2024
9700,9256,BYD Atto 3,SUV,60.5,2025
9701,9257,Tata Punch EV,Hatchback,35.0,2023
9702,9258,MG ZS EV,SUV,50.3,2025
9703,9259,Mahindra BE 6,SUV,59.0,2025
9704,9260,Hyundai Ioniq 5,SUV,72.6,2024
9705,9261,MG ZS EV,SUV,50.3,2025
9706,9262,Mahindra XUV400,SUV,39.4,2024
9707,9263,Mahindra XUV400,SUV,39.4,2023
9708,9264,Hyundai Ioniq 5,SUV,72.6,2023
9709,9264,Kia EV6,SUV,77.4,2025
9710,9265,Hyundai Kona Electric,SUV,39.2,2021
9711,9266,Tata Nexon EV,SUV,30.2,2022
9712,9267,BYD Atto 3,SUV,60.5,2024
9713,9268,Hyundai Kona Electric,SUV,39.2,2022
9714,9269,MG ZS EV,SUV,50.3,2025
9715,9270,Kia EV6,SUV,77.4,2023
9716,9271,Tata Punch EV,Hatchback,35.0,2021
9717,9272,Kia EV6,SUV,77.4,2022
9718,9273,Kia EV6,SUV,77.4,2022
9719,9274,Hyundai Kona Electric,SUV,39.2,2020
9720,9275,Mahindra XUV400,SUV,39.4,2021
9721,9276,Mahindra BE 6,SUV,59.0,2020
9722,9277,Tata Nexon EV,SUV,30.2,2021
9723,9278,MG ZS EV,SUV,50.3,2024
9724,9279,Hyundai Kona Electric,SUV,39.2,2023
9725,9280,Hyundai Ioniq 5,SUV,72.6,2023
9726,9281,BYD Atto 3,SUV,60.5,2022
9727,9282,Mahindra XUV400,SUV,39.4,2022
9728,9283,Mahindra XUV400,SUV,39.4,2025
9729,9284,Mahindra BE 6,SUV,59.0,2024
9730,9285,Tata Punch EV,Hatchback,35.0,2020
9731,9286,Tata Punch EV,Hatchback,35.0,2021
9732,9287,BYD Atto 3,SUV,60.5,2022
9733,9288,Tata Punch EV,Hatchback,35.0,2020
9734,9289,Kia EV6,SUV,77.4,2022
9735,9290,Tata Nexon EV,SUV,30.2,2020
9736,9291,MG ZS EV,SUV,50.3,2023
9737,9291,Mahindra XUV400,SUV,39.4,2023
9738,9292,MG ZS EV,SUV,50.3,2023
9739,9293,Mahindra XUV400,SUV,39.4,2025
9740,9294,Tata Tiago EV,Hatchback,24.0,2021
9741,9295,Mahindra BE 6,SUV,59.0,2022
9742,9296,BYD Atto 3,SUV,60.5,2025
9743,9297,Hyundai Kona Electric,SUV,39.2,2021
9744,9298,Hyundai Kona Electric,SUV,39.2,2022
9745,9299,Mahindra BE 6,SUV,59.0,2022
9746,9300,Kia EV6,SUV,77.4,2023
9747,9301,BYD Atto 3,SUV,60.5,2020
9748,9302,BYD Atto 3,SUV,60.5,2020
9749,9303,Tata Nexon EV,SUV,30.2,2021
9750,9303,Tata Tiago EV,Hatchback,24.0,2025
9751,9304,MG ZS EV,SUV,50.3,2025
9752,9305,Mahindra BE 6,SUV,59.0,2023
9753,9306,Hyundai Ioniq 5,SUV,72.6,2023
9754,9307,Tata Tiago EV,Hatchback,24.0,2020
9755,9308,Tata Punch EV,Hatchback,35.0,2020
9756,9309,Tata Nexon EV,SUV,30.2,2024
9757,9309,Mahindra BE 6,SUV,59.0,2021
9758,9310,Kia EV6,SUV,77.4,2024
9759,9311,Tata Nexon EV,SUV,30.2,2023
9760,9312,Mahindra BE 6,SUV,59.0,2025
9761,9313,Tata Tiago EV,Hatchback,24.0,2023
9762,9314,Hyundai Kona Electric,SUV,39.2,2022
9763,9315,BYD Atto 3,SUV,60.5,2020
9764,9316,Tata Nexon EV,SUV,30.2,2024
9765,9317,Tata Nexon EV,SUV,30.2,2024
9766,9318,Tata Tiago EV,Hatchback,24.0,2020
9767,9319,Mahindra BE 6,SUV,59.0,2021
9768,9320,BYD Atto 3,SUV,60.5,2024
9769,9321,Mahindra BE 6,SUV,59.0,2022
9770,9322,Mahindra XUV400,SUV,39.4,2024
9771,9323,MG ZS EV,SUV,50.3,2020
9772,9324,Tata Nexon EV,SUV,30.2,2021
9773,9325,Hyundai Kona Electric,SUV,39.2,2021
9774,9326,Mahindra XUV400,SUV,39.4,2025
9775,9327,Hyundai Kona Electric,SUV,39.2,2023
9776,9328,Mahindra XUV400,SUV,39.4,2025
9777,9329,Mahindra XUV400,SUV,39.4,2024
9778,9330,BYD Atto 3,SUV,60.5,2021
9779,9331,Kia EV6,SUV,77.4,2023
9780,9332,Mahindra BE 6,SUV,59.0,2021
9781,9333,BYD Atto 3,SUV,60.5,2020
9782,9334,MG ZS EV,SUV,50.3,2025
9783,9335,Tata Tiago EV,Hatchback,24.0,2021
9784,9336,Kia EV6,SUV,77.4,2020
9785,9337,Mahindra BE 6,SUV,59.0,2023
9786,9338,Tata Nexon EV,SUV,30.2,2021
9787,9339,Mahindra BE 6,SUV,59.0,2022
9788,9340,Hyundai Ioniq 5,SUV,72.6,2022
9789,9341,Mahindra XUV400,SUV,39.4,2023
9790,9342,Mahindra XUV400,SUV,39.4,2024
9791,9343,MG ZS EV,SUV,50.3,2025
9792,9344,Tata Tiago EV,Hatchback,24.0,2025
9793,9345,Tata Tiago EV,Hatchback,24.0,2024
9794,9346,MG ZS EV,SUV,50.3,2024
9795,9347,Kia EV6,SUV,77.4,2024
9796,9348,Mahindra XUV400,SUV,39.4,2024
9797,9349,Hyundai Ioniq 5,SUV,72.6,2021
9798,9350,Tata Punch EV,Hatchback,35.0,2024
9799,9351,Tata Nexon EV,SUV,30.2,2022
9800,9352,Kia EV6,SUV,77.4,2023
9801,9353,Tata Punch EV,Hatchback,35.0,2020
9802,9354,BYD Atto 3,SUV,60.5,2024
9803,9355,BYD Atto 3,SUV,60.5,2022
9804,9356,Tata Punch EV,Hatchback,35.0,2025
9805,9357,Tata Tiago EV,Hatchback,24.0,2020
9806,9358,MG ZS EV,SUV,50.3,2021
9807,9359,Hyundai Kona Electric,SUV,39.2,2020
9808,9360,Mahindra BE 6,SUV,59.0,2020
9809,9361,Tata Tiago EV,Hatchback,24.0,2024
9810,9361,Tata Nexon EV,SUV,30.2,2024
9811,9362,Tata Tiago EV,Hatchback,24.0,2025
9812,9363,Kia EV6,SUV,77.4,2025
9813,9363,Tata Tiago EV,Hatchback,24.0,2023
9814,9364,Kia EV6,SUV,77.4,2025
9815,9365,Tata Nexon EV,SUV,30.2,2022
9816,9366,Hyundai Kona Electric,SUV,39.2,2024
9817,9367,Tata Nexon EV,SUV,30.2,2023
9818,9368,BYD Atto 3,SUV,60.5,2025
9819,9369,Tata Punch EV,Hatchback,35.0,2022
9820,9370,Mahindra BE 6,SUV,59.0,2023
9821,9371,Tata Punch EV,Hatchback,35.0,2021
9822,9372,Tata Tiago EV,Hatchback,24.0,2021
9823,9373,Mahindra BE 6,SUV,59.0,2021
9824,9374,Kia EV6,SUV,77.4,2020
9825,9375,Mahindra XUV400,SUV,39.4,2020
9826,9376,Tata Nexon EV,SUV,30.2,2025
9827,9377,Hyundai Kona Electric,SUV,39.2,2022
9828,9378,BYD Atto 3,SUV,60.5,2023
9829,9379,Kia EV6,SUV,77.4,2021
9830,9379,Mahindra BE 6,SUV,59.0,2022
9831,9380,Mahindra BE 6,SUV,59.0,2023
9832,9381,Mahindra XUV400,SUV,39.4,2020
9833,9382,MG ZS EV,SUV,50.3,2023
9834,9383,BYD Atto 3,SUV,60.5,2023
9835,9384,Hyundai Ioniq 5,SUV,72.6,2020
9836,9385,Tata Punch EV,Hatchback,35.0,2023
9837,9386,MG ZS EV,SUV,50.3,2022
9838,9387,Tata Nexon EV,SUV,30.2,2020
9839,9388,Kia EV6,SUV,77.4,2024
9840,9389,Hyundai Kona Electric,SUV,39.2,2022
9841,9390,Kia EV6,SUV,77.4,2023
9842,9391,Hyundai Ioniq 5,SUV,72.6,2021
9843,9392,Tata Tiago EV,Hatchback,24.0,2022
9844,9393,Kia EV6,SUV,77.4,2023
9845,9394,Kia EV6,SUV,77.4,2021
9846,9394,Tata Tiago EV,Hatchback,24.0,2020
9847,9395,Mahindra BE 6,SUV,59.0,2023
9848,9396,BYD Atto 3,SUV,60.5,2022
9849,9397,Mahindra BE 6,SUV,59.0,2024
9850,9398,Tata Tiago EV,Hatchback,24.0,2021
9851,9399,Tata Punch EV,Hatchback,35.0,2024
9852,9400,Hyundai Kona Electric,SUV,39.2,2024
9853,9401,Tata Nexon EV,SUV,30.2,2022
9854,9402,Tata Tiago EV,Hatchback,24.0,2022
9855,9403,BYD Atto 3,SUV,60.5,2024
9856,9404,BYD Atto 3,SUV,60.5,2022
9857,9405,Mahindra BE 6,SUV,59.0,2020
9858,9406,Mahindra XUV400,SUV,39.4,2020
9859,9407,BYD Atto 3,SUV,60.5,2021
9860,9408,BYD Atto 3,SUV,60.5,2021
9861,9409,Kia EV6,SUV,77.4,2022
9862,9410,Mahindra XUV400,SUV,39.4,2021
9863,9411,MG ZS EV,SUV,50.3,2025
9864,9412,Tata Tiago EV,Hatchback,24.0,2025
9865,9413,Hyundai Kona Electric,SUV,39.2,2022
9866,9414,BYD Atto 3,SUV,60.5,2022
9867,9415,Tata Tiago EV,Hatchback,24.0,2021
9868,9416,Hyundai Ioniq 5,SUV,72.6,2022
9869,9417,Hyundai Kona Electric,SUV,39.2,2022
9870,9418,Hyundai Kona Electric,SUV,39.2,2024
9871,9419,Tata Tiago EV,Hatchback,24.0,2021
9872,9420,Tata Punch EV,Hatchback,35.0,2022
9873,9421,MG ZS EV,SUV,50.3,2020
9874,9422,MG ZS EV,SUV,50.3,2023
9875,9423,Hyundai Kona Electric,SUV,39.2,2024
9876,9423,Kia EV6,SUV,77.4,2023
9877,9424,Tata Tiago EV,Hatchback,24.0,2020
9878,9425,BYD Atto 3,SUV,60.5,2022
9879,9426,MG ZS EV,SUV,50.3,2025
9880,9427,Tata Nexon EV,SUV,30.2,2023
9881,9428,Hyundai Ioniq 5,SUV,72.6,2024
9882,9429,Hyundai Kona Electric,SUV,39.2,2024
9883,9430,Mahindra XUV400,SUV,39.4,2021
9884,9431,MG ZS EV,SUV,50.3,2024
9885,9432,Tata Tiago EV,Hatchback,24.0,2025
9886,9433,BYD Atto 3,SUV,60.5,2022
9887,9434,Tata Nexon EV,SUV,30.2,2025
9888,9435,Hyundai Kona Electric,SUV,39.2,2025
9889,9436,Tata Nexon EV,SUV,30.2,2023
9890,9437,BYD Atto 3,SUV,60.5,2025
9891,9438,Tata Nexon EV,SUV,30.2,2022
9892,9439,Hyundai Kona Electric,SUV,39.2,2023
9893,9440,Hyundai Ioniq 5,SUV,72.6,2023
9894,9441,BYD Atto 3,SUV,60.5,2023
9895,9442,Tata Nexon EV,SUV,30.2,2020
9896,9443,Tata Tiago EV,Hatchback,24.0,2025
9897,9444,Tata Punch EV,Hatchback,35.0,2023
9898,9445,MG ZS EV,SUV,50.3,2021
9899,9446,Hyundai Ioniq 5,SUV,72.6,2022
9900,9447,Hyundai Ioniq 5,SUV,72.6,2022
9901,9448,BYD Atto 3,SUV,60.5,2022
9902,9449,Tata Nexon EV,SUV,30.2,2023
9903,9449,Mahindra XUV400,SUV,39.4,2020
9904,9450,Tata Tiago EV,Hatchback,24.0,2023
9905,9451,Kia EV6,SUV,77.4,2025
9906,9452,Hyundai Kona Electric,SUV,39.2,2024
9907,9453,Hyundai Ioniq 5,SUV,72.6,2021
9908,9454,MG ZS EV,SUV,50.3,2025
9909,9455,Tata Tiago EV,Hatchback,24.0,2020
9910,9456,Mahindra XUV400,SUV,39.4,2023
9911,9457,BYD Atto 3,SUV,60.5,2025
9912,9458,Tata Punch EV,Hatchback,35.0,2025
9913,9459,Hyundai Ioniq 5,SUV,72.6,2020
9914,9460,BYD Atto 3,SUV,60.5,2022
9915,9461,Tata Nexon EV,SUV,30.2,2023
9916,9462,Mahindra BE 6,SUV,59.0,2024
9917,9463,Mahindra BE 6,SUV,59.0,2021
9918,9464,MG ZS EV,SUV,50.3,2025
9919,9465,Kia EV6,SUV,77.4,2022
9920,9466,Tata Nexon EV,SUV,30.2,2021
9921,9467,Tata Tiago EV,Hatchback,24.0,2020
9922,9468,Kia EV6,SUV,77.4,2022
9923,9469,Hyundai Kona Electric,SUV,39.2,2024
9924,9470,Kia EV6,SUV,77.4,2021
9925,9471,Mahindra BE 6,SUV,59.0,2023
9926,9472,Mahindra XUV400,SUV,39.4,2021
9927,9473,Tata Punch EV,Hatchback,35.0,2021
9928,9474,Tata Tiago EV,Hatchback,24.0,2021
9929,9475,Tata Tiago EV,Hatchback,24.0,2022
9930,9476,Mahindra BE 6,SUV,59.0,2022
9931,9477,MG ZS EV,SUV,50.3,2024
9932,9478,Tata Tiago EV,Hatchback,24.0,2020
9933,9479,Tata Nexon EV,SUV,30.2,2023
9934,9479,Mahindra XUV400,SUV,39.4,2024
9935,9480,Mahindra BE 6,SUV,59.0,2025
9936,9481,MG ZS EV,SUV,50.3,2020
9937,9482,Kia EV6,SUV,77.4,2023
9938,9483,Tata Nexon EV,SUV,30.2,2021
9939,9484,Mahindra XUV400,SUV,39.4,2025
9940,9485,Kia EV6,SUV,77.4,2022
9941,9486,Hyundai Kona Electric,SUV,39.2,2022
9942,9487,Tata Tiago EV,Hatchback,24.0,2021
9943,9488,Mahindra XUV400,SUV,39.4,2023
9944,9489,BYD Atto 3,SUV,60.5,2020
9945,9490,Tata Tiago EV,Hatchback,24.0,2021
9946,9491,Tata Tiago EV,Hatchback,24.0,2022
9947,9492,Kia EV6,SUV,77.4,2023
9948,9493,MG ZS EV,SUV,50.3,2022
9949,9494,Mahindra XUV400,SUV,39.4,2021
9950,9495,MG ZS EV,SUV,50.3,2025
9951,9496,Hyundai Ioniq 5,SUV,72.6,2025
9952,9497,MG ZS EV,SUV,50.3,2025
9953,9498,Kia EV6,SUV,77.4,2022
9954,9499,Mahindra XUV400,SUV,39.4,2020
9955,9500,Tata Tiago EV,Hatchback,24.0,2020
9956,9500,Mahindra XUV400,SUV,39.4,2020
9957,9501,Kia EV6,SUV,77.4,2023
9958,9502,Tata Nexon EV,SUV,30.2,2020
9959,9503,Kia EV6,SUV,77.4,2021
9960,9504,MG ZS EV,SUV,50.3,2021
9961,9505,MG ZS EV,SUV,50.3,2025
9962,9506,Mahindra XUV400,SUV,39.4,2020
9963,9507,Hyundai Ioniq 5,SUV,72.6,2025
9964,9507,Tata Tiago EV,Hatchback,24.0,2021
9965,9508,Hyundai Kona Electric,SUV,39.2,2020
9966,9509,Kia EV6,SUV,77.4,2022
9967,9510,Mahindra XUV400,SUV,39.4,2023
9968,9511,Hyundai Kona Electric,SUV,39.2,2021
9969,9512,BYD Atto 3,SUV,60.5,2024
9970,9513,Mahindra BE 6,SUV,59.0,2024
9971,9514,Hyundai Ioniq 5,SUV,72.6,2020
9972,9515,Mahindra XUV400,SUV,39.4,2023
9973,9516,Kia EV6,SUV,77.4,2023
9974,9517,Mahindra BE 6,SUV,59.0,2022
9975,9518,BYD Atto 3,SUV,60.5,2020
9976,9518,Mahindra BE 6,SUV,59.0,2021
9977,9519,Hyundai Kona Electric,SUV,39.2,2020
9978,9520,Tata Nexon EV,SUV,30.2,2022
9979,9521,Tata Nexon EV,SUV,30.2,2021
9980,9522,Tata Punch EV,Hatchback,35.0,2022
9981,9523,BYD Atto 3,SUV,60.5,2022
9982,9524,Hyundai Kona Electric,SUV,39.2,2022
9983,9525,Mahindra BE 6,SUV,59.0,2021
9984,9526,BYD Atto 3,SUV,60.5,2022
9985,9527,Kia EV6,SUV,77.4,2025
9986,9528,Hyundai Kona Electric,SUV,39.2,2021
9987,9529,Mahindra XUV400,SUV,39.4,2022
9988,9530,Kia EV6,SUV,77.4,2022
9989,9531,Mahindra BE 6,SUV,59.0,2023
9990,9532,BYD Atto 3,SUV,60.5,2025
9991,9533,Hyundai Kona Electric,SUV,39.2,2021
9992,9534,Mahindra BE 6,SUV,59.0,2021
9993,9535,Hyundai Kona Electric,SUV,39.2,2025
9994,9536,Hyundai Kona Electric,SUV,39.2,2021
9995,9537,Tata Punch EV,Hatchback,35.0,2021
9996,9538,Tata Punch EV,Hatchback,35.0,2022
9997,9539,Hyundai Kona Electric,SUV,39.2,2021
9998,9540,Tata Nexon EV,SUV,30.2,2020
9999,9541,Kia EV6,SUV,77.4,2024
10000,9542,Mahindra BE 6,SUV,59.0,2025
10001,9543,Mahindra BE 6,SUV,59.0,2025
10002,9544,BYD Atto 3,SUV,60.5,2024
10003,9544,Tata Nexon EV,SUV,30.2,2021
10004,9545,Kia EV6,SUV,77.4,2020
10005,9546,Mahindra BE 6,SUV,59.0,2020
10006,9547,BYD Atto 3,SUV,60.5,2024
10007,9548,Hyundai Kona Electric,SUV,39.2,2020
10008,9549,Mahindra XUV400,SUV,39.4,2023
10009,9550,Tata Tiago EV,Hatchback,24.0,2020
10010,9551,BYD Atto 3,SUV,60.5,2024
10011,9552,Mahindra BE 6,SUV,59.0,2021
10012,9553,Tata Nexon EV,SUV,30.2,2023
10013,9554,Mahindra BE 6,SUV,59.0,2020
10014,9555,Hyundai Ioniq 5,SUV,72.6,2022
10015,9556,Hyundai Ioniq 5,SUV,72.6,2023
10016,9557,Tata Punch EV,Hatchback,35.0,2025
10017,9558,BYD Atto 3,SUV,60.5,2023
10018,9559,Tata Punch EV,Hatchback,35.0,2024
10019,9560,Hyundai Kona Electric,SUV,39.2,2021
10020,9561,Mahindra XUV400,SUV,39.4,2020
10021,9562,Tata Nexon EV,SUV,30.2,2022
10022,9562,Tata Punch EV,Hatchback,35.0,2024
10023,9563,BYD Atto 3,SUV,60.5,2023
10024,9564,Hyundai Ioniq 5,SUV,72.6,2023
10025,9565,MG ZS EV,SUV,50.3,2021
10026,9566,Hyundai Ioniq 5,SUV,72.6,2020
10027,9567,Hyundai Ioniq 5,SUV,72.6,2020
10028,9568,Tata Nexon EV,SUV,30.2,2020
10029,9569,MG ZS EV,SUV,50.3,2022
10030,9570,Hyundai Ioniq 5,SUV,72.6,2024
10031,9571,Mahindra BE 6,SUV,59.0,2023
10032,9572,Mahindra XUV400,SUV,39.4,2020
10033,9573,Kia EV6,SUV,77.4,2023
10034,9574,Tata Tiago EV,Hatchback,24.0,2020
10035,9575,Tata Tiago EV,Hatchback,24.0,2025
10036,9576,Tata Punch EV,Hatchback,35.0,2021
10037,9577,Tata Punch EV,Hatchback,35.0,2020
10038,9578,MG ZS EV,SUV,50.3,2022
10039,9579,Tata Punch EV,Hatchback,35.0,2021
10040,9580,MG ZS EV,SUV,50.3,2025
10041,9581,Tata Tiago EV,Hatchback,24.0,2023
10042,9582,Mahindra BE 6,SUV,59.0,2025
10043,9583,MG ZS EV,SUV,50.3,2021
10044,9584,Hyundai Ioniq 5,SUV,72.6,2020
10045,9585,Kia EV6,SUV,77.4,2024
10046,9586,Tata Tiago EV,Hatchback,24.0,2020
10047,9587,Mahindra XUV400,SUV,39.4,2024
10048,9588,Hyundai Kona Electric,SUV,39.2,2024
10049,9589,Tata Punch EV,Hatchback,35.0,2020
10050,9590,Kia EV6,SUV,77.4,2024
10051,9591,Hyundai Kona Electric,SUV,39.2,2022
10052,9592,MG ZS EV,SUV,50.3,2020
10053,9593,Tata Tiago EV,Hatchback,24.0,2024
10054,9594,Hyundai Kona Electric,SUV,39.2,2025
10055,9595,Mahindra XUV400,SUV,39.4,2022
10056,9596,Tata Tiago EV,Hatchback,24.0,2024
10057,9597,Tata Nexon EV,SUV,30.2,2025
10058,9598,Kia EV6,SUV,77.4,2023
10059,9599,Tata Tiago EV,Hatchback,24.0,2025
10060,9600,Kia EV6,SUV,77.4,2024
10061,9601,Hyundai Kona Electric,SUV,39.2,2022
10062,9602,Mahindra BE 6,SUV,59.0,2025
10063,9603,Tata Tiago EV,Hatchback,24.0,2022
10064,9604,Mahindra BE 6,SUV,59.0,2024
10065,9605,Mahindra XUV400,SUV,39.4,2022
10066,9606,Hyundai Ioniq 5,SUV,72.6,2021
10067,9607,Mahindra XUV400,SUV,39.4,2021
10068,9608,Hyundai Kona Electric,SUV,39.2,2021
10069,9609,MG ZS EV,SUV,50.3,2022
10070,9610,MG ZS EV,SUV,50.3,2021
10071,9611,MG ZS EV,SUV,50.3,2020
10072,9612,Tata Nexon EV,SUV,30.2,2023
10073,9613,Tata Nexon EV,SUV,30.2,2020
10074,9614,Hyundai Ioniq 5,SUV,72.6,2020
10075,9614,Mahindra BE 6,SUV,59.0,2020
10076,9615,Tata Nexon EV,SUV,30.2,2020
10077,9616,BYD Atto 3,SUV,60.5,2025
10078,9617,MG ZS EV,SUV,50.3,2025
10079,9618,Tata Tiago EV,Hatchback,24.0,2024
10080,9619,Hyundai Kona Electric,SUV,39.2,2021
10081,9620,Tata Tiago EV,Hatchback,24.0,2020
10082,9621,Kia EV6,SUV,77.4,2021
10083,9622,Mahindra BE 6,SUV,59.0,2021
10084,9623,Kia EV6,SUV,77.4,2021
10085,9624,Mahindra BE 6,SUV,59.0,2022
10086,9625,Tata Punch EV,Hatchback,35.0,2025
10087,9626,BYD Atto 3,SUV,60.5,2024
10088,9627,Mahindra XUV400,SUV,39.4,2021
10089,9628,Tata Tiago EV,Hatchback,24.0,2022
10090,9629,Tata Tiago EV,Hatchback,24.0,2025
10091,9630,Mahindra BE 6,SUV,59.0,2022
10092,9631,Mahindra BE 6,SUV,59.0,2021
10093,9632,Tata Nexon EV,SUV,30.2,2022
10094,9633,Mahindra XUV400,SUV,39.4,2021
10095,9634,Hyundai Kona Electric,SUV,39.2,2021
10096,9635,Mahindra BE 6,SUV,59.0,2025
10097,9636,Mahindra XUV400,SUV,39.4,2022
10098,9637,Tata Punch EV,Hatchback,35.0,2020
10099,9638,Hyundai Kona Electric,SUV,39.2,2020
10100,9639,Kia EV6,SUV,77.4,2023
10101,9640,Tata Nexon EV,SUV,30.2,2023
10102,9641,Hyundai Kona Electric,SUV,39.2,2020
10103,9642,Kia EV6,SUV,77.4,2023
10104,9643,Hyundai Kona Electric,SUV,39.2,2023
10105,9644,Hyundai Kona Electric,SUV,39.2,2021
10106,9645,MG ZS EV,SUV,50.3,2022
10107,9646,Mahindra BE 6,SUV,59.0,2020
10108,9647,Tata Punch EV,Hatchback,35.0,2021
10109,9648,Mahindra XUV400,SUV,39.4,2020
10110,9649,Mahindra XUV400,SUV,39.4,2023
10111,9650,Mahindra BE 6,SUV,59.0,2022
10112,9651,Kia EV6,SUV,77.4,2025
10113,9652,Kia EV6,SUV,77.4,2021
10114,9652,Mahindra BE 6,SUV,59.0,2025
10115,9653,Hyundai Kona Electric,SUV,39.2,2020
10116,9654,MG ZS EV,SUV,50.3,2023
10117,9655,Tata Nexon EV,SUV,30.2,2022
10118,9656,Tata Tiago EV,Hatchback,24.0,2025
10119,9657,Tata Tiago EV,Hatchback,24.0,2023
10120,9658,Tata Tiago EV,Hatchback,24.0,2021
10121,9659,Hyundai Kona Electric,SUV,39.2,2024
10122,9660,Tata Nexon EV,SUV,30.2,2023
10123,9661,Kia EV6,SUV,77.4,2020
10124,9662,MG ZS EV,SUV,50.3,2022
10125,9663,Hyundai Kona Electric,SUV,39.2,2022
10126,9664,Mahindra BE 6,SUV,59.0,2022
10127,9665,Tata Punch EV,Hatchback,35.0,2025
10128,9666,BYD Atto 3,SUV,60.5,2021
10129,9667,Hyundai Ioniq 5,SUV,72.6,2024
10130,9668,MG ZS EV,SUV,50.3,2024
10131,9669,Mahindra XUV400,SUV,39.4,2021
10132,9670,Mahindra XUV400,SUV,39.4,2020
10133,9671,Tata Tiago EV,Hatchback,24.0,2023
10134,9672,Hyundai Kona Electric,SUV,39.2,2023
10135,9673,Kia EV6,SUV,77.4,2023
10136,9674,MG ZS EV,SUV,50.3,2024
10137,9675,Hyundai Kona Electric,SUV,39.2,2020
10138,9675,BYD Atto 3,SUV,60.5,2022
10139,9676,Hyundai Kona Electric,SUV,39.2,2021
10140,9677,MG ZS EV,SUV,50.3,2020
10141,9678,Hyundai Ioniq 5,SUV,72.6,2021
10142,9679,Tata Punch EV,Hatchback,35.0,2020
10143,9680,Mahindra BE 6,SUV,59.0,2021
10144,9681,Hyundai Kona Electric,SUV,39.2,2025
10145,9682,MG ZS EV,SUV,50.3,2022
10146,9682,Hyundai Kona Electric,SUV,39.2,2025
10147,9683,MG ZS EV,SUV,50.3,2024
10148,9684,Kia EV6,SUV,77.4,2024
10149,9685,Tata Tiago EV,Hatchback,24.0,2023
10150,9686,MG ZS EV,SUV,50.3,2025
10151,9686,MG ZS EV,SUV,50.3,2022
10152,9687,Tata Punch EV,Hatchback,35.0,2025
10153,9688,Tata Nexon EV,SUV,30.2,2022
10154,9689,Hyundai Ioniq 5,SUV,72.6,2025
10155,9690,Tata Punch EV,Hatchback,35.0,2022
10156,9691,Tata Punch EV,Hatchback,35.0,2024
10157,9692,Hyundai Ioniq 5,SUV,72.6,2020
10158,9693,Tata Nexon EV,SUV,30.2,2024
10159,9694,MG ZS EV,SUV,50.3,2024
10160,9695,Tata Punch EV,Hatchback,35.0,2024
10161,9696,BYD Atto 3,SUV,60.5,2023
10162,9697,MG ZS EV,SUV,50.3,2021
10163,9698,Tata Nexon EV,SUV,30.2,2024
10164,9699,Tata Punch EV,Hatchback,35.0,2023
10165,9700,Tata Nexon EV,SUV,30.2,2025
10166,9701,Hyundai Kona Electric,SUV,39.2,2020
10167,9702,Hyundai Ioniq 5,SUV,72.6,2023
10168,9703,MG ZS EV,SUV,50.3,2023
10169,9704,BYD Atto 3,SUV,60.5,2025
10170,9705,MG ZS EV,SUV,50.3,2024
10171,9706,MG ZS EV,SUV,50.3,2021
10172,9707,Tata Nexon EV,SUV,30.2,2023
10173,9708,Mahindra BE 6,SUV,59.0,2021
10174,9709,Kia EV6,SUV,77.4,2023
10175,9710,Tata Punch EV,Hatchback,35.0,2021
10176,9711,Kia EV6,SUV,77.4,2023
10177,9712,Kia EV6,SUV,77.4,2020
10178,9713,Hyundai Kona Electric,SUV,39.2,2020
10179,9714,Tata Punch EV,Hatchback,35.0,2020
10180,9715,Tata Nexon EV,SUV,30.2,2023
10181,9716,Hyundai Ioniq 5,SUV,72.6,2025
10182,9717,Hyundai Ioniq 5,SUV,72.6,2021
10183,9718,Hyundai Kona Electric,SUV,39.2,2022
10184,9719,Hyundai Kona Electric,SUV,39.2,2020
10185,9720,Tata Tiago EV,Hatchback,24.0,2025
10186,9720,Tata Tiago EV,Hatchback,24.0,2023
10187,9721,Tata Nexon EV,SUV,30.2,2022
10188,9722,Mahindra XUV400,SUV,39.4,2025
10189,9723,Tata Punch EV,Hatchback,35.0,2022
10190,9724,MG ZS EV,SUV,50.3,2020
10191,9725,BYD Atto 3,SUV,60.5,2020
10192,9726,Hyundai Kona Electric,SUV,39.2,2025
10193,9726,Hyundai Ioniq 5,SUV,72.6,2020
10194,9727,BYD Atto 3,SUV,60.5,2023
10195,9728,BYD Atto 3,SUV,60.5,2025
10196,9729,Hyundai Ioniq 5,SUV,72.6,2024
10197,9730,BYD Atto 3,SUV,60.5,2021
10198,9731,MG ZS EV,SUV,50.3,2021
10199,9732,Tata Tiago EV,Hatchback,24.0,2022
10200,9733,Mahindra XUV400,SUV,39.4,2022
10201,9734,Tata Nexon EV,SUV,30.2,2025
10202,9735,Tata Tiago EV,Hatchback,24.0,2022
10203,9736,Tata Nexon EV,SUV,30.2,2024
10204,9737,Hyundai Kona Electric,SUV,39.2,2022
10205,9738,Hyundai Ioniq 5,SUV,72.6,2021
10206,9739,Hyundai Ioniq 5,SUV,72.6,2025
10207,9740,Hyundai Kona Electric,SUV,39.2,2020
10208,9741,Mahindra XUV400,SUV,39.4,2021
10209,9742,Tata Punch EV,Hatchback,35.0,2021
10210,9743,Hyundai Kona Electric,SUV,39.2,2020
10211,9744,Mahindra XUV400,SUV,39.4,2023
10212,9745,Tata Punch EV,Hatchback,35.0,2022
10213,9746,MG ZS EV,SUV,50.3,2020
10214,9747,Tata Punch EV,Hatchback,35.0,2022
10215,9748,Hyundai Kona Electric,SUV,39.2,2022
10216,9749,Hyundai Kona Electric,SUV,39.2,2021
10217,9750,Hyundai Ioniq 5,SUV,72.6,2023
10218,9751,Tata Nexon EV,SUV,30.2,2025
10219,9752,Mahindra XUV400,SUV,39.4,2025
10220,9753,BYD Atto 3,SUV,60.5,2021
10221,9754,Tata Punch EV,Hatchback,35.0,2025
10222,9755,Hyundai Kona Electric,SUV,39.2,2022
10223,9756,Tata Punch EV,Hatchback,35.0,2021
10224,9757,MG ZS EV,SUV,50.3,2025
10225,9758,Tata Tiago EV,Hatchback,24.0,2025
10226,9759,BYD Atto 3,SUV,60.5,2024
10227,9760,Tata Tiago EV,Hatchback,24.0,2022
10228,9761,MG ZS EV,SUV,50.3,2023
10229,9762,Mahindra XUV400,SUV,39.4,2025
10230,9763,Tata Tiago EV,Hatchback,24.0,2020
10231,9764,Mahindra XUV400,SUV,39.4,2022
10232,9765,Mahindra XUV400,SUV,39.4,2021
10233,9766,Mahindra BE 6,SUV,59.0,2023
10234,9767,BYD Atto 3,SUV,60.5,2025
10235,9768,Mahindra XUV400,SUV,39.4,2022
10236,9769,BYD Atto 3,SUV,60.5,2024
10237,9770,Hyundai Ioniq 5,SUV,72.6,2024
10238,9771,Tata Nexon EV,SUV,30.2,2020
10239,9772,Mahindra BE 6,SUV,59.0,2025
10240,9773,Mahindra BE 6,SUV,59.0,2023
10241,9774,Hyundai Ioniq 5,SUV,72.6,2025
10242,9775,Tata Punch EV,Hatchback,35.0,2020
10243,9776,Tata Punch EV,Hatchback,35.0,2021
10244,9777,MG ZS EV,SUV,50.3,2025
10245,9778,Mahindra BE 6,SUV,59.0,2021
10246,9779,Hyundai Kona Electric,SUV,39.2,2022
10247,9780,MG ZS EV,SUV,50.3,2022
10248,9781,Tata Tiago EV,Hatchback,24.0,2024
10249,9782,BYD Atto 3,SUV,60.5,2021
10250,9783,BYD Atto 3,SUV,60.5,2021
10251,9783,Kia EV6,SUV,77.4,2025
10252,9784,MG ZS EV,SUV,50.3,2023
10253,9785,MG ZS EV,SUV,50.3,2020
10254,9786,Mahindra XUV400,SUV,39.4,2023
10255,9787,Tata Tiago EV,Hatchback,24.0,2020
10256,9787,Kia EV6,SUV,77.4,2024
10257,9788,BYD Atto 3,SUV,60.5,2022
10258,9789,Mahindra XUV400,SUV,39.4,2022
10259,9790,Kia EV6,SUV,77.4,2021
10260,9791,Kia EV6,SUV,77.4,2025
10261,9792,Mahindra BE 6,SUV,59.0,2025
10262,9793,MG ZS EV,SUV,50.3,2025
10263,9794,Kia EV6,SUV,77.4,2021
10264,9795,BYD Atto 3,SUV,60.5,2021
10265,9796,Kia EV6,SUV,77.4,2024
10266,9797,Mahindra XUV400,SUV,39.4,2020
10267,9798,Mahindra XUV400,SUV,39.4,2023
10268,9799,Tata Punch EV,Hatchback,35.0,2022
10269,9800,MG ZS EV,SUV,50.3,2021
10270,9801,MG ZS EV,SUV,50.3,2022
10271,9802,MG ZS EV,SUV,50.3,2021
10272,9803,Hyundai Kona Electric,SUV,39.2,2022
10273,9804,Tata Nexon EV,SUV,30.2,2025
10274,9805,Tata Tiago EV,Hatchback,24.0,2020
10275,9806,MG ZS EV,SUV,50.3,2021
10276,9807,Tata Nexon EV,SUV,30.2,2021
10277,9808,Mahindra XUV400,SUV,39.4,2022
10278,9808,Tata Tiago EV,Hatchback,24.0,2021
10279,9809,Hyundai Ioniq 5,SUV,72.6,2024
10280,9810,Tata Nexon EV,SUV,30.2,2021
10281,9811,Mahindra XUV400,SUV,39.4,2025
10282,9812,BYD Atto 3,SUV,60.5,2023
10283,9813,Tata Punch EV,Hatchback,35.0,2025
10284,9814,Mahindra BE 6,SUV,59.0,2025
10285,9815,Tata Nexon EV,SUV,30.2,2023
10286,9816,Tata Nexon EV,SUV,30.2,2021
10287,9817,MG ZS EV,SUV,50.3,2024
10288,9818,Tata Nexon EV,SUV,30.2,2022
10289,9819,Mahindra XUV400,SUV,39.4,2025
10290,9820,Hyundai Ioniq 5,SUV,72.6,2021
10291,9821,Mahindra XUV400,SUV,39.4,2020
10292,9822,MG ZS EV,SUV,50.3,2020
10293,9822,BYD Atto 3,SUV,60.5,2025
10294,9823,Mahindra XUV400,SUV,39.4,2025
10295,9824,Tata Punch EV,Hatchback,35.0,2025
10296,9825,Mahindra XUV400,SUV,39.4,2021
10297,9826,Tata Punch EV,Hatchback,35.0,2024
10298,9827,Hyundai Ioniq 5,SUV,72.6,2023
10299,9828,Hyundai Kona Electric,SUV,39.2,2023
10300,9829,Kia EV6,SUV,77.4,2020
10301,9830,Tata Nexon EV,SUV,30.2,2020
10302,9830,BYD Atto 3,SUV,60.5,2024
10303,9831,MG ZS EV,SUV,50.3,2023
10304,9832,Hyundai Ioniq 5,SUV,72.6,2025
10305,9833,Tata Nexon EV,SUV,30.2,2025
10306,9834,Mahindra BE 6,SUV,59.0,2020
10307,9835,Hyundai Kona Electric,SUV,39.2,2020
10308,9836,BYD Atto 3,SUV,60.5,2023
10309,9837,Mahindra BE 6,SUV,59.0,2025
10310,9837,Kia EV6,SUV,77.4,2022
10311,9838,Hyundai Kona Electric,SUV,39.2,2020
10312,9839,Mahindra XUV400,SUV,39.4,2020
10313,9840,Tata Nexon EV,SUV,30.2,2024
10314,9841,Mahindra BE 6,SUV,59.0,2022
10315,9842,Hyundai Ioniq 5,SUV,72.6,2024
10316,9843,Mahindra XUV400,SUV,39.4,2023
10317,9843,Tata Punch EV,Hatchback,35.0,2025
10318,9844,Mahindra XUV400,SUV,39.4,2022
10319,9845,Mahindra XUV400,SUV,39.4,2020
10320,9846,MG ZS EV,SUV,50.3,2020
10321,9847,Mahindra XUV400,SUV,39.4,2020
10322,9848,Mahindra BE 6,SUV,59.0,2021
10323,9849,BYD Atto 3,SUV,60.5,2025
10324,9850,Mahindra XUV400,SUV,39.4,2020
10325,9851,Hyundai Kona Electric,SUV,39.2,2022
10326,9852,BYD Atto 3,SUV,60.5,2020
10327,9853,Mahindra XUV400,SUV,39.4,2020
10328,9854,BYD Atto 3,SUV,60.5,2021
10329,9855,Hyundai Ioniq 5,SUV,72.6,2024
10330,9856,Tata Punch EV,Hatchback,35.0,2024
10331,9857,BYD Atto 3,SUV,60.5,2020
10332,9858,Tata Punch EV,Hatchback,35.0,2021
10333,9859,Kia EV6,SUV,77.4,2024
10334,9860,Tata Nexon EV,SUV,30.2,2023
10335,9861,Tata Nexon EV,SUV,30.2,2020
10336,9862,Hyundai Ioniq 5,SUV,72.6,2021
10337,9863,BYD Atto 3,SUV,60.5,2025
10338,9864,MG ZS EV,SUV,50.3,2022
10339,9865,Tata Punch EV,Hatchback,35.0,2021
10340,9866,Tata Punch EV,Hatchback,35.0,2024
10341,9867,Hyundai Kona Electric,SUV,39.2,2020
10342,9868,Tata Tiago EV,Hatchback,24.0,2020
10343,9869,BYD Atto 3,SUV,60.5,2020
10344,9870,Hyundai Kona Electric,SUV,39.2,2022
10345,9871,Mahindra XUV400,SUV,39.4,2020
10346,9872,Mahindra BE 6,SUV,59.0,2023
10347,9873,Mahindra XUV400,SUV,39.4,2020
10348,9874,Hyundai Ioniq 5,SUV,72.6,2021
10349,9875,Tata Nexon EV,SUV,30.2,2022
10350,9876,Kia EV6,SUV,77.4,2023
10351,9877,Hyundai Ioniq 5,SUV,72.6,2020
10352,9878,Tata Nexon EV,SUV,30.2,2025
10353,9879,Kia EV6,SUV,77.4,2021
10354,9879,Hyundai Ioniq 5,SUV,72.6,2025
10355,9880,Mahindra BE 6,SUV,59.0,2020
10356,9881,Hyundai Kona Electric,SUV,39.2,2020
10357,9882,MG ZS EV,SUV,50.3,2021
10358,9883,BYD Atto 3,SUV,60.5,2022
10359,9884,Mahindra BE 6,SUV,59.0,2021
10360,9885,Tata Punch EV,Hatchback,35.0,2021
10361,9886,BYD Atto 3,SUV,60.5,2021
10362,9887,Tata Tiago EV,Hatchback,24.0,2023
10363,9888,Kia EV6,SUV,77.4,2024
10364,9889,BYD Atto 3,SUV,60.5,2022
10365,9890,Mahindra BE 6,SUV,59.0,2020
10366,9891,Mahindra XUV400,SUV,39.4,2023
10367,9892,Kia EV6,SUV,77.4,2024
10368,9893,Tata Nexon EV,SUV,30.2,2023
10369,9894,Hyundai Ioniq 5,SUV,72.6,2023
10370,9895,Tata Punch EV,Hatchback,35.0,2023
10371,9896,BYD Atto 3,SUV,60.5,2025
10372,9897,Kia EV6,SUV,77.4,2020
10373,9898,Hyundai Kona Electric,SUV,39.2,2020
10374,9899,Mahindra XUV400,SUV,39.4,2022
10375,9900,Hyundai Ioniq 5,SUV,72.6,2021
10376,9901,BYD Atto 3,SUV,60.5,2020
10377,9902,Hyundai Ioniq 5,SUV,72.6,2022
10378,9903,MG ZS EV,SUV,50.3,2021
10379,9904,MG ZS EV,SUV,50.3,2021
10380,9905,MG ZS EV,SUV,50.3,2023
10381,9906,Mahindra BE 6,SUV,59.0,2023
10382,9906,Hyundai Ioniq 5,SUV,72.6,2024
10383,9907,Tata Nexon EV,SUV,30.2,2023
10384,9908,Hyundai Kona Electric,SUV,39.2,2024
10385,9909,Mahindra XUV400,SUV,39.4,2021
10386,9910,MG ZS EV,SUV,50.3,2025
10387,9911,Hyundai Ioniq 5,SUV,72.6,2025
10388,9912,Tata Punch EV,Hatchback,35.0,2023
10389,9913,Kia EV6,SUV,77.4,2023
10390,9914,Kia EV6,SUV,77.4,2021
10391,9915,Tata Tiago EV,Hatchback,24.0,2024
10392,9916,Tata Tiago EV,Hatchback,24.0,2024
10393,9917,Mahindra BE 6,SUV,59.0,2023
10394,9918,Tata Tiago EV,Hatchback,24.0,2023
10395,9919,Kia EV6,SUV,77.4,2023
10396,9920,Tata Punch EV,Hatchback,35.0,2024
10397,9921,Tata Punch EV,Hatchback,35.0,2025
10398,9921,Mahindra XUV400,SUV,39.4,2025
10399,9922,Mahindra XUV400,SUV,39.4,2023
10400,9923,BYD Atto 3,SUV,60.5,2025
10401,9924,Tata Punch EV,Hatchback,35.0,2021
10402,9925,Tata Nexon EV,SUV,30.2,2025
10403,9926,Kia EV6,SUV,77.4,2024
10404,9927,Mahindra XUV400,SUV,39.4,2024
10405,9928,MG ZS EV,SUV,50.3,2022
10406,9929,Hyundai Ioniq 5,SUV,72.6,2021
10407,9930,BYD Atto 3,SUV,60.5,2020
10408,9930,BYD Atto 3,SUV,60.5,2024
10409,9931,Tata Nexon EV,SUV,30.2,2022
10410,9932,Tata Nexon EV,SUV,30.2,2021
10411,9933,Tata Nexon EV,SUV,30.2,2022
10412,9934,Mahindra BE 6,SUV,59.0,2022
10413,9935,Hyundai Kona Electric,SUV,39.2,2025
10414,9936,Tata Tiago EV,Hatchback,24.0,2023
10415,9937,BYD Atto 3,SUV,60.5,2020
10416,9938,Mahindra BE 6,SUV,59.0,2023
10417,9939,Tata Tiago EV,Hatchback,24.0,2023
10418,9940,Hyundai Kona Electric,SUV,39.2,2022
10419,9941,Hyundai Kona Electric,SUV,39.2,2024
10420,9942,Hyundai Kona Electric,SUV,39.2,2022
10421,9943,Kia EV6,SUV,77.4,2023
10422,9944,Mahindra XUV400,SUV,39.4,2021
10423,9945,Hyundai Kona Electric,SUV,39.2,2024
10424,9946,Hyundai Kona Electric,SUV,39.2,2021
10425,9947,Mahindra BE 6,SUV,59.0,2020
10426,9948,MG ZS EV,SUV,50.3,2024
10427,9949,Tata Punch EV,Hatchback,35.0,2022
10428,9950,Kia EV6,SUV,77.4,2021
10429,9951,Mahindra BE 6,SUV,59.0,2024
10430,9952,Hyundai Kona Electric,SUV,39.2,2021
10431,9953,Mahindra BE 6,SUV,59.0,2023
10432,9954,Hyundai Kona Electric,SUV,39.2,2020
10433,9955,Mahindra XUV400,SUV,39.4,2022
10434,9956,Tata Punch EV,Hatchback,35.0,2021
10435,9957,Tata Punch EV,Hatchback,35.0,2022
10436,9958,Hyundai Ioniq 5,SUV,72.6,2022
10437,9959,Tata Punch EV,Hatchback,35.0,2022
10438,9960,BYD Atto 3,SUV,60.5,2021
10439,9961,MG ZS EV,SUV,50.3,2024
10440,9962,Hyundai Ioniq 5,SUV,72.6,2024
10441,9963,Hyundai Kona Electric,SUV,39.2,2023
10442,9964,Mahindra BE 6,SUV,59.0,2023
10443,9965,Tata Punch EV,Hatchback,35.0,2022
10444,9966,Mahindra XUV400,SUV,39.4,2024
10445,9967,MG ZS EV,SUV,50.3,2023
10446,9968,Tata Punch EV,Hatchback,35.0,2023
10447,9969,Kia EV6,SUV,77.4,2023
10448,9970,Hyundai Ioniq 5,SUV,72.6,2022
10449,9971,Mahindra XUV400,SUV,39.4,2024
10450,9972,Tata Punch EV,Hatchback,35.0,2024
10451,9973,BYD Atto 3,SUV,60.5,2020
10452,9974,Tata Nexon EV,SUV,30.2,2022
10453,9975,Tata Tiago EV,Hatchback,24.0,2021
10454,9976,Kia EV6,SUV,77.4,2025
10455,9976,Mahindra BE 6,SUV,59.0,2023
10456,9977,Tata Nexon EV,SUV,30.2,2020
10457,9978,Hyundai Kona Electric,SUV,39.2,2021
10458,9978,Tata Tiago EV,Hatchback,24.0,2024
10459,9979,Mahindra BE 6,SUV,59.0,2025
10460,9980,Tata Nexon EV,SUV,30.2,2025
10461,9981,Mahindra BE 6,SUV,59.0,2020
10462,9982,Tata Punch EV,Hatchback,35.0,2025
10463,9983,Kia EV6,SUV,77.4,2025
10464,9984,Mahindra BE 6,SUV,59.0,2023
10465,9985,BYD Atto 3,SUV,60.5,2021
10466,9986,Mahindra XUV400,SUV,39.4,2023
10467,9987,Kia EV6,SUV,77.4,2023
10468,9988,Tata Tiago EV,Hatchback,24.0,2021
10469,9989,BYD Atto 3,SUV,60.5,2021
10470,9990,Kia EV6,SUV,77.4,2021
10471,9991,Hyundai Kona Electric,SUV,39.2,2024
10472,9992,Hyundai Ioniq 5,SUV,72.6,2020
10473,9993,Mahindra XUV400,SUV,39.4,2023
10474,9994,Tata Tiago EV,Hatchback,24.0,2025
10475,9995,Tata Nexon EV,SUV,30.2,2023
10476,9995,MG ZS EV,SUV,50.3,2022
10477,9996,Hyundai Kona Electric,SUV,39.2,2025
10478,9997,Tata Punch EV,Hatchback,35.0,2021
10479,9998,Tata Tiago EV,Hatchback,24.0,2023
10480,9999,Hyundai Ioniq 5,SUV,72.6,2020
10481,10000,Mahindra XUV400,SUV,39.4,2022
10482,10001,Tata Punch EV,Hatchback,35.0,2022
10483,10002,Hyundai Kona Electric,SUV,39.2,2023
10484,10003,Tata Tiago EV,Hatchback,24.0,2021
10485,10004,Tata Punch EV,Hatchback,35.0,2025
10486,10004,Hyundai Kona Electric,SUV,39.2,2020
10487,10005,Kia EV6,SUV,77.4,2022
10488,10006,Tata Punch EV,Hatchback,35.0,2022
10489,10007,Tata Punch EV,Hatchback,35.0,2023
10490,10008,Kia EV6,SUV,77.4,2021
10491,10009,Hyundai Kona Electric,SUV,39.2,2024
10492,10010,Hyundai Ioniq 5,SUV,72.6,2021
10493,10011,Tata Nexon EV,SUV,30.2,2024
10494,10012,Tata Nexon EV,SUV,30.2,2020
10495,10013,Mahindra BE 6,SUV,59.0,2023
10496,10014,Hyundai Kona Electric,SUV,39.2,2023
10497,10015,Tata Punch EV,Hatchback,35.0,2025
10498,10016,Tata Nexon EV,SUV,30.2,2023
10499,10017,Hyundai Kona Electric,SUV,39.2,2024
10500,10018,Hyundai Ioniq 5,SUV,72.6,2020
10501,10019,MG ZS EV,SUV,50.3,2023
10502,10020,Mahindra XUV400,SUV,39.4,2023
10503,10021,Tata Punch EV,Hatchback,35.0,2022
10504,10022,Hyundai Ioniq 5,SUV,72.6,2025
10505,10023,Hyundai Kona Electric,SUV,39.2,2025
10506,10024,Hyundai Ioniq 5,SUV,72.6,2021
10507,10025,Tata Tiago EV,Hatchback,24.0,2021
10508,10026,MG ZS EV,SUV,50.3,2021
10509,10027,Tata Punch EV,Hatchback,35.0,2024
10510,10028,MG ZS EV,SUV,50.3,2024
10511,10029,Kia EV6,SUV,77.4,2025
10512,10030,Hyundai Ioniq 5,SUV,72.6,2025
10513,10031,Hyundai Ioniq 5,SUV,72.6,2022
10514,10032,Tata Punch EV,Hatchback,35.0,2024
10515,10033,Kia EV6,SUV,77.4,2025
10516,10034,Tata Punch EV,Hatchback,35.0,2021
10517,10035,Kia EV6,SUV,77.4,2023
10518,10036,MG ZS EV,SUV,50.3,2025
10519,10037,Tata Tiago EV,Hatchback,24.0,2022
10520,10038,Tata Tiago EV,Hatchback,24.0,2025
10521,10039,MG ZS EV,SUV,50.3,2023
10522,10040,Tata Nexon EV,SUV,30.2,2023
10523,10041,Hyundai Ioniq 5,SUV,72.6,2023
10524,10042,Tata Tiago EV,Hatchback,24.0,2022
10525,10043,MG ZS EV,SUV,50.3,2024
10526,10044,Tata Tiago EV,Hatchback,24.0,2020
10527,10045,Mahindra BE 6,SUV,59.0,2023
10528,10046,Tata Tiago EV,Hatchback,24.0,2024
10529,10047,MG ZS EV,SUV,50.3,2020
10530,10048,Hyundai Ioniq 5,SUV,72.6,2020
10531,10049,MG ZS EV,SUV,50.3,2025
10532,10050,Hyundai Kona Electric,SUV,39.2,2021
10533,10051,Hyundai Ioniq 5,SUV,72.6,2023
10534,10052,Hyundai Ioniq 5,SUV,72.6,2020
10535,10053,Tata Punch EV,Hatchback,35.0,2023
10536,10054,Kia EV6,SUV,77.4,2024
10537,10055,Kia EV6,SUV,77.4,2022
10538,10056,Hyundai Ioniq 5,SUV,72.6,2022
10539,10057,Tata Nexon EV,SUV,30.2,2020
10540,10058,Kia EV6,SUV,77.4,2025
10541,10059,Mahindra BE 6,SUV,59.0,2021
10542,10060,Mahindra BE 6,SUV,59.0,2022
10543,10061,BYD Atto 3,SUV,60.5,2025
10544,10062,Kia EV6,SUV,77.4,2023
10545,10063,Hyundai Ioniq 5,SUV,72.6,2022
10546,10064,Tata Tiago EV,Hatchback,24.0,2024
10547,10065,Kia EV6,SUV,77.4,2024
10548,10066,Hyundai Ioniq 5,SUV,72.6,2020
10549,10067,MG ZS EV,SUV,50.3,2025
10550,10068,Mahindra BE 6,SUV,59.0,2025
10551,10069,Hyundai Kona Electric,SUV,39.2,2024
10552,10070,Hyundai Ioniq 5,SUV,72.6,2025
10553,10071,BYD Atto 3,SUV,60.5,2025
10554,10072,Hyundai Ioniq 5,SUV,72.6,2022
10555,10073,Mahindra XUV400,SUV,39.4,2022
10556,10074,Hyundai Ioniq 5,SUV,72.6,2024
10557,10075,Mahindra XUV400,SUV,39.4,2020
10558,10076,MG ZS EV,SUV,50.3,2020
10559,10077,BYD Atto 3,SUV,60.5,2025
10560,10078,Mahindra XUV400,SUV,39.4,2023
10561,10079,Mahindra XUV400,SUV,39.4,2024
10562,10080,MG ZS EV,SUV,50.3,2020
10563,10081,Hyundai Ioniq 5,SUV,72.6,2022
10564,10082,Mahindra BE 6,SUV,59.0,2020
10565,10083,Mahindra XUV400,SUV,39.4,2022
10566,10084,Hyundai Kona Electric,SUV,39.2,2023
10567,10085,Mahindra XUV400,SUV,39.4,2021
10568,10086,Mahindra XUV400,SUV,39.4,2020
10569,10087,MG ZS EV,SUV,50.3,2021
10570,10088,Mahindra XUV400,SUV,39.4,2022
10571,10089,Tata Tiago EV,Hatchback,24.0,2021
10572,10090,Hyundai Ioniq 5,SUV,72.6,2023
10573,10091,Tata Punch EV,Hatchback,35.0,2021
10574,10092,Mahindra XUV400,SUV,39.4,2021
10575,10093,MG ZS EV,SUV,50.3,2020
10576,10093,Kia EV6,SUV,77.4,2020
10577,10094,MG ZS EV,SUV,50.3,2020
10578,10095,Tata Nexon EV,SUV,30.2,2023
10579,10096,BYD Atto 3,SUV,60.5,2025
10580,10097,Tata Nexon EV,SUV,30.2,2025
10581,10098,Hyundai Kona Electric,SUV,39.2,2024
10582,10099,Tata Nexon EV,SUV,30.2,2025
10583,10100,Mahindra BE 6,SUV,59.0,2022
10584,10101,MG ZS EV,SUV,50.3,2021
10585,10102,Hyundai Ioniq 5,SUV,72.6,2024
10586,10103,Tata Tiago EV,Hatchback,24.0,2022
10587,10104,Hyundai Ioniq 5,SUV,72.6,2024
10588,10105,BYD Atto 3,SUV,60.5,2021
10589,10106,Hyundai Kona Electric,SUV,39.2,2023
10590,10107,Tata Tiago EV,Hatchback,24.0,2021
10591,10108,Tata Punch EV,Hatchback,35.0,2021
10592,10109,Mahindra BE 6,SUV,59.0,2021
10593,10110,Mahindra BE 6,SUV,59.0,2024
10594,10111,Tata Tiago EV,Hatchback,24.0,2022
10595,10112,BYD Atto 3,SUV,60.5,2022
10596,10113,Tata Tiago EV,Hatchback,24.0,2021
10597,10114,Hyundai Kona Electric,SUV,39.2,2022
10598,10115,Mahindra BE 6,SUV,59.0,2023
10599,10116,Tata Tiago EV,Hatchback,24.0,2025
10600,10117,Mahindra BE 6,SUV,59.0,2025
10601,10118,BYD Atto 3,SUV,60.5,2023
10602,10119,Hyundai Kona Electric,SUV,39.2,2022
10603,10120,Tata Punch EV,Hatchback,35.0,2020
10604,10121,Hyundai Ioniq 5,SUV,72.6,2023
10605,10122,Tata Tiago EV,Hatchback,24.0,2025
10606,10123,Kia EV6,SUV,77.4,2023
10607,10124,Tata Tiago EV,Hatchback,24.0,2025
10608,10125,Mahindra BE 6,SUV,59.0,2025
10609,10126,Hyundai Ioniq 5,SUV,72.6,2024
10610,10127,Kia EV6,SUV,77.4,2023
10611,10128,MG ZS EV,SUV,50.3,2024
10612,10128,Hyundai Kona Electric,SUV,39.2,2023
10613,10129,Kia EV6,SUV,77.4,2023
10614,10130,MG ZS EV,SUV,50.3,2021
10615,10131,BYD Atto 3,SUV,60.5,2025
10616,10132,Mahindra BE 6,SUV,59.0,2024
10617,10133,Tata Punch EV,Hatchback,35.0,2021
10618,10134,Tata Punch EV,Hatchback,35.0,2022
10619,10135,BYD Atto 3,SUV,60.5,2023
10620,10136,Tata Nexon EV,SUV,30.2,2024
10621,10137,Tata Tiago EV,Hatchback,24.0,2024
10622,10138,Tata Tiago EV,Hatchback,24.0,2021
10623,10139,Kia EV6,SUV,77.4,2022
10624,10140,Mahindra BE 6,SUV,59.0,2024
10625,10141,Hyundai Kona Electric,SUV,39.2,2024
10626,10142,Tata Nexon EV,SUV,30.2,2021
10627,10143,Tata Tiago EV,Hatchback,24.0,2020
10628,10144,Tata Punch EV,Hatchback,35.0,2023
10629,10145,Hyundai Kona Electric,SUV,39.2,2025
10630,10146,Hyundai Ioniq 5,SUV,72.6,2022
10631,10147,BYD Atto 3,SUV,60.5,2025
10632,10148,Mahindra XUV400,SUV,39.4,2021
10633,10149,Tata Punch EV,Hatchback,35.0,2023
10634,10150,Mahindra BE 6,SUV,59.0,2024
10635,10151,Mahindra BE 6,SUV,59.0,2021
10636,10152,Mahindra XUV400,SUV,39.4,2020
10637,10153,Hyundai Kona Electric,SUV,39.2,2021
10638,10154,Tata Tiago EV,Hatchback,24.0,2022
10639,10155,Mahindra BE 6,SUV,59.0,2021
10640,10156,Tata Tiago EV,Hatchback,24.0,2020
10641,10157,Mahindra BE 6,SUV,59.0,2025
10642,10158,Kia EV6,SUV,77.4,2020
10643,10159,Tata Tiago EV,Hatchback,24.0,2022
10644,10160,Tata Nexon EV,SUV,30.2,2025
10645,10161,Kia EV6,SUV,77.4,2021
10646,10162,Hyundai Kona Electric,SUV,39.2,2023
10647,10163,Mahindra BE 6,SUV,59.0,2022
10648,10164,Mahindra BE 6,SUV,59.0,2023
10649,10165,MG ZS EV,SUV,50.3,2024
10650,10166,Tata Tiago EV,Hatchback,24.0,2021
10651,10167,BYD Atto 3,SUV,60.5,2025
10652,10168,BYD Atto 3,SUV,60.5,2023
10653,10169,Tata Punch EV,Hatchback,35.0,2025
10654,10170,Tata Tiago EV,Hatchback,24.0,2021
10655,10170,BYD Atto 3,SUV,60.5,2023
10656,10171,Mahindra BE 6,SUV,59.0,2024
10657,10172,Tata Punch EV,Hatchback,35.0,2021
10658,10173,MG ZS EV,SUV,50.3,2024
10659,10174,Tata Tiago EV,Hatchback,24.0,2023
10660,10175,Tata Nexon EV,SUV,30.2,2024
10661,10176,BYD Atto 3,SUV,60.5,2024
10662,10177,Hyundai Ioniq 5,SUV,72.6,2025
10663,10178,Hyundai Kona Electric,SUV,39.2,2024
10664,10179,MG ZS EV,SUV,50.3,2024
10665,10180,Tata Tiago EV,Hatchback,24.0,2024
10666,10181,Tata Punch EV,Hatchback,35.0,2025
10667,10182,MG ZS EV,SUV,50.3,2023
10668,10183,MG ZS EV,SUV,50.3,2022
10669,10184,Mahindra XUV400,SUV,39.4,2022
10670,10185,Tata Tiago EV,Hatchback,24.0,2020
10671,10186,Tata Nexon EV,SUV,30.2,2024
10672,10187,Kia EV6,SUV,77.4,2023
10673,10188,Hyundai Ioniq 5,SUV,72.6,2023
10674,10189,Mahindra XUV400,SUV,39.4,2025
10675,10190,BYD Atto 3,SUV,60.5,2024
10676,10191,Mahindra XUV400,SUV,39.4,2020
10677,10192,Mahindra BE 6,SUV,59.0,2021
10678,10193,Mahindra XUV400,SUV,39.4,2021
10679,10194,BYD Atto 3,SUV,60.5,2020
10680,10195,Mahindra BE 6,SUV,59.0,2020
10681,10196,Kia EV6,SUV,77.4,2025
10682,10197,Mahindra XUV400,SUV,39.4,2021
10683,10198,Mahindra XUV400,SUV,39.4,2025
10684,10199,Mahindra BE 6,SUV,59.0,2025
10685,10200,Mahindra BE 6,SUV,59.0,2025
10686,10201,Tata Punch EV,Hatchback,35.0,2021
10687,10202,Hyundai Kona Electric,SUV,39.2,2025
10688,10203,MG ZS EV,SUV,50.3,2023
10689,10204,Tata Tiago EV,Hatchback,24.0,2025
10690,10205,Kia EV6,SUV,77.4,2025
10691,10206,MG ZS EV,SUV,50.3,2020
10692,10207,Tata Punch EV,Hatchback,35.0,2022
10693,10208,Tata Nexon EV,SUV,30.2,2021
10694,10209,Tata Nexon EV,SUV,30.2,2021
10695,10210,Mahindra BE 6,SUV,59.0,2023
10696,10211,Hyundai Ioniq 5,SUV,72.6,2020
10697,10212,Tata Tiago EV,Hatchback,24.0,2023
10698,10213,Tata Nexon EV,SUV,30.2,2024
10699,10214,Tata Punch EV,Hatchback,35.0,2024
10700,10215,Kia EV6,SUV,77.4,2025
10701,10215,Tata Punch EV,Hatchback,35.0,2023
10702,10216,Mahindra BE 6,SUV,59.0,2025
10703,10217,Tata Punch EV,Hatchback,35.0,2024
10704,10218,BYD Atto 3,SUV,60.5,2025
10705,10219,Hyundai Ioniq 5,SUV,72.6,2025
10706,10220,Hyundai Ioniq 5,SUV,72.6,2020
10707,10221,Mahindra BE 6,SUV,59.0,2022
10708,10221,Hyundai Ioniq 5,SUV,72.6,2020
10709,10222,Kia EV6,SUV,77.4,2023
10710,10223,Tata Punch EV,Hatchback,35.0,2025
10711,10224,Mahindra BE 6,SUV,59.0,2023
10712,10225,Mahindra BE 6,SUV,59.0,2024
10713,10226,Mahindra XUV400,SUV,39.4,2025
10714,10227,Kia EV6,SUV,77.4,2021
10715,10228,Kia EV6,SUV,77.4,2024
10716,10228,Tata Punch EV,Hatchback,35.0,2023
10717,10229,Hyundai Kona Electric,SUV,39.2,2021
10718,10230,Tata Nexon EV,SUV,30.2,2023
10719,10231,Tata Punch EV,Hatchback,35.0,2024
10720,10232,Hyundai Ioniq 5,SUV,72.6,2023
10721,10233,BYD Atto 3,SUV,60.5,2022
10722,10234,Kia EV6,SUV,77.4,2023
10723,10235,Mahindra BE 6,SUV,59.0,2023
10724,10236,Hyundai Ioniq 5,SUV,72.6,2020
10725,10236,Mahindra XUV400,SUV,39.4,2021
10726,10237,Hyundai Kona Electric,SUV,39.2,2023
10727,10238,BYD Atto 3,SUV,60.5,2025
10728,10239,Hyundai Ioniq 5,SUV,72.6,2021
10729,10240,Tata Punch EV,Hatchback,35.0,2025
10730,10241,Hyundai Ioniq 5,SUV,72.6,2021
10731,10242,Tata Punch EV,Hatchback,35.0,2023
10732,10243,Hyundai Kona Electric,SUV,39.2,2023
10733,10244,BYD Atto 3,SUV,60.5,2022
10734,10245,Mahindra XUV400,SUV,39.4,2022
10735,10246,Tata Tiago EV,Hatchback,24.0,2025
10736,10247,Mahindra BE 6,SUV,59.0,2020
10737,10248,Hyundai Ioniq 5,SUV,72.6,2020
10738,10248,Tata Tiago EV,Hatchback,24.0,2021
10739,10249,Mahindra XUV400,SUV,39.4,2022
10740,10250,Tata Tiago EV,Hatchback,24.0,2022
10741,10251,Kia EV6,SUV,77.4,2020
10742,10252,MG ZS EV,SUV,50.3,2025
10743,10253,Mahindra BE 6,SUV,59.0,2021
10744,10254,Tata Punch EV,Hatchback,35.0,2020
10745,10255,Mahindra XUV400,SUV,39.4,2021
10746,10256,Hyundai Ioniq 5,SUV,72.6,2024
10747,10257,Tata Nexon EV,SUV,30.2,2023
10748,10258,Hyundai Kona Electric,SUV,39.2,2022
10749,10259,Tata Punch EV,Hatchback,35.0,2020
10750,10260,Mahindra BE 6,SUV,59.0,2020
10751,10261,MG ZS EV,SUV,50.3,2020
10752,10262,MG ZS EV,SUV,50.3,2023
10753,10263,Hyundai Ioniq 5,SUV,72.6,2024
10754,10264,Tata Nexon EV,SUV,30.2,2021
10755,10265,Hyundai Ioniq 5,SUV,72.6,2020
10756,10266,Tata Punch EV,Hatchback,35.0,2024
10757,10267,Hyundai Ioniq 5,SUV,72.6,2021
10758,10268,Tata Punch EV,Hatchback,35.0,2020
10759,10269,Hyundai Kona Electric,SUV,39.2,2021
10760,10270,Mahindra XUV400,SUV,39.4,2022
10761,10271,Hyundai Ioniq 5,SUV,72.6,2020
10762,10272,Tata Tiago EV,Hatchback,24.0,2022
10763,10273,Mahindra BE 6,SUV,59.0,2021
10764,10274,Tata Tiago EV,Hatchback,24.0,2025
10765,10275,Kia EV6,SUV,77.4,2025
10766,10276,Mahindra BE 6,SUV,59.0,2020
10767,10277,Hyundai Ioniq 5,SUV,72.6,2024
10768,10278,Tata Nexon EV,SUV,30.2,2023
10769,10279,Tata Tiago EV,Hatchback,24.0,2025
10770,10280,Hyundai Ioniq 5,SUV,72.6,2025
10771,10281,Mahindra XUV400,SUV,39.4,2025
10772,10282,Mahindra XUV400,SUV,39.4,2021
10773,10283,Mahindra XUV400,SUV,39.4,2023
10774,10284,BYD Atto 3,SUV,60.5,2021
10775,10285,Hyundai Kona Electric,SUV,39.2,2021
10776,10286,Tata Tiago EV,Hatchback,24.0,2023
10777,10287,Mahindra XUV400,SUV,39.4,2022
10778,10288,Tata Punch EV,Hatchback,35.0,2025
10779,10289,Mahindra BE 6,SUV,59.0,2022
10780,10290,Mahindra BE 6,SUV,59.0,2024
10781,10291,Tata Tiago EV,Hatchback,24.0,2022
10782,10292,Tata Tiago EV,Hatchback,24.0,2020
10783,10293,Tata Nexon EV,SUV,30.2,2022
10784,10293,Kia EV6,SUV,77.4,2025
10785,10294,Tata Tiago EV,Hatchback,24.0,2020
10786,10295,Hyundai Ioniq 5,SUV,72.6,2020
10787,10296,MG ZS EV,SUV,50.3,2020
10788,10297,Tata Punch EV,Hatchback,35.0,2023
10789,10298,Kia EV6,SUV,77.4,2022
10790,10299,Kia EV6,SUV,77.4,2025
10791,10300,MG ZS EV,SUV,50.3,2020
10792,10301,Tata Nexon EV,SUV,30.2,2020
10793,10302,BYD Atto 3,SUV,60.5,2024
10794,10303,Tata Nexon EV,SUV,30.2,2021
10795,10304,Hyundai Kona Electric,SUV,39.2,2025
10796,10305,Hyundai Kona Electric,SUV,39.2,2022
10797,10306,Tata Tiago EV,Hatchback,24.0,2024
10798,10307,MG ZS EV,SUV,50.3,2023
10799,10308,BYD Atto 3,SUV,60.5,2020
10800,10309,Tata Punch EV,Hatchback,35.0,2021
10801,10310,Tata Punch EV,Hatchback,35.0,2022
10802,10311,BYD Atto 3,SUV,60.5,2021
10803,10312,BYD Atto 3,SUV,60.5,2023
10804,10313,BYD Atto 3,SUV,60.5,2021
10805,10314,Tata Tiago EV,Hatchback,24.0,2021
10806,10315,Hyundai Kona Electric,SUV,39.2,2023
10807,10316,MG ZS EV,SUV,50.3,2025
10808,10317,Kia EV6,SUV,77.4,2025
10809,10318,Kia EV6,SUV,77.4,2020
10810,10319,Hyundai Kona Electric,SUV,39.2,2021
10811,10320,Hyundai Kona Electric,SUV,39.2,2025
10812,10321,BYD Atto 3,SUV,60.5,2025
10813,10322,BYD Atto 3,SUV,60.5,2022
10814,10322,Kia EV6,SUV,77.4,2023
10815,10323,Mahindra XUV400,SUV,39.4,2023
10816,10324,BYD Atto 3,SUV,60.5,2022
10817,10325,Hyundai Kona Electric,SUV,39.2,2020
10818,10326,Hyundai Kona Electric,SUV,39.2,2023
10819,10327,Hyundai Ioniq 5,SUV,72.6,2021
10820,10328,Mahindra BE 6,SUV,59.0,2021
10821,10329,Mahindra BE 6,SUV,59.0,2020
10822,10330,Hyundai Ioniq 5,SUV,72.6,2025
10823,10331,Tata Nexon EV,SUV,30.2,2022
10824,10332,Kia EV6,SUV,77.4,2024
10825,10333,Hyundai Kona Electric,SUV,39.2,2021
10826,10334,BYD Atto 3,SUV,60.5,2020
10827,10335,Kia EV6,SUV,77.4,2024
10828,10336,BYD Atto 3,SUV,60.5,2021
10829,10337,Kia EV6,SUV,77.4,2022
10830,10338,Hyundai Ioniq 5,SUV,72.6,2025
10831,10339,Mahindra XUV400,SUV,39.4,2025
10832,10340,MG ZS EV,SUV,50.3,2025
10833,10341,MG ZS EV,SUV,50.3,2022
10834,10342,Tata Punch EV,Hatchback,35.0,2025
10835,10343,Hyundai Ioniq 5,SUV,72.6,2022
10836,10344,Tata Tiago EV,Hatchback,24.0,2020
10837,10345,Mahindra XUV400,SUV,39.4,2024
10838,10346,Hyundai Ioniq 5,SUV,72.6,2022
10839,10347,Mahindra BE 6,SUV,59.0,2020
10840,10348,BYD Atto 3,SUV,60.5,2024
10841,10349,MG ZS EV,SUV,50.3,2022
10842,10350,MG ZS EV,SUV,50.3,2023
10843,10351,Hyundai Kona Electric,SUV,39.2,2020
10844,10352,Mahindra BE 6,SUV,59.0,2022
10845,10353,Hyundai Ioniq 5,SUV,72.6,2020
10846,10354,Mahindra XUV400,SUV,39.4,2020
10847,10355,MG ZS EV,SUV,50.3,2020
10848,10356,Mahindra XUV400,SUV,39.4,2024
10849,10357,Hyundai Ioniq 5,SUV,72.6,2022
10850,10358,Hyundai Ioniq 5,SUV,72.6,2022
10851,10359,BYD Atto 3,SUV,60.5,2024
10852,10360,Hyundai Ioniq 5,SUV,72.6,2023
10853,10361,Hyundai Ioniq 5,SUV,72.6,2023
10854,10362,Mahindra BE 6,SUV,59.0,2023
10855,10363,Hyundai Ioniq 5,SUV,72.6,2025
10856,10364,Tata Tiago EV,Hatchback,24.0,2024
10857,10365,Mahindra XUV400,SUV,39.4,2025
10858,10366,Kia EV6,SUV,77.4,2021
10859,10367,BYD Atto 3,SUV,60.5,2021
10860,10368,Kia EV6,SUV,77.4,2022
10861,10369,Kia EV6,SUV,77.4,2021
10862,10370,MG ZS EV,SUV,50.3,2023
10863,10371,Tata Nexon EV,SUV,30.2,2024
10864,10372,Kia EV6,SUV,77.4,2025
10865,10373,Tata Nexon EV,SUV,30.2,2024
10866,10374,MG ZS EV,SUV,50.3,2023
10867,10375,Mahindra XUV400,SUV,39.4,2022
10868,10376,Mahindra XUV400,SUV,39.4,2024
10869,10377,MG ZS EV,SUV,50.3,2023
10870,10378,Mahindra BE 6,SUV,59.0,2022
10871,10379,Tata Punch EV,Hatchback,35.0,2021
10872,10380,Kia EV6,SUV,77.4,2021
10873,10381,Mahindra BE 6,SUV,59.0,2022
10874,10382,Mahindra BE 6,SUV,59.0,2023
10875,10382,Tata Punch EV,Hatchback,35.0,2020
10876,10383,Hyundai Kona Electric,SUV,39.2,2023
10877,10384,Kia EV6,SUV,77.4,2020
10878,10385,Mahindra XUV400,SUV,39.4,2020
10879,10386,BYD Atto 3,SUV,60.5,2020
10880,10387,MG ZS EV,SUV,50.3,2020
10881,10387,Mahindra BE 6,SUV,59.0,2020
10882,10388,MG ZS EV,SUV,50.3,2022
10883,10389,Kia EV6,SUV,77.4,2023
10884,10390,Tata Punch EV,Hatchback,35.0,2025
10885,10391,Kia EV6,SUV,77.4,2021
10886,10392,Kia EV6,SUV,77.4,2020
10887,10393,MG ZS EV,SUV,50.3,2021
10888,10394,Mahindra XUV400,SUV,39.4,2024
10889,10395,Tata Punch EV,Hatchback,35.0,2020
10890,10396,Hyundai Kona Electric,SUV,39.2,2023
10891,10397,Mahindra BE 6,SUV,59.0,2025
10892,10398,Tata Nexon EV,SUV,30.2,2022
10893,10399,Tata Nexon EV,SUV,30.2,2022
10894,10400,BYD Atto 3,SUV,60.5,2023
10895,10401,Kia EV6,SUV,77.4,2025
10896,10402,MG ZS EV,SUV,50.3,2020
10897,10403,Hyundai Ioniq 5,SUV,72.6,2025
10898,10404,MG ZS EV,SUV,50.3,2024
10899,10405,Kia EV6,SUV,77.4,2021
10900,10406,BYD Atto 3,SUV,60.5,2020
10901,10407,Tata Nexon EV,SUV,30.2,2021
10902,10408,Tata Punch EV,Hatchback,35.0,2025
10903,10409,Mahindra XUV400,SUV,39.4,2022
10904,10410,Tata Punch EV,Hatchback,35.0,2021
10905,10411,BYD Atto 3,SUV,60.5,2025
10906,10412,Tata Tiago EV,Hatchback,24.0,2024
10907,10413,MG ZS EV,SUV,50.3,2022
10908,10414,Mahindra XUV400,SUV,39.4,2024
10909,10415,Kia EV6,SUV,77.4,2023
10910,10416,BYD Atto 3,SUV,60.5,2021
10911,10417,Hyundai Ioniq 5,SUV,72.6,2022
10912,10418,Tata Punch EV,Hatchback,35.0,2021
10913,10419,Mahindra XUV400,SUV,39.4,2022
10914,10420,Hyundai Ioniq 5,SUV,72.6,2023
10915,10421,Tata Tiago EV,Hatchback,24.0,2022
10916,10422,MG ZS EV,SUV,50.3,2024
10917,10423,BYD Atto 3,SUV,60.5,2022
10918,10424,Tata Punch EV,Hatchback,35.0,2022
10919,10425,Mahindra XUV400,SUV,39.4,2021
10920,10426,Hyundai Kona Electric,SUV,39.2,2022
10921,10427,Tata Tiago EV,Hatchback,24.0,2021
10922,10428,Kia EV6,SUV,77.4,2024
10923,10429,Mahindra BE 6,SUV,59.0,2025
10924,10430,Mahindra XUV400,SUV,39.4,2023
10925,10431,Tata Punch EV,Hatchback,35.0,2025
10926,10432,Hyundai Kona Electric,SUV,39.2,2025
10927,10433,Hyundai Ioniq 5,SUV,72.6,2024
10928,10434,Kia EV6,SUV,77.4,2020
10929,10435,Hyundai Ioniq 5,SUV,72.6,2020
10930,10435,Tata Punch EV,Hatchback,35.0,2022
10931,10436,Tata Punch EV,Hatchback,35.0,2025
10932,10437,Mahindra BE 6,SUV,59.0,2022
10933,10438,Tata Tiago EV,Hatchback,24.0,2022
10934,10439,MG ZS EV,SUV,50.3,2023
10935,10440,Tata Tiago EV,Hatchback,24.0,2024
10936,10441,Hyundai Kona Electric,SUV,39.2,2021
10937,10442,Mahindra XUV400,SUV,39.4,2025
10938,10443,Hyundai Kona Electric,SUV,39.2,2021
10939,10444,BYD Atto 3,SUV,60.5,2022
10940,10445,Tata Punch EV,Hatchback,35.0,2020
10941,10446,BYD Atto 3,SUV,60.5,2021
10942,10447,Mahindra XUV400,SUV,39.4,2024
10943,10448,MG ZS EV,SUV,50.3,2023
10944,10449,Tata Punch EV,Hatchback,35.0,2022
10945,10450,Mahindra XUV400,SUV,39.4,2025
10946,10451,Hyundai Kona Electric,SUV,39.2,2020
10947,10452,Tata Tiago EV,Hatchback,24.0,2023
10948,10453,Hyundai Kona Electric,SUV,39.2,2024
10949,10454,Mahindra BE 6,SUV,59.0,2021
10950,10455,BYD Atto 3,SUV,60.5,2020
10951,10456,Mahindra XUV400,SUV,39.4,2023
10952,10457,Hyundai Ioniq 5,SUV,72.6,2024
10953,10458,BYD Atto 3,SUV,60.5,2022
10954,10459,Mahindra XUV400,SUV,39.4,2020
10955,10460,Mahindra BE 6,SUV,59.0,2024
10956,10461,Mahindra XUV400,SUV,39.4,2023
10957,10462,BYD Atto 3,SUV,60.5,2025
10958,10463,Mahindra BE 6,SUV,59.0,2025
10959,10464,Mahindra XUV400,SUV,39.4,2020
10960,10465,Mahindra XUV400,SUV,39.4,2023
10961,10466,Hyundai Kona Electric,SUV,39.2,2020
10962,10467,MG ZS EV,SUV,50.3,2023
10963,10468,Tata Tiago EV,Hatchback,24.0,2020
10964,10469,BYD Atto 3,SUV,60.5,2023
10965,10470,Mahindra BE 6,SUV,59.0,2022
10966,10471,Hyundai Ioniq 5,SUV,72.6,2023
10967,10471,Mahindra XUV400,SUV,39.4,2020
10968,10472,Hyundai Ioniq 5,SUV,72.6,2020
10969,10473,Mahindra XUV400,SUV,39.4,2021
10970,10474,Hyundai Kona Electric,SUV,39.2,2021
10971,10475,Kia EV6,SUV,77.4,2025
10972,10476,MG ZS EV,SUV,50.3,2022
10973,10477,BYD Atto 3,SUV,60.5,2022
10974,10478,Kia EV6,SUV,77.4,2023
10975,10479,Hyundai Kona Electric,SUV,39.2,2023
10976,10480,Tata Tiago EV,Hatchback,24.0,2020
10977,10481,Tata Tiago EV,Hatchback,24.0,2021
10978,10482,Tata Punch EV,Hatchback,35.0,2020
10979,10483,Mahindra BE 6,SUV,59.0,2024
10980,10484,Mahindra BE 6,SUV,59.0,2023
10981,10485,Tata Punch EV,Hatchback,35.0,2024
10982,10486,Mahindra BE 6,SUV,59.0,2020
10983,10487,MG ZS EV,SUV,50.3,2025
10984,10488,Mahindra XUV400,SUV,39.4,2020
10985,10488,Mahindra XUV400,SUV,39.4,2024
10986,10489,MG ZS EV,SUV,50.3,2020
10987,10490,Kia EV6,SUV,77.4,2023
10988,10491,Tata Nexon EV,SUV,30.2,2025
10989,10492,Mahindra BE 6,SUV,59.0,2021
10990,10493,Tata Tiago EV,Hatchback,24.0,2020
10991,10494,Mahindra BE 6,SUV,59.0,2021
10992,10494,Tata Punch EV,Hatchback,35.0,2021
10993,10495,Hyundai Kona Electric,SUV,39.2,2021
10994,10496,Tata Punch EV,Hatchback,35.0,2024
10995,10497,Kia EV6,SUV,77.4,2020
10996,10498,MG ZS EV,SUV,50.3,2022
10997,10499,Kia EV6,SUV,77.4,2020
10998,10500,Mahindra BE 6,SUV,59.0,2023
10999,10501,BYD Atto 3,SUV,60.5,2020
11000,10502,Tata Punch EV,Hatchback,35.0,2024
11001,10503,Tata Nexon EV,SUV,30.2,2020
11002,10504,Tata Tiago EV,Hatchback,24.0,2020
11003,10505,Kia EV6,SUV,77.4,2025
11004,10506,BYD Atto 3,SUV,60.5,2022
11005,10507,Tata Tiago EV,Hatchback,24.0,2021
11006,10508,Mahindra BE 6,SUV,59.0,2023
11007,10509,Mahindra BE 6,SUV,59.0,2024
11008,10510,Tata Punch EV,Hatchback,35.0,2023
11009,10511,Kia EV6,SUV,77.4,2024
11010,10512,Mahindra XUV400,SUV,39.4,2021
11011,10513,Mahindra BE 6,SUV,59.0,2024
11012,10514,Mahindra BE 6,SUV,59.0,2024
11013,10515,Tata Tiago EV,Hatchback,24.0,2025
11014,10516,Mahindra BE 6,SUV,59.0,2021
11015,10517,MG ZS EV,SUV,50.3,2022
11016,10518,Mahindra BE 6,SUV,59.0,2024
11017,10519,Tata Tiago EV,Hatchback,24.0,2024
11018,10520,Hyundai Kona Electric,SUV,39.2,2020
11019,10521,Tata Punch EV,Hatchback,35.0,2025
11020,10522,MG ZS EV,SUV,50.3,2020
11021,10523,Tata Nexon EV,SUV,30.2,2022
11022,10524,Hyundai Ioniq 5,SUV,72.6,2020
11023,10525,Hyundai Kona Electric,SUV,39.2,2022
11024,10526,BYD Atto 3,SUV,60.5,2021
11025,10527,Mahindra BE 6,SUV,59.0,2021
11026,10528,Hyundai Kona Electric,SUV,39.2,2022
11027,10529,Kia EV6,SUV,77.4,2024
11028,10530,Mahindra BE 6,SUV,59.0,2022
11029,10531,Tata Punch EV,Hatchback,35.0,2021
11030,10532,MG ZS EV,SUV,50.3,2021
11031,10533,MG ZS EV,SUV,50.3,2020
11032,10534,Hyundai Kona Electric,SUV,39.2,2020
11033,10535,Tata Punch EV,Hatchback,35.0,2020
11034,10536,MG ZS EV,SUV,50.3,2022
11035,10537,Hyundai Kona Electric,SUV,39.2,2021
11036,10538,Mahindra BE 6,SUV,59.0,2022
11037,10539,Mahindra BE 6,SUV,59.0,2024
11038,10540,Tata Punch EV,Hatchback,35.0,2024
11039,10541,Tata Punch EV,Hatchback,35.0,2025
11040,10542,Hyundai Ioniq 5,SUV,72.6,2023
11041,10543,Kia EV6,SUV,77.4,2022
11042,10544,Mahindra BE 6,SUV,59.0,2025
11043,10545,Tata Tiago EV,Hatchback,24.0,2025
11044,10546,Tata Punch EV,Hatchback,35.0,2020
11045,10547,MG ZS EV,SUV,50.3,2024
11046,10548,MG ZS EV,SUV,50.3,2024
11047,10549,Kia EV6,SUV,77.4,2021
11048,10550,Kia EV6,SUV,77.4,2024
11049,10551,Kia EV6,SUV,77.4,2020
11050,10551,Mahindra XUV400,SUV,39.4,2020
11051,10552,Tata Punch EV,Hatchback,35.0,2020
11052,10553,Kia EV6,SUV,77.4,2021
11053,10554,Mahindra XUV400,SUV,39.4,2022
11054,10555,Tata Tiago EV,Hatchback,24.0,2024
11055,10556,Hyundai Kona Electric,SUV,39.2,2025
11056,10557,Kia EV6,SUV,77.4,2022
11057,10558,Tata Punch EV,Hatchback,35.0,2023
11058,10559,MG ZS EV,SUV,50.3,2020
11059,10560,Mahindra XUV400,SUV,39.4,2022
11060,10561,Tata Tiago EV,Hatchback,24.0,2025
11061,10562,MG ZS EV,SUV,50.3,2021
11062,10563,Tata Punch EV,Hatchback,35.0,2024
11063,10564,Hyundai Kona Electric,SUV,39.2,2024
11064,10565,Hyundai Ioniq 5,SUV,72.6,2023
11065,10566,Tata Punch EV,Hatchback,35.0,2023
11066,10567,MG ZS EV,SUV,50.3,2021
11067,10568,Tata Punch EV,Hatchback,35.0,2025
11068,10569,MG ZS EV,SUV,50.3,2021
11069,10570,Hyundai Ioniq 5,SUV,72.6,2024
11070,10571,BYD Atto 3,SUV,60.5,2023
11071,10572,Hyundai Kona Electric,SUV,39.2,2022
11072,10573,Hyundai Kona Electric,SUV,39.2,2020
11073,10574,Tata Tiago EV,Hatchback,24.0,2024
11074,10574,Hyundai Ioniq 5,SUV,72.6,2025
11075,10575,BYD Atto 3,SUV,60.5,2023
11076,10576,BYD Atto 3,SUV,60.5,2023
11077,10577,Hyundai Kona Electric,SUV,39.2,2020
11078,10578,Kia EV6,SUV,77.4,2023
11079,10579,BYD Atto 3,SUV,60.5,2025
11080,10580,MG ZS EV,SUV,50.3,2024
11081,10581,Mahindra XUV400,SUV,39.4,2023
11082,10582,MG ZS EV,SUV,50.3,2022
11083,10583,BYD Atto 3,SUV,60.5,2022
11084,10584,Hyundai Ioniq 5,SUV,72.6,2024
11085,10585,Kia EV6,SUV,77.4,2021
11086,10586,Mahindra BE 6,SUV,59.0,2020
11087,10587,MG ZS EV,SUV,50.3,2024
11088,10588,Hyundai Kona Electric,SUV,39.2,2021
11089,10589,Tata Nexon EV,SUV,30.2,2024
11090,10590,Tata Punch EV,Hatchback,35.0,2021
11091,10590,Kia EV6,SUV,77.4,2024
11092,10591,Hyundai Ioniq 5,SUV,72.6,2022
11093,10592,Hyundai Ioniq 5,SUV,72.6,2020
11094,10593,MG ZS EV,SUV,50.3,2021
11095,10594,BYD Atto 3,SUV,60.5,2021
11096,10595,Tata Nexon EV,SUV,30.2,2022
11097,10596,Hyundai Kona Electric,SUV,39.2,2022
11098,10597,Mahindra BE 6,SUV,59.0,2025
11099,10597,MG ZS EV,SUV,50.3,2025
11100,10598,Hyundai Kona Electric,SUV,39.2,2021
11101,10599,Kia EV6,SUV,77.4,2021
11102,10600,Hyundai Ioniq 5,SUV,72.6,2021
11103,10601,Mahindra XUV400,SUV,39.4,2024
11104,10602,MG ZS EV,SUV,50.3,2024
11105,10602,BYD Atto 3,SUV,60.5,2021
11106,10603,Hyundai Ioniq 5,SUV,72.6,2024
11107,10604,Hyundai Kona Electric,SUV,39.2,2024
11108,10605,Tata Punch EV,Hatchback,35.0,2022
11109,10606,Mahindra XUV400,SUV,39.4,2022
11110,10607,BYD Atto 3,SUV,60.5,2023
11111,10608,Tata Tiago EV,Hatchback,24.0,2022
11112,10609,Hyundai Kona Electric,SUV,39.2,2020
11113,10610,Tata Tiago EV,Hatchback,24.0,2025
11114,10611,BYD Atto 3,SUV,60.5,2024
11115,10612,Tata Tiago EV,Hatchback,24.0,2022
11116,10613,Hyundai Kona Electric,SUV,39.2,2025
11117,10614,Tata Tiago EV,Hatchback,24.0,2025
11118,10615,Hyundai Kona Electric,SUV,39.2,2021
11119,10616,Kia EV6,SUV,77.4,2021
11120,10617,Mahindra BE 6,SUV,59.0,2021
11121,10617,Hyundai Ioniq 5,SUV,72.6,2023
11122,10618,Tata Punch EV,Hatchback,35.0,2022
11123,10619,Kia EV6,SUV,77.4,2020
11124,10620,Kia EV6,SUV,77.4,2024
11125,10621,Kia EV6,SUV,77.4,2021
11126,10622,Hyundai Kona Electric,SUV,39.2,2024
11127,10623,Mahindra XUV400,SUV,39.4,2021
11128,10624,Tata Punch EV,Hatchback,35.0,2024
11129,10625,Kia EV6,SUV,77.4,2020
11130,10626,Tata Nexon EV,SUV,30.2,2023
11131,10627,MG ZS EV,SUV,50.3,2024
11132,10628,Tata Punch EV,Hatchback,35.0,2021
11133,10629,Kia EV6,SUV,77.4,2023
11134,10630,BYD Atto 3,SUV,60.5,2024
11135,10631,BYD Atto 3,SUV,60.5,2022
11136,10632,Hyundai Kona Electric,SUV,39.2,2025
11137,10633,Mahindra BE 6,SUV,59.0,2021
11138,10634,Kia EV6,SUV,77.4,2020
11139,10635,Mahindra XUV400,SUV,39.4,2022
11140,10636,BYD Atto 3,SUV,60.5,2020
11141,10637,Hyundai Kona Electric,SUV,39.2,2020
11142,10638,Tata Tiago EV,Hatchback,24.0,2022
11143,10638,Mahindra XUV400,SUV,39.4,2023
11144,10639,Mahindra BE 6,SUV,59.0,2020
11145,10640,Tata Nexon EV,SUV,30.2,2023
11146,10641,Tata Tiago EV,Hatchback,24.0,2022
11147,10642,Hyundai Ioniq 5,SUV,72.6,2025
11148,10643,Tata Punch EV,Hatchback,35.0,2025
11149,10644,Kia EV6,SUV,77.4,2020
11150,10645,Mahindra BE 6,SUV,59.0,2023
11151,10646,Kia EV6,SUV,77.4,2024
11152,10647,Mahindra BE 6,SUV,59.0,2024
11153,10647,BYD Atto 3,SUV,60.5,2020
11154,10648,Tata Tiago EV,Hatchback,24.0,2021
11155,10649,Tata Nexon EV,SUV,30.2,2024
11156,10650,Tata Nexon EV,SUV,30.2,2023
11157,10651,MG ZS EV,SUV,50.3,2022
11158,10652,Hyundai Ioniq 5,SUV,72.6,2020
11159,10653,Mahindra BE 6,SUV,59.0,2024
11160,10654,MG ZS EV,SUV,50.3,2020
11161,10655,Tata Punch EV,Hatchback,35.0,2025
11162,10656,MG ZS EV,SUV,50.3,2023
11163,10657,Hyundai Kona Electric,SUV,39.2,2023
11164,10658,BYD Atto 3,SUV,60.5,2022
11165,10659,MG ZS EV,SUV,50.3,2020
11166,10660,Mahindra XUV400,SUV,39.4,2021
11167,10661,Tata Nexon EV,SUV,30.2,2024
11168,10662,Tata Punch EV,Hatchback,35.0,2022
11169,10663,Tata Tiago EV,Hatchback,24.0,2021
11170,10664,Kia EV6,SUV,77.4,2020
11171,10665,Hyundai Ioniq 5,SUV,72.6,2025
11172,10666,Mahindra XUV400,SUV,39.4,2021
11173,10667,Mahindra BE 6,SUV,59.0,2020
11174,10668,Tata Tiago EV,Hatchback,24.0,2020
11175,10669,Hyundai Kona Electric,SUV,39.2,2020
11176,10670,MG ZS EV,SUV,50.3,2025
11177,10671,Tata Punch EV,Hatchback,35.0,2025
11178,10672,Tata Nexon EV,SUV,30.2,2020
11179,10673,MG ZS EV,SUV,50.3,2025
11180,10674,BYD Atto 3,SUV,60.5,2020
11181,10675,Mahindra BE 6,SUV,59.0,2023
11182,10676,Mahindra XUV400,SUV,39.4,2021
11183,10677,Tata Tiago EV,Hatchback,24.0,2023
11184,10678,Tata Nexon EV,SUV,30.2,2023
11185,10678,Hyundai Ioniq 5,SUV,72.6,2023
11186,10679,BYD Atto 3,SUV,60.5,2020
11187,10680,Kia EV6,SUV,77.4,2021
11188,10680,MG ZS EV,SUV,50.3,2021
11189,10681,Tata Tiago EV,Hatchback,24.0,2025
11190,10682,Hyundai Kona Electric,SUV,39.2,2024
11191,10683,Tata Tiago EV,Hatchback,24.0,2021
11192,10684,Tata Nexon EV,SUV,30.2,2021
11193,10685,Mahindra XUV400,SUV,39.4,2021
11194,10686,Mahindra BE 6,SUV,59.0,2025
11195,10687,Kia EV6,SUV,77.4,2024
11196,10688,Tata Tiago EV,Hatchback,24.0,2024
11197,10689,Hyundai Ioniq 5,SUV,72.6,2022
11198,10690,Mahindra BE 6,SUV,59.0,2021
11199,10691,Tata Nexon EV,SUV,30.2,2024
11200,10692,Mahindra BE 6,SUV,59.0,2020
11201,10693,Hyundai Ioniq 5,SUV,72.6,2023
11202,10694,Hyundai Ioniq 5,SUV,72.6,2020
11203,10695,Hyundai Ioniq 5,SUV,72.6,2024
11204,10696,MG ZS EV,SUV,50.3,2022
11205,10697,Mahindra XUV400,SUV,39.4,2020
11206,10698,Mahindra BE 6,SUV,59.0,2022
11207,10699,Tata Nexon EV,SUV,30.2,2021
11208,10700,Hyundai Kona Electric,SUV,39.2,2024
11209,10701,MG ZS EV,SUV,50.3,2024
11210,10702,Mahindra BE 6,SUV,59.0,2022
11211,10703,Mahindra XUV400,SUV,39.4,2023
11212,10704,BYD Atto 3,SUV,60.5,2020
11213,10705,Mahindra BE 6,SUV,59.0,2021
11214,10706,Hyundai Ioniq 5,SUV,72.6,2020
11215,10707,BYD Atto 3,SUV,60.5,2022
11216,10708,Hyundai Kona Electric,SUV,39.2,2020
11217,10709,Mahindra XUV400,SUV,39.4,2021
11218,10710,Kia EV6,SUV,77.4,2024
11219,10711,Kia EV6,SUV,77.4,2021
11220,10712,Hyundai Kona Electric,SUV,39.2,2021
11221,10713,Tata Tiago EV,Hatchback,24.0,2020
11222,10714,Tata Tiago EV,Hatchback,24.0,2024
11223,10715,BYD Atto 3,SUV,60.5,2021
11224,10716,Tata Nexon EV,SUV,30.2,2022
11225,10717,Kia EV6,SUV,77.4,2021
11226,10718,Kia EV6,SUV,77.4,2025
11227,10719,Kia EV6,SUV,77.4,2021
11228,10720,Tata Nexon EV,SUV,30.2,2022
11229,10721,MG ZS EV,SUV,50.3,2025
11230,10722,Tata Nexon EV,SUV,30.2,2025
11231,10722,Tata Tiago EV,Hatchback,24.0,2022
11232,10723,Tata Punch EV,Hatchback,35.0,2020
11233,10724,Mahindra BE 6,SUV,59.0,2020
11234,10725,BYD Atto 3,SUV,60.5,2023
11235,10726,BYD Atto 3,SUV,60.5,2022
11236,10727,Tata Nexon EV,SUV,30.2,2024
11237,10728,Hyundai Kona Electric,SUV,39.2,2020
11238,10729,BYD Atto 3,SUV,60.5,2020
11239,10730,Mahindra BE 6,SUV,59.0,2025
11240,10731,Tata Nexon EV,SUV,30.2,2021
11241,10732,MG ZS EV,SUV,50.3,2022
11242,10733,Mahindra BE 6,SUV,59.0,2022
11243,10734,Tata Punch EV,Hatchback,35.0,2024
11244,10735,Hyundai Kona Electric,SUV,39.2,2023
11245,10736,BYD Atto 3,SUV,60.5,2022
11246,10737,Mahindra XUV400,SUV,39.4,2023
11247,10738,Mahindra BE 6,SUV,59.0,2022
11248,10739,MG ZS EV,SUV,50.3,2022
11249,10740,Kia EV6,SUV,77.4,2023
11250,10741,Kia EV6,SUV,77.4,2021
11251,10742,Tata Nexon EV,SUV,30.2,2023
11252,10743,Hyundai Ioniq 5,SUV,72.6,2022
11253,10744,MG ZS EV,SUV,50.3,2022
11254,10745,Hyundai Kona Electric,SUV,39.2,2022
11255,10746,Tata Tiago EV,Hatchback,24.0,2020
11256,10747,Mahindra BE 6,SUV,59.0,2021
11257,10748,MG ZS EV,SUV,50.3,2025
11258,10749,Mahindra XUV400,SUV,39.4,2022
11259,10750,Tata Tiago EV,Hatchback,24.0,2024
11260,10751,Tata Punch EV,Hatchback,35.0,2023
11261,10752,Hyundai Ioniq 5,SUV,72.6,2025
11262,10753,Mahindra XUV400,SUV,39.4,2022
11263,10753,Tata Punch EV,Hatchback,35.0,2020
11264,10754,Mahindra XUV400,SUV,39.4,2022
11265,10755,Hyundai Ioniq 5,SUV,72.6,2024
11266,10756,Tata Tiago EV,Hatchback,24.0,2020
11267,10757,Mahindra BE 6,SUV,59.0,2023
11268,10758,Hyundai Ioniq 5,SUV,72.6,2024
11269,10759,MG ZS EV,SUV,50.3,2022
11270,10760,Hyundai Ioniq 5,SUV,72.6,2022
11271,10761,MG ZS EV,SUV,50.3,2024
11272,10762,Mahindra BE 6,SUV,59.0,2025
11273,10763,BYD Atto 3,SUV,60.5,2023
11274,10764,Tata Nexon EV,SUV,30.2,2020
11275,10765,Tata Punch EV,Hatchback,35.0,2020
11276,10766,Tata Nexon EV,SUV,30.2,2022
11277,10766,Hyundai Ioniq 5,SUV,72.6,2025
11278,10767,Hyundai Kona Electric,SUV,39.2,2022
11279,10768,BYD Atto 3,SUV,60.5,2022
11280,10769,Tata Punch EV,Hatchback,35.0,2024
11281,10770,Kia EV6,SUV,77.4,2024
11282,10771,Kia EV6,SUV,77.4,2024
11283,10772,Hyundai Ioniq 5,SUV,72.6,2024
11284,10773,Hyundai Kona Electric,SUV,39.2,2024
11285,10774,MG ZS EV,SUV,50.3,2020
11286,10775,Tata Punch EV,Hatchback,35.0,2021
11287,10776,Tata Nexon EV,SUV,30.2,2022
11288,10777,Hyundai Kona Electric,SUV,39.2,2024
11289,10778,Tata Nexon EV,SUV,30.2,2021
11290,10779,Tata Punch EV,Hatchback,35.0,2020
11291,10780,Hyundai Kona Electric,SUV,39.2,2020
11292,10781,Mahindra XUV400,SUV,39.4,2023
11293,10782,Mahindra XUV400,SUV,39.4,2023
11294,10783,Kia EV6,SUV,77.4,2024
11295,10783,Mahindra XUV400,SUV,39.4,2022
11296,10784,Tata Punch EV,Hatchback,35.0,2024
11297,10785,Kia EV6,SUV,77.4,2020
11298,10786,Tata Nexon EV,SUV,30.2,2025
11299,10787,Hyundai Kona Electric,SUV,39.2,2024
11300,10788,Hyundai Kona Electric,SUV,39.2,2020
11301,10789,Tata Punch EV,Hatchback,35.0,2020
11302,10790,Tata Punch EV,Hatchback,35.0,2025
11303,10791,Hyundai Ioniq 5,SUV,72.6,2023
11304,10792,Mahindra XUV400,SUV,39.4,2020
11305,10793,Kia EV6,SUV,77.4,2024
11306,10794,MG ZS EV,SUV,50.3,2021
11307,10795,Kia EV6,SUV,77.4,2022
11308,10796,BYD Atto 3,SUV,60.5,2022
11309,10797,MG ZS EV,SUV,50.3,2025
11310,10798,Tata Punch EV,Hatchback,35.0,2020
11311,10799,Hyundai Kona Electric,SUV,39.2,2025
11312,10800,Hyundai Kona Electric,SUV,39.2,2021
11313,10801,BYD Atto 3,SUV,60.5,2021
11314,10802,Hyundai Kona Electric,SUV,39.2,2024
11315,10803,Hyundai Kona Electric,SUV,39.2,2020
11316,10804,Tata Punch EV,Hatchback,35.0,2024
11317,10805,Hyundai Ioniq 5,SUV,72.6,2021
11318,10806,Kia EV6,SUV,77.4,2024
11319,10807,Tata Punch EV,Hatchback,35.0,2023
11320,10808,MG ZS EV,SUV,50.3,2020
11321,10809,Tata Tiago EV,Hatchback,24.0,2022
11322,10810,Hyundai Ioniq 5,SUV,72.6,2025
11323,10811,Hyundai Ioniq 5,SUV,72.6,2020
11324,10812,MG ZS EV,SUV,50.3,2021
11325,10813,BYD Atto 3,SUV,60.5,2023
11326,10814,BYD Atto 3,SUV,60.5,2021
11327,10815,MG ZS EV,SUV,50.3,2022
11328,10816,Mahindra XUV400,SUV,39.4,2021
11329,10817,Kia EV6,SUV,77.4,2021
11330,10818,Kia EV6,SUV,77.4,2020
11331,10818,Tata Punch EV,Hatchback,35.0,2020
11332,10819,Tata Punch EV,Hatchback,35.0,2022
11333,10820,BYD Atto 3,SUV,60.5,2025
11334,10821,Mahindra BE 6,SUV,59.0,2023
11335,10822,Mahindra XUV400,SUV,39.4,2024
11336,10823,MG ZS EV,SUV,50.3,2024
11337,10824,Tata Nexon EV,SUV,30.2,2021
11338,10825,MG ZS EV,SUV,50.3,2023
11339,10826,Kia EV6,SUV,77.4,2023
11340,10827,Mahindra BE 6,SUV,59.0,2025
11341,10827,BYD Atto 3,SUV,60.5,2022
11342,10828,Tata Punch EV,Hatchback,35.0,2020
11343,10829,Hyundai Kona Electric,SUV,39.2,2025
11344,10830,MG ZS EV,SUV,50.3,2022
11345,10831,Hyundai Kona Electric,SUV,39.2,2020
11346,10831,BYD Atto 3,SUV,60.5,2022
11347,10832,BYD Atto 3,SUV,60.5,2021
11348,10832,Hyundai Kona Electric,SUV,39.2,2022
11349,10833,Kia EV6,SUV,77.4,2025
11350,10834,MG ZS EV,SUV,50.3,2023
11351,10835,Hyundai Kona Electric,SUV,39.2,2024
11352,10836,Hyundai Kona Electric,SUV,39.2,2022
11353,10837,Tata Tiago EV,Hatchback,24.0,2022
11354,10838,Tata Punch EV,Hatchback,35.0,2023
11355,10839,Mahindra XUV400,SUV,39.4,2023
11356,10840,Kia EV6,SUV,77.4,2023
11357,10841,Mahindra XUV400,SUV,39.4,2024
11358,10842,Kia EV6,SUV,77.4,2022
11359,10843,Hyundai Kona Electric,SUV,39.2,2022
11360,10844,MG ZS EV,SUV,50.3,2021
11361,10845,Mahindra XUV400,SUV,39.4,2023
11362,10846,Tata Tiago EV,Hatchback,24.0,2024
11363,10847,Mahindra XUV400,SUV,39.4,2023
11364,10848,Tata Nexon EV,SUV,30.2,2022
11365,10849,Tata Tiago EV,Hatchback,24.0,2025
11366,10849,Tata Nexon EV,SUV,30.2,2023
11367,10850,Tata Tiago EV,Hatchback,24.0,2021
11368,10851,Mahindra BE 6,SUV,59.0,2022
11369,10852,BYD Atto 3,SUV,60.5,2024
11370,10852,Kia EV6,SUV,77.4,2024
11371,10853,BYD Atto 3,SUV,60.5,2024
11372,10854,Kia EV6,SUV,77.4,2021
11373,10855,Tata Punch EV,Hatchback,35.0,2020
11374,10856,MG ZS EV,SUV,50.3,2021
11375,10857,Mahindra XUV400,SUV,39.4,2020
11376,10858,BYD Atto 3,SUV,60.5,2024
11377,10859,Hyundai Kona Electric,SUV,39.2,2021
11378,10860,MG ZS EV,SUV,50.3,2024
11379,10861,Tata Punch EV,Hatchback,35.0,2021
11380,10862,Tata Punch EV,Hatchback,35.0,2022
11381,10863,BYD Atto 3,SUV,60.5,2024
11382,10864,Hyundai Kona Electric,SUV,39.2,2021
11383,10864,Hyundai Ioniq 5,SUV,72.6,2024
11384,10865,MG ZS EV,SUV,50.3,2025
11385,10865,BYD Atto 3,SUV,60.5,2022
11386,10866,Tata Tiago EV,Hatchback,24.0,2020
11387,10867,Kia EV6,SUV,77.4,2020
11388,10868,Tata Tiago EV,Hatchback,24.0,2023
11389,10869,Tata Punch EV,Hatchback,35.0,2025
11390,10870,Hyundai Ioniq 5,SUV,72.6,2021
11391,10871,Mahindra BE 6,SUV,59.0,2022
11392,10872,Tata Punch EV,Hatchback,35.0,2020
11393,10873,Kia EV6,SUV,77.4,2024
11394,10874,Tata Tiago EV,Hatchback,24.0,2024
11395,10875,Mahindra XUV400,SUV,39.4,2022
11396,10876,Tata Nexon EV,SUV,30.2,2023
11397,10876,Tata Punch EV,Hatchback,35.0,2021
11398,10877,Hyundai Ioniq 5,SUV,72.6,2021
11399,10878,BYD Atto 3,SUV,60.5,2022
11400,10879,Tata Punch EV,Hatchback,35.0,2024
11401,10880,BYD Atto 3,SUV,60.5,2025
11402,10881,MG ZS EV,SUV,50.3,2020
11403,10882,Tata Tiago EV,Hatchback,24.0,2020
11404,10883,Kia EV6,SUV,77.4,2022
11405,10884,Mahindra BE 6,SUV,59.0,2024
11406,10885,Mahindra XUV400,SUV,39.4,2025
11407,10886,Tata Nexon EV,SUV,30.2,2025
11408,10887,Hyundai Kona Electric,SUV,39.2,2024
11409,10888,MG ZS EV,SUV,50.3,2024
11410,10889,Tata Punch EV,Hatchback,35.0,2024
11411,10890,Tata Punch EV,Hatchback,35.0,2022
11412,10891,Hyundai Kona Electric,SUV,39.2,2022
11413,10892,Hyundai Kona Electric,SUV,39.2,2024
11414,10893,BYD Atto 3,SUV,60.5,2020
11415,10894,MG ZS EV,SUV,50.3,2022
11416,10895,Hyundai Ioniq 5,SUV,72.6,2020
11417,10896,Tata Tiago EV,Hatchback,24.0,2025
11418,10897,Hyundai Kona Electric,SUV,39.2,2022
11419,10898,Hyundai Kona Electric,SUV,39.2,2021
11420,10899,Tata Punch EV,Hatchback,35.0,2022
11421,10900,Mahindra BE 6,SUV,59.0,2021
11422,10901,Hyundai Ioniq 5,SUV,72.6,2025
11423,10902,Hyundai Kona Electric,SUV,39.2,2022
11424,10903,Hyundai Kona Electric,SUV,39.2,2025
11425,10904,Mahindra BE 6,SUV,59.0,2023
11426,10905,Mahindra BE 6,SUV,59.0,2021
11427,10906,Mahindra BE 6,SUV,59.0,2024
11428,10907,Hyundai Kona Electric,SUV,39.2,2021
11429,10908,Hyundai Ioniq 5,SUV,72.6,2024
11430,10909,Hyundai Ioniq 5,SUV,72.6,2022
11431,10910,MG ZS EV,SUV,50.3,2021
11432,10911,Hyundai Ioniq 5,SUV,72.6,2022
11433,10912,Mahindra BE 6,SUV,59.0,2023
11434,10912,Hyundai Ioniq 5,SUV,72.6,2021
11435,10913,MG ZS EV,SUV,50.3,2022
11436,10914,Mahindra BE 6,SUV,59.0,2022
11437,10915,MG ZS EV,SUV,50.3,2020
11438,10916,BYD Atto 3,SUV,60.5,2021
11439,10917,Kia EV6,SUV,77.4,2025
11440,10918,Hyundai Ioniq 5,SUV,72.6,2021
11441,10919,Tata Tiago EV,Hatchback,24.0,2021
11442,10920,Tata Tiago EV,Hatchback,24.0,2025
11443,10921,Mahindra BE 6,SUV,59.0,2024
11444,10922,BYD Atto 3,SUV,60.5,2023
11445,10923,BYD Atto 3,SUV,60.5,2024
11446,10924,BYD Atto 3,SUV,60.5,2023
11447,10925,Kia EV6,SUV,77.4,2021
11448,10926,Tata Punch EV,Hatchback,35.0,2024
11449,10927,MG ZS EV,SUV,50.3,2022
11450,10928,MG ZS EV,SUV,50.3,2025
11451,10929,MG ZS EV,SUV,50.3,2021
11452,10930,Hyundai Kona Electric,SUV,39.2,2022
11453,10931,Mahindra BE 6,SUV,59.0,2024
11454,10932,Kia EV6,SUV,77.4,2021
11455,10933,Hyundai Kona Electric,SUV,39.2,2020
11456,10934,Hyundai Kona Electric,SUV,39.2,2025
11457,10935,MG ZS EV,SUV,50.3,2021
11458,10936,Hyundai Kona Electric,SUV,39.2,2024
11459,10936,Mahindra XUV400,SUV,39.4,2025
11460,10937,Hyundai Ioniq 5,SUV,72.6,2024
11461,10938,Tata Tiago EV,Hatchback,24.0,2024
11462,10939,Hyundai Ioniq 5,SUV,72.6,2020
11463,10940,Hyundai Kona Electric,SUV,39.2,2025
11464,10941,Kia EV6,SUV,77.4,2025
11465,10942,Mahindra XUV400,SUV,39.4,2022
11466,10943,Tata Tiago EV,Hatchback,24.0,2024
11467,10944,MG ZS EV,SUV,50.3,2022
11468,10945,Kia EV6,SUV,77.4,2021
11469,10946,Tata Punch EV,Hatchback,35.0,2022
11470,10947,Mahindra BE 6,SUV,59.0,2022
11471,10948,Tata Nexon EV,SUV,30.2,2020
11472,10949,Tata Tiago EV,Hatchback,24.0,2022
11473,10950,Tata Tiago EV,Hatchback,24.0,2025
11474,10951,Tata Nexon EV,SUV,30.2,2023
11475,10952,Tata Punch EV,Hatchback,35.0,2020
11476,10953,Hyundai Ioniq 5,SUV,72.6,2021
11477,10954,Mahindra BE 6,SUV,59.0,2023
11478,10955,Tata Punch EV,Hatchback,35.0,2024
11479,10956,Hyundai Ioniq 5,SUV,72.6,2020
11480,10957,Kia EV6,SUV,77.4,2022
11481,10958,Tata Tiago EV,Hatchback,24.0,2023
11482,10959,Kia EV6,SUV,77.4,2025
11483,10960,Hyundai Kona Electric,SUV,39.2,2020
11484,10961,Hyundai Kona Electric,SUV,39.2,2023
11485,10962,Mahindra BE 6,SUV,59.0,2025
11486,10963,Mahindra XUV400,SUV,39.4,2025
11487,10964,Hyundai Ioniq 5,SUV,72.6,2023
11488,10965,BYD Atto 3,SUV,60.5,2023
11489,10966,Hyundai Ioniq 5,SUV,72.6,2022
11490,10967,Hyundai Kona Electric,SUV,39.2,2024
11491,10968,Mahindra XUV400,SUV,39.4,2021
11492,10969,Tata Nexon EV,SUV,30.2,2024
11493,10970,Hyundai Kona Electric,SUV,39.2,2021
11494,10971,Tata Punch EV,Hatchback,35.0,2023
11495,10972,Hyundai Ioniq 5,SUV,72.6,2023
11496,10973,MG ZS EV,SUV,50.3,2023
11497,10974,MG ZS EV,SUV,50.3,2022
11498,10975,Mahindra XUV400,SUV,39.4,2022
11499,10976,BYD Atto 3,SUV,60.5,2023
11500,10977,Kia EV6,SUV,77.4,2020
11501,10978,Mahindra BE 6,SUV,59.0,2022
11502,10979,BYD Atto 3,SUV,60.5,2025
11503,10979,Tata Punch EV,Hatchback,35.0,2023
11504,10980,Kia EV6,SUV,77.4,2023
11505,10981,Tata Nexon EV,SUV,30.2,2023
11506,10982,Hyundai Kona Electric,SUV,39.2,2021
11507,10983,Hyundai Ioniq 5,SUV,72.6,2023
11508,10984,Mahindra BE 6,SUV,59.0,2024
11509,10985,BYD Atto 3,SUV,60.5,2020
11510,10986,Mahindra XUV400,SUV,39.4,2020
11511,10987,Kia EV6,SUV,77.4,2022
11512,10988,MG ZS EV,SUV,50.3,2024
11513,10989,Hyundai Kona Electric,SUV,39.2,2020
11514,10990,Tata Tiago EV,Hatchback,24.0,2022
11515,10991,MG ZS EV,SUV,50.3,2022
11516,10992,Hyundai Kona Electric,SUV,39.2,2023
11517,10993,Tata Tiago EV,Hatchback,24.0,2024
11518,10994,Tata Punch EV,Hatchback,35.0,2021
11519,10994,MG ZS EV,SUV,50.3,2025
11520,10995,MG ZS EV,SUV,50.3,2023
11521,10996,Kia EV6,SUV,77.4,2023
11522,10997,Tata Nexon EV,SUV,30.2,2022
11523,10998,Mahindra BE 6,SUV,59.0,2025
11524,10999,MG ZS EV,SUV,50.3,2022
11525,11000,Kia EV6,SUV,77.4,2025
11526,11001,Mahindra BE 6,SUV,59.0,2025
11527,11002,Tata Nexon EV,SUV,30.2,2024
11528,11003,MG ZS EV,SUV,50.3,2021
11529,11004,Hyundai Ioniq 5,SUV,72.6,2021
11530,11005,Mahindra XUV400,SUV,39.4,2020
11531,11006,Mahindra XUV400,SUV,39.4,2020
11532,11007,MG ZS EV,SUV,50.3,2020
11533,11008,BYD Atto 3,SUV,60.5,2024
11534,11009,BYD Atto 3,SUV,60.5,2022
11535,11010,Kia EV6,SUV,77.4,2020
11536,11011,Mahindra BE 6,SUV,59.0,2023
11537,11012,Tata Punch EV,Hatchback,35.0,2020
11538,11013,Mahindra XUV400,SUV,39.4,2020
11539,11014,Mahindra XUV400,SUV,39.4,2020
11540,11015,Hyundai Kona Electric,SUV,39.2,2020
11541,11015,Tata Tiago EV,Hatchback,24.0,2024
11542,11016,BYD Atto 3,SUV,60.5,2024
11543,11017,Tata Punch EV,Hatchback,35.0,2020
11544,11018,MG ZS EV,SUV,50.3,2023
11545,11019,Mahindra BE 6,SUV,59.0,2023
11546,11020,Tata Nexon EV,SUV,30.2,2021
11547,11021,Hyundai Kona Electric,SUV,39.2,2020
11548,11022,BYD Atto 3,SUV,60.5,2023
11549,11022,Kia EV6,SUV,77.4,2021
11550,11023,Tata Tiago EV,Hatchback,24.0,2023
11551,11024,Kia EV6,SUV,77.4,2023
11552,11025,Tata Tiago EV,Hatchback,24.0,2025
11553,11026,Hyundai Kona Electric,SUV,39.2,2020
11554,11027,MG ZS EV,SUV,50.3,2025
11555,11028,BYD Atto 3,SUV,60.5,2021
11556,11029,Tata Tiago EV,Hatchback,24.0,2021
11557,11030,Tata Punch EV,Hatchback,35.0,2021
11558,11031,Tata Punch EV,Hatchback,35.0,2020
11559,11032,Mahindra BE 6,SUV,59.0,2025
11560,11033,Tata Tiago EV,Hatchback,24.0,2023
11561,11033,BYD Atto 3,SUV,60.5,2023
11562,11034,MG ZS EV,SUV,50.3,2020
11563,11035,Mahindra BE 6,SUV,59.0,2021
11564,11036,Tata Nexon EV,SUV,30.2,2021
11565,11037,BYD Atto 3,SUV,60.5,2020
11566,11038,BYD Atto 3,SUV,60.5,2020
11567,11039,Kia EV6,SUV,77.4,2023
11568,11040,BYD Atto 3,SUV,60.5,2021
11569,11041,Hyundai Kona Electric,SUV,39.2,2022
11570,11042,Mahindra XUV400,SUV,39.4,2024
11571,11043,Kia EV6,SUV,77.4,2020
11572,11044,Hyundai Ioniq 5,SUV,72.6,2022
11573,11045,Tata Nexon EV,SUV,30.2,2025
11574,11046,Tata Punch EV,Hatchback,35.0,2020
11575,11047,Hyundai Ioniq 5,SUV,72.6,2023
11576,11048,Tata Nexon EV,SUV,30.2,2021
11577,11049,MG ZS EV,SUV,50.3,2024
11578,11050,Hyundai Kona Electric,SUV,39.2,2023
11579,11051,Tata Punch EV,Hatchback,35.0,2023
11580,11052,Tata Nexon EV,SUV,30.2,2024
11581,11053,Hyundai Ioniq 5,SUV,72.6,2021
11582,11054,MG ZS EV,SUV,50.3,2022
11583,11055,MG ZS EV,SUV,50.3,2024
11584,11056,BYD Atto 3,SUV,60.5,2025
11585,11057,MG ZS EV,SUV,50.3,2023
11586,11058,Hyundai Ioniq 5,SUV,72.6,2021
11587,11059,Hyundai Kona Electric,SUV,39.2,2025
11588,11060,Mahindra BE 6,SUV,59.0,2020
11589,11061,Tata Punch EV,Hatchback,35.0,2023
11590,11062,Mahindra XUV400,SUV,39.4,2023
11591,11063,MG ZS EV,SUV,50.3,2024
11592,11064,Tata Tiago EV,Hatchback,24.0,2020
11593,11065,Mahindra BE 6,SUV,59.0,2023
11594,11066,Tata Nexon EV,SUV,30.2,2023
11595,11067,BYD Atto 3,SUV,60.5,2024
11596,11068,Hyundai Kona Electric,SUV,39.2,2020
11597,11069,Mahindra XUV400,SUV,39.4,2023
11598,11070,Hyundai Ioniq 5,SUV,72.6,2022
11599,11071,Mahindra XUV400,SUV,39.4,2025
11600,11072,Tata Punch EV,Hatchback,35.0,2020
11601,11073,Hyundai Kona Electric,SUV,39.2,2020
11602,11074,Tata Tiago EV,Hatchback,24.0,2021
11603,11075,Mahindra XUV400,SUV,39.4,2024
11604,11076,Tata Punch EV,Hatchback,35.0,2020
11605,11077,Tata Nexon EV,SUV,30.2,2025
11606,11078,Hyundai Kona Electric,SUV,39.2,2020
11607,11079,Mahindra BE 6,SUV,59.0,2023
11608,11080,Tata Nexon EV,SUV,30.2,2020
11609,11081,Hyundai Kona Electric,SUV,39.2,2024
11610,11082,MG ZS EV,SUV,50.3,2022
11611,11083,Mahindra BE 6,SUV,59.0,2020
11612,11084,Tata Nexon EV,SUV,30.2,2021
11613,11085,Mahindra XUV400,SUV,39.4,2022
11614,11086,Mahindra XUV400,SUV,39.4,2022
11615,11087,Tata Nexon EV,SUV,30.2,2025
11616,11088,Hyundai Kona Electric,SUV,39.2,2020
11617,11089,Mahindra XUV400,SUV,39.4,2025
11618,11090,Tata Punch EV,Hatchback,35.0,2022
11619,11090,MG ZS EV,SUV,50.3,2025
11620,11091,BYD Atto 3,SUV,60.5,2022
11621,11092,Tata Nexon EV,SUV,30.2,2024
11622,11093,MG ZS EV,SUV,50.3,2024
11623,11094,MG ZS EV,SUV,50.3,2020
11624,11095,Mahindra BE 6,SUV,59.0,2021
11625,11095,Kia EV6,SUV,77.4,2022
11626,11096,Tata Punch EV,Hatchback,35.0,2020
11627,11097,Hyundai Kona Electric,SUV,39.2,2025
11628,11098,Tata Punch EV,Hatchback,35.0,2022
11629,11099,Hyundai Kona Electric,SUV,39.2,2025
11630,11100,Tata Nexon EV,SUV,30.2,2025
11631,11101,Kia EV6,SUV,77.4,2020
11632,11102,BYD Atto 3,SUV,60.5,2025
11633,11103,Tata Nexon EV,SUV,30.2,2020
11634,11103,Hyundai Kona Electric,SUV,39.2,2023
11635,11104,Hyundai Kona Electric,SUV,39.2,2022
11636,11105,Mahindra BE 6,SUV,59.0,2023
11637,11106,Tata Tiago EV,Hatchback,24.0,2022
11638,11107,Mahindra BE 6,SUV,59.0,2025
11639,11108,Tata Nexon EV,SUV,30.2,2022
11640,11109,MG ZS EV,SUV,50.3,2024
11641,11110,Kia EV6,SUV,77.4,2025
11642,11111,Tata Nexon EV,SUV,30.2,2020
11643,11112,Hyundai Ioniq 5,SUV,72.6,2022
11644,11113,Hyundai Ioniq 5,SUV,72.6,2021
11645,11114,Tata Tiago EV,Hatchback,24.0,2024
11646,11115,Tata Tiago EV,Hatchback,24.0,2024
11647,11116,BYD Atto 3,SUV,60.5,2022
11648,11117,Kia EV6,SUV,77.4,2024
11649,11118,Tata Tiago EV,Hatchback,24.0,2021
11650,11119,BYD Atto 3,SUV,60.5,2024
11651,11120,Tata Nexon EV,SUV,30.2,2022
11652,11121,Hyundai Ioniq 5,SUV,72.6,2024
11653,11122,Tata Nexon EV,SUV,30.2,2024
11654,11123,Tata Punch EV,Hatchback,35.0,2022
11655,11124,Kia EV6,SUV,77.4,2025
11656,11125,Mahindra BE 6,SUV,59.0,2024
11657,11126,Hyundai Ioniq 5,SUV,72.6,2024
11658,11127,Tata Tiago EV,Hatchback,24.0,2020
11659,11128,Tata Punch EV,Hatchback,35.0,2023
11660,11129,Tata Punch EV,Hatchback,35.0,2024
11661,11130,BYD Atto 3,SUV,60.5,2024
11662,11130,Tata Nexon EV,SUV,30.2,2023
11663,11131,BYD Atto 3,SUV,60.5,2023
11664,11132,MG ZS EV,SUV,50.3,2020
11665,11133,Hyundai Ioniq 5,SUV,72.6,2024
11666,11134,BYD Atto 3,SUV,60.5,2024
11667,11135,Tata Nexon EV,SUV,30.2,2023
11668,11136,MG ZS EV,SUV,50.3,2023
11669,11137,Mahindra XUV400,SUV,39.4,2024
11670,11138,Mahindra XUV400,SUV,39.4,2022
11671,11139,Mahindra BE 6,SUV,59.0,2024
11672,11140,BYD Atto 3,SUV,60.5,2025
11673,11141,Mahindra BE 6,SUV,59.0,2023
11674,11142,Mahindra BE 6,SUV,59.0,2021
11675,11142,BYD Atto 3,SUV,60.5,2025
11676,11143,Tata Nexon EV,SUV,30.2,2020
11677,11144,Kia EV6,SUV,77.4,2020
11678,11145,Tata Nexon EV,SUV,30.2,2023
11679,11146,Tata Nexon EV,SUV,30.2,2023
11680,11147,Kia EV6,SUV,77.4,2022
11681,11148,Kia EV6,SUV,77.4,2022
11682,11149,Tata Punch EV,Hatchback,35.0,2021
11683,11149,Tata Nexon EV,SUV,30.2,2022
11684,11150,Mahindra XUV400,SUV,39.4,2024
11685,11151,Hyundai Kona Electric,SUV,39.2,2025
11686,11152,Hyundai Ioniq 5,SUV,72.6,2020
11687,11153,Hyundai Kona Electric,SUV,39.2,2021
11688,11154,BYD Atto 3,SUV,60.5,2021
11689,11155,Tata Nexon EV,SUV,30.2,2024
11690,11156,Hyundai Kona Electric,SUV,39.2,2021
11691,11157,BYD Atto 3,SUV,60.5,2025
11692,11158,Hyundai Kona Electric,SUV,39.2,2025
11693,11159,Hyundai Kona Electric,SUV,39.2,2021
11694,11160,MG ZS EV,SUV,50.3,2023
11695,11161,Tata Tiago EV,Hatchback,24.0,2021
11696,11162,Kia EV6,SUV,77.4,2025
11697,11163,Mahindra BE 6,SUV,59.0,2025
11698,11164,Tata Nexon EV,SUV,30.2,2024
11699,11165,Tata Nexon EV,SUV,30.2,2020
11700,11166,Tata Nexon EV,SUV,30.2,2020
11701,11167,Tata Nexon EV,SUV,30.2,2025
11702,11168,BYD Atto 3,SUV,60.5,2024
11703,11169,Mahindra XUV400,SUV,39.4,2020
11704,11170,MG ZS EV,SUV,50.3,2022
11705,11171,Kia EV6,SUV,77.4,2020
11706,11172,BYD Atto 3,SUV,60.5,2022
11707,11173,Mahindra BE 6,SUV,59.0,2025
11708,11174,Tata Nexon EV,SUV,30.2,2024
11709,11175,Tata Punch EV,Hatchback,35.0,2024
11710,11176,Kia EV6,SUV,77.4,2024
11711,11177,BYD Atto 3,SUV,60.5,2022
11712,11178,Tata Punch EV,Hatchback,35.0,2025
11713,11179,Mahindra XUV400,SUV,39.4,2020
11714,11180,BYD Atto 3,SUV,60.5,2020
11715,11181,Mahindra BE 6,SUV,59.0,2021
11716,11182,Mahindra BE 6,SUV,59.0,2020
11717,11183,BYD Atto 3,SUV,60.5,2022
11718,11184,Tata Tiago EV,Hatchback,24.0,2023
11719,11185,Hyundai Kona Electric,SUV,39.2,2024
11720,11186,Tata Punch EV,Hatchback,35.0,2025
11721,11187,Mahindra XUV400,SUV,39.4,2020
11722,11188,Tata Punch EV,Hatchback,35.0,2021
11723,11189,Mahindra XUV400,SUV,39.4,2024
11724,11190,BYD Atto 3,SUV,60.5,2022
11725,11191,Mahindra XUV400,SUV,39.4,2024
11726,11192,Mahindra XUV400,SUV,39.4,2022
11727,11193,MG ZS EV,SUV,50.3,2022
11728,11194,Tata Punch EV,Hatchback,35.0,2024
11729,11195,Tata Nexon EV,SUV,30.2,2020
11730,11196,Kia EV6,SUV,77.4,2021
11731,11197,Kia EV6,SUV,77.4,2024
11732,11198,Tata Nexon EV,SUV,30.2,2024
11733,11199,Kia EV6,SUV,77.4,2020
11734,11200,Tata Tiago EV,Hatchback,24.0,2023
11735,11201,Kia EV6,SUV,77.4,2025
11736,11202,Hyundai Kona Electric,SUV,39.2,2024
11737,11203,Mahindra BE 6,SUV,59.0,2023
11738,11204,Kia EV6,SUV,77.4,2020
11739,11205,Hyundai Kona Electric,SUV,39.2,2023
11740,11206,Mahindra XUV400,SUV,39.4,2021
11741,11207,BYD Atto 3,SUV,60.5,2024
11742,11208,Kia EV6,SUV,77.4,2024
11743,11209,BYD Atto 3,SUV,60.5,2023
11744,11210,Hyundai Kona Electric,SUV,39.2,2024
11745,11210,Tata Tiago EV,Hatchback,24.0,2025
11746,11211,Tata Nexon EV,SUV,30.2,2025
11747,11212,Mahindra XUV400,SUV,39.4,2021
11748,11213,BYD Atto 3,SUV,60.5,2024
11749,11214,Hyundai Kona Electric,SUV,39.2,2022
11750,11215,Tata Nexon EV,SUV,30.2,2021
11751,11216,Kia EV6,SUV,77.4,2022
11752,11217,Tata Punch EV,Hatchback,35.0,2020
11753,11218,Hyundai Kona Electric,SUV,39.2,2022
11754,11219,Kia EV6,SUV,77.4,2023
11755,11219,MG ZS EV,SUV,50.3,2025
11756,11220,Tata Punch EV,Hatchback,35.0,2020
11757,11221,Kia EV6,SUV,77.4,2024
11758,11222,Tata Nexon EV,SUV,30.2,2024
11759,11223,Tata Punch EV,Hatchback,35.0,2020
11760,11224,Mahindra BE 6,SUV,59.0,2024
11761,11225,Mahindra BE 6,SUV,59.0,2022
11762,11226,Mahindra BE 6,SUV,59.0,2020
11763,11227,Mahindra XUV400,SUV,39.4,2025
11764,11228,BYD Atto 3,SUV,60.5,2021
11765,11229,Hyundai Ioniq 5,SUV,72.6,2022
11766,11230,Kia EV6,SUV,77.4,2024
11767,11231,BYD Atto 3,SUV,60.5,2025
11768,11232,Kia EV6,SUV,77.4,2021
11769,11233,Hyundai Ioniq 5,SUV,72.6,2021
11770,11234,Hyundai Kona Electric,SUV,39.2,2021
11771,11235,Hyundai Kona Electric,SUV,39.2,2023
11772,11236,MG ZS EV,SUV,50.3,2022
11773,11237,Tata Nexon EV,SUV,30.2,2025
11774,11238,Tata Nexon EV,SUV,30.2,2021
11775,11239,Tata Nexon EV,SUV,30.2,2022
11776,11240,Tata Nexon EV,SUV,30.2,2021
11777,11241,Mahindra XUV400,SUV,39.4,2022
11778,11242,Tata Tiago EV,Hatchback,24.0,2023
11779,11243,Hyundai Kona Electric,SUV,39.2,2022
11780,11244,MG ZS EV,SUV,50.3,2025
11781,11245,Hyundai Ioniq 5,SUV,72.6,2020
11782,11246,Tata Nexon EV,SUV,30.2,2023
11783,11247,Tata Punch EV,Hatchback,35.0,2024
11784,11248,Kia EV6,SUV,77.4,2020
11785,11249,Tata Punch EV,Hatchback,35.0,2023
11786,11250,BYD Atto 3,SUV,60.5,2021
11787,11251,Hyundai Kona Electric,SUV,39.2,2022
11788,11252,Hyundai Ioniq 5,SUV,72.6,2025
11789,11253,BYD Atto 3,SUV,60.5,2020
11790,11254,Kia EV6,SUV,77.4,2024
11791,11255,MG ZS EV,SUV,50.3,2020
11792,11256,Kia EV6,SUV,77.4,2025
11793,11256,Tata Tiago EV,Hatchback,24.0,2023
11794,11257,Tata Tiago EV,Hatchback,24.0,2024
11795,11258,Hyundai Ioniq 5,SUV,72.6,2024
11796,11259,BYD Atto 3,SUV,60.5,2023
11797,11260,Mahindra BE 6,SUV,59.0,2025
11798,11261,MG ZS EV,SUV,50.3,2022
11799,11262,BYD Atto 3,SUV,60.5,2023
11800,11263,Mahindra XUV400,SUV,39.4,2022
11801,11264,Tata Nexon EV,SUV,30.2,2024
11802,11265,Tata Nexon EV,SUV,30.2,2020
11803,11266,Kia EV6,SUV,77.4,2023
11804,11267,Tata Tiago EV,Hatchback,24.0,2023
11805,11268,Mahindra BE 6,SUV,59.0,2025
11806,11269,Kia EV6,SUV,77.4,2023
11807,11270,Tata Tiago EV,Hatchback,24.0,2023
11808,11271,Hyundai Kona Electric,SUV,39.2,2024
11809,11272,Mahindra BE 6,SUV,59.0,2023
11810,11273,Kia EV6,SUV,77.4,2025
11811,11274,BYD Atto 3,SUV,60.5,2024
11812,11275,Hyundai Kona Electric,SUV,39.2,2025
11813,11276,Kia EV6,SUV,77.4,2021
11814,11277,Mahindra XUV400,SUV,39.4,2021
11815,11277,Mahindra XUV400,SUV,39.4,2021
11816,11278,Tata Tiago EV,Hatchback,24.0,2024
11817,11279,Tata Nexon EV,SUV,30.2,2024
11818,11280,Hyundai Kona Electric,SUV,39.2,2024
11819,11281,BYD Atto 3,SUV,60.5,2022
11820,11282,Kia EV6,SUV,77.4,2020
11821,11283,Hyundai Kona Electric,SUV,39.2,2020
11822,11284,MG ZS EV,SUV,50.3,2023
11823,11285,Hyundai Kona Electric,SUV,39.2,2020
11824,11286,Tata Punch EV,Hatchback,35.0,2023
11825,11287,Tata Punch EV,Hatchback,35.0,2022
11826,11288,Tata Punch EV,Hatchback,35.0,2022
11827,11289,BYD Atto 3,SUV,60.5,2025
11828,11290,MG ZS EV,SUV,50.3,2024
11829,11290,BYD Atto 3,SUV,60.5,2022
11830,11291,Tata Punch EV,Hatchback,35.0,2022
11831,11292,Mahindra BE 6,SUV,59.0,2022
11832,11293,Hyundai Ioniq 5,SUV,72.6,2025
11833,11294,MG ZS EV,SUV,50.3,2020
11834,11295,Mahindra XUV400,SUV,39.4,2022
11835,11296,Tata Nexon EV,SUV,30.2,2024
11836,11297,Kia EV6,SUV,77.4,2020
11837,11298,Mahindra XUV400,SUV,39.4,2020
11838,11299,Hyundai Kona Electric,SUV,39.2,2023
11839,11300,BYD Atto 3,SUV,60.5,2024
11840,11301,MG ZS EV,SUV,50.3,2020
11841,11302,MG ZS EV,SUV,50.3,2020
11842,11303,MG ZS EV,SUV,50.3,2022
11843,11304,Hyundai Ioniq 5,SUV,72.6,2025
11844,11305,Hyundai Ioniq 5,SUV,72.6,2022
11845,11306,BYD Atto 3,SUV,60.5,2024
11846,11307,Mahindra XUV400,SUV,39.4,2023
11847,11308,MG ZS EV,SUV,50.3,2020
11848,11309,Mahindra XUV400,SUV,39.4,2022
11849,11310,Kia EV6,SUV,77.4,2023
11850,11311,MG ZS EV,SUV,50.3,2024
11851,11312,Hyundai Ioniq 5,SUV,72.6,2020
11852,11313,Tata Tiago EV,Hatchback,24.0,2025
11853,11314,Tata Nexon EV,SUV,30.2,2022
11854,11315,Tata Punch EV,Hatchback,35.0,2022
11855,11316,MG ZS EV,SUV,50.3,2024
11856,11317,MG ZS EV,SUV,50.3,2024
11857,11318,Mahindra XUV400,SUV,39.4,2022
11858,11319,Hyundai Ioniq 5,SUV,72.6,2022
11859,11320,Mahindra XUV400,SUV,39.4,2022
11860,11321,Mahindra BE 6,SUV,59.0,2023
11861,11322,Mahindra BE 6,SUV,59.0,2025
11862,11323,MG ZS EV,SUV,50.3,2021
11863,11324,BYD Atto 3,SUV,60.5,2022
11864,11325,Tata Tiago EV,Hatchback,24.0,2024
11865,11326,Hyundai Kona Electric,SUV,39.2,2025
11866,11327,Tata Nexon EV,SUV,30.2,2020
11867,11328,Hyundai Ioniq 5,SUV,72.6,2021
11868,11329,BYD Atto 3,SUV,60.5,2024
11869,11330,Mahindra BE 6,SUV,59.0,2022
11870,11331,BYD Atto 3,SUV,60.5,2020
11871,11332,Tata Punch EV,Hatchback,35.0,2024
11872,11332,Hyundai Ioniq 5,SUV,72.6,2021
11873,11333,Kia EV6,SUV,77.4,2021
11874,11334,MG ZS EV,SUV,50.3,2024
11875,11335,Hyundai Kona Electric,SUV,39.2,2020
11876,11336,Tata Punch EV,Hatchback,35.0,2020
11877,11337,Hyundai Kona Electric,SUV,39.2,2024
11878,11338,BYD Atto 3,SUV,60.5,2020
11879,11338,Hyundai Ioniq 5,SUV,72.6,2020
11880,11339,Hyundai Ioniq 5,SUV,72.6,2024
11881,11340,Kia EV6,SUV,77.4,2023
11882,11341,Tata Nexon EV,SUV,30.2,2022
11883,11342,Mahindra BE 6,SUV,59.0,2025
11884,11343,Tata Punch EV,Hatchback,35.0,2022
11885,11344,Kia EV6,SUV,77.4,2020
11886,11345,Tata Tiago EV,Hatchback,24.0,2024
11887,11346,Tata Nexon EV,SUV,30.2,2024
11888,11347,Tata Tiago EV,Hatchback,24.0,2024
11889,11348,Hyundai Ioniq 5,SUV,72.6,2020
11890,11349,Mahindra XUV400,SUV,39.4,2020
11891,11350,Mahindra BE 6,SUV,59.0,2020
11892,11351,Tata Punch EV,Hatchback,35.0,2023
11893,11352,Tata Punch EV,Hatchback,35.0,2023
11894,11353,Tata Tiago EV,Hatchback,24.0,2022
11895,11354,Hyundai Ioniq 5,SUV,72.6,2024
11896,11355,Hyundai Ioniq 5,SUV,72.6,2025
11897,11356,Tata Nexon EV,SUV,30.2,2022
11898,11357,BYD Atto 3,SUV,60.5,2020
11899,11358,Tata Punch EV,Hatchback,35.0,2025
11900,11359,BYD Atto 3,SUV,60.5,2025
11901,11360,BYD Atto 3,SUV,60.5,2020
11902,11361,Mahindra BE 6,SUV,59.0,2023
11903,11362,BYD Atto 3,SUV,60.5,2025
11904,11363,Kia EV6,SUV,77.4,2021
11905,11364,Mahindra XUV400,SUV,39.4,2023
11906,11365,Tata Punch EV,Hatchback,35.0,2022
11907,11366,Mahindra XUV400,SUV,39.4,2021
11908,11367,BYD Atto 3,SUV,60.5,2023
11909,11368,Tata Tiago EV,Hatchback,24.0,2022
11910,11369,Tata Punch EV,Hatchback,35.0,2024
11911,11370,MG ZS EV,SUV,50.3,2020
11912,11371,Mahindra XUV400,SUV,39.4,2025
11913,11372,Hyundai Ioniq 5,SUV,72.6,2022
11914,11373,Tata Punch EV,Hatchback,35.0,2021
11915,11374,Hyundai Ioniq 5,SUV,72.6,2024
11916,11375,Hyundai Ioniq 5,SUV,72.6,2024
11917,11376,BYD Atto 3,SUV,60.5,2021
11918,11377,Mahindra BE 6,SUV,59.0,2022
11919,11378,Tata Punch EV,Hatchback,35.0,2023
11920,11379,Mahindra XUV400,SUV,39.4,2025
11921,11380,Tata Nexon EV,SUV,30.2,2022
11922,11381,MG ZS EV,SUV,50.3,2020
11923,11382,Mahindra XUV400,SUV,39.4,2020
11924,11383,Hyundai Ioniq 5,SUV,72.6,2022
11925,11384,Mahindra XUV400,SUV,39.4,2025
11926,11385,Mahindra XUV400,SUV,39.4,2025
11927,11386,Hyundai Ioniq 5,SUV,72.6,2021
11928,11387,MG ZS EV,SUV,50.3,2023
11929,11388,BYD Atto 3,SUV,60.5,2022
11930,11389,Hyundai Kona Electric,SUV,39.2,2021
11931,11390,BYD Atto 3,SUV,60.5,2023
11932,11391,Tata Tiago EV,Hatchback,24.0,2024
11933,11392,Hyundai Ioniq 5,SUV,72.6,2025
11934,11393,Tata Tiago EV,Hatchback,24.0,2024
11935,11394,Hyundai Kona Electric,SUV,39.2,2024
11936,11395,MG ZS EV,SUV,50.3,2022
11937,11395,Mahindra XUV400,SUV,39.4,2020
11938,11396,Hyundai Ioniq 5,SUV,72.6,2025
11939,11397,Kia EV6,SUV,77.4,2022
11940,11398,Kia EV6,SUV,77.4,2025
11941,11399,Mahindra BE 6,SUV,59.0,2021
11942,11400,Kia EV6,SUV,77.4,2020
11943,11401,BYD Atto 3,SUV,60.5,2023
11944,11402,Mahindra BE 6,SUV,59.0,2024
11945,11403,Mahindra BE 6,SUV,59.0,2025
11946,11404,Mahindra BE 6,SUV,59.0,2024
11947,11405,Mahindra XUV400,SUV,39.4,2024
11948,11406,Hyundai Ioniq 5,SUV,72.6,2024
11949,11407,Mahindra BE 6,SUV,59.0,2024
11950,11408,Hyundai Ioniq 5,SUV,72.6,2025
11951,11409,BYD Atto 3,SUV,60.5,2022
11952,11410,Tata Tiago EV,Hatchback,24.0,2022
11953,11411,BYD Atto 3,SUV,60.5,2024
11954,11412,Tata Tiago EV,Hatchback,24.0,2020
11955,11413,Kia EV6,SUV,77.4,2022
11956,11414,Kia EV6,SUV,77.4,2020
11957,11415,Tata Tiago EV,Hatchback,24.0,2025
11958,11416,Mahindra XUV400,SUV,39.4,2024
11959,11417,Tata Tiago EV,Hatchback,24.0,2025
11960,11418,Hyundai Kona Electric,SUV,39.2,2024
11961,11419,Tata Punch EV,Hatchback,35.0,2023
11962,11420,Tata Punch EV,Hatchback,35.0,2024
11963,11421,Hyundai Ioniq 5,SUV,72.6,2020
11964,11422,Tata Punch EV,Hatchback,35.0,2022
11965,11423,Tata Punch EV,Hatchback,35.0,2022
11966,11424,Tata Punch EV,Hatchback,35.0,2022
11967,11425,Hyundai Kona Electric,SUV,39.2,2021
11968,11426,Hyundai Ioniq 5,SUV,72.6,2023
11969,11427,BYD Atto 3,SUV,60.5,2021
11970,11427,Hyundai Kona Electric,SUV,39.2,2021
11971,11428,Kia EV6,SUV,77.4,2022
11972,11429,Kia EV6,SUV,77.4,2023
11973,11430,Tata Nexon EV,SUV,30.2,2024
11974,11431,MG ZS EV,SUV,50.3,2020
11975,11432,Kia EV6,SUV,77.4,2024
11976,11433,Hyundai Kona Electric,SUV,39.2,2021
11977,11434,MG ZS EV,SUV,50.3,2022
11978,11435,Hyundai Ioniq 5,SUV,72.6,2020
11979,11436,Mahindra XUV400,SUV,39.4,2022
11980,11437,Kia EV6,SUV,77.4,2023
11981,11438,Mahindra XUV400,SUV,39.4,2021
11982,11439,BYD Atto 3,SUV,60.5,2022
11983,11440,Hyundai Kona Electric,SUV,39.2,2020
11984,11441,Tata Punch EV,Hatchback,35.0,2023
11985,11442,Kia EV6,SUV,77.4,2024
11986,11443,Tata Nexon EV,SUV,30.2,2021
11987,11444,Hyundai Ioniq 5,SUV,72.6,2025
11988,11445,Tata Nexon EV,SUV,30.2,2022
11989,11446,Hyundai Kona Electric,SUV,39.2,2025
11990,11447,Kia EV6,SUV,77.4,2021
11991,11448,Hyundai Kona Electric,SUV,39.2,2025
11992,11449,Mahindra BE 6,SUV,59.0,2024
11993,11450,MG ZS EV,SUV,50.3,2024
11994,11451,MG ZS EV,SUV,50.3,2021
11995,11452,Hyundai Kona Electric,SUV,39.2,2020
11996,11453,Hyundai Ioniq 5,SUV,72.6,2024
11997,11453,Tata Tiago EV,Hatchback,24.0,2020
11998,11454,Kia EV6,SUV,77.4,2022
11999,11455,Mahindra BE 6,SUV,59.0,2023
12000,11456,Hyundai Kona Electric,SUV,39.2,2021
12001,11457,Tata Tiago EV,Hatchback,24.0,2023
12002,11458,BYD Atto 3,SUV,60.5,2021
12003,11459,Tata Nexon EV,SUV,30.2,2023
12004,11460,Tata Punch EV,Hatchback,35.0,2021
12005,11461,Tata Nexon EV,SUV,30.2,2025
12006,11462,Tata Punch EV,Hatchback,35.0,2023
12007,11463,BYD Atto 3,SUV,60.5,2021
12008,11464,Mahindra BE 6,SUV,59.0,2021
12009,11465,MG ZS EV,SUV,50.3,2020
12010,11466,Tata Tiago EV,Hatchback,24.0,2023
12011,11467,Kia EV6,SUV,77.4,2025
12012,11468,Mahindra BE 6,SUV,59.0,2022
12013,11469,Hyundai Kona Electric,SUV,39.2,2025
12014,11470,MG ZS EV,SUV,50.3,2020
12015,11471,MG ZS EV,SUV,50.3,2025
12016,11472,Hyundai Ioniq 5,SUV,72.6,2021
12017,11473,Tata Nexon EV,SUV,30.2,2020
12018,11474,Tata Punch EV,Hatchback,35.0,2021
12019,11475,Tata Tiago EV,Hatchback,24.0,2025
12020,11476,Tata Nexon EV,SUV,30.2,2022
12021,11477,Hyundai Kona Electric,SUV,39.2,2022
12022,11478,Mahindra BE 6,SUV,59.0,2020
12023,11479,Mahindra XUV400,SUV,39.4,2025
12024,11480,Tata Punch EV,Hatchback,35.0,2021
12025,11481,MG ZS EV,SUV,50.3,2023
12026,11482,Tata Tiago EV,Hatchback,24.0,2022
12027,11483,Mahindra XUV400,SUV,39.4,2022
12028,11484,Tata Nexon EV,SUV,30.2,2021
12029,11485,Mahindra BE 6,SUV,59.0,2024
12030,11486,BYD Atto 3,SUV,60.5,2020
12031,11487,Tata Punch EV,Hatchback,35.0,2023
12032,11488,BYD Atto 3,SUV,60.5,2025
12033,11489,Hyundai Ioniq 5,SUV,72.6,2023
12034,11490,Tata Punch EV,Hatchback,35.0,2020
12035,11491,Hyundai Ioniq 5,SUV,72.6,2024
12036,11492,Mahindra XUV400,SUV,39.4,2024
12037,11493,Hyundai Ioniq 5,SUV,72.6,2024
12038,11494,MG ZS EV,SUV,50.3,2025
12039,11495,Mahindra BE 6,SUV,59.0,2021
12040,11496,Tata Punch EV,Hatchback,35.0,2021
12041,11497,BYD Atto 3,SUV,60.5,2020
12042,11498,Hyundai Kona Electric,SUV,39.2,2025
12043,11499,Kia EV6,SUV,77.4,2022
12044,11500,Tata Tiago EV,Hatchback,24.0,2020
12045,11501,Kia EV6,SUV,77.4,2024
12046,11502,BYD Atto 3,SUV,60.5,2022
12047,11503,Hyundai Kona Electric,SUV,39.2,2021
12048,11504,BYD Atto 3,SUV,60.5,2022
12049,11505,Mahindra XUV400,SUV,39.4,2022
12050,11506,BYD Atto 3,SUV,60.5,2023
12051,11507,Tata Tiago EV,Hatchback,24.0,2021
12052,11508,Tata Punch EV,Hatchback,35.0,2023
12053,11509,MG ZS EV,SUV,50.3,2020
12054,11510,MG ZS EV,SUV,50.3,2023
12055,11511,MG ZS EV,SUV,50.3,2021
12056,11512,Kia EV6,SUV,77.4,2023
12057,11513,Mahindra BE 6,SUV,59.0,2024
12058,11514,Tata Nexon EV,SUV,30.2,2020
12059,11515,Kia EV6,SUV,77.4,2022
12060,11516,Mahindra XUV400,SUV,39.4,2021
12061,11517,Hyundai Ioniq 5,SUV,72.6,2021
12062,11518,Mahindra XUV400,SUV,39.4,2025
12063,11519,Tata Punch EV,Hatchback,35.0,2023
12064,11520,Mahindra BE 6,SUV,59.0,2025
12065,11521,Mahindra XUV400,SUV,39.4,2025
12066,11522,Hyundai Kona Electric,SUV,39.2,2024
12067,11523,Tata Punch EV,Hatchback,35.0,2022
12068,11524,Mahindra XUV400,SUV,39.4,2023
12069,11525,BYD Atto 3,SUV,60.5,2024
12070,11526,Tata Punch EV,Hatchback,35.0,2021
12071,11527,Hyundai Ioniq 5,SUV,72.6,2021
12072,11528,BYD Atto 3,SUV,60.5,2022
12073,11529,Kia EV6,SUV,77.4,2023
12074,11530,BYD Atto 3,SUV,60.5,2020
12075,11531,Mahindra BE 6,SUV,59.0,2025
12076,11532,Hyundai Kona Electric,SUV,39.2,2024
12077,11533,Mahindra XUV400,SUV,39.4,2021
12078,11533,Hyundai Kona Electric,SUV,39.2,2024
12079,11534,Tata Tiago EV,Hatchback,24.0,2025
12080,11535,Tata Punch EV,Hatchback,35.0,2024
12081,11536,Tata Tiago EV,Hatchback,24.0,2024
12082,11537,MG ZS EV,SUV,50.3,2024
12083,11538,Tata Nexon EV,SUV,30.2,2021
12084,11539,Tata Punch EV,Hatchback,35.0,2023
12085,11540,Hyundai Ioniq 5,SUV,72.6,2022
12086,11541,Mahindra BE 6,SUV,59.0,2020
12087,11542,Tata Tiago EV,Hatchback,24.0,2025
12088,11543,Tata Tiago EV,Hatchback,24.0,2022
12089,11544,Hyundai Kona Electric,SUV,39.2,2022
12090,11545,Mahindra XUV400,SUV,39.4,2024
12091,11546,Hyundai Kona Electric,SUV,39.2,2023
12092,11547,Tata Punch EV,Hatchback,35.0,2024
12093,11548,MG ZS EV,SUV,50.3,2025
12094,11549,Tata Tiago EV,Hatchback,24.0,2021
12095,11550,Hyundai Ioniq 5,SUV,72.6,2021
12096,11551,Tata Nexon EV,SUV,30.2,2023
12097,11552,BYD Atto 3,SUV,60.5,2020
12098,11553,Tata Punch EV,Hatchback,35.0,2022
12099,11554,BYD Atto 3,SUV,60.5,2022
12100,11555,Kia EV6,SUV,77.4,2020
12101,11556,MG ZS EV,SUV,50.3,2023
12102,11557,Kia EV6,SUV,77.4,2024
12103,11558,Tata Nexon EV,SUV,30.2,2023
12104,11559,Kia EV6,SUV,77.4,2020
12105,11560,Tata Nexon EV,SUV,30.2,2021
12106,11561,Mahindra BE 6,SUV,59.0,2021
12107,11562,BYD Atto 3,SUV,60.5,2021
12108,11563,Kia EV6,SUV,77.4,2022
12109,11564,Kia EV6,SUV,77.4,2023
12110,11565,Kia EV6,SUV,77.4,2022
12111,11566,Tata Tiago EV,Hatchback,24.0,2025
12112,11567,Tata Nexon EV,SUV,30.2,2025
12113,11568,MG ZS EV,SUV,50.3,2020
12114,11569,Tata Tiago EV,Hatchback,24.0,2021
12115,11570,Tata Punch EV,Hatchback,35.0,2021
12116,11571,Mahindra BE 6,SUV,59.0,2022
12117,11572,Tata Punch EV,Hatchback,35.0,2021
12118,11573,Mahindra XUV400,SUV,39.4,2020
12119,11574,Mahindra XUV400,SUV,39.4,2023
12120,11575,Hyundai Ioniq 5,SUV,72.6,2023
12121,11576,Hyundai Kona Electric,SUV,39.2,2020
12122,11577,MG ZS EV,SUV,50.3,2023
12123,11578,Tata Punch EV,Hatchback,35.0,2025
12124,11578,Tata Nexon EV,SUV,30.2,2020
12125,11579,Tata Tiago EV,Hatchback,24.0,2021
12126,11580,Tata Punch EV,Hatchback,35.0,2020
12127,11581,Mahindra BE 6,SUV,59.0,2025
12128,11582,Tata Tiago EV,Hatchback,24.0,2024
12129,11583,Tata Nexon EV,SUV,30.2,2025
12130,11584,Tata Tiago EV,Hatchback,24.0,2022
12131,11585,Mahindra XUV400,SUV,39.4,2020
12132,11586,Hyundai Kona Electric,SUV,39.2,2020
12133,11587,Tata Tiago EV,Hatchback,24.0,2024
12134,11588,Hyundai Kona Electric,SUV,39.2,2022
12135,11589,Tata Tiago EV,Hatchback,24.0,2024
12136,11590,Hyundai Kona Electric,SUV,39.2,2025
12137,11591,Tata Punch EV,Hatchback,35.0,2021
12138,11592,Tata Tiago EV,Hatchback,24.0,2022
12139,11593,Hyundai Kona Electric,SUV,39.2,2025
12140,11594,Tata Punch EV,Hatchback,35.0,2022
12141,11595,Mahindra XUV400,SUV,39.4,2024
12142,11596,MG ZS EV,SUV,50.3,2025
12143,11597,Tata Nexon EV,SUV,30.2,2022
12144,11598,Mahindra BE 6,SUV,59.0,2020
12145,11599,MG ZS EV,SUV,50.3,2021
12146,11600,Tata Tiago EV,Hatchback,24.0,2023
12147,11601,Mahindra XUV400,SUV,39.4,2023
12148,11602,Mahindra XUV400,SUV,39.4,2022
12149,11603,Mahindra XUV400,SUV,39.4,2023
12150,11604,Mahindra BE 6,SUV,59.0,2021
12151,11605,Tata Tiago EV,Hatchback,24.0,2022
12152,11606,MG ZS EV,SUV,50.3,2025
12153,11607,Tata Punch EV,Hatchback,35.0,2025
12154,11608,Hyundai Kona Electric,SUV,39.2,2024
12155,11609,Tata Nexon EV,SUV,30.2,2022
12156,11610,Tata Nexon EV,SUV,30.2,2024
12157,11611,Tata Punch EV,Hatchback,35.0,2022
12158,11612,Tata Tiago EV,Hatchback,24.0,2024
12159,11613,Hyundai Kona Electric,SUV,39.2,2021
12160,11614,Tata Punch EV,Hatchback,35.0,2022
12161,11615,Kia EV6,SUV,77.4,2022
12162,11616,Hyundai Kona Electric,SUV,39.2,2024
12163,11617,Kia EV6,SUV,77.4,2025
12164,11618,Hyundai Ioniq 5,SUV,72.6,2024
12165,11619,Mahindra XUV400,SUV,39.4,2024
12166,11620,BYD Atto 3,SUV,60.5,2022
12167,11621,BYD Atto 3,SUV,60.5,2023
12168,11621,Mahindra XUV400,SUV,39.4,2023
12169,11622,BYD Atto 3,SUV,60.5,2021
12170,11623,Tata Punch EV,Hatchback,35.0,2022
12171,11624,Hyundai Kona Electric,SUV,39.2,2020
12172,11625,Tata Tiago EV,Hatchback,24.0,2024
12173,11625,Kia EV6,SUV,77.4,2025
12174,11626,BYD Atto 3,SUV,60.5,2021
12175,11627,Tata Nexon EV,SUV,30.2,2025
12176,11628,Kia EV6,SUV,77.4,2020
12177,11629,Tata Punch EV,Hatchback,35.0,2021
12178,11630,Hyundai Kona Electric,SUV,39.2,2022
12179,11631,Tata Tiago EV,Hatchback,24.0,2022
12180,11632,MG ZS EV,SUV,50.3,2025
12181,11633,Hyundai Ioniq 5,SUV,72.6,2024
12182,11634,Tata Tiago EV,Hatchback,24.0,2022
12183,11635,Mahindra XUV400,SUV,39.4,2021
12184,11636,Mahindra BE 6,SUV,59.0,2023
12185,11637,Tata Punch EV,Hatchback,35.0,2022
12186,11638,Tata Nexon EV,SUV,30.2,2024
12187,11639,MG ZS EV,SUV,50.3,2020
12188,11640,Mahindra XUV400,SUV,39.4,2021
12189,11641,Hyundai Ioniq 5,SUV,72.6,2023
12190,11642,Tata Nexon EV,SUV,30.2,2025
12191,11643,BYD Atto 3,SUV,60.5,2022
12192,11644,Mahindra BE 6,SUV,59.0,2021
12193,11645,Mahindra BE 6,SUV,59.0,2021
12194,11646,MG ZS EV,SUV,50.3,2023
12195,11647,Hyundai Ioniq 5,SUV,72.6,2025
12196,11648,Mahindra XUV400,SUV,39.4,2022
12197,11649,Tata Nexon EV,SUV,30.2,2020
12198,11650,Kia EV6,SUV,77.4,2021
12199,11651,MG ZS EV,SUV,50.3,2024
12200,11652,MG ZS EV,SUV,50.3,2023
12201,11653,BYD Atto 3,SUV,60.5,2024
12202,11654,Mahindra XUV400,SUV,39.4,2022
12203,11655,MG ZS EV,SUV,50.3,2024
12204,11656,Kia EV6,SUV,77.4,2020
12205,11657,Tata Tiago EV,Hatchback,24.0,2022
12206,11658,Hyundai Kona Electric,SUV,39.2,2025
12207,11659,Hyundai Ioniq 5,SUV,72.6,2020
12208,11660,BYD Atto 3,SUV,60.5,2020
12209,11661,Tata Nexon EV,SUV,30.2,2022
12210,11662,BYD Atto 3,SUV,60.5,2022
12211,11663,BYD Atto 3,SUV,60.5,2024
12212,11663,MG ZS EV,SUV,50.3,2024
12213,11664,Kia EV6,SUV,77.4,2020
12214,11665,BYD Atto 3,SUV,60.5,2021
12215,11666,Mahindra XUV400,SUV,39.4,2022
12216,11667,Tata Tiago EV,Hatchback,24.0,2021
12217,11668,BYD Atto 3,SUV,60.5,2022
12218,11669,Kia EV6,SUV,77.4,2024
12219,11669,Tata Punch EV,Hatchback,35.0,2023
12220,11670,MG ZS EV,SUV,50.3,2022
12221,11671,MG ZS EV,SUV,50.3,2022
12222,11672,Hyundai Kona Electric,SUV,39.2,2024
12223,11673,Mahindra BE 6,SUV,59.0,2025
12224,11674,Tata Tiago EV,Hatchback,24.0,2020
12225,11675,Hyundai Ioniq 5,SUV,72.6,2020
12226,11676,BYD Atto 3,SUV,60.5,2023
12227,11677,Mahindra BE 6,SUV,59.0,2025
12228,11678,Tata Tiago EV,Hatchback,24.0,2021
12229,11679,Hyundai Kona Electric,SUV,39.2,2022
12230,11680,Mahindra BE 6,SUV,59.0,2025
12231,11681,Mahindra XUV400,SUV,39.4,2021
12232,11681,MG ZS EV,SUV,50.3,2020
12233,11682,Tata Tiago EV,Hatchback,24.0,2025
12234,11683,Mahindra BE 6,SUV,59.0,2024
12235,11684,Mahindra XUV400,SUV,39.4,2024
12236,11685,Hyundai Ioniq 5,SUV,72.6,2022
12237,11686,Tata Tiago EV,Hatchback,24.0,2023
12238,11687,Tata Nexon EV,SUV,30.2,2023
12239,11688,BYD Atto 3,SUV,60.5,2022
12240,11689,Kia EV6,SUV,77.4,2021
12241,11690,Mahindra XUV400,SUV,39.4,2023
12242,11691,Hyundai Ioniq 5,SUV,72.6,2020
12243,11691,Hyundai Ioniq 5,SUV,72.6,2020
12244,11692,Mahindra BE 6,SUV,59.0,2025
12245,11693,Tata Tiago EV,Hatchback,24.0,2020
12246,11694,Tata Tiago EV,Hatchback,24.0,2025
12247,11695,Tata Nexon EV,SUV,30.2,2022
12248,11696,Kia EV6,SUV,77.4,2023
12249,11697,Mahindra XUV400,SUV,39.4,2024
12250,11698,Tata Punch EV,Hatchback,35.0,2020
12251,11699,Hyundai Ioniq 5,SUV,72.6,2024
12252,11699,Tata Nexon EV,SUV,30.2,2024
12253,11700,Mahindra XUV400,SUV,39.4,2021
12254,11701,Hyundai Kona Electric,SUV,39.2,2021
12255,11702,Tata Nexon EV,SUV,30.2,2022
12256,11703,Tata Nexon EV,SUV,30.2,2024
12257,11704,Tata Tiago EV,Hatchback,24.0,2023
12258,11705,Hyundai Ioniq 5,SUV,72.6,2023
12259,11706,MG ZS EV,SUV,50.3,2023
12260,11707,MG ZS EV,SUV,50.3,2022
12261,11708,Tata Tiago EV,Hatchback,24.0,2023
12262,11709,Hyundai Ioniq 5,SUV,72.6,2022
12263,11710,Tata Nexon EV,SUV,30.2,2022
12264,11711,BYD Atto 3,SUV,60.5,2022
12265,11712,MG ZS EV,SUV,50.3,2021
12266,11713,Kia EV6,SUV,77.4,2020
12267,11714,Tata Nexon EV,SUV,30.2,2021
12268,11715,Hyundai Kona Electric,SUV,39.2,2020
12269,11716,Kia EV6,SUV,77.4,2024
12270,11717,Tata Tiago EV,Hatchback,24.0,2024
12271,11718,Hyundai Kona Electric,SUV,39.2,2021
12272,11719,Tata Tiago EV,Hatchback,24.0,2025
12273,11720,Hyundai Ioniq 5,SUV,72.6,2020
12274,11721,MG ZS EV,SUV,50.3,2020
12275,11722,Tata Tiago EV,Hatchback,24.0,2022
12276,11723,Tata Punch EV,Hatchback,35.0,2024
12277,11724,MG ZS EV,SUV,50.3,2021
12278,11725,Mahindra BE 6,SUV,59.0,2023
12279,11726,Hyundai Kona Electric,SUV,39.2,2023
12280,11727,Mahindra XUV400,SUV,39.4,2024
12281,11728,Tata Punch EV,Hatchback,35.0,2021
12282,11729,Tata Nexon EV,SUV,30.2,2023
12283,11730,BYD Atto 3,SUV,60.5,2020
12284,11731,Tata Tiago EV,Hatchback,24.0,2021
12285,11732,Hyundai Kona Electric,SUV,39.2,2021
12286,11733,BYD Atto 3,SUV,60.5,2020
12287,11734,Hyundai Kona Electric,SUV,39.2,2021
12288,11735,Tata Punch EV,Hatchback,35.0,2023
12289,11736,Mahindra BE 6,SUV,59.0,2021
12290,11737,Kia EV6,SUV,77.4,2022
12291,11738,Tata Punch EV,Hatchback,35.0,2024
12292,11739,BYD Atto 3,SUV,60.5,2020
12293,11740,Tata Punch EV,Hatchback,35.0,2025
12294,11741,Tata Nexon EV,SUV,30.2,2021
12295,11742,Tata Punch EV,Hatchback,35.0,2023
12296,11743,Mahindra XUV400,SUV,39.4,2023
12297,11744,Mahindra XUV400,SUV,39.4,2023
12298,11745,Hyundai Ioniq 5,SUV,72.6,2024
12299,11746,BYD Atto 3,SUV,60.5,2024
12300,11747,BYD Atto 3,SUV,60.5,2020
12301,11747,Mahindra XUV400,SUV,39.4,2021
12302,11748,Hyundai Kona Electric,SUV,39.2,2020
12303,11749,Hyundai Kona Electric,SUV,39.2,2025
12304,11750,Mahindra XUV400,SUV,39.4,2023
12305,11751,Tata Punch EV,Hatchback,35.0,2022
12306,11752,MG ZS EV,SUV,50.3,2021
12307,11753,Tata Punch EV,Hatchback,35.0,2022
12308,11754,Mahindra XUV400,SUV,39.4,2025
12309,11755,Tata Nexon EV,SUV,30.2,2025
12310,11756,Kia EV6,SUV,77.4,2022
12311,11757,MG ZS EV,SUV,50.3,2022
12312,11758,Mahindra XUV400,SUV,39.4,2023
12313,11759,BYD Atto 3,SUV,60.5,2022
12314,11760,Tata Nexon EV,SUV,30.2,2025
12315,11761,BYD Atto 3,SUV,60.5,2023
12316,11762,Mahindra XUV400,SUV,39.4,2024
12317,11763,Hyundai Kona Electric,SUV,39.2,2022
12318,11763,MG ZS EV,SUV,50.3,2025
12319,11764,MG ZS EV,SUV,50.3,2025
12320,11765,Hyundai Kona Electric,SUV,39.2,2021
12321,11766,Hyundai Ioniq 5,SUV,72.6,2021
12322,11767,Tata Tiago EV,Hatchback,24.0,2024
12323,11768,Kia EV6,SUV,77.4,2020
12324,11769,Kia EV6,SUV,77.4,2025
12325,11770,Mahindra XUV400,SUV,39.4,2025
12326,11771,Mahindra XUV400,SUV,39.4,2024
12327,11772,Tata Tiago EV,Hatchback,24.0,2024
12328,11773,Kia EV6,SUV,77.4,2025
12329,11774,Mahindra XUV400,SUV,39.4,2020
12330,11775,MG ZS EV,SUV,50.3,2023
12331,11776,MG ZS EV,SUV,50.3,2024
12332,11777,Tata Nexon EV,SUV,30.2,2024
12333,11777,BYD Atto 3,SUV,60.5,2025
12334,11778,Tata Nexon EV,SUV,30.2,2023
12335,11779,Mahindra BE 6,SUV,59.0,2021
12336,11780,Mahindra XUV400,SUV,39.4,2024
12337,11781,Mahindra XUV400,SUV,39.4,2021
12338,11782,Tata Nexon EV,SUV,30.2,2025
12339,11782,Mahindra XUV400,SUV,39.4,2024
12340,11783,Tata Punch EV,Hatchback,35.0,2025
12341,11784,Kia EV6,SUV,77.4,2023
12342,11785,Mahindra XUV400,SUV,39.4,2024
12343,11786,Tata Nexon EV,SUV,30.2,2021
12344,11787,Tata Punch EV,Hatchback,35.0,2022
12345,11788,Tata Nexon EV,SUV,30.2,2022
12346,11789,BYD Atto 3,SUV,60.5,2022
12347,11790,Kia EV6,SUV,77.4,2020
12348,11790,Hyundai Ioniq 5,SUV,72.6,2020
12349,11791,Kia EV6,SUV,77.4,2021
12350,11792,MG ZS EV,SUV,50.3,2021
12351,11793,Tata Nexon EV,SUV,30.2,2025
12352,11794,Hyundai Kona Electric,SUV,39.2,2022
12353,11795,Tata Nexon EV,SUV,30.2,2024
12354,11796,Hyundai Ioniq 5,SUV,72.6,2024
12355,11796,Hyundai Ioniq 5,SUV,72.6,2024
12356,11797,Hyundai Ioniq 5,SUV,72.6,2021
12357,11798,Hyundai Kona Electric,SUV,39.2,2023
12358,11798,Tata Punch EV,Hatchback,35.0,2024
12359,11799,Tata Punch EV,Hatchback,35.0,2022
12360,11800,Hyundai Kona Electric,SUV,39.2,2025
12361,11801,Mahindra XUV400,SUV,39.4,2025
12362,11802,Tata Punch EV,Hatchback,35.0,2021
12363,11803,Kia EV6,SUV,77.4,2023
12364,11804,BYD Atto 3,SUV,60.5,2022
12365,11805,Tata Nexon EV,SUV,30.2,2023
12366,11805,BYD Atto 3,SUV,60.5,2022
12367,11806,Mahindra BE 6,SUV,59.0,2023
12368,11807,MG ZS EV,SUV,50.3,2021
12369,11808,Mahindra BE 6,SUV,59.0,2020
12370,11808,MG ZS EV,SUV,50.3,2023
12371,11809,Mahindra BE 6,SUV,59.0,2025
12372,11810,Hyundai Ioniq 5,SUV,72.6,2022
12373,11811,Hyundai Ioniq 5,SUV,72.6,2025
12374,11812,Tata Tiago EV,Hatchback,24.0,2022
12375,11813,Tata Tiago EV,Hatchback,24.0,2023
12376,11814,Kia EV6,SUV,77.4,2023
12377,11815,Mahindra XUV400,SUV,39.4,2020
12378,11816,Hyundai Kona Electric,SUV,39.2,2025
12379,11817,Hyundai Ioniq 5,SUV,72.6,2024
12380,11818,Tata Tiago EV,Hatchback,24.0,2024
12381,11819,Mahindra BE 6,SUV,59.0,2021
12382,11820,Mahindra XUV400,SUV,39.4,2020
12383,11821,Mahindra BE 6,SUV,59.0,2022
12384,11821,Hyundai Ioniq 5,SUV,72.6,2023
12385,11822,Hyundai Kona Electric,SUV,39.2,2024
12386,11823,Mahindra BE 6,SUV,59.0,2022
12387,11824,Tata Tiago EV,Hatchback,24.0,2025
12388,11825,Mahindra BE 6,SUV,59.0,2021
12389,11826,Mahindra XUV400,SUV,39.4,2024
12390,11827,Tata Nexon EV,SUV,30.2,2020
12391,11828,Tata Punch EV,Hatchback,35.0,2025
12392,11829,Tata Tiago EV,Hatchback,24.0,2025
12393,11830,Kia EV6,SUV,77.4,2023
12394,11831,Hyundai Ioniq 5,SUV,72.6,2020
12395,11832,Mahindra BE 6,SUV,59.0,2025
12396,11833,BYD Atto 3,SUV,60.5,2025
12397,11834,Mahindra BE 6,SUV,59.0,2022
12398,11835,Mahindra BE 6,SUV,59.0,2021
12399,11836,Kia EV6,SUV,77.4,2022
12400,11837,Tata Nexon EV,SUV,30.2,2021
12401,11838,Tata Nexon EV,SUV,30.2,2020
12402,11839,Tata Punch EV,Hatchback,35.0,2022
12403,11840,Tata Tiago EV,Hatchback,24.0,2021
12404,11841,Hyundai Kona Electric,SUV,39.2,2025
12405,11842,Hyundai Ioniq 5,SUV,72.6,2025
12406,11843,Kia EV6,SUV,77.4,2021
12407,11844,BYD Atto 3,SUV,60.5,2021
12408,11845,Kia EV6,SUV,77.4,2021
12409,11846,Tata Nexon EV,SUV,30.2,2021
12410,11847,Hyundai Kona Electric,SUV,39.2,2022
12411,11848,Hyundai Kona Electric,SUV,39.2,2021
12412,11849,Hyundai Ioniq 5,SUV,72.6,2025
12413,11850,Hyundai Ioniq 5,SUV,72.6,2022
12414,11851,Kia EV6,SUV,77.4,2020
12415,11852,Hyundai Ioniq 5,SUV,72.6,2025
12416,11853,Hyundai Ioniq 5,SUV,72.6,2024
12417,11854,Mahindra BE 6,SUV,59.0,2023
12418,11855,Tata Tiago EV,Hatchback,24.0,2022
12419,11856,Hyundai Kona Electric,SUV,39.2,2024
12420,11857,Mahindra BE 6,SUV,59.0,2022
12421,11858,BYD Atto 3,SUV,60.5,2020
12422,11859,Tata Nexon EV,SUV,30.2,2021
12423,11860,Tata Punch EV,Hatchback,35.0,2022
12424,11861,BYD Atto 3,SUV,60.5,2022
12425,11862,Tata Nexon EV,SUV,30.2,2021
12426,11863,Kia EV6,SUV,77.4,2023
12427,11864,BYD Atto 3,SUV,60.5,2025
12428,11865,Hyundai Ioniq 5,SUV,72.6,2021
12429,11866,BYD Atto 3,SUV,60.5,2025
12430,11867,Tata Punch EV,Hatchback,35.0,2021
12431,11868,Tata Punch EV,Hatchback,35.0,2022
12432,11869,Hyundai Kona Electric,SUV,39.2,2024
12433,11870,Tata Tiago EV,Hatchback,24.0,2023
12434,11871,Tata Punch EV,Hatchback,35.0,2020
12435,11872,Mahindra XUV400,SUV,39.4,2022
12436,11873,Tata Tiago EV,Hatchback,24.0,2021
12437,11874,Hyundai Ioniq 5,SUV,72.6,2023
12438,11875,Tata Nexon EV,SUV,30.2,2024
12439,11876,Hyundai Ioniq 5,SUV,72.6,2024
12440,11877,Mahindra BE 6,SUV,59.0,2024
12441,11878,Hyundai Kona Electric,SUV,39.2,2020
12442,11879,MG ZS EV,SUV,50.3,2023
12443,11880,BYD Atto 3,SUV,60.5,2024
12444,11881,Hyundai Kona Electric,SUV,39.2,2024
12445,11882,Mahindra XUV400,SUV,39.4,2020
12446,11883,Tata Nexon EV,SUV,30.2,2022
12447,11884,Tata Punch EV,Hatchback,35.0,2021
12448,11885,Tata Tiago EV,Hatchback,24.0,2023
12449,11886,Mahindra BE 6,SUV,59.0,2021
12450,11887,MG ZS EV,SUV,50.3,2023
12451,11888,Kia EV6,SUV,77.4,2023
12452,11889,BYD Atto 3,SUV,60.5,2025
12453,11890,Tata Nexon EV,SUV,30.2,2020
12454,11891,MG ZS EV,SUV,50.3,2025
12455,11892,Tata Tiago EV,Hatchback,24.0,2021
12456,11893,BYD Atto 3,SUV,60.5,2020
12457,11894,Hyundai Ioniq 5,SUV,72.6,2023
12458,11895,Mahindra BE 6,SUV,59.0,2025
12459,11896,Hyundai Kona Electric,SUV,39.2,2020
12460,11897,Tata Nexon EV,SUV,30.2,2023
12461,11898,Mahindra XUV400,SUV,39.4,2022
12462,11899,Tata Punch EV,Hatchback,35.0,2022
12463,11900,Mahindra XUV400,SUV,39.4,2024
12464,11901,Hyundai Kona Electric,SUV,39.2,2025
12465,11902,Mahindra BE 6,SUV,59.0,2020
12466,11903,Tata Tiago EV,Hatchback,24.0,2020
12467,11904,Hyundai Kona Electric,SUV,39.2,2024
12468,11905,Hyundai Ioniq 5,SUV,72.6,2023
12469,11906,MG ZS EV,SUV,50.3,2021
12470,11907,Tata Punch EV,Hatchback,35.0,2022
12471,11908,Tata Punch EV,Hatchback,35.0,2023
12472,11909,Mahindra BE 6,SUV,59.0,2022
12473,11910,Kia EV6,SUV,77.4,2020
12474,11911,Hyundai Kona Electric,SUV,39.2,2020
12475,11911,Hyundai Kona Electric,SUV,39.2,2023
12476,11912,Hyundai Kona Electric,SUV,39.2,2022
12477,11913,Mahindra XUV400,SUV,39.4,2020
12478,11914,Mahindra XUV400,SUV,39.4,2020
12479,11914,MG ZS EV,SUV,50.3,2021
12480,11915,Tata Tiago EV,Hatchback,24.0,2023
12481,11916,Tata Tiago EV,Hatchback,24.0,2021
12482,11916,Hyundai Ioniq 5,SUV,72.6,2024
12483,11917,Hyundai Kona Electric,SUV,39.2,2023
12484,11918,Tata Punch EV,Hatchback,35.0,2020
12485,11919,Tata Nexon EV,SUV,30.2,2024
12486,11920,MG ZS EV,SUV,50.3,2020
12487,11921,Tata Tiago EV,Hatchback,24.0,2025
12488,11922,Tata Punch EV,Hatchback,35.0,2022
12489,11923,Mahindra BE 6,SUV,59.0,2025
12490,11924,Tata Punch EV,Hatchback,35.0,2023
12491,11925,Hyundai Ioniq 5,SUV,72.6,2022
12492,11926,Hyundai Kona Electric,SUV,39.2,2023
12493,11927,Mahindra XUV400,SUV,39.4,2023
12494,11928,Mahindra BE 6,SUV,59.0,2025
12495,11929,Tata Tiago EV,Hatchback,24.0,2020
12496,11930,Hyundai Ioniq 5,SUV,72.6,2023
12497,11931,BYD Atto 3,SUV,60.5,2021
12498,11932,Hyundai Ioniq 5,SUV,72.6,2023
12499,11933,MG ZS EV,SUV,50.3,2025
12500,11934,Tata Tiago EV,Hatchback,24.0,2024
12501,11935,Tata Nexon EV,SUV,30.2,2023
12502,11936,Tata Punch EV,Hatchback,35.0,2025
12503,11937,BYD Atto 3,SUV,60.5,2023
12504,11938,Mahindra XUV400,SUV,39.4,2021
12505,11939,Mahindra BE 6,SUV,59.0,2025
12506,11940,Tata Punch EV,Hatchback,35.0,2020
12507,11941,MG ZS EV,SUV,50.3,2021
12508,11942,Tata Punch EV,Hatchback,35.0,2025
12509,11943,MG ZS EV,SUV,50.3,2025
12510,11944,Tata Punch EV,Hatchback,35.0,2024
12511,11945,Hyundai Kona Electric,SUV,39.2,2020
12512,11946,Hyundai Ioniq 5,SUV,72.6,2021
12513,11947,Tata Nexon EV,SUV,30.2,2022
12514,11948,Tata Punch EV,Hatchback,35.0,2022
12515,11949,BYD Atto 3,SUV,60.5,2023
12516,11950,Mahindra BE 6,SUV,59.0,2022
12517,11951,Kia EV6,SUV,77.4,2022
12518,11952,BYD Atto 3,SUV,60.5,2022
12519,11953,Tata Tiago EV,Hatchback,24.0,2020
12520,11954,Mahindra XUV400,SUV,39.4,2024
12521,11955,Mahindra XUV400,SUV,39.4,2023
12522,11956,Tata Tiago EV,Hatchback,24.0,2025
12523,11957,Hyundai Ioniq 5,SUV,72.6,2022
12524,11958,Hyundai Kona Electric,SUV,39.2,2021
12525,11959,Kia EV6,SUV,77.4,2021
12526,11959,Tata Nexon EV,SUV,30.2,2024
12527,11960,Tata Punch EV,Hatchback,35.0,2023
12528,11961,Mahindra XUV400,SUV,39.4,2022
12529,11962,Mahindra XUV400,SUV,39.4,2020
12530,11963,Kia EV6,SUV,77.4,2021
12531,11964,MG ZS EV,SUV,50.3,2022
12532,11965,Kia EV6,SUV,77.4,2023
12533,11966,Hyundai Ioniq 5,SUV,72.6,2021
12534,11967,BYD Atto 3,SUV,60.5,2025
12535,11968,Mahindra XUV400,SUV,39.4,2020
12536,11969,Tata Tiago EV,Hatchback,24.0,2022
12537,11970,Mahindra BE 6,SUV,59.0,2021
12538,11971,Tata Nexon EV,SUV,30.2,2020
12539,11972,Kia EV6,SUV,77.4,2021
12540,11973,Kia EV6,SUV,77.4,2024
12541,11974,Kia EV6,SUV,77.4,2022
12542,11975,Tata Punch EV,Hatchback,35.0,2025
12543,11976,MG ZS EV,SUV,50.3,2022
12544,11977,Mahindra XUV400,SUV,39.4,2023
12545,11978,Mahindra XUV400,SUV,39.4,2021
12546,11979,Tata Punch EV,Hatchback,35.0,2020
12547,11980,MG ZS EV,SUV,50.3,2022
12548,11981,Kia EV6,SUV,77.4,2021
12549,11981,MG ZS EV,SUV,50.3,2021
12550,11982,Tata Tiago EV,Hatchback,24.0,2021
12551,11983,MG ZS EV,SUV,50.3,2024
12552,11983,Mahindra BE 6,SUV,59.0,2024
12553,11984,Mahindra XUV400,SUV,39.4,2021
12554,11985,BYD Atto 3,SUV,60.5,2021
12555,11986,Kia EV6,SUV,77.4,2025
12556,11987,Kia EV6,SUV,77.4,2025
12557,11988,MG ZS EV,SUV,50.3,2021
12558,11989,Mahindra XUV400,SUV,39.4,2021
12559,11990,BYD Atto 3,SUV,60.5,2025
12560,11991,Kia EV6,SUV,77.4,2023
12561,11992,Mahindra BE 6,SUV,59.0,2025
12562,11993,MG ZS EV,SUV,50.3,2020
12563,11994,Kia EV6,SUV,77.4,2022
12564,11995,Hyundai Ioniq 5,SUV,72.6,2022
12565,11996,Hyundai Kona Electric,SUV,39.2,2021
12566,11996,Mahindra BE 6,SUV,59.0,2022
12567,11997,Tata Tiago EV,Hatchback,24.0,2025
12568,11998,Hyundai Kona Electric,SUV,39.2,2023
12569,11999,Kia EV6,SUV,77.4,2021
12570,12000,Mahindra BE 6,SUV,59.0,2025
12571,12001,MG ZS EV,SUV,50.3,2025
12572,12002,Tata Tiago EV,Hatchback,24.0,2023
12573,12003,MG ZS EV,SUV,50.3,2023
12574,12004,Tata Nexon EV,SUV,30.2,2022
12575,12005,BYD Atto 3,SUV,60.5,2023
12576,12006,Tata Punch EV,Hatchback,35.0,2021
12577,12007,Mahindra XUV400,SUV,39.4,2021
12578,12008,Hyundai Kona Electric,SUV,39.2,2023
12579,12009,Tata Punch EV,Hatchback,35.0,2022
12580,12010,Tata Nexon EV,SUV,30.2,2023
12581,12011,Tata Punch EV,Hatchback,35.0,2021
12582,12012,Tata Punch EV,Hatchback,35.0,2021
12583,12013,MG ZS EV,SUV,50.3,2022
12584,12014,MG ZS EV,SUV,50.3,2024
12585,12015,Tata Tiago EV,Hatchback,24.0,2022
12586,12016,Tata Punch EV,Hatchback,35.0,2021
12587,12017,Tata Tiago EV,Hatchback,24.0,2020
12588,12018,Hyundai Kona Electric,SUV,39.2,2022
12589,12018,MG ZS EV,SUV,50.3,2021
12590,12019,Tata Punch EV,Hatchback,35.0,2022
12591,12020,Tata Tiago EV,Hatchback,24.0,2022
12592,12021,Tata Nexon EV,SUV,30.2,2023
12593,12022,Mahindra BE 6,SUV,59.0,2020
12594,12023,Hyundai Kona Electric,SUV,39.2,2022
12595,12024,BYD Atto 3,SUV,60.5,2023
12596,12025,Tata Tiago EV,Hatchback,24.0,2025
12597,12026,Hyundai Kona Electric,SUV,39.2,2024
12598,12027,Mahindra BE 6,SUV,59.0,2024
12599,12028,Tata Nexon EV,SUV,30.2,2020
12600,12029,Tata Tiago EV,Hatchback,24.0,2022
12601,12030,Tata Punch EV,Hatchback,35.0,2022
12602,12031,Tata Tiago EV,Hatchback,24.0,2022
12603,12032,BYD Atto 3,SUV,60.5,2024
12604,12032,Tata Punch EV,Hatchback,35.0,2022
12605,12033,Hyundai Kona Electric,SUV,39.2,2025
12606,12034,Tata Tiago EV,Hatchback,24.0,2021
12607,12035,Hyundai Kona Electric,SUV,39.2,2021
12608,12036,Tata Punch EV,Hatchback,35.0,2020
12609,12037,Mahindra BE 6,SUV,59.0,2021
12610,12038,Tata Punch EV,Hatchback,35.0,2024
12611,12039,MG ZS EV,SUV,50.3,2021
12612,12040,Kia EV6,SUV,77.4,2025
12613,12041,Mahindra XUV400,SUV,39.4,2023
12614,12041,Tata Tiago EV,Hatchback,24.0,2025
12615,12042,Tata Nexon EV,SUV,30.2,2021
12616,12042,Hyundai Kona Electric,SUV,39.2,2025
12617,12043,Mahindra BE 6,SUV,59.0,2020
12618,12044,MG ZS EV,SUV,50.3,2021
12619,12045,MG ZS EV,SUV,50.3,2020
12620,12046,Tata Tiago EV,Hatchback,24.0,2020
12621,12047,Mahindra XUV400,SUV,39.4,2024
12622,12048,Hyundai Ioniq 5,SUV,72.6,2022
12623,12049,BYD Atto 3,SUV,60.5,2022
12624,12050,Hyundai Ioniq 5,SUV,72.6,2022
12625,12051,Kia EV6,SUV,77.4,2025
12626,12052,Mahindra XUV400,SUV,39.4,2024
12627,12053,Hyundai Kona Electric,SUV,39.2,2020
12628,12054,Tata Punch EV,Hatchback,35.0,2025
12629,12055,Mahindra XUV400,SUV,39.4,2020
12630,12056,Tata Tiago EV,Hatchback,24.0,2021
12631,12057,MG ZS EV,SUV,50.3,2024
12632,12057,MG ZS EV,SUV,50.3,2021
12633,12058,Hyundai Ioniq 5,SUV,72.6,2025
12634,12059,Hyundai Ioniq 5,SUV,72.6,2022
12635,12060,MG ZS EV,SUV,50.3,2020
12636,12061,Mahindra BE 6,SUV,59.0,2023
12637,12062,Mahindra XUV400,SUV,39.4,2024
12638,12063,Hyundai Ioniq 5,SUV,72.6,2020
12639,12064,Mahindra XUV400,SUV,39.4,2023
12640,12065,Kia EV6,SUV,77.4,2024
12641,12066,Hyundai Kona Electric,SUV,39.2,2020
12642,12067,Mahindra XUV400,SUV,39.4,2024
12643,12068,Mahindra BE 6,SUV,59.0,2021
12644,12069,Mahindra XUV400,SUV,39.4,2024
12645,12070,MG ZS EV,SUV,50.3,2020
12646,12071,Hyundai Kona Electric,SUV,39.2,2024
12647,12072,Mahindra XUV400,SUV,39.4,2021
12648,12073,Tata Nexon EV,SUV,30.2,2020
12649,12074,Hyundai Ioniq 5,SUV,72.6,2020
12650,12075,Tata Punch EV,Hatchback,35.0,2022
12651,12076,MG ZS EV,SUV,50.3,2024
12652,12077,Tata Tiago EV,Hatchback,24.0,2025
12653,12078,MG ZS EV,SUV,50.3,2025
12654,12079,MG ZS EV,SUV,50.3,2020
12655,12080,Mahindra BE 6,SUV,59.0,2020
12656,12081,Tata Punch EV,Hatchback,35.0,2021
12657,12082,Kia EV6,SUV,77.4,2021
12658,12083,Hyundai Kona Electric,SUV,39.2,2023
12659,12084,Kia EV6,SUV,77.4,2023
12660,12085,Mahindra XUV400,SUV,39.4,2025
12661,12086,MG ZS EV,SUV,50.3,2024
12662,12087,Hyundai Kona Electric,SUV,39.2,2020
12663,12088,MG ZS EV,SUV,50.3,2022
12664,12089,BYD Atto 3,SUV,60.5,2022
12665,12090,BYD Atto 3,SUV,60.5,2024
12666,12091,MG ZS EV,SUV,50.3,2022
12667,12092,Kia EV6,SUV,77.4,2025
12668,12093,BYD Atto 3,SUV,60.5,2024
12669,12094,Hyundai Kona Electric,SUV,39.2,2022
12670,12095,Tata Punch EV,Hatchback,35.0,2021
12671,12096,Mahindra BE 6,SUV,59.0,2023
12672,12097,Tata Nexon EV,SUV,30.2,2021
12673,12098,MG ZS EV,SUV,50.3,2023
12674,12099,Kia EV6,SUV,77.4,2021
12675,12100,Mahindra XUV400,SUV,39.4,2022
12676,12101,Mahindra BE 6,SUV,59.0,2025
12677,12102,Kia EV6,SUV,77.4,2020
12678,12103,MG ZS EV,SUV,50.3,2021
12679,12104,Mahindra XUV400,SUV,39.4,2023
12680,12105,Mahindra BE 6,SUV,59.0,2021
12681,12106,Tata Tiago EV,Hatchback,24.0,2022
12682,12107,Hyundai Kona Electric,SUV,39.2,2025
12683,12108,Mahindra BE 6,SUV,59.0,2020
12684,12108,MG ZS EV,SUV,50.3,2021
12685,12109,Mahindra XUV400,SUV,39.4,2022
12686,12110,Mahindra BE 6,SUV,59.0,2023
12687,12111,MG ZS EV,SUV,50.3,2021
12688,12112,Hyundai Ioniq 5,SUV,72.6,2020
12689,12113,Hyundai Kona Electric,SUV,39.2,2022
12690,12114,Hyundai Kona Electric,SUV,39.2,2025
12691,12115,Tata Punch EV,Hatchback,35.0,2021
12692,12116,BYD Atto 3,SUV,60.5,2020
12693,12117,Hyundai Ioniq 5,SUV,72.6,2020
12694,12118,Kia EV6,SUV,77.4,2023
12695,12119,Tata Tiago EV,Hatchback,24.0,2021
12696,12120,Tata Punch EV,Hatchback,35.0,2022
12697,12121,Mahindra XUV400,SUV,39.4,2023
12698,12122,Tata Tiago EV,Hatchback,24.0,2022
12699,12123,Tata Tiago EV,Hatchback,24.0,2023
12700,12124,BYD Atto 3,SUV,60.5,2024
12701,12125,Tata Punch EV,Hatchback,35.0,2021
12702,12126,BYD Atto 3,SUV,60.5,2020
12703,12127,Hyundai Kona Electric,SUV,39.2,2025
12704,12128,Mahindra XUV400,SUV,39.4,2020
12705,12129,Tata Nexon EV,SUV,30.2,2021
12706,12130,BYD Atto 3,SUV,60.5,2022
12707,12131,Tata Nexon EV,SUV,30.2,2021
12708,12132,Tata Tiago EV,Hatchback,24.0,2023
12709,12133,Kia EV6,SUV,77.4,2021
12710,12134,Tata Tiago EV,Hatchback,24.0,2025
12711,12135,Mahindra XUV400,SUV,39.4,2024
12712,12136,Mahindra XUV400,SUV,39.4,2020
12713,12137,Tata Tiago EV,Hatchback,24.0,2025
12714,12138,MG ZS EV,SUV,50.3,2021
12715,12139,Mahindra BE 6,SUV,59.0,2020
12716,12140,Tata Punch EV,Hatchback,35.0,2022
12717,12141,Tata Punch EV,Hatchback,35.0,2021
12718,12142,Hyundai Ioniq 5,SUV,72.6,2020
12719,12143,Mahindra XUV400,SUV,39.4,2023
12720,12144,Tata Tiago EV,Hatchback,24.0,2024
12721,12145,Tata Tiago EV,Hatchback,24.0,2023
12722,12146,Tata Nexon EV,SUV,30.2,2025
12723,12147,Hyundai Kona Electric,SUV,39.2,2022
12724,12148,BYD Atto 3,SUV,60.5,2025
12725,12149,Kia EV6,SUV,77.4,2020
12726,12150,Tata Tiago EV,Hatchback,24.0,2025
12727,12150,MG ZS EV,SUV,50.3,2023
12728,12151,Tata Punch EV,Hatchback,35.0,2025
12729,12152,Tata Tiago EV,Hatchback,24.0,2021
12730,12153,Hyundai Ioniq 5,SUV,72.6,2025
12731,12154,Kia EV6,SUV,77.4,2022
12732,12155,BYD Atto 3,SUV,60.5,2025
12733,12156,Tata Nexon EV,SUV,30.2,2022
12734,12157,BYD Atto 3,SUV,60.5,2021
12735,12157,Hyundai Ioniq 5,SUV,72.6,2021
12736,12158,MG ZS EV,SUV,50.3,2024
12737,12159,Hyundai Ioniq 5,SUV,72.6,2023
12738,12160,Tata Nexon EV,SUV,30.2,2021
12739,12160,Mahindra XUV400,SUV,39.4,2025
12740,12161,Mahindra BE 6,SUV,59.0,2025
12741,12161,MG ZS EV,SUV,50.3,2021
12742,12162,Hyundai Ioniq 5,SUV,72.6,2024
12743,12162,Mahindra BE 6,SUV,59.0,2020
12744,12163,MG ZS EV,SUV,50.3,2024
12745,12164,Tata Punch EV,Hatchback,35.0,2024
12746,12165,Kia EV6,SUV,77.4,2025
12747,12166,BYD Atto 3,SUV,60.5,2021
12748,12167,Kia EV6,SUV,77.4,2021
12749,12168,Tata Tiago EV,Hatchback,24.0,2021
12750,12169,Hyundai Kona Electric,SUV,39.2,2024
12751,12170,Hyundai Kona Electric,SUV,39.2,2025
12752,12171,Mahindra XUV400,SUV,39.4,2022
12753,12172,Tata Tiago EV,Hatchback,24.0,2022
12754,12173,Tata Tiago EV,Hatchback,24.0,2020
12755,12174,Hyundai Kona Electric,SUV,39.2,2024
12756,12175,Mahindra BE 6,SUV,59.0,2022
12757,12176,Tata Tiago EV,Hatchback,24.0,2025
12758,12177,Tata Tiago EV,Hatchback,24.0,2021
12759,12178,Mahindra BE 6,SUV,59.0,2025
12760,12179,Mahindra BE 6,SUV,59.0,2020
12761,12180,Mahindra BE 6,SUV,59.0,2023
12762,12181,Tata Punch EV,Hatchback,35.0,2020
12763,12182,Tata Nexon EV,SUV,30.2,2020
12764,12183,Mahindra XUV400,SUV,39.4,2024
12765,12184,MG ZS EV,SUV,50.3,2020
12766,12185,Tata Punch EV,Hatchback,35.0,2023
12767,12186,MG ZS EV,SUV,50.3,2021
12768,12187,Hyundai Kona Electric,SUV,39.2,2020
12769,12188,Mahindra BE 6,SUV,59.0,2020
12770,12189,Tata Punch EV,Hatchback,35.0,2025
12771,12190,Hyundai Kona Electric,SUV,39.2,2023
12772,12191,BYD Atto 3,SUV,60.5,2025
12773,12192,Tata Punch EV,Hatchback,35.0,2020
12774,12193,Kia EV6,SUV,77.4,2025
12775,12194,Mahindra BE 6,SUV,59.0,2021
12776,12195,Tata Tiago EV,Hatchback,24.0,2023
12777,12196,BYD Atto 3,SUV,60.5,2020
12778,12197,Tata Tiago EV,Hatchback,24.0,2020
12779,12198,MG ZS EV,SUV,50.3,2022
12780,12199,Hyundai Ioniq 5,SUV,72.6,2022
12781,12200,Hyundai Ioniq 5,SUV,72.6,2024
12782,12201,Mahindra XUV400,SUV,39.4,2021
12783,12202,MG ZS EV,SUV,50.3,2024
12784,12203,Hyundai Kona Electric,SUV,39.2,2023
12785,12204,Kia EV6,SUV,77.4,2022
12786,12205,Mahindra BE 6,SUV,59.0,2025
12787,12206,Mahindra BE 6,SUV,59.0,2023
12788,12207,Tata Punch EV,Hatchback,35.0,2022
12789,12208,Tata Tiago EV,Hatchback,24.0,2024
12790,12209,MG ZS EV,SUV,50.3,2024
12791,12210,BYD Atto 3,SUV,60.5,2023
12792,12211,Tata Nexon EV,SUV,30.2,2020
12793,12212,Tata Tiago EV,Hatchback,24.0,2023
12794,12212,Tata Punch EV,Hatchback,35.0,2024
12795,12213,Hyundai Ioniq 5,SUV,72.6,2021
12796,12213,Tata Nexon EV,SUV,30.2,2025
12797,12214,Tata Punch EV,Hatchback,35.0,2020
12798,12214,Hyundai Kona Electric,SUV,39.2,2025
12799,12215,BYD Atto 3,SUV,60.5,2021
12800,12216,Hyundai Ioniq 5,SUV,72.6,2024
12801,12217,Tata Nexon EV,SUV,30.2,2025
12802,12218,Hyundai Kona Electric,SUV,39.2,2023
12803,12219,Mahindra XUV400,SUV,39.4,2024
12804,12220,Mahindra XUV400,SUV,39.4,2023
12805,12221,Mahindra XUV400,SUV,39.4,2022
12806,12222,Mahindra XUV400,SUV,39.4,2024
12807,12222,Hyundai Ioniq 5,SUV,72.6,2022
12808,12223,Mahindra XUV400,SUV,39.4,2024
12809,12224,Tata Punch EV,Hatchback,35.0,2022
12810,12225,Tata Punch EV,Hatchback,35.0,2021
12811,12226,Hyundai Ioniq 5,SUV,72.6,2023
12812,12227,BYD Atto 3,SUV,60.5,2021
12813,12228,Mahindra XUV400,SUV,39.4,2022
12814,12229,Tata Nexon EV,SUV,30.2,2025
12815,12230,Tata Punch EV,Hatchback,35.0,2021
12816,12231,Tata Nexon EV,SUV,30.2,2022
12817,12232,MG ZS EV,SUV,50.3,2022
12818,12233,Tata Punch EV,Hatchback,35.0,2020
12819,12234,Tata Nexon EV,SUV,30.2,2023
12820,12235,Hyundai Ioniq 5,SUV,72.6,2025
12821,12236,MG ZS EV,SUV,50.3,2022
12822,12237,Hyundai Kona Electric,SUV,39.2,2025
12823,12238,Tata Nexon EV,SUV,30.2,2020
12824,12239,Mahindra BE 6,SUV,59.0,2023
12825,12240,Mahindra BE 6,SUV,59.0,2024
12826,12241,Tata Tiago EV,Hatchback,24.0,2021
12827,12241,Tata Tiago EV,Hatchback,24.0,2022
12828,12242,MG ZS EV,SUV,50.3,2020
12829,12243,Mahindra BE 6,SUV,59.0,2024
12830,12244,MG ZS EV,SUV,50.3,2025
12831,12245,BYD Atto 3,SUV,60.5,2021
12832,12246,MG ZS EV,SUV,50.3,2023
12833,12247,Hyundai Kona Electric,SUV,39.2,2024
12834,12247,Hyundai Kona Electric,SUV,39.2,2021
12835,12248,Tata Nexon EV,SUV,30.2,2025
12836,12249,MG ZS EV,SUV,50.3,2023
12837,12250,Tata Tiago EV,Hatchback,24.0,2025
12838,12251,Tata Tiago EV,Hatchback,24.0,2020
12839,12252,BYD Atto 3,SUV,60.5,2024
12840,12253,BYD Atto 3,SUV,60.5,2023
12841,12253,Mahindra BE 6,SUV,59.0,2021
12842,12254,Tata Punch EV,Hatchback,35.0,2024
12843,12255,Mahindra XUV400,SUV,39.4,2023
12844,12256,Mahindra XUV400,SUV,39.4,2025
12845,12257,BYD Atto 3,SUV,60.5,2025
12846,12258,BYD Atto 3,SUV,60.5,2022
12847,12259,BYD Atto 3,SUV,60.5,2025
12848,12260,Hyundai Ioniq 5,SUV,72.6,2025
12849,12261,MG ZS EV,SUV,50.3,2021
12850,12262,Tata Punch EV,Hatchback,35.0,2025
12851,12263,Mahindra BE 6,SUV,59.0,2024
12852,12264,Kia EV6,SUV,77.4,2024
12853,12265,BYD Atto 3,SUV,60.5,2024
12854,12266,Mahindra BE 6,SUV,59.0,2025
12855,12267,Hyundai Kona Electric,SUV,39.2,2022
12856,12268,MG ZS EV,SUV,50.3,2025
12857,12269,Mahindra BE 6,SUV,59.0,2021
12858,12270,Hyundai Kona Electric,SUV,39.2,2025
12859,12271,Tata Punch EV,Hatchback,35.0,2024
12860,12272,Hyundai Ioniq 5,SUV,72.6,2021
12861,12273,Tata Nexon EV,SUV,30.2,2020
12862,12274,Tata Tiago EV,Hatchback,24.0,2022
12863,12275,Tata Punch EV,Hatchback,35.0,2020
12864,12276,Mahindra XUV400,SUV,39.4,2023
12865,12277,Tata Tiago EV,Hatchback,24.0,2022
12866,12278,Tata Nexon EV,SUV,30.2,2023
12867,12279,Tata Nexon EV,SUV,30.2,2020
12868,12280,Tata Tiago EV,Hatchback,24.0,2021
12869,12281,Mahindra BE 6,SUV,59.0,2023
12870,12282,Tata Punch EV,Hatchback,35.0,2021
12871,12283,Tata Punch EV,Hatchback,35.0,2021
12872,12284,Kia EV6,SUV,77.4,2025
12873,12285,Tata Nexon EV,SUV,30.2,2021
12874,12286,Mahindra BE 6,SUV,59.0,2022
12875,12287,Hyundai Ioniq 5,SUV,72.6,2024
12876,12288,MG ZS EV,SUV,50.3,2020
12877,12289,Tata Punch EV,Hatchback,35.0,2022
12878,12290,Hyundai Ioniq 5,SUV,72.6,2022
12879,12291,Mahindra BE 6,SUV,59.0,2023
12880,12292,Tata Tiago EV,Hatchback,24.0,2025
12881,12293,MG ZS EV,SUV,50.3,2020
12882,12294,BYD Atto 3,SUV,60.5,2021
12883,12295,Mahindra XUV400,SUV,39.4,2025
12884,12296,Hyundai Ioniq 5,SUV,72.6,2024
12885,12297,Mahindra XUV400,SUV,39.4,2025
12886,12298,Hyundai Ioniq 5,SUV,72.6,2024
12887,12299,Tata Tiago EV,Hatchback,24.0,2021
12888,12300,Mahindra BE 6,SUV,59.0,2020
12889,12301,Hyundai Kona Electric,SUV,39.2,2020
12890,12302,Hyundai Kona Electric,SUV,39.2,2022
12891,12303,Tata Nexon EV,SUV,30.2,2022
12892,12304,Tata Tiago EV,Hatchback,24.0,2024
12893,12305,Hyundai Kona Electric,SUV,39.2,2024
12894,12306,MG ZS EV,SUV,50.3,2024
12895,12306,Hyundai Ioniq 5,SUV,72.6,2025
12896,12307,Hyundai Kona Electric,SUV,39.2,2025
12897,12308,MG ZS EV,SUV,50.3,2020
12898,12308,Kia EV6,SUV,77.4,2020
12899,12309,Hyundai Ioniq 5,SUV,72.6,2020
12900,12310,Hyundai Ioniq 5,SUV,72.6,2020
12901,12311,Hyundai Ioniq 5,SUV,72.6,2021
12902,12312,Tata Nexon EV,SUV,30.2,2020
12903,12313,Mahindra XUV400,SUV,39.4,2020
12904,12314,Hyundai Ioniq 5,SUV,72.6,2021
12905,12315,MG ZS EV,SUV,50.3,2025
12906,12316,Hyundai Kona Electric,SUV,39.2,2020
12907,12317,MG ZS EV,SUV,50.3,2022
12908,12318,Hyundai Ioniq 5,SUV,72.6,2020
12909,12319,Tata Punch EV,Hatchback,35.0,2023
12910,12320,Tata Tiago EV,Hatchback,24.0,2021
12911,12321,BYD Atto 3,SUV,60.5,2025
12912,12322,BYD Atto 3,SUV,60.5,2023
12913,12323,BYD Atto 3,SUV,60.5,2020
12914,12324,Tata Nexon EV,SUV,30.2,2022
12915,12325,BYD Atto 3,SUV,60.5,2024
12916,12326,Mahindra XUV400,SUV,39.4,2020
12917,12327,BYD Atto 3,SUV,60.5,2024
12918,12328,BYD Atto 3,SUV,60.5,2022
12919,12329,Hyundai Kona Electric,SUV,39.2,2020
12920,12330,Tata Tiago EV,Hatchback,24.0,2023
12921,12331,BYD Atto 3,SUV,60.5,2021
12922,12332,Hyundai Kona Electric,SUV,39.2,2020
12923,12333,Mahindra XUV400,SUV,39.4,2020
12924,12334,MG ZS EV,SUV,50.3,2022
12925,12335,Kia EV6,SUV,77.4,2024
12926,12336,Tata Tiago EV,Hatchback,24.0,2025
12927,12337,Mahindra BE 6,SUV,59.0,2025
12928,12338,Tata Nexon EV,SUV,30.2,2023
12929,12339,MG ZS EV,SUV,50.3,2020
12930,12340,Tata Tiago EV,Hatchback,24.0,2020
12931,12341,Tata Tiago EV,Hatchback,24.0,2022
12932,12342,Hyundai Ioniq 5,SUV,72.6,2025
12933,12343,Tata Punch EV,Hatchback,35.0,2025
12934,12344,Kia EV6,SUV,77.4,2020
12935,12345,Kia EV6,SUV,77.4,2025
12936,12346,Hyundai Kona Electric,SUV,39.2,2022
12937,12347,Tata Nexon EV,SUV,30.2,2020
12938,12348,Tata Nexon EV,SUV,30.2,2021
12939,12349,MG ZS EV,SUV,50.3,2023
12940,12350,Hyundai Ioniq 5,SUV,72.6,2025
12941,12351,Tata Tiago EV,Hatchback,24.0,2020
12942,12351,BYD Atto 3,SUV,60.5,2023
12943,12352,MG ZS EV,SUV,50.3,2020
12944,12352,Tata Punch EV,Hatchback,35.0,2023
12945,12353,Tata Tiago EV,Hatchback,24.0,2021
12946,12354,MG ZS EV,SUV,50.3,2023
12947,12355,Hyundai Ioniq 5,SUV,72.6,2021
12948,12356,Hyundai Ioniq 5,SUV,72.6,2021
12949,12357,Tata Tiago EV,Hatchback,24.0,2021
12950,12358,Mahindra BE 6,SUV,59.0,2023
12951,12359,MG ZS EV,SUV,50.3,2022
12952,12360,Tata Punch EV,Hatchback,35.0,2025
12953,12361,Hyundai Kona Electric,SUV,39.2,2025
12954,12362,Tata Tiago EV,Hatchback,24.0,2024
12955,12363,Hyundai Kona Electric,SUV,39.2,2021
12956,12364,Tata Punch EV,Hatchback,35.0,2025
12957,12365,Mahindra BE 6,SUV,59.0,2021
12958,12366,Mahindra XUV400,SUV,39.4,2020
12959,12367,Kia EV6,SUV,77.4,2020
12960,12368,Mahindra XUV400,SUV,39.4,2025
12961,12369,Hyundai Kona Electric,SUV,39.2,2022
12962,12370,Hyundai Kona Electric,SUV,39.2,2020
12963,12371,Tata Tiago EV,Hatchback,24.0,2021
12964,12372,Mahindra XUV400,SUV,39.4,2024
12965,12373,Tata Nexon EV,SUV,30.2,2024
12966,12374,Kia EV6,SUV,77.4,2024
12967,12375,Hyundai Ioniq 5,SUV,72.6,2020
12968,12375,Mahindra XUV400,SUV,39.4,2020
12969,12376,Hyundai Kona Electric,SUV,39.2,2024
12970,12377,BYD Atto 3,SUV,60.5,2025
12971,12378,Hyundai Kona Electric,SUV,39.2,2025
12972,12379,BYD Atto 3,SUV,60.5,2024
12973,12380,Kia EV6,SUV,77.4,2021
12974,12381,Hyundai Ioniq 5,SUV,72.6,2025
12975,12382,Tata Punch EV,Hatchback,35.0,2021
12976,12383,Tata Nexon EV,SUV,30.2,2020
12977,12384,BYD Atto 3,SUV,60.5,2025
12978,12385,BYD Atto 3,SUV,60.5,2021
12979,12386,BYD Atto 3,SUV,60.5,2024
12980,12387,Tata Punch EV,Hatchback,35.0,2025
12981,12388,Tata Nexon EV,SUV,30.2,2023
12982,12389,Hyundai Ioniq 5,SUV,72.6,2020
12983,12390,Hyundai Kona Electric,SUV,39.2,2024
12984,12391,Hyundai Ioniq 5,SUV,72.6,2023
12985,12392,Kia EV6,SUV,77.4,2025
12986,12393,Kia EV6,SUV,77.4,2023
12987,12394,Kia EV6,SUV,77.4,2022
12988,12395,Tata Punch EV,Hatchback,35.0,2020
12989,12396,MG ZS EV,SUV,50.3,2020
12990,12397,Tata Nexon EV,SUV,30.2,2024
12991,12398,Tata Nexon EV,SUV,30.2,2020
12992,12399,Tata Nexon EV,SUV,30.2,2025
12993,12400,Hyundai Ioniq 5,SUV,72.6,2024
12994,12401,Kia EV6,SUV,77.4,2020
12995,12402,Hyundai Ioniq 5,SUV,72.6,2020
12996,12403,Mahindra BE 6,SUV,59.0,2023
12997,12404,Mahindra BE 6,SUV,59.0,2025
12998,12405,MG ZS EV,SUV,50.3,2025
12999,12406,Hyundai Kona Electric,SUV,39.2,2024
13000,12407,Kia EV6,SUV,77.4,2021
13001,12408,Mahindra XUV400,SUV,39.4,2024
13002,12409,Mahindra XUV400,SUV,39.4,2024
13003,12410,Mahindra XUV400,SUV,39.4,2023
13004,12411,Mahindra XUV400,SUV,39.4,2020
13005,12412,Hyundai Kona Electric,SUV,39.2,2022
13006,12413,Tata Nexon EV,SUV,30.2,2023
13007,12414,BYD Atto 3,SUV,60.5,2023
13008,12415,MG ZS EV,SUV,50.3,2022
13009,12416,Tata Tiago EV,Hatchback,24.0,2020
13010,12417,Mahindra BE 6,SUV,59.0,2024
13011,12418,MG ZS EV,SUV,50.3,2025
13012,12419,MG ZS EV,SUV,50.3,2021
13013,12420,MG ZS EV,SUV,50.3,2025
13014,12421,Hyundai Ioniq 5,SUV,72.6,2024
13015,12422,BYD Atto 3,SUV,60.5,2025
13016,12423,Mahindra XUV400,SUV,39.4,2025
13017,12424,Hyundai Kona Electric,SUV,39.2,2022
13018,12425,Mahindra BE 6,SUV,59.0,2025
13019,12426,Kia EV6,SUV,77.4,2021
13020,12427,Kia EV6,SUV,77.4,2023
13021,12428,BYD Atto 3,SUV,60.5,2025
13022,12429,MG ZS EV,SUV,50.3,2023
13023,12430,Hyundai Kona Electric,SUV,39.2,2022
13024,12431,Mahindra BE 6,SUV,59.0,2021
13025,12432,Kia EV6,SUV,77.4,2023
13026,12433,MG ZS EV,SUV,50.3,2024
13027,12434,Tata Nexon EV,SUV,30.2,2021
13028,12435,Tata Punch EV,Hatchback,35.0,2024
13029,12436,Kia EV6,SUV,77.4,2021
13030,12436,Tata Tiago EV,Hatchback,24.0,2021
13031,12437,MG ZS EV,SUV,50.3,2024
13032,12438,Hyundai Ioniq 5,SUV,72.6,2024
13033,12439,Tata Tiago EV,Hatchback,24.0,2022
13034,12440,Mahindra XUV400,SUV,39.4,2021
13035,12441,Kia EV6,SUV,77.4,2024
13036,12442,Mahindra XUV400,SUV,39.4,2021
13037,12443,Kia EV6,SUV,77.4,2020
13038,12444,Tata Nexon EV,SUV,30.2,2021
13039,12444,Tata Punch EV,Hatchback,35.0,2020
13040,12445,Hyundai Kona Electric,SUV,39.2,2025
13041,12446,Mahindra BE 6,SUV,59.0,2022
13042,12447,Tata Tiago EV,Hatchback,24.0,2022
13043,12448,Tata Punch EV,Hatchback,35.0,2024
13044,12449,Tata Nexon EV,SUV,30.2,2024
13045,12450,Tata Nexon EV,SUV,30.2,2024
13046,12451,Kia EV6,SUV,77.4,2023
13047,12452,BYD Atto 3,SUV,60.5,2021
13048,12453,BYD Atto 3,SUV,60.5,2025
13049,12454,Hyundai Ioniq 5,SUV,72.6,2025
13050,12455,BYD Atto 3,SUV,60.5,2023
13051,12456,Tata Nexon EV,SUV,30.2,2023
13052,12457,Mahindra BE 6,SUV,59.0,2021
13053,12458,MG ZS EV,SUV,50.3,2021
13054,12459,MG ZS EV,SUV,50.3,2025
13055,12460,Hyundai Kona Electric,SUV,39.2,2021
13056,12461,Kia EV6,SUV,77.4,2023
13057,12462,MG ZS EV,SUV,50.3,2024
13058,12463,Mahindra BE 6,SUV,59.0,2020
13059,12464,Mahindra BE 6,SUV,59.0,2021
13060,12465,Mahindra XUV400,SUV,39.4,2022
13061,12466,BYD Atto 3,SUV,60.5,2023
13062,12467,MG ZS EV,SUV,50.3,2025
13063,12468,Kia EV6,SUV,77.4,2021
13064,12469,Hyundai Kona Electric,SUV,39.2,2025
13065,12470,Kia EV6,SUV,77.4,2020
13066,12471,Hyundai Kona Electric,SUV,39.2,2022
13067,12472,Tata Punch EV,Hatchback,35.0,2020
13068,12473,Kia EV6,SUV,77.4,2021
13069,12474,MG ZS EV,SUV,50.3,2021
13070,12475,Tata Punch EV,Hatchback,35.0,2024
13071,12475,Tata Nexon EV,SUV,30.2,2020
13072,12476,Hyundai Kona Electric,SUV,39.2,2023
13073,12477,Mahindra XUV400,SUV,39.4,2021
13074,12478,BYD Atto 3,SUV,60.5,2021
13075,12479,MG ZS EV,SUV,50.3,2025
13076,12480,Mahindra XUV400,SUV,39.4,2020
13077,12481,Kia EV6,SUV,77.4,2020
13078,12482,Tata Nexon EV,SUV,30.2,2025
13079,12483,BYD Atto 3,SUV,60.5,2025
13080,12484,Hyundai Kona Electric,SUV,39.2,2021
13081,12485,Mahindra XUV400,SUV,39.4,2021
13082,12486,MG ZS EV,SUV,50.3,2021
13083,12487,Tata Tiago EV,Hatchback,24.0,2023
13084,12488,MG ZS EV,SUV,50.3,2024
13085,12489,Tata Nexon EV,SUV,30.2,2022
13086,12490,MG ZS EV,SUV,50.3,2021
13087,12491,Tata Tiago EV,Hatchback,24.0,2021
13088,12492,BYD Atto 3,SUV,60.5,2025
13089,12493,Tata Nexon EV,SUV,30.2,2024
13090,12494,Mahindra XUV400,SUV,39.4,2025
13091,12495,Tata Nexon EV,SUV,30.2,2022
13092,12496,MG ZS EV,SUV,50.3,2025
13093,12497,Tata Nexon EV,SUV,30.2,2021
13094,12498,Kia EV6,SUV,77.4,2024
13095,12498,Mahindra BE 6,SUV,59.0,2022
13096,12499,BYD Atto 3,SUV,60.5,2021
13097,12500,Kia EV6,SUV,77.4,2021
13098,12501,Mahindra XUV400,SUV,39.4,2023
13099,12502,MG ZS EV,SUV,50.3,2021
13100,12503,Tata Punch EV,Hatchback,35.0,2020
13101,12504,MG ZS EV,SUV,50.3,2025
13102,12505,Tata Punch EV,Hatchback,35.0,2020
13103,12506,Hyundai Kona Electric,SUV,39.2,2020
13104,12507,Tata Nexon EV,SUV,30.2,2025
13105,12508,Mahindra BE 6,SUV,59.0,2022
13106,12509,Tata Punch EV,Hatchback,35.0,2022
13107,12510,Kia EV6,SUV,77.4,2021
13108,12511,Kia EV6,SUV,77.4,2021
13109,12512,Tata Nexon EV,SUV,30.2,2024
13110,12513,Kia EV6,SUV,77.4,2023
13111,12514,Tata Punch EV,Hatchback,35.0,2023
13112,12515,Tata Tiago EV,Hatchback,24.0,2022
13113,12516,Tata Punch EV,Hatchback,35.0,2025
13114,12517,Mahindra BE 6,SUV,59.0,2020
13115,12518,BYD Atto 3,SUV,60.5,2021
13116,12519,Hyundai Ioniq 5,SUV,72.6,2022
13117,12520,Mahindra BE 6,SUV,59.0,2022
13118,12521,BYD Atto 3,SUV,60.5,2023
13119,12522,Tata Tiago EV,Hatchback,24.0,2022
13120,12523,Kia EV6,SUV,77.4,2020
13121,12524,MG ZS EV,SUV,50.3,2025
13122,12525,Tata Nexon EV,SUV,30.2,2025
13123,12526,Kia EV6,SUV,77.4,2020
13124,12527,Tata Punch EV,Hatchback,35.0,2025
13125,12528,Tata Tiago EV,Hatchback,24.0,2024
13126,12529,Mahindra XUV400,SUV,39.4,2021
13127,12530,Kia EV6,SUV,77.4,2024
13128,12531,Tata Tiago EV,Hatchback,24.0,2023
13129,12532,Tata Nexon EV,SUV,30.2,2020
13130,12533,Tata Punch EV,Hatchback,35.0,2020
13131,12534,Mahindra XUV400,SUV,39.4,2020
13132,12535,Tata Punch EV,Hatchback,35.0,2025
13133,12536,Tata Tiago EV,Hatchback,24.0,2024
13134,12537,Tata Punch EV,Hatchback,35.0,2022
13135,12538,Kia EV6,SUV,77.4,2020
13136,12538,MG ZS EV,SUV,50.3,2020
13137,12539,Hyundai Kona Electric,SUV,39.2,2021
13138,12540,MG ZS EV,SUV,50.3,2025
13139,12541,Hyundai Ioniq 5,SUV,72.6,2023
13140,12542,Mahindra XUV400,SUV,39.4,2023
13141,12543,BYD Atto 3,SUV,60.5,2021
13142,12544,Tata Tiago EV,Hatchback,24.0,2020
13143,12545,Tata Punch EV,Hatchback,35.0,2022
13144,12546,Mahindra XUV400,SUV,39.4,2023
13145,12547,Mahindra BE 6,SUV,59.0,2020
13146,12548,BYD Atto 3,SUV,60.5,2022
13147,12549,Tata Tiago EV,Hatchback,24.0,2023
13148,12550,Hyundai Kona Electric,SUV,39.2,2021
13149,12551,Hyundai Kona Electric,SUV,39.2,2025
13150,12552,Mahindra BE 6,SUV,59.0,2022
13151,12553,Tata Tiago EV,Hatchback,24.0,2025
13152,12554,Kia EV6,SUV,77.4,2021
13153,12555,Hyundai Kona Electric,SUV,39.2,2022
13154,12556,Kia EV6,SUV,77.4,2023
13155,12557,Mahindra XUV400,SUV,39.4,2021
13156,12558,MG ZS EV,SUV,50.3,2020
13157,12559,MG ZS EV,SUV,50.3,2025
13158,12560,Hyundai Kona Electric,SUV,39.2,2024
13159,12561,Tata Tiago EV,Hatchback,24.0,2022
13160,12562,Hyundai Kona Electric,SUV,39.2,2023
13161,12563,BYD Atto 3,SUV,60.5,2025
13162,12564,MG ZS EV,SUV,50.3,2023
13163,12565,MG ZS EV,SUV,50.3,2024
13164,12566,Mahindra BE 6,SUV,59.0,2025
13165,12566,Hyundai Kona Electric,SUV,39.2,2021
13166,12567,MG ZS EV,SUV,50.3,2020
13167,12568,MG ZS EV,SUV,50.3,2025
13168,12569,Hyundai Kona Electric,SUV,39.2,2021
13169,12570,Hyundai Ioniq 5,SUV,72.6,2024
13170,12571,Hyundai Ioniq 5,SUV,72.6,2021
13171,12572,Mahindra BE 6,SUV,59.0,2022
13172,12573,MG ZS EV,SUV,50.3,2023
13173,12574,Mahindra BE 6,SUV,59.0,2024
13174,12575,MG ZS EV,SUV,50.3,2022
13175,12576,BYD Atto 3,SUV,60.5,2020
13176,12577,Tata Nexon EV,SUV,30.2,2022
13177,12578,Tata Punch EV,Hatchback,35.0,2024
13178,12579,Mahindra BE 6,SUV,59.0,2023
13179,12580,Tata Nexon EV,SUV,30.2,2024
13180,12581,Kia EV6,SUV,77.4,2020
13181,12582,Hyundai Kona Electric,SUV,39.2,2024
13182,12583,Hyundai Ioniq 5,SUV,72.6,2020
13183,12584,BYD Atto 3,SUV,60.5,2025
13184,12585,Tata Tiago EV,Hatchback,24.0,2023
13185,12586,Tata Tiago EV,Hatchback,24.0,2023
13186,12587,Tata Tiago EV,Hatchback,24.0,2023
13187,12588,Mahindra XUV400,SUV,39.4,2020
13188,12589,Hyundai Kona Electric,SUV,39.2,2021
13189,12590,Mahindra XUV400,SUV,39.4,2023
13190,12591,Tata Nexon EV,SUV,30.2,2023
13191,12592,Mahindra XUV400,SUV,39.4,2024
13192,12593,BYD Atto 3,SUV,60.5,2023
13193,12593,Mahindra BE 6,SUV,59.0,2023
13194,12594,Hyundai Kona Electric,SUV,39.2,2025
13195,12595,BYD Atto 3,SUV,60.5,2021
13196,12596,Tata Nexon EV,SUV,30.2,2020
13197,12597,Tata Tiago EV,Hatchback,24.0,2024
13198,12598,Tata Nexon EV,SUV,30.2,2022
13199,12599,BYD Atto 3,SUV,60.5,2024
13200,12600,BYD Atto 3,SUV,60.5,2021
13201,12601,Tata Tiago EV,Hatchback,24.0,2020
13202,12602,MG ZS EV,SUV,50.3,2025
13203,12603,Tata Tiago EV,Hatchback,24.0,2022
13204,12604,Hyundai Kona Electric,SUV,39.2,2021
13205,12605,Hyundai Kona Electric,SUV,39.2,2023
13206,12606,Hyundai Kona Electric,SUV,39.2,2020
13207,12607,Tata Tiago EV,Hatchback,24.0,2023
13208,12608,Tata Nexon EV,SUV,30.2,2024
13209,12609,Mahindra XUV400,SUV,39.4,2022
13210,12610,Tata Tiago EV,Hatchback,24.0,2025
13211,12611,Hyundai Kona Electric,SUV,39.2,2021
13212,12612,Hyundai Ioniq 5,SUV,72.6,2020
13213,12613,Tata Tiago EV,Hatchback,24.0,2024
13214,12614,Tata Punch EV,Hatchback,35.0,2020
13215,12615,Hyundai Ioniq 5,SUV,72.6,2024
13216,12616,Kia EV6,SUV,77.4,2020
13217,12617,Kia EV6,SUV,77.4,2024
13218,12618,Hyundai Kona Electric,SUV,39.2,2022
13219,12619,Kia EV6,SUV,77.4,2025
13220,12620,MG ZS EV,SUV,50.3,2023
13221,12621,Mahindra BE 6,SUV,59.0,2025
13222,12622,Mahindra XUV400,SUV,39.4,2024
13223,12623,Tata Nexon EV,SUV,30.2,2020
13224,12624,Tata Tiago EV,Hatchback,24.0,2024
13225,12625,Kia EV6,SUV,77.4,2022
13226,12626,Mahindra BE 6,SUV,59.0,2024
13227,12627,Mahindra XUV400,SUV,39.4,2025
13228,12628,Tata Nexon EV,SUV,30.2,2025
13229,12629,MG ZS EV,SUV,50.3,2022
13230,12630,Mahindra BE 6,SUV,59.0,2023
13231,12631,BYD Atto 3,SUV,60.5,2022
13232,12632,Hyundai Ioniq 5,SUV,72.6,2023
13233,12633,Tata Punch EV,Hatchback,35.0,2021
13234,12634,MG ZS EV,SUV,50.3,2020
13235,12635,Mahindra BE 6,SUV,59.0,2021
13236,12635,Tata Tiago EV,Hatchback,24.0,2022
13237,12636,Tata Nexon EV,SUV,30.2,2022
13238,12637,Hyundai Ioniq 5,SUV,72.6,2023
13239,12638,Tata Punch EV,Hatchback,35.0,2020
13240,12639,Tata Nexon EV,SUV,30.2,2021
13241,12640,Tata Tiago EV,Hatchback,24.0,2025
13242,12641,MG ZS EV,SUV,50.3,2020
13243,12642,Tata Tiago EV,Hatchback,24.0,2023
13244,12642,Mahindra BE 6,SUV,59.0,2023
13245,12643,Kia EV6,SUV,77.4,2022
13246,12644,Hyundai Kona Electric,SUV,39.2,2022
13247,12645,Hyundai Ioniq 5,SUV,72.6,2023
13248,12645,Tata Tiago EV,Hatchback,24.0,2024
13249,12646,Tata Tiago EV,Hatchback,24.0,2023
13250,12647,BYD Atto 3,SUV,60.5,2025
13251,12648,Tata Tiago EV,Hatchback,24.0,2022
13252,12649,Mahindra XUV400,SUV,39.4,2024
13253,12650,Tata Nexon EV,SUV,30.2,2025
13254,12651,Mahindra BE 6,SUV,59.0,2021
13255,12651,Tata Punch EV,Hatchback,35.0,2025
13256,12652,Tata Punch EV,Hatchback,35.0,2020
13257,12653,Hyundai Kona Electric,SUV,39.2,2025
13258,12654,Tata Tiago EV,Hatchback,24.0,2024
13259,12655,Mahindra XUV400,SUV,39.4,2024
13260,12656,Tata Nexon EV,SUV,30.2,2020
13261,12657,Tata Punch EV,Hatchback,35.0,2022
13262,12658,Hyundai Ioniq 5,SUV,72.6,2024
13263,12659,MG ZS EV,SUV,50.3,2023
13264,12660,Hyundai Kona Electric,SUV,39.2,2024
13265,12661,Tata Punch EV,Hatchback,35.0,2020
13266,12662,MG ZS EV,SUV,50.3,2023
13267,12663,Hyundai Kona Electric,SUV,39.2,2022
13268,12664,Hyundai Ioniq 5,SUV,72.6,2025
13269,12665,Tata Tiago EV,Hatchback,24.0,2020
13270,12666,Mahindra XUV400,SUV,39.4,2020
13271,12667,Kia EV6,SUV,77.4,2024
13272,12668,Hyundai Ioniq 5,SUV,72.6,2025
13273,12669,Mahindra BE 6,SUV,59.0,2020
13274,12670,Tata Punch EV,Hatchback,35.0,2024
13275,12671,Tata Punch EV,Hatchback,35.0,2023
13276,12672,Tata Tiago EV,Hatchback,24.0,2020
13277,12673,Mahindra XUV400,SUV,39.4,2022
13278,12674,Tata Nexon EV,SUV,30.2,2021
13279,12675,Kia EV6,SUV,77.4,2020
13280,12676,Kia EV6,SUV,77.4,2023
13281,12677,MG ZS EV,SUV,50.3,2020
13282,12678,Hyundai Kona Electric,SUV,39.2,2020
13283,12679,Hyundai Kona Electric,SUV,39.2,2025
13284,12680,Hyundai Kona Electric,SUV,39.2,2025
13285,12681,Mahindra XUV400,SUV,39.4,2025
13286,12682,Hyundai Kona Electric,SUV,39.2,2024
13287,12683,Hyundai Ioniq 5,SUV,72.6,2021
13288,12684,Tata Punch EV,Hatchback,35.0,2021
13289,12685,MG ZS EV,SUV,50.3,2025
13290,12686,Hyundai Kona Electric,SUV,39.2,2025
13291,12687,Tata Tiago EV,Hatchback,24.0,2025
13292,12687,Tata Punch EV,Hatchback,35.0,2023
13293,12688,Mahindra XUV400,SUV,39.4,2022
13294,12689,MG ZS EV,SUV,50.3,2020
13295,12690,Hyundai Kona Electric,SUV,39.2,2025
13296,12691,MG ZS EV,SUV,50.3,2021
13297,12692,BYD Atto 3,SUV,60.5,2022
13298,12693,MG ZS EV,SUV,50.3,2020
13299,12694,Hyundai Ioniq 5,SUV,72.6,2022
13300,12695,Mahindra XUV400,SUV,39.4,2023
13301,12696,Kia EV6,SUV,77.4,2024
13302,12697,Tata Punch EV,Hatchback,35.0,2024
13303,12698,MG ZS EV,SUV,50.3,2025
13304,12699,Hyundai Ioniq 5,SUV,72.6,2025
13305,12700,Kia EV6,SUV,77.4,2022
13306,12701,Hyundai Kona Electric,SUV,39.2,2020
13307,12702,Mahindra BE 6,SUV,59.0,2022
13308,12703,Tata Tiago EV,Hatchback,24.0,2021
13309,12704,Tata Nexon EV,SUV,30.2,2020
13310,12705,Kia EV6,SUV,77.4,2022
13311,12706,MG ZS EV,SUV,50.3,2024
13312,12707,Tata Punch EV,Hatchback,35.0,2021
13313,12708,Hyundai Ioniq 5,SUV,72.6,2020
13314,12709,Mahindra XUV400,SUV,39.4,2021
13315,12710,Hyundai Ioniq 5,SUV,72.6,2021
13316,12711,MG ZS EV,SUV,50.3,2025
13317,12712,Hyundai Kona Electric,SUV,39.2,2023
13318,12713,Tata Tiago EV,Hatchback,24.0,2022
13319,12714,Hyundai Kona Electric,SUV,39.2,2021
13320,12715,Kia EV6,SUV,77.4,2020
13321,12716,Tata Tiago EV,Hatchback,24.0,2023
13322,12717,Tata Nexon EV,SUV,30.2,2021
13323,12718,Kia EV6,SUV,77.4,2020
13324,12719,Mahindra BE 6,SUV,59.0,2020
13325,12720,Mahindra BE 6,SUV,59.0,2024
13326,12721,MG ZS EV,SUV,50.3,2024
13327,12722,Tata Punch EV,Hatchback,35.0,2022
13328,12723,Tata Punch EV,Hatchback,35.0,2022
13329,12724,Kia EV6,SUV,77.4,2024
13330,12725,BYD Atto 3,SUV,60.5,2022
13331,12725,Kia EV6,SUV,77.4,2020
13332,12726,BYD Atto 3,SUV,60.5,2020
13333,12727,MG ZS EV,SUV,50.3,2022
13334,12728,Kia EV6,SUV,77.4,2024
13335,12729,Tata Nexon EV,SUV,30.2,2022
13336,12730,Hyundai Kona Electric,SUV,39.2,2025
13337,12731,Hyundai Kona Electric,SUV,39.2,2021
13338,12732,Tata Tiago EV,Hatchback,24.0,2023
13339,12733,Mahindra XUV400,SUV,39.4,2021
13340,12734,Hyundai Kona Electric,SUV,39.2,2021
13341,12735,Hyundai Ioniq 5,SUV,72.6,2020
13342,12736,Mahindra BE 6,SUV,59.0,2023
13343,12737,BYD Atto 3,SUV,60.5,2024
13344,12738,Tata Punch EV,Hatchback,35.0,2022
13345,12739,Tata Tiago EV,Hatchback,24.0,2021
13346,12740,Hyundai Kona Electric,SUV,39.2,2025
13347,12741,Tata Tiago EV,Hatchback,24.0,2020
13348,12742,BYD Atto 3,SUV,60.5,2020
13349,12743,BYD Atto 3,SUV,60.5,2021
13350,12744,BYD Atto 3,SUV,60.5,2024
13351,12745,Hyundai Ioniq 5,SUV,72.6,2020
13352,12746,Hyundai Kona Electric,SUV,39.2,2023
13353,12746,Tata Punch EV,Hatchback,35.0,2022
13354,12747,Mahindra XUV400,SUV,39.4,2023
13355,12748,Hyundai Ioniq 5,SUV,72.6,2025
13356,12749,Tata Tiago EV,Hatchback,24.0,2023
13357,12750,Mahindra XUV400,SUV,39.4,2021
13358,12751,BYD Atto 3,SUV,60.5,2025
13359,12752,Tata Punch EV,Hatchback,35.0,2021
13360,12753,Tata Tiago EV,Hatchback,24.0,2024
13361,12754,Tata Tiago EV,Hatchback,24.0,2021
13362,12755,Tata Punch EV,Hatchback,35.0,2023
13363,12756,BYD Atto 3,SUV,60.5,2023
13364,12757,BYD Atto 3,SUV,60.5,2021
13365,12758,Tata Punch EV,Hatchback,35.0,2020
13366,12759,Mahindra BE 6,SUV,59.0,2024
13367,12760,Tata Nexon EV,SUV,30.2,2020
13368,12761,Mahindra BE 6,SUV,59.0,2021
13369,12762,Mahindra BE 6,SUV,59.0,2025
13370,12763,Kia EV6,SUV,77.4,2024
13371,12764,Tata Nexon EV,SUV,30.2,2021
13372,12765,BYD Atto 3,SUV,60.5,2021
13373,12766,Kia EV6,SUV,77.4,2024
13374,12766,Tata Nexon EV,SUV,30.2,2022
13375,12767,BYD Atto 3,SUV,60.5,2024
13376,12768,Kia EV6,SUV,77.4,2020
13377,12769,Mahindra BE 6,SUV,59.0,2025
13378,12770,Hyundai Kona Electric,SUV,39.2,2023
13379,12771,MG ZS EV,SUV,50.3,2020
13380,12772,Kia EV6,SUV,77.4,2022
13381,12773,BYD Atto 3,SUV,60.5,2021
13382,12774,Tata Punch EV,Hatchback,35.0,2025
13383,12775,Mahindra XUV400,SUV,39.4,2024
13384,12776,Hyundai Kona Electric,SUV,39.2,2023
13385,12776,Mahindra XUV400,SUV,39.4,2022
13386,12777,Hyundai Kona Electric,SUV,39.2,2025
13387,12777,Kia EV6,SUV,77.4,2024
13388,12778,Tata Nexon EV,SUV,30.2,2024
13389,12779,Mahindra BE 6,SUV,59.0,2021
13390,12780,Tata Tiago EV,Hatchback,24.0,2025
13391,12781,Tata Nexon EV,SUV,30.2,2022
13392,12782,BYD Atto 3,SUV,60.5,2024
13393,12783,Hyundai Ioniq 5,SUV,72.6,2022
13394,12784,Tata Nexon EV,SUV,30.2,2025
13395,12785,BYD Atto 3,SUV,60.5,2023
13396,12786,Tata Tiago EV,Hatchback,24.0,2025
13397,12787,Mahindra BE 6,SUV,59.0,2023
13398,12788,BYD Atto 3,SUV,60.5,2025
13399,12789,Tata Punch EV,Hatchback,35.0,2025
13400,12790,Hyundai Ioniq 5,SUV,72.6,2023
13401,12791,Mahindra XUV400,SUV,39.4,2024
13402,12792,Mahindra BE 6,SUV,59.0,2023
13403,12793,Mahindra BE 6,SUV,59.0,2024
13404,12794,Hyundai Ioniq 5,SUV,72.6,2025
13405,12795,Mahindra BE 6,SUV,59.0,2025
13406,12796,BYD Atto 3,SUV,60.5,2021
13407,12797,Hyundai Ioniq 5,SUV,72.6,2021
13408,12798,Tata Nexon EV,SUV,30.2,2020
13409,12799,Mahindra XUV400,SUV,39.4,2023
13410,12800,Kia EV6,SUV,77.4,2021
13411,12801,MG ZS EV,SUV,50.3,2020
13412,12802,Hyundai Ioniq 5,SUV,72.6,2023
13413,12803,MG ZS EV,SUV,50.3,2022
13414,12804,Tata Nexon EV,SUV,30.2,2021
13415,12805,Tata Punch EV,Hatchback,35.0,2021
13416,12806,Mahindra XUV400,SUV,39.4,2021
13417,12807,Mahindra XUV400,SUV,39.4,2023
13418,12808,MG ZS EV,SUV,50.3,2024
13419,12809,Mahindra XUV400,SUV,39.4,2022
13420,12810,MG ZS EV,SUV,50.3,2022
13421,12811,Hyundai Kona Electric,SUV,39.2,2022
13422,12812,Tata Tiago EV,Hatchback,24.0,2021
13423,12813,Hyundai Kona Electric,SUV,39.2,2024
13424,12814,Tata Tiago EV,Hatchback,24.0,2025
13425,12815,Tata Tiago EV,Hatchback,24.0,2023
13426,12816,Tata Tiago EV,Hatchback,24.0,2021
13427,12817,BYD Atto 3,SUV,60.5,2023
13428,12818,Tata Nexon EV,SUV,30.2,2021
13429,12819,Tata Nexon EV,SUV,30.2,2020
13430,12820,Tata Tiago EV,Hatchback,24.0,2022
13431,12821,Hyundai Kona Electric,SUV,39.2,2020
13432,12822,Hyundai Kona Electric,SUV,39.2,2024
13433,12823,Tata Punch EV,Hatchback,35.0,2025
13434,12824,Kia EV6,SUV,77.4,2022
13435,12824,Hyundai Ioniq 5,SUV,72.6,2020
13436,12825,Mahindra BE 6,SUV,59.0,2024
13437,12826,Tata Punch EV,Hatchback,35.0,2022
13438,12827,Tata Punch EV,Hatchback,35.0,2023
13439,12828,Kia EV6,SUV,77.4,2022
13440,12829,Mahindra BE 6,SUV,59.0,2021
13441,12830,Tata Nexon EV,SUV,30.2,2021
13442,12831,Hyundai Kona Electric,SUV,39.2,2022
13443,12832,Mahindra BE 6,SUV,59.0,2023
13444,12833,Tata Nexon EV,SUV,30.2,2024
13445,12834,Tata Nexon EV,SUV,30.2,2024
13446,12835,BYD Atto 3,SUV,60.5,2025
13447,12836,BYD Atto 3,SUV,60.5,2023
13448,12837,Mahindra XUV400,SUV,39.4,2025
13449,12838,BYD Atto 3,SUV,60.5,2024
13450,12839,Mahindra XUV400,SUV,39.4,2025
13451,12840,Hyundai Ioniq 5,SUV,72.6,2022
13452,12841,Hyundai Ioniq 5,SUV,72.6,2021
13453,12842,BYD Atto 3,SUV,60.5,2022
13454,12843,Hyundai Ioniq 5,SUV,72.6,2025
13455,12844,Kia EV6,SUV,77.4,2025
13456,12845,Tata Punch EV,Hatchback,35.0,2024
13457,12846,BYD Atto 3,SUV,60.5,2024
13458,12847,Tata Punch EV,Hatchback,35.0,2021
13459,12848,BYD Atto 3,SUV,60.5,2024
13460,12849,BYD Atto 3,SUV,60.5,2024
13461,12850,Hyundai Ioniq 5,SUV,72.6,2022
13462,12851,MG ZS EV,SUV,50.3,2022
13463,12852,Kia EV6,SUV,77.4,2021
13464,12853,Tata Tiago EV,Hatchback,24.0,2020
13465,12853,Mahindra BE 6,SUV,59.0,2022
13466,12854,Hyundai Kona Electric,SUV,39.2,2021
13467,12855,Mahindra XUV400,SUV,39.4,2025
13468,12856,Tata Tiago EV,Hatchback,24.0,2025
13469,12857,Hyundai Kona Electric,SUV,39.2,2024
13470,12858,Kia EV6,SUV,77.4,2021
13471,12859,BYD Atto 3,SUV,60.5,2023
13472,12860,Tata Tiago EV,Hatchback,24.0,2023
13473,12860,Tata Punch EV,Hatchback,35.0,2020
13474,12861,Mahindra BE 6,SUV,59.0,2025
13475,12862,Mahindra BE 6,SUV,59.0,2023
13476,12863,Hyundai Ioniq 5,SUV,72.6,2022
13477,12864,Mahindra XUV400,SUV,39.4,2025
13478,12865,Tata Nexon EV,SUV,30.2,2022
13479,12866,Hyundai Kona Electric,SUV,39.2,2025
13480,12867,Tata Tiago EV,Hatchback,24.0,2025
13481,12868,Hyundai Kona Electric,SUV,39.2,2022
13482,12869,Mahindra BE 6,SUV,59.0,2024
13483,12870,Tata Punch EV,Hatchback,35.0,2024
13484,12871,BYD Atto 3,SUV,60.5,2024
13485,12872,MG ZS EV,SUV,50.3,2020
13486,12873,Tata Tiago EV,Hatchback,24.0,2025
13487,12874,Hyundai Ioniq 5,SUV,72.6,2023
13488,12875,BYD Atto 3,SUV,60.5,2025
13489,12876,Kia EV6,SUV,77.4,2020
13490,12877,Mahindra BE 6,SUV,59.0,2023
13491,12878,Kia EV6,SUV,77.4,2020
13492,12879,Tata Nexon EV,SUV,30.2,2020
13493,12880,Tata Punch EV,Hatchback,35.0,2020
13494,12881,MG ZS EV,SUV,50.3,2022
13495,12882,Mahindra XUV400,SUV,39.4,2023
13496,12883,Kia EV6,SUV,77.4,2025
13497,12884,Hyundai Ioniq 5,SUV,72.6,2025
13498,12885,Kia EV6,SUV,77.4,2020
13499,12886,Mahindra BE 6,SUV,59.0,2021
13500,12887,MG ZS EV,SUV,50.3,2022
13501,12888,Tata Nexon EV,SUV,30.2,2022
13502,12889,Hyundai Kona Electric,SUV,39.2,2020
13503,12890,Mahindra XUV400,SUV,39.4,2025
13504,12891,Hyundai Kona Electric,SUV,39.2,2025
13505,12892,Hyundai Ioniq 5,SUV,72.6,2023
13506,12893,Kia EV6,SUV,77.4,2022
13507,12894,Mahindra XUV400,SUV,39.4,2024
13508,12895,Tata Tiago EV,Hatchback,24.0,2024
13509,12896,Tata Tiago EV,Hatchback,24.0,2021
13510,12897,MG ZS EV,SUV,50.3,2022
13511,12898,Hyundai Ioniq 5,SUV,72.6,2022
13512,12899,Hyundai Kona Electric,SUV,39.2,2025
13513,12900,Tata Nexon EV,SUV,30.2,2021
13514,12901,MG ZS EV,SUV,50.3,2025
13515,12902,Tata Punch EV,Hatchback,35.0,2020
13516,12903,MG ZS EV,SUV,50.3,2020
13517,12904,Mahindra XUV400,SUV,39.4,2024
13518,12905,Mahindra XUV400,SUV,39.4,2022
13519,12906,Tata Nexon EV,SUV,30.2,2020
13520,12907,Hyundai Ioniq 5,SUV,72.6,2022
13521,12908,Hyundai Ioniq 5,SUV,72.6,2021
13522,12909,Mahindra BE 6,SUV,59.0,2021
13523,12910,Mahindra BE 6,SUV,59.0,2023
13524,12911,Mahindra XUV400,SUV,39.4,2021
13525,12912,Kia EV6,SUV,77.4,2022
13526,12913,Tata Tiago EV,Hatchback,24.0,2023
13527,12914,Tata Nexon EV,SUV,30.2,2024
13528,12915,Tata Nexon EV,SUV,30.2,2024
13529,12916,Kia EV6,SUV,77.4,2024
13530,12917,MG ZS EV,SUV,50.3,2021
13531,12918,Mahindra BE 6,SUV,59.0,2022
13532,12919,MG ZS EV,SUV,50.3,2020
13533,12920,Tata Punch EV,Hatchback,35.0,2020
13534,12921,MG ZS EV,SUV,50.3,2025
13535,12922,Mahindra BE 6,SUV,59.0,2021
13536,12923,Kia EV6,SUV,77.4,2025
13537,12924,Hyundai Kona Electric,SUV,39.2,2020
13538,12925,BYD Atto 3,SUV,60.5,2021
13539,12926,Mahindra XUV400,SUV,39.4,2020
13540,12927,BYD Atto 3,SUV,60.5,2025
13541,12928,Hyundai Kona Electric,SUV,39.2,2021
13542,12929,Hyundai Ioniq 5,SUV,72.6,2022
13543,12930,Hyundai Ioniq 5,SUV,72.6,2024
13544,12931,Hyundai Kona Electric,SUV,39.2,2024
13545,12932,Mahindra BE 6,SUV,59.0,2020
13546,12933,BYD Atto 3,SUV,60.5,2024
13547,12934,MG ZS EV,SUV,50.3,2024
13548,12935,Hyundai Kona Electric,SUV,39.2,2023
13549,12936,Mahindra BE 6,SUV,59.0,2022
13550,12937,Mahindra BE 6,SUV,59.0,2023
13551,12938,Tata Punch EV,Hatchback,35.0,2020
13552,12939,Tata Nexon EV,SUV,30.2,2024
13553,12939,Hyundai Kona Electric,SUV,39.2,2025
13554,12940,MG ZS EV,SUV,50.3,2025
13555,12941,Tata Tiago EV,Hatchback,24.0,2021
13556,12942,BYD Atto 3,SUV,60.5,2020
13557,12943,Tata Tiago EV,Hatchback,24.0,2025
13558,12944,MG ZS EV,SUV,50.3,2020
13559,12945,Tata Punch EV,Hatchback,35.0,2025
13560,12946,Hyundai Kona Electric,SUV,39.2,2020
13561,12947,Tata Tiago EV,Hatchback,24.0,2021
13562,12948,Hyundai Ioniq 5,SUV,72.6,2023
13563,12948,Tata Nexon EV,SUV,30.2,2024
13564,12949,Mahindra XUV400,SUV,39.4,2020
13565,12950,Hyundai Ioniq 5,SUV,72.6,2025
13566,12951,Tata Tiago EV,Hatchback,24.0,2020
13567,12952,Mahindra XUV400,SUV,39.4,2022
13568,12953,Tata Punch EV,Hatchback,35.0,2022
13569,12954,Tata Tiago EV,Hatchback,24.0,2024
13570,12955,MG ZS EV,SUV,50.3,2020
13571,12956,MG ZS EV,SUV,50.3,2020
13572,12957,Tata Nexon EV,SUV,30.2,2024
13573,12957,Kia EV6,SUV,77.4,2024
13574,12958,Mahindra BE 6,SUV,59.0,2024
13575,12958,Mahindra BE 6,SUV,59.0,2023
13576,12959,Tata Nexon EV,SUV,30.2,2021
13577,12960,MG ZS EV,SUV,50.3,2022
13578,12961,BYD Atto 3,SUV,60.5,2024
13579,12962,Mahindra BE 6,SUV,59.0,2021
13580,12963,Hyundai Ioniq 5,SUV,72.6,2024
13581,12964,MG ZS EV,SUV,50.3,2021
13582,12965,Mahindra XUV400,SUV,39.4,2021
13583,12966,BYD Atto 3,SUV,60.5,2022
13584,12967,Mahindra XUV400,SUV,39.4,2022
13585,12968,Mahindra XUV400,SUV,39.4,2020
13586,12969,Hyundai Ioniq 5,SUV,72.6,2025
13587,12970,MG ZS EV,SUV,50.3,2023
13588,12971,Hyundai Ioniq 5,SUV,72.6,2024
13589,12972,BYD Atto 3,SUV,60.5,2025
13590,12973,Tata Tiago EV,Hatchback,24.0,2024
13591,12974,Hyundai Ioniq 5,SUV,72.6,2021
13592,12975,BYD Atto 3,SUV,60.5,2022
13593,12976,Kia EV6,SUV,77.4,2024
13594,12977,Hyundai Kona Electric,SUV,39.2,2023
13595,12978,Hyundai Kona Electric,SUV,39.2,2023
13596,12979,BYD Atto 3,SUV,60.5,2023
13597,12980,Kia EV6,SUV,77.4,2021
13598,12981,Mahindra BE 6,SUV,59.0,2022
13599,12982,Mahindra BE 6,SUV,59.0,2022
13600,12983,Hyundai Kona Electric,SUV,39.2,2024
13601,12984,MG ZS EV,SUV,50.3,2023
13602,12985,Tata Tiago EV,Hatchback,24.0,2023
13603,12986,Tata Tiago EV,Hatchback,24.0,2020
13604,12987,BYD Atto 3,SUV,60.5,2024
13605,12988,Mahindra XUV400,SUV,39.4,2024
13606,12989,Tata Nexon EV,SUV,30.2,2021
13607,12990,Hyundai Kona Electric,SUV,39.2,2024
13608,12991,Tata Nexon EV,SUV,30.2,2022
13609,12991,Hyundai Kona Electric,SUV,39.2,2020
13610,12992,Mahindra BE 6,SUV,59.0,2021
13611,12993,MG ZS EV,SUV,50.3,2023
13612,12994,MG ZS EV,SUV,50.3,2024
13613,12995,Tata Punch EV,Hatchback,35.0,2022
13614,12996,Hyundai Ioniq 5,SUV,72.6,2022
13615,12997,Tata Tiago EV,Hatchback,24.0,2024
13616,12998,Tata Tiago EV,Hatchback,24.0,2023
13617,12999,Mahindra XUV400,SUV,39.4,2024
13618,13000,Hyundai Ioniq 5,SUV,72.6,2020
13619,13001,BYD Atto 3,SUV,60.5,2021
13620,13002,MG ZS EV,SUV,50.3,2024
13621,13003,Kia EV6,SUV,77.4,2025
13622,13004,BYD Atto 3,SUV,60.5,2024
13623,13005,Mahindra XUV400,SUV,39.4,2021
13624,13006,Hyundai Ioniq 5,SUV,72.6,2023
13625,13007,Mahindra BE 6,SUV,59.0,2021
13626,13008,BYD Atto 3,SUV,60.5,2024
13627,13009,Tata Punch EV,Hatchback,35.0,2021
13628,13010,Mahindra BE 6,SUV,59.0,2020
13629,13011,BYD Atto 3,SUV,60.5,2024
13630,13012,Mahindra XUV400,SUV,39.4,2025
13631,13013,Mahindra XUV400,SUV,39.4,2023
13632,13013,Tata Punch EV,Hatchback,35.0,2022
13633,13014,Tata Tiago EV,Hatchback,24.0,2022
13634,13015,Tata Nexon EV,SUV,30.2,2022
13635,13016,Mahindra XUV400,SUV,39.4,2022
13636,13017,BYD Atto 3,SUV,60.5,2024
13637,13018,Mahindra XUV400,SUV,39.4,2025
13638,13019,Mahindra BE 6,SUV,59.0,2025
13639,13020,Mahindra XUV400,SUV,39.4,2022
13640,13021,Hyundai Ioniq 5,SUV,72.6,2025
13641,13022,Hyundai Ioniq 5,SUV,72.6,2022
13642,13023,Tata Nexon EV,SUV,30.2,2021
13643,13024,Mahindra XUV400,SUV,39.4,2021
13644,13025,MG ZS EV,SUV,50.3,2023
13645,13026,Mahindra BE 6,SUV,59.0,2022
13646,13027,Tata Punch EV,Hatchback,35.0,2022
13647,13028,Kia EV6,SUV,77.4,2020
13648,13029,BYD Atto 3,SUV,60.5,2025
13649,13030,Tata Nexon EV,SUV,30.2,2025
13650,13031,Hyundai Ioniq 5,SUV,72.6,2020
13651,13032,Mahindra XUV400,SUV,39.4,2022
13652,13033,Hyundai Kona Electric,SUV,39.2,2021
13653,13034,Mahindra BE 6,SUV,59.0,2025
13654,13035,Tata Tiago EV,Hatchback,24.0,2024
13655,13036,Tata Punch EV,Hatchback,35.0,2023
13656,13037,Hyundai Kona Electric,SUV,39.2,2022
13657,13038,BYD Atto 3,SUV,60.5,2021
13658,13039,Tata Tiago EV,Hatchback,24.0,2020
13659,13040,Mahindra XUV400,SUV,39.4,2020
13660,13041,Tata Tiago EV,Hatchback,24.0,2022
13661,13042,Hyundai Ioniq 5,SUV,72.6,2022
13662,13043,Kia EV6,SUV,77.4,2023
13663,13044,BYD Atto 3,SUV,60.5,2022
13664,13045,Kia EV6,SUV,77.4,2023
13665,13046,Kia EV6,SUV,77.4,2022
13666,13047,Hyundai Ioniq 5,SUV,72.6,2023
13667,13048,BYD Atto 3,SUV,60.5,2024
13668,13049,Tata Punch EV,Hatchback,35.0,2024
13669,13049,Tata Nexon EV,SUV,30.2,2020
13670,13050,Mahindra XUV400,SUV,39.4,2021
13671,13051,Kia EV6,SUV,77.4,2022
13672,13052,Kia EV6,SUV,77.4,2021
13673,13052,Kia EV6,SUV,77.4,2024
13674,13053,Tata Nexon EV,SUV,30.2,2021
13675,13054,Tata Punch EV,Hatchback,35.0,2025
13676,13055,Tata Tiago EV,Hatchback,24.0,2025
13677,13056,Kia EV6,SUV,77.4,2023
13678,13057,Hyundai Kona Electric,SUV,39.2,2022
13679,13058,BYD Atto 3,SUV,60.5,2024
13680,13059,Mahindra XUV400,SUV,39.4,2023
13681,13060,Hyundai Ioniq 5,SUV,72.6,2025
13682,13061,Hyundai Kona Electric,SUV,39.2,2025
13683,13061,BYD Atto 3,SUV,60.5,2020
13684,13062,Hyundai Kona Electric,SUV,39.2,2025
13685,13062,Tata Nexon EV,SUV,30.2,2022
13686,13063,BYD Atto 3,SUV,60.5,2020
13687,13064,Hyundai Kona Electric,SUV,39.2,2022
13688,13065,Hyundai Kona Electric,SUV,39.2,2024
13689,13066,Hyundai Ioniq 5,SUV,72.6,2022
13690,13067,BYD Atto 3,SUV,60.5,2020
13691,13068,BYD Atto 3,SUV,60.5,2024
13692,13069,Kia EV6,SUV,77.4,2025
13693,13070,MG ZS EV,SUV,50.3,2023
13694,13071,Mahindra BE 6,SUV,59.0,2025
13695,13071,Hyundai Ioniq 5,SUV,72.6,2025
13696,13072,Hyundai Ioniq 5,SUV,72.6,2021
13697,13073,Mahindra BE 6,SUV,59.0,2021
13698,13074,Tata Tiago EV,Hatchback,24.0,2021
13699,13075,Tata Tiago EV,Hatchback,24.0,2021
13700,13076,Mahindra XUV400,SUV,39.4,2023
13701,13076,Mahindra XUV400,SUV,39.4,2024
13702,13077,BYD Atto 3,SUV,60.5,2022
13703,13078,Tata Tiago EV,Hatchback,24.0,2023
13704,13079,Kia EV6,SUV,77.4,2020
13705,13080,Hyundai Kona Electric,SUV,39.2,2024
13706,13081,Tata Punch EV,Hatchback,35.0,2021
13707,13082,Tata Punch EV,Hatchback,35.0,2025
13708,13083,Hyundai Ioniq 5,SUV,72.6,2022
13709,13084,Tata Nexon EV,SUV,30.2,2023
13710,13085,Mahindra BE 6,SUV,59.0,2021
13711,13086,Tata Tiago EV,Hatchback,24.0,2020
13712,13087,BYD Atto 3,SUV,60.5,2022
13713,13088,Hyundai Ioniq 5,SUV,72.6,2020
13714,13089,MG ZS EV,SUV,50.3,2024
13715,13090,Tata Punch EV,Hatchback,35.0,2025
13716,13091,Hyundai Ioniq 5,SUV,72.6,2023
13717,13092,Hyundai Kona Electric,SUV,39.2,2021
13718,13093,Mahindra XUV400,SUV,39.4,2024
13719,13094,Tata Nexon EV,SUV,30.2,2022
13720,13095,Hyundai Kona Electric,SUV,39.2,2022
13721,13096,Mahindra XUV400,SUV,39.4,2024
13722,13097,Hyundai Kona Electric,SUV,39.2,2023
13723,13098,Hyundai Kona Electric,SUV,39.2,2021
13724,13099,Kia EV6,SUV,77.4,2020
13725,13100,Tata Tiago EV,Hatchback,24.0,2023
13726,13101,Mahindra XUV400,SUV,39.4,2022
13727,13101,Mahindra BE 6,SUV,59.0,2022
13728,13102,BYD Atto 3,SUV,60.5,2025
13729,13103,Tata Tiago EV,Hatchback,24.0,2022
13730,13104,BYD Atto 3,SUV,60.5,2022
13731,13105,Hyundai Ioniq 5,SUV,72.6,2025
13732,13106,Tata Nexon EV,SUV,30.2,2022
13733,13106,Hyundai Kona Electric,SUV,39.2,2021
13734,13107,Hyundai Kona Electric,SUV,39.2,2024
13735,13108,Tata Tiago EV,Hatchback,24.0,2020
13736,13109,Mahindra XUV400,SUV,39.4,2022
13737,13110,BYD Atto 3,SUV,60.5,2021
13738,13111,Hyundai Ioniq 5,SUV,72.6,2021
13739,13112,BYD Atto 3,SUV,60.5,2021
13740,13113,Tata Tiago EV,Hatchback,24.0,2023
13741,13114,Mahindra BE 6,SUV,59.0,2023
13742,13115,Hyundai Ioniq 5,SUV,72.6,2024
13743,13116,Mahindra XUV400,SUV,39.4,2025
13744,13117,BYD Atto 3,SUV,60.5,2023
13745,13118,MG ZS EV,SUV,50.3,2023
13746,13119,MG ZS EV,SUV,50.3,2023
13747,13120,Tata Nexon EV,SUV,30.2,2023
13748,13120,Kia EV6,SUV,77.4,2021
13749,13121,Mahindra XUV400,SUV,39.4,2021
13750,13121,Tata Punch EV,Hatchback,35.0,2020
13751,13122,Hyundai Ioniq 5,SUV,72.6,2020
13752,13123,Mahindra XUV400,SUV,39.4,2022
13753,13124,MG ZS EV,SUV,50.3,2023
13754,13125,Tata Nexon EV,SUV,30.2,2024
13755,13126,MG ZS EV,SUV,50.3,2024
13756,13127,Tata Punch EV,Hatchback,35.0,2020
13757,13128,Mahindra XUV400,SUV,39.4,2020
13758,13129,Hyundai Ioniq 5,SUV,72.6,2020
13759,13130,Tata Nexon EV,SUV,30.2,2025
13760,13131,Tata Tiago EV,Hatchback,24.0,2020
13761,13132,Tata Punch EV,Hatchback,35.0,2023
13762,13133,Hyundai Kona Electric,SUV,39.2,2023
13763,13134,Tata Punch EV,Hatchback,35.0,2024
13764,13135,BYD Atto 3,SUV,60.5,2023
13765,13136,Mahindra BE 6,SUV,59.0,2020
13766,13137,Tata Nexon EV,SUV,30.2,2020
13767,13137,MG ZS EV,SUV,50.3,2021
13768,13138,Tata Punch EV,Hatchback,35.0,2022
13769,13139,Tata Nexon EV,SUV,30.2,2021
13770,13140,Tata Nexon EV,SUV,30.2,2020
13771,13141,Tata Punch EV,Hatchback,35.0,2024
13772,13142,MG ZS EV,SUV,50.3,2022
13773,13143,Mahindra XUV400,SUV,39.4,2024
13774,13144,Tata Punch EV,Hatchback,35.0,2024
13775,13145,Kia EV6,SUV,77.4,2025
13776,13146,Mahindra XUV400,SUV,39.4,2023
13777,13147,MG ZS EV,SUV,50.3,2021
13778,13148,Kia EV6,SUV,77.4,2024
13779,13149,Tata Tiago EV,Hatchback,24.0,2025
13780,13150,Tata Punch EV,Hatchback,35.0,2020
13781,13151,Tata Tiago EV,Hatchback,24.0,2020
13782,13152,BYD Atto 3,SUV,60.5,2023
13783,13153,Mahindra XUV400,SUV,39.4,2020
13784,13154,Hyundai Ioniq 5,SUV,72.6,2024
13785,13154,Tata Punch EV,Hatchback,35.0,2020
13786,13155,Tata Tiago EV,Hatchback,24.0,2022
13787,13156,BYD Atto 3,SUV,60.5,2022
13788,13157,Tata Tiago EV,Hatchback,24.0,2024
13789,13158,BYD Atto 3,SUV,60.5,2023
13790,13159,Kia EV6,SUV,77.4,2020
13791,13160,Hyundai Kona Electric,SUV,39.2,2020
13792,13161,BYD Atto 3,SUV,60.5,2022
13793,13162,BYD Atto 3,SUV,60.5,2021
13794,13163,Tata Nexon EV,SUV,30.2,2021
13795,13164,BYD Atto 3,SUV,60.5,2024
13796,13165,Mahindra XUV400,SUV,39.4,2020
13797,13166,Hyundai Kona Electric,SUV,39.2,2024
13798,13167,BYD Atto 3,SUV,60.5,2024
13799,13168,BYD Atto 3,SUV,60.5,2023
13800,13169,Tata Nexon EV,SUV,30.2,2020
13801,13170,MG ZS EV,SUV,50.3,2021
13802,13171,Tata Punch EV,Hatchback,35.0,2021
13803,13172,Tata Punch EV,Hatchback,35.0,2021
13804,13173,Tata Tiago EV,Hatchback,24.0,2022
13805,13173,Mahindra XUV400,SUV,39.4,2024
13806,13174,Kia EV6,SUV,77.4,2025
13807,13175,Tata Nexon EV,SUV,30.2,2022
13808,13176,Tata Punch EV,Hatchback,35.0,2023
13809,13177,Tata Punch EV,Hatchback,35.0,2021
13810,13177,Tata Tiago EV,Hatchback,24.0,2021
13811,13178,Mahindra XUV400,SUV,39.4,2021
13812,13179,Tata Tiago EV,Hatchback,24.0,2024
13813,13180,Kia EV6,SUV,77.4,2021
13814,13181,Mahindra XUV400,SUV,39.4,2022
13815,13182,Hyundai Ioniq 5,SUV,72.6,2023
13816,13183,Hyundai Kona Electric,SUV,39.2,2023
13817,13184,Tata Punch EV,Hatchback,35.0,2025
13818,13184,Tata Punch EV,Hatchback,35.0,2023
13819,13185,Mahindra BE 6,SUV,59.0,2023
13820,13186,Hyundai Kona Electric,SUV,39.2,2020
13821,13187,MG ZS EV,SUV,50.3,2025
13822,13187,Tata Nexon EV,SUV,30.2,2024
13823,13188,Kia EV6,SUV,77.4,2024
13824,13189,MG ZS EV,SUV,50.3,2024
13825,13189,Tata Punch EV,Hatchback,35.0,2025
13826,13190,Hyundai Kona Electric,SUV,39.2,2025
13827,13191,Tata Punch EV,Hatchback,35.0,2025
13828,13192,Hyundai Ioniq 5,SUV,72.6,2025
13829,13193,Tata Punch EV,Hatchback,35.0,2022
13830,13194,BYD Atto 3,SUV,60.5,2023
13831,13195,Kia EV6,SUV,77.4,2022
13832,13196,Kia EV6,SUV,77.4,2021
13833,13197,Mahindra BE 6,SUV,59.0,2022
13834,13198,Tata Nexon EV,SUV,30.2,2022
13835,13199,Kia EV6,SUV,77.4,2020
13836,13200,MG ZS EV,SUV,50.3,2022
13837,13201,Mahindra XUV400,SUV,39.4,2022
13838,13202,Hyundai Kona Electric,SUV,39.2,2022
13839,13203,Tata Tiago EV,Hatchback,24.0,2024
13840,13204,Hyundai Ioniq 5,SUV,72.6,2023
13841,13205,Tata Nexon EV,SUV,30.2,2021
13842,13206,Tata Nexon EV,SUV,30.2,2023
13843,13207,MG ZS EV,SUV,50.3,2020
13844,13208,Tata Punch EV,Hatchback,35.0,2022
13845,13209,Hyundai Kona Electric,SUV,39.2,2021
13846,13210,Mahindra XUV400,SUV,39.4,2025
13847,13211,Hyundai Ioniq 5,SUV,72.6,2021
13848,13212,MG ZS EV,SUV,50.3,2022
13849,13213,Mahindra BE 6,SUV,59.0,2024
13850,13214,BYD Atto 3,SUV,60.5,2021
13851,13215,Hyundai Ioniq 5,SUV,72.6,2022
13852,13216,Tata Tiago EV,Hatchback,24.0,2020
13853,13217,Mahindra XUV400,SUV,39.4,2023
13854,13218,BYD Atto 3,SUV,60.5,2021
13855,13219,Hyundai Kona Electric,SUV,39.2,2023
13856,13220,Tata Tiago EV,Hatchback,24.0,2025
13857,13221,Mahindra BE 6,SUV,59.0,2020
13858,13222,MG ZS EV,SUV,50.3,2022
13859,13223,BYD Atto 3,SUV,60.5,2021
13860,13224,Kia EV6,SUV,77.4,2021
13861,13225,BYD Atto 3,SUV,60.5,2022
13862,13226,Tata Tiago EV,Hatchback,24.0,2021
13863,13227,Hyundai Ioniq 5,SUV,72.6,2022
13864,13228,Hyundai Kona Electric,SUV,39.2,2024
13865,13229,Tata Nexon EV,SUV,30.2,2023
13866,13230,Hyundai Kona Electric,SUV,39.2,2023
13867,13231,Mahindra XUV400,SUV,39.4,2024
13868,13231,Mahindra BE 6,SUV,59.0,2024
13869,13232,Tata Tiago EV,Hatchback,24.0,2024
13870,13233,MG ZS EV,SUV,50.3,2025
13871,13234,Tata Nexon EV,SUV,30.2,2024
13872,13234,Tata Nexon EV,SUV,30.2,2022
13873,13235,Mahindra BE 6,SUV,59.0,2020
13874,13236,Mahindra XUV400,SUV,39.4,2020
13875,13236,Hyundai Kona Electric,SUV,39.2,2021
13876,13237,Tata Nexon EV,SUV,30.2,2021
13877,13238,Hyundai Kona Electric,SUV,39.2,2025
13878,13239,BYD Atto 3,SUV,60.5,2025
13879,13240,Mahindra BE 6,SUV,59.0,2022
13880,13241,BYD Atto 3,SUV,60.5,2023
13881,13242,Tata Punch EV,Hatchback,35.0,2025
13882,13243,Kia EV6,SUV,77.4,2021
13883,13244,Hyundai Kona Electric,SUV,39.2,2023
13884,13245,Tata Nexon EV,SUV,30.2,2025
13885,13246,Mahindra XUV400,SUV,39.4,2025
13886,13247,Hyundai Ioniq 5,SUV,72.6,2023
13887,13248,BYD Atto 3,SUV,60.5,2025
13888,13249,Mahindra XUV400,SUV,39.4,2020
13889,13250,Mahindra BE 6,SUV,59.0,2020
13890,13251,MG ZS EV,SUV,50.3,2024
13891,13252,Mahindra XUV400,SUV,39.4,2025
13892,13253,Tata Punch EV,Hatchback,35.0,2020
13893,13254,Mahindra XUV400,SUV,39.4,2020
13894,13255,Mahindra XUV400,SUV,39.4,2024
13895,13256,Tata Tiago EV,Hatchback,24.0,2024
13896,13257,Mahindra BE 6,SUV,59.0,2024
13897,13258,Hyundai Kona Electric,SUV,39.2,2022
13898,13259,Tata Tiago EV,Hatchback,24.0,2020
13899,13260,Hyundai Kona Electric,SUV,39.2,2020
13900,13261,Mahindra BE 6,SUV,59.0,2020
13901,13262,Hyundai Ioniq 5,SUV,72.6,2022
13902,13263,Tata Nexon EV,SUV,30.2,2023
13903,13264,Tata Nexon EV,SUV,30.2,2022
13904,13264,Mahindra BE 6,SUV,59.0,2023
13905,13265,Kia EV6,SUV,77.4,2024
13906,13265,Tata Tiago EV,Hatchback,24.0,2021
13907,13266,Tata Nexon EV,SUV,30.2,2025
13908,13267,Mahindra XUV400,SUV,39.4,2025
13909,13268,Mahindra BE 6,SUV,59.0,2025
13910,13269,Mahindra XUV400,SUV,39.4,2023
13911,13270,Tata Tiago EV,Hatchback,24.0,2020
13912,13271,Mahindra XUV400,SUV,39.4,2025
13913,13272,BYD Atto 3,SUV,60.5,2023
13914,13273,Hyundai Ioniq 5,SUV,72.6,2021
13915,13274,Mahindra XUV400,SUV,39.4,2025
13916,13275,MG ZS EV,SUV,50.3,2021
13917,13275,Kia EV6,SUV,77.4,2020
13918,13276,Hyundai Ioniq 5,SUV,72.6,2023
13919,13277,BYD Atto 3,SUV,60.5,2025
13920,13278,Tata Nexon EV,SUV,30.2,2022
13921,13279,MG ZS EV,SUV,50.3,2021
13922,13280,Kia EV6,SUV,77.4,2023
13923,13281,MG ZS EV,SUV,50.3,2021
13924,13282,Tata Nexon EV,SUV,30.2,2024
13925,13283,Mahindra BE 6,SUV,59.0,2024
13926,13284,Hyundai Kona Electric,SUV,39.2,2021
13927,13285,Tata Nexon EV,SUV,30.2,2024
13928,13286,Mahindra XUV400,SUV,39.4,2020
13929,13287,Kia EV6,SUV,77.4,2021
13930,13288,Mahindra BE 6,SUV,59.0,2025
13931,13289,Mahindra XUV400,SUV,39.4,2024
13932,13290,BYD Atto 3,SUV,60.5,2024
13933,13291,Mahindra XUV400,SUV,39.4,2022
13934,13292,Kia EV6,SUV,77.4,2025
13935,13293,Mahindra XUV400,SUV,39.4,2020
13936,13294,Mahindra XUV400,SUV,39.4,2024
13937,13295,Hyundai Ioniq 5,SUV,72.6,2021
13938,13296,Tata Punch EV,Hatchback,35.0,2021
13939,13297,Kia EV6,SUV,77.4,2021
13940,13298,Kia EV6,SUV,77.4,2024
13941,13298,MG ZS EV,SUV,50.3,2020
13942,13299,Kia EV6,SUV,77.4,2024
13943,13300,Mahindra BE 6,SUV,59.0,2023
13944,13301,Mahindra XUV400,SUV,39.4,2021
13945,13302,Kia EV6,SUV,77.4,2025
13946,13303,Hyundai Ioniq 5,SUV,72.6,2025
13947,13304,Kia EV6,SUV,77.4,2021
13948,13305,Hyundai Ioniq 5,SUV,72.6,2020
13949,13306,Hyundai Ioniq 5,SUV,72.6,2023
13950,13307,Hyundai Kona Electric,SUV,39.2,2023
13951,13308,Tata Punch EV,Hatchback,35.0,2024
13952,13309,Tata Tiago EV,Hatchback,24.0,2023
13953,13310,Tata Nexon EV,SUV,30.2,2023
13954,13311,Tata Nexon EV,SUV,30.2,2025
13955,13312,BYD Atto 3,SUV,60.5,2020
13956,13313,BYD Atto 3,SUV,60.5,2020
13957,13314,Tata Nexon EV,SUV,30.2,2025
13958,13315,Kia EV6,SUV,77.4,2025
13959,13316,Hyundai Kona Electric,SUV,39.2,2024
13960,13317,Kia EV6,SUV,77.4,2024
13961,13318,Mahindra BE 6,SUV,59.0,2022
13962,13319,Tata Nexon EV,SUV,30.2,2022
13963,13320,Mahindra XUV400,SUV,39.4,2020
13964,13321,Hyundai Ioniq 5,SUV,72.6,2025
13965,13322,Hyundai Ioniq 5,SUV,72.6,2020
13966,13323,Hyundai Kona Electric,SUV,39.2,2025
13967,13324,Hyundai Ioniq 5,SUV,72.6,2020
13968,13325,Mahindra BE 6,SUV,59.0,2024
13969,13326,Tata Punch EV,Hatchback,35.0,2021
13970,13327,Tata Punch EV,Hatchback,35.0,2022
13971,13328,Tata Nexon EV,SUV,30.2,2020
13972,13329,Tata Tiago EV,Hatchback,24.0,2024
13973,13330,Hyundai Ioniq 5,SUV,72.6,2025
13974,13331,Tata Tiago EV,Hatchback,24.0,2022
13975,13332,Mahindra BE 6,SUV,59.0,2020
13976,13333,Tata Tiago EV,Hatchback,24.0,2021
13977,13334,Mahindra BE 6,SUV,59.0,2024
13978,13335,Tata Punch EV,Hatchback,35.0,2025
13979,13336,MG ZS EV,SUV,50.3,2023
13980,13336,Kia EV6,SUV,77.4,2021
13981,13337,Mahindra XUV400,SUV,39.4,2025
13982,13338,Mahindra XUV400,SUV,39.4,2025
13983,13339,Mahindra XUV400,SUV,39.4,2021
13984,13340,Hyundai Kona Electric,SUV,39.2,2023
13985,13340,Mahindra BE 6,SUV,59.0,2025
13986,13341,Mahindra BE 6,SUV,59.0,2022
13987,13342,Mahindra XUV400,SUV,39.4,2020
13988,13343,Tata Nexon EV,SUV,30.2,2025
13989,13344,Tata Tiago EV,Hatchback,24.0,2025
13990,13345,Hyundai Kona Electric,SUV,39.2,2023
13991,13345,Kia EV6,SUV,77.4,2020
13992,13346,Mahindra BE 6,SUV,59.0,2020
13993,13347,BYD Atto 3,SUV,60.5,2020
13994,13348,Mahindra XUV400,SUV,39.4,2022
13995,13349,Hyundai Ioniq 5,SUV,72.6,2021
13996,13350,Kia EV6,SUV,77.4,2022
13997,13351,Hyundai Kona Electric,SUV,39.2,2021
13998,13352,Hyundai Kona Electric,SUV,39.2,2024
13999,13353,Hyundai Kona Electric,SUV,39.2,2023
14000,13354,MG ZS EV,SUV,50.3,2023
14001,13355,BYD Atto 3,SUV,60.5,2020
14002,13356,Tata Nexon EV,SUV,30.2,2021
14003,13357,Mahindra BE 6,SUV,59.0,2025
14004,13358,Mahindra XUV400,SUV,39.4,2024
14005,13359,Kia EV6,SUV,77.4,2021
14006,13360,Hyundai Ioniq 5,SUV,72.6,2025
14007,13361,MG ZS EV,SUV,50.3,2024
14008,13362,Kia EV6,SUV,77.4,2024
14009,13363,Hyundai Kona Electric,SUV,39.2,2025
14010,13364,Hyundai Ioniq 5,SUV,72.6,2022
14011,13365,Tata Punch EV,Hatchback,35.0,2020
14012,13366,Tata Tiago EV,Hatchback,24.0,2023
14013,13367,Tata Punch EV,Hatchback,35.0,2022
14014,13368,Hyundai Ioniq 5,SUV,72.6,2025
14015,13369,Hyundai Ioniq 5,SUV,72.6,2024
14016,13370,Tata Tiago EV,Hatchback,24.0,2025
14017,13371,BYD Atto 3,SUV,60.5,2021
14018,13372,MG ZS EV,SUV,50.3,2025
14019,13373,MG ZS EV,SUV,50.3,2025
14020,13374,Hyundai Ioniq 5,SUV,72.6,2024
14021,13374,Hyundai Kona Electric,SUV,39.2,2022
14022,13375,Hyundai Kona Electric,SUV,39.2,2024
14023,13376,Kia EV6,SUV,77.4,2025
14024,13377,BYD Atto 3,SUV,60.5,2021
14025,13378,BYD Atto 3,SUV,60.5,2020
14026,13379,Kia EV6,SUV,77.4,2020
14027,13380,Mahindra XUV400,SUV,39.4,2022
14028,13381,Tata Tiago EV,Hatchback,24.0,2025
14029,13382,MG ZS EV,SUV,50.3,2023
14030,13383,Tata Tiago EV,Hatchback,24.0,2020
14031,13384,Tata Punch EV,Hatchback,35.0,2024
14032,13385,Mahindra XUV400,SUV,39.4,2022
14033,13386,Tata Tiago EV,Hatchback,24.0,2024
14034,13387,Hyundai Ioniq 5,SUV,72.6,2021
14035,13388,Mahindra BE 6,SUV,59.0,2022
14036,13389,Hyundai Ioniq 5,SUV,72.6,2025
14037,13390,Kia EV6,SUV,77.4,2025
14038,13391,Tata Punch EV,Hatchback,35.0,2021
14039,13392,BYD Atto 3,SUV,60.5,2021
14040,13393,Hyundai Ioniq 5,SUV,72.6,2025
14041,13394,Tata Tiago EV,Hatchback,24.0,2020
14042,13395,Kia EV6,SUV,77.4,2024
14043,13395,Tata Punch EV,Hatchback,35.0,2020
14044,13396,Mahindra XUV400,SUV,39.4,2020
14045,13396,Hyundai Kona Electric,SUV,39.2,2022
14046,13397,Mahindra BE 6,SUV,59.0,2022
14047,13398,Hyundai Ioniq 5,SUV,72.6,2020
14048,13399,Tata Tiago EV,Hatchback,24.0,2021
14049,13400,Mahindra BE 6,SUV,59.0,2021
14050,13401,Tata Punch EV,Hatchback,35.0,2025
14051,13402,Kia EV6,SUV,77.4,2020
14052,13403,Tata Nexon EV,SUV,30.2,2021
14053,13404,BYD Atto 3,SUV,60.5,2021
14054,13405,Tata Nexon EV,SUV,30.2,2021
14055,13406,Mahindra BE 6,SUV,59.0,2023
14056,13407,Kia EV6,SUV,77.4,2021
14057,13408,Kia EV6,SUV,77.4,2022
14058,13409,Hyundai Ioniq 5,SUV,72.6,2020
14059,13410,Tata Punch EV,Hatchback,35.0,2025
14060,13411,BYD Atto 3,SUV,60.5,2023
14061,13412,Tata Punch EV,Hatchback,35.0,2024
14062,13413,Mahindra BE 6,SUV,59.0,2024
14063,13414,Tata Punch EV,Hatchback,35.0,2022
14064,13415,Hyundai Ioniq 5,SUV,72.6,2022
14065,13416,Hyundai Kona Electric,SUV,39.2,2020
14066,13417,Kia EV6,SUV,77.4,2023
14067,13418,Hyundai Ioniq 5,SUV,72.6,2024
14068,13419,Hyundai Kona Electric,SUV,39.2,2020
14069,13420,BYD Atto 3,SUV,60.5,2025
14070,13421,Hyundai Kona Electric,SUV,39.2,2025
14071,13422,Tata Tiago EV,Hatchback,24.0,2021
14072,13423,Tata Punch EV,Hatchback,35.0,2023
14073,13424,Hyundai Kona Electric,SUV,39.2,2020
14074,13425,MG ZS EV,SUV,50.3,2022
14075,13426,Tata Tiago EV,Hatchback,24.0,2022
14076,13427,BYD Atto 3,SUV,60.5,2024
14077,13428,Tata Tiago EV,Hatchback,24.0,2022
14078,13429,Hyundai Kona Electric,SUV,39.2,2021
14079,13430,Hyundai Kona Electric,SUV,39.2,2022
14080,13431,Tata Punch EV,Hatchback,35.0,2024
14081,13432,BYD Atto 3,SUV,60.5,2021
14082,13433,Mahindra XUV400,SUV,39.4,2023
14083,13434,MG ZS EV,SUV,50.3,2020
14084,13435,Tata Nexon EV,SUV,30.2,2021
14085,13436,Mahindra XUV400,SUV,39.4,2025
14086,13437,Kia EV6,SUV,77.4,2020
14087,13438,Hyundai Kona Electric,SUV,39.2,2021
14088,13438,Tata Punch EV,Hatchback,35.0,2023
14089,13439,Hyundai Kona Electric,SUV,39.2,2024
14090,13440,Tata Tiago EV,Hatchback,24.0,2023
14091,13441,Mahindra BE 6,SUV,59.0,2020
14092,13442,Kia EV6,SUV,77.4,2025
14093,13443,Mahindra BE 6,SUV,59.0,2022
14094,13444,Tata Punch EV,Hatchback,35.0,2025
14095,13445,Tata Tiago EV,Hatchback,24.0,2021
14096,13446,Tata Nexon EV,SUV,30.2,2020
14097,13447,Tata Tiago EV,Hatchback,24.0,2023
14098,13448,Kia EV6,SUV,77.4,2025
14099,13448,BYD Atto 3,SUV,60.5,2025
14100,13449,Mahindra XUV400,SUV,39.4,2023
14101,13450,Mahindra BE 6,SUV,59.0,2020
14102,13451,Hyundai Kona Electric,SUV,39.2,2024
14103,13452,Hyundai Ioniq 5,SUV,72.6,2023
14104,13453,Mahindra BE 6,SUV,59.0,2024
14105,13454,Tata Punch EV,Hatchback,35.0,2022
14106,13455,Mahindra BE 6,SUV,59.0,2025
14107,13456,Hyundai Ioniq 5,SUV,72.6,2025
14108,13457,Mahindra XUV400,SUV,39.4,2024
14109,13458,Tata Punch EV,Hatchback,35.0,2025
14110,13459,Hyundai Kona Electric,SUV,39.2,2021
14111,13460,Hyundai Ioniq 5,SUV,72.6,2025
14112,13461,MG ZS EV,SUV,50.3,2025
14113,13461,BYD Atto 3,SUV,60.5,2024
14114,13462,Tata Punch EV,Hatchback,35.0,2020
14115,13463,Mahindra XUV400,SUV,39.4,2022
14116,13464,Tata Tiago EV,Hatchback,24.0,2022
14117,13465,Tata Tiago EV,Hatchback,24.0,2025
14118,13466,Mahindra XUV400,SUV,39.4,2021
14119,13467,Kia EV6,SUV,77.4,2025
14120,13468,Tata Punch EV,Hatchback,35.0,2021
14121,13469,MG ZS EV,SUV,50.3,2022
14122,13470,MG ZS EV,SUV,50.3,2024
14123,13471,Mahindra XUV400,SUV,39.4,2022
14124,13472,Hyundai Kona Electric,SUV,39.2,2021
14125,13473,Hyundai Kona Electric,SUV,39.2,2024
14126,13474,Tata Tiago EV,Hatchback,24.0,2022
14127,13475,Tata Tiago EV,Hatchback,24.0,2023
14128,13476,Tata Tiago EV,Hatchback,24.0,2023
14129,13477,Tata Punch EV,Hatchback,35.0,2021
14130,13478,Tata Nexon EV,SUV,30.2,2022
14131,13479,Tata Punch EV,Hatchback,35.0,2020
14132,13480,Mahindra XUV400,SUV,39.4,2023
14133,13481,Hyundai Ioniq 5,SUV,72.6,2022
14134,13482,Mahindra BE 6,SUV,59.0,2021
14135,13483,Tata Punch EV,Hatchback,35.0,2020
14136,13484,Hyundai Ioniq 5,SUV,72.6,2024
14137,13485,Tata Nexon EV,SUV,30.2,2022
14138,13486,Hyundai Kona Electric,SUV,39.2,2022
14139,13487,Kia EV6,SUV,77.4,2024
14140,13488,Hyundai Ioniq 5,SUV,72.6,2022
14141,13489,MG ZS EV,SUV,50.3,2025
14142,13490,Tata Tiago EV,Hatchback,24.0,2024
14143,13491,Kia EV6,SUV,77.4,2024
14144,13492,Hyundai Kona Electric,SUV,39.2,2023
14145,13493,Mahindra BE 6,SUV,59.0,2024
14146,13494,Tata Tiago EV,Hatchback,24.0,2022
14147,13495,Hyundai Kona Electric,SUV,39.2,2023
14148,13496,Mahindra BE 6,SUV,59.0,2020
14149,13497,Tata Punch EV,Hatchback,35.0,2025
14150,13497,MG ZS EV,SUV,50.3,2025
14151,13498,Tata Nexon EV,SUV,30.2,2020
14152,13499,Tata Nexon EV,SUV,30.2,2021
14153,13500,Mahindra BE 6,SUV,59.0,2023
14154,13501,Hyundai Ioniq 5,SUV,72.6,2023
14155,13502,MG ZS EV,SUV,50.3,2023
14156,13503,MG ZS EV,SUV,50.3,2020
14157,13504,MG ZS EV,SUV,50.3,2021
14158,13505,Kia EV6,SUV,77.4,2024
14159,13506,Mahindra XUV400,SUV,39.4,2025
14160,13507,Kia EV6,SUV,77.4,2023
14161,13508,Tata Tiago EV,Hatchback,24.0,2024
14162,13508,Mahindra BE 6,SUV,59.0,2022
14163,13509,Mahindra BE 6,SUV,59.0,2022
14164,13510,Tata Punch EV,Hatchback,35.0,2023
14165,13511,Mahindra XUV400,SUV,39.4,2023
14166,13512,Tata Nexon EV,SUV,30.2,2024
14167,13513,Kia EV6,SUV,77.4,2020
14168,13514,BYD Atto 3,SUV,60.5,2020
14169,13514,Kia EV6,SUV,77.4,2020
14170,13515,Mahindra BE 6,SUV,59.0,2020
14171,13516,Kia EV6,SUV,77.4,2021
14172,13517,Kia EV6,SUV,77.4,2023
14173,13518,Mahindra XUV400,SUV,39.4,2024
14174,13519,Mahindra BE 6,SUV,59.0,2025
14175,13520,Mahindra BE 6,SUV,59.0,2025
14176,13521,Tata Punch EV,Hatchback,35.0,2024
14177,13522,Hyundai Ioniq 5,SUV,72.6,2020
14178,13523,BYD Atto 3,SUV,60.5,2024
14179,13524,Mahindra XUV400,SUV,39.4,2022
14180,13525,Kia EV6,SUV,77.4,2025
14181,13526,BYD Atto 3,SUV,60.5,2021
14182,13527,Tata Punch EV,Hatchback,35.0,2023
14183,13528,Tata Tiago EV,Hatchback,24.0,2024
14184,13529,BYD Atto 3,SUV,60.5,2021
14185,13530,BYD Atto 3,SUV,60.5,2025
14186,13530,BYD Atto 3,SUV,60.5,2020
14187,13531,Tata Punch EV,Hatchback,35.0,2025
14188,13532,BYD Atto 3,SUV,60.5,2022
14189,13533,Mahindra XUV400,SUV,39.4,2020
14190,13534,Hyundai Ioniq 5,SUV,72.6,2022
14191,13535,Mahindra XUV400,SUV,39.4,2021
14192,13536,BYD Atto 3,SUV,60.5,2023
14193,13536,Hyundai Ioniq 5,SUV,72.6,2021
14194,13537,Kia EV6,SUV,77.4,2020
14195,13538,Mahindra XUV400,SUV,39.4,2023
14196,13539,MG ZS EV,SUV,50.3,2025
14197,13540,Kia EV6,SUV,77.4,2023
14198,13541,Hyundai Ioniq 5,SUV,72.6,2021
14199,13542,BYD Atto 3,SUV,60.5,2024
14200,13543,Mahindra BE 6,SUV,59.0,2025
14201,13544,MG ZS EV,SUV,50.3,2023
14202,13545,Hyundai Ioniq 5,SUV,72.6,2023
14203,13546,Hyundai Ioniq 5,SUV,72.6,2022
14204,13547,BYD Atto 3,SUV,60.5,2022
14205,13548,Hyundai Kona Electric,SUV,39.2,2021
14206,13549,Kia EV6,SUV,77.4,2024
14207,13550,Hyundai Kona Electric,SUV,39.2,2025
14208,13551,Kia EV6,SUV,77.4,2022
14209,13552,Mahindra BE 6,SUV,59.0,2021
14210,13553,BYD Atto 3,SUV,60.5,2020
14211,13554,Tata Punch EV,Hatchback,35.0,2020
14212,13555,Mahindra BE 6,SUV,59.0,2020
14213,13556,BYD Atto 3,SUV,60.5,2025
14214,13557,MG ZS EV,SUV,50.3,2020
14215,13558,Kia EV6,SUV,77.4,2025
14216,13559,Hyundai Kona Electric,SUV,39.2,2025
14217,13560,MG ZS EV,SUV,50.3,2022
14218,13561,Mahindra XUV400,SUV,39.4,2024
14219,13562,Mahindra BE 6,SUV,59.0,2023
14220,13563,Kia EV6,SUV,77.4,2025
14221,13564,Mahindra BE 6,SUV,59.0,2020
14222,13565,MG ZS EV,SUV,50.3,2025
14223,13566,Tata Punch EV,Hatchback,35.0,2021
14224,13567,Mahindra XUV400,SUV,39.4,2023
14225,13568,BYD Atto 3,SUV,60.5,2023
14226,13569,Mahindra BE 6,SUV,59.0,2023
14227,13570,Tata Punch EV,Hatchback,35.0,2023
14228,13571,Hyundai Ioniq 5,SUV,72.6,2020
14229,13572,Mahindra BE 6,SUV,59.0,2020
14230,13573,Hyundai Ioniq 5,SUV,72.6,2023
14231,13574,Tata Punch EV,Hatchback,35.0,2021
14232,13575,Hyundai Ioniq 5,SUV,72.6,2022
14233,13576,Tata Tiago EV,Hatchback,24.0,2025
14234,13577,Mahindra BE 6,SUV,59.0,2024
14235,13578,BYD Atto 3,SUV,60.5,2023
14236,13579,Tata Tiago EV,Hatchback,24.0,2024
14237,13580,Hyundai Ioniq 5,SUV,72.6,2022
14238,13581,BYD Atto 3,SUV,60.5,2024
14239,13582,Kia EV6,SUV,77.4,2025
14240,13583,Mahindra BE 6,SUV,59.0,2021
14241,13584,MG ZS EV,SUV,50.3,2020
14242,13585,Tata Nexon EV,SUV,30.2,2025
14243,13586,Tata Punch EV,Hatchback,35.0,2021
14244,13587,Hyundai Kona Electric,SUV,39.2,2022
14245,13588,Mahindra BE 6,SUV,59.0,2022
14246,13589,Kia EV6,SUV,77.4,2025
14247,13590,Kia EV6,SUV,77.4,2024
14248,13591,BYD Atto 3,SUV,60.5,2020
14249,13592,Hyundai Ioniq 5,SUV,72.6,2023
14250,13593,BYD Atto 3,SUV,60.5,2025
14251,13594,Tata Nexon EV,SUV,30.2,2020
14252,13595,BYD Atto 3,SUV,60.5,2023
14253,13596,Mahindra BE 6,SUV,59.0,2024
14254,13597,BYD Atto 3,SUV,60.5,2025
14255,13598,Tata Nexon EV,SUV,30.2,2022
14256,13599,Hyundai Kona Electric,SUV,39.2,2020
14257,13600,Tata Tiago EV,Hatchback,24.0,2023
14258,13601,Hyundai Kona Electric,SUV,39.2,2020
14259,13602,Mahindra XUV400,SUV,39.4,2023
14260,13603,Tata Punch EV,Hatchback,35.0,2020
14261,13603,Tata Tiago EV,Hatchback,24.0,2022
14262,13604,Tata Nexon EV,SUV,30.2,2022
14263,13605,BYD Atto 3,SUV,60.5,2025
14264,13606,Tata Punch EV,Hatchback,35.0,2021
14265,13607,MG ZS EV,SUV,50.3,2023
14266,13608,Mahindra XUV400,SUV,39.4,2023
14267,13609,Tata Nexon EV,SUV,30.2,2020
14268,13610,Kia EV6,SUV,77.4,2024
14269,13611,Hyundai Ioniq 5,SUV,72.6,2024
14270,13612,Kia EV6,SUV,77.4,2025
14271,13613,Tata Tiago EV,Hatchback,24.0,2021
14272,13614,Kia EV6,SUV,77.4,2021
14273,13615,Mahindra BE 6,SUV,59.0,2025
14274,13616,Tata Nexon EV,SUV,30.2,2024
14275,13617,Mahindra BE 6,SUV,59.0,2023
14276,13618,Tata Punch EV,Hatchback,35.0,2020
14277,13619,Mahindra BE 6,SUV,59.0,2021
14278,13620,Hyundai Kona Electric,SUV,39.2,2023
14279,13621,Mahindra XUV400,SUV,39.4,2024
14280,13622,Mahindra XUV400,SUV,39.4,2023
14281,13623,Hyundai Kona Electric,SUV,39.2,2024
14282,13624,Kia EV6,SUV,77.4,2020
14283,13625,Hyundai Ioniq 5,SUV,72.6,2022
14284,13626,Tata Punch EV,Hatchback,35.0,2021
14285,13627,Kia EV6,SUV,77.4,2024
14286,13628,Mahindra XUV400,SUV,39.4,2024
14287,13628,Tata Nexon EV,SUV,30.2,2025
14288,13629,BYD Atto 3,SUV,60.5,2022
14289,13630,MG ZS EV,SUV,50.3,2024
14290,13631,MG ZS EV,SUV,50.3,2023
14291,13632,Mahindra BE 6,SUV,59.0,2024
14292,13633,Mahindra BE 6,SUV,59.0,2021
14293,13634,Kia EV6,SUV,77.4,2023
14294,13635,Hyundai Ioniq 5,SUV,72.6,2022
14295,13636,Mahindra XUV400,SUV,39.4,2022
14296,13637,Mahindra XUV400,SUV,39.4,2024
14297,13638,Hyundai Ioniq 5,SUV,72.6,2023
14298,13639,Mahindra BE 6,SUV,59.0,2023
14299,13640,BYD Atto 3,SUV,60.5,2020
14300,13641,Tata Punch EV,Hatchback,35.0,2025
14301,13642,MG ZS EV,SUV,50.3,2024
14302,13643,Kia EV6,SUV,77.4,2025
14303,13644,BYD Atto 3,SUV,60.5,2024
14304,13645,Tata Tiago EV,Hatchback,24.0,2022
14305,13646,BYD Atto 3,SUV,60.5,2020
14306,13647,Tata Nexon EV,SUV,30.2,2024
14307,13648,Hyundai Kona Electric,SUV,39.2,2025
14308,13649,Mahindra XUV400,SUV,39.4,2025
14309,13650,BYD Atto 3,SUV,60.5,2025
14310,13651,BYD Atto 3,SUV,60.5,2022
14311,13652,Tata Punch EV,Hatchback,35.0,2023
14312,13653,Mahindra XUV400,SUV,39.4,2024
14313,13654,Kia EV6,SUV,77.4,2021
14314,13655,Tata Tiago EV,Hatchback,24.0,2021
14315,13656,Tata Nexon EV,SUV,30.2,2021
14316,13657,Hyundai Kona Electric,SUV,39.2,2022
14317,13658,Kia EV6,SUV,77.4,2023
14318,13659,BYD Atto 3,SUV,60.5,2024
14319,13660,Mahindra BE 6,SUV,59.0,2023
14320,13661,MG ZS EV,SUV,50.3,2021
14321,13662,Hyundai Ioniq 5,SUV,72.6,2020
14322,13663,Tata Punch EV,Hatchback,35.0,2024
14323,13664,BYD Atto 3,SUV,60.5,2024
14324,13665,BYD Atto 3,SUV,60.5,2021
14325,13666,Tata Tiago EV,Hatchback,24.0,2021
14326,13667,Hyundai Kona Electric,SUV,39.2,2020
14327,13668,Hyundai Kona Electric,SUV,39.2,2022
14328,13669,Hyundai Ioniq 5,SUV,72.6,2023
14329,13670,Tata Nexon EV,SUV,30.2,2024
14330,13671,Mahindra XUV400,SUV,39.4,2023
14331,13671,Tata Punch EV,Hatchback,35.0,2022
14332,13672,Kia EV6,SUV,77.4,2021
14333,13673,Tata Punch EV,Hatchback,35.0,2020
14334,13674,Hyundai Kona Electric,SUV,39.2,2024
14335,13675,Tata Nexon EV,SUV,30.2,2021
14336,13676,Tata Tiago EV,Hatchback,24.0,2022
14337,13677,Mahindra XUV400,SUV,39.4,2025
14338,13678,Mahindra BE 6,SUV,59.0,2020
14339,13679,Tata Punch EV,Hatchback,35.0,2021
14340,13680,Tata Punch EV,Hatchback,35.0,2021
14341,13681,Tata Punch EV,Hatchback,35.0,2020
14342,13682,Mahindra BE 6,SUV,59.0,2025
14343,13683,Tata Nexon EV,SUV,30.2,2025
14344,13684,Hyundai Ioniq 5,SUV,72.6,2025
14345,13685,Tata Tiago EV,Hatchback,24.0,2022
14346,13686,Tata Tiago EV,Hatchback,24.0,2020
14347,13687,Tata Nexon EV,SUV,30.2,2025
14348,13687,Hyundai Kona Electric,SUV,39.2,2021
14349,13688,Mahindra XUV400,SUV,39.4,2021
14350,13689,Kia EV6,SUV,77.4,2022
14351,13690,Tata Punch EV,Hatchback,35.0,2025
14352,13691,Mahindra BE 6,SUV,59.0,2023
14353,13691,Tata Punch EV,Hatchback,35.0,2024
14354,13692,Kia EV6,SUV,77.4,2020
14355,13692,Hyundai Ioniq 5,SUV,72.6,2022
14356,13693,Tata Tiago EV,Hatchback,24.0,2024
14357,13694,Mahindra XUV400,SUV,39.4,2022
14358,13695,MG ZS EV,SUV,50.3,2024
14359,13696,Tata Punch EV,Hatchback,35.0,2020
14360,13697,Hyundai Kona Electric,SUV,39.2,2021
14361,13698,Hyundai Ioniq 5,SUV,72.6,2021
14362,13699,MG ZS EV,SUV,50.3,2022
14363,13700,Hyundai Kona Electric,SUV,39.2,2023
14364,13701,MG ZS EV,SUV,50.3,2022
14365,13702,MG ZS EV,SUV,50.3,2023
14366,13703,Tata Punch EV,Hatchback,35.0,2023
14367,13704,Tata Nexon EV,SUV,30.2,2024
14368,13705,Hyundai Kona Electric,SUV,39.2,2024
14369,13706,Tata Nexon EV,SUV,30.2,2024
14370,13707,Mahindra XUV400,SUV,39.4,2025
14371,13708,Tata Nexon EV,SUV,30.2,2022
14372,13709,Hyundai Ioniq 5,SUV,72.6,2025
14373,13710,Tata Tiago EV,Hatchback,24.0,2021
14374,13711,BYD Atto 3,SUV,60.5,2022
14375,13712,BYD Atto 3,SUV,60.5,2023
14376,13713,MG ZS EV,SUV,50.3,2025
14377,13714,Mahindra XUV400,SUV,39.4,2024
14378,13715,Tata Punch EV,Hatchback,35.0,2024
14379,13716,Hyundai Ioniq 5,SUV,72.6,2023
14380,13717,BYD Atto 3,SUV,60.5,2020
14381,13718,Tata Nexon EV,SUV,30.2,2025
14382,13719,Tata Tiago EV,Hatchback,24.0,2023
14383,13720,Hyundai Ioniq 5,SUV,72.6,2020
14384,13721,Mahindra BE 6,SUV,59.0,2025
14385,13722,Tata Tiago EV,Hatchback,24.0,2021
14386,13723,Tata Nexon EV,SUV,30.2,2022
14387,13724,Kia EV6,SUV,77.4,2025
14388,13725,Hyundai Kona Electric,SUV,39.2,2020
14389,13725,Tata Punch EV,Hatchback,35.0,2021
14390,13726,Tata Tiago EV,Hatchback,24.0,2020
14391,13727,Mahindra XUV400,SUV,39.4,2025
14392,13728,Hyundai Kona Electric,SUV,39.2,2025
14393,13729,Tata Tiago EV,Hatchback,24.0,2025
14394,13730,Hyundai Kona Electric,SUV,39.2,2024
14395,13731,Mahindra BE 6,SUV,59.0,2021
14396,13732,Kia EV6,SUV,77.4,2022
14397,13733,Hyundai Kona Electric,SUV,39.2,2021
14398,13734,Hyundai Ioniq 5,SUV,72.6,2020
14399,13735,Tata Tiago EV,Hatchback,24.0,2023
14400,13736,Tata Punch EV,Hatchback,35.0,2022
14401,13736,Tata Tiago EV,Hatchback,24.0,2023
14402,13737,BYD Atto 3,SUV,60.5,2021
14403,13738,Hyundai Ioniq 5,SUV,72.6,2023
14404,13739,Tata Tiago EV,Hatchback,24.0,2025
14405,13740,BYD Atto 3,SUV,60.5,2020
14406,13741,Tata Punch EV,Hatchback,35.0,2024
14407,13742,Mahindra BE 6,SUV,59.0,2022
14408,13743,Tata Tiago EV,Hatchback,24.0,2020
14409,13744,Tata Tiago EV,Hatchback,24.0,2022
14410,13745,BYD Atto 3,SUV,60.5,2022
14411,13746,Hyundai Kona Electric,SUV,39.2,2020
14412,13747,MG ZS EV,SUV,50.3,2020
14413,13748,Mahindra BE 6,SUV,59.0,2022
14414,13749,BYD Atto 3,SUV,60.5,2024
14415,13750,Tata Tiago EV,Hatchback,24.0,2020
14416,13751,Tata Nexon EV,SUV,30.2,2022
14417,13752,Tata Punch EV,Hatchback,35.0,2020
14418,13753,Mahindra XUV400,SUV,39.4,2023
14419,13754,Hyundai Kona Electric,SUV,39.2,2025
14420,13755,MG ZS EV,SUV,50.3,2021
14421,13756,Tata Tiago EV,Hatchback,24.0,2025
14422,13757,Hyundai Kona Electric,SUV,39.2,2025
14423,13757,Mahindra XUV400,SUV,39.4,2021
14424,13758,Tata Nexon EV,SUV,30.2,2023
14425,13759,Hyundai Ioniq 5,SUV,72.6,2021
14426,13760,Hyundai Kona Electric,SUV,39.2,2020
14427,13761,Tata Tiago EV,Hatchback,24.0,2022
14428,13762,Kia EV6,SUV,77.4,2025
14429,13763,Tata Punch EV,Hatchback,35.0,2025
14430,13764,Tata Nexon EV,SUV,30.2,2021
14431,13765,Hyundai Ioniq 5,SUV,72.6,2023
14432,13766,Tata Tiago EV,Hatchback,24.0,2020
14433,13767,Tata Punch EV,Hatchback,35.0,2023
14434,13768,Tata Punch EV,Hatchback,35.0,2021
14435,13769,Mahindra XUV400,SUV,39.4,2023
14436,13770,Hyundai Kona Electric,SUV,39.2,2025
14437,13771,Mahindra XUV400,SUV,39.4,2020
14438,13772,Hyundai Ioniq 5,SUV,72.6,2023
14439,13773,Tata Tiago EV,Hatchback,24.0,2023
14440,13774,MG ZS EV,SUV,50.3,2021
14441,13775,Hyundai Kona Electric,SUV,39.2,2023
14442,13776,Tata Nexon EV,SUV,30.2,2020
14443,13777,Kia EV6,SUV,77.4,2022
14444,13778,Hyundai Kona Electric,SUV,39.2,2020
14445,13779,BYD Atto 3,SUV,60.5,2024
14446,13780,Tata Tiago EV,Hatchback,24.0,2023
14447,13781,Hyundai Kona Electric,SUV,39.2,2020
14448,13782,BYD Atto 3,SUV,60.5,2020
14449,13783,Hyundai Kona Electric,SUV,39.2,2024
14450,13784,Mahindra XUV400,SUV,39.4,2020
14451,13785,MG ZS EV,SUV,50.3,2021
14452,13786,Tata Tiago EV,Hatchback,24.0,2023
14453,13787,Tata Tiago EV,Hatchback,24.0,2023
14454,13788,Hyundai Kona Electric,SUV,39.2,2020
14455,13789,Tata Tiago EV,Hatchback,24.0,2025
14456,13790,Kia EV6,SUV,77.4,2023
14457,13791,Mahindra BE 6,SUV,59.0,2025
14458,13792,Hyundai Kona Electric,SUV,39.2,2024
14459,13793,BYD Atto 3,SUV,60.5,2022
14460,13794,Mahindra BE 6,SUV,59.0,2020
14461,13795,MG ZS EV,SUV,50.3,2022
14462,13796,Hyundai Kona Electric,SUV,39.2,2022
14463,13797,Tata Nexon EV,SUV,30.2,2022
14464,13798,MG ZS EV,SUV,50.3,2024
14465,13799,MG ZS EV,SUV,50.3,2022
14466,13800,Tata Punch EV,Hatchback,35.0,2022
14467,13801,Tata Punch EV,Hatchback,35.0,2021
14468,13802,Mahindra BE 6,SUV,59.0,2023
14469,13803,MG ZS EV,SUV,50.3,2024
14470,13804,Tata Nexon EV,SUV,30.2,2021
14471,13805,Mahindra XUV400,SUV,39.4,2024
14472,13806,Mahindra BE 6,SUV,59.0,2020
14473,13807,Tata Punch EV,Hatchback,35.0,2023
14474,13808,Hyundai Ioniq 5,SUV,72.6,2021
14475,13809,Mahindra XUV400,SUV,39.4,2022
14476,13810,Kia EV6,SUV,77.4,2025
14477,13811,Tata Tiago EV,Hatchback,24.0,2025
14478,13812,Kia EV6,SUV,77.4,2025
14479,13813,Mahindra XUV400,SUV,39.4,2020
14480,13814,Tata Nexon EV,SUV,30.2,2020
14481,13815,Tata Nexon EV,SUV,30.2,2021
14482,13816,Tata Tiago EV,Hatchback,24.0,2024
14483,13817,Tata Tiago EV,Hatchback,24.0,2024
14484,13818,Hyundai Kona Electric,SUV,39.2,2023
14485,13819,BYD Atto 3,SUV,60.5,2025
14486,13820,Mahindra BE 6,SUV,59.0,2025
14487,13821,Mahindra XUV400,SUV,39.4,2024
14488,13822,Tata Tiago EV,Hatchback,24.0,2020
14489,13823,Tata Punch EV,Hatchback,35.0,2025
14490,13824,Hyundai Kona Electric,SUV,39.2,2020
14491,13825,BYD Atto 3,SUV,60.5,2025
14492,13826,Mahindra XUV400,SUV,39.4,2023
14493,13827,Kia EV6,SUV,77.4,2022
14494,13828,Tata Nexon EV,SUV,30.2,2024
14495,13829,Mahindra BE 6,SUV,59.0,2020
14496,13830,Mahindra BE 6,SUV,59.0,2021
14497,13831,Kia EV6,SUV,77.4,2023
14498,13832,MG ZS EV,SUV,50.3,2022
14499,13833,Kia EV6,SUV,77.4,2024
14500,13834,Kia EV6,SUV,77.4,2020
14501,13835,Tata Nexon EV,SUV,30.2,2025
14502,13836,Hyundai Kona Electric,SUV,39.2,2022
14503,13837,Mahindra XUV400,SUV,39.4,2020
14504,13838,Kia EV6,SUV,77.4,2025
14505,13839,Kia EV6,SUV,77.4,2020
14506,13839,BYD Atto 3,SUV,60.5,2023
14507,13840,MG ZS EV,SUV,50.3,2022
14508,13841,Mahindra XUV400,SUV,39.4,2025
14509,13842,Mahindra XUV400,SUV,39.4,2020
14510,13843,Kia EV6,SUV,77.4,2025
14511,13844,Mahindra XUV400,SUV,39.4,2022
14512,13844,Hyundai Ioniq 5,SUV,72.6,2021
14513,13845,Kia EV6,SUV,77.4,2022
14514,13846,Tata Nexon EV,SUV,30.2,2024
14515,13847,Mahindra BE 6,SUV,59.0,2025
14516,13848,Mahindra BE 6,SUV,59.0,2025
14517,13849,Tata Nexon EV,SUV,30.2,2024
14518,13850,Tata Punch EV,Hatchback,35.0,2020
14519,13851,Tata Tiago EV,Hatchback,24.0,2022
14520,13852,Mahindra XUV400,SUV,39.4,2021
14521,13853,Mahindra XUV400,SUV,39.4,2020
14522,13854,Tata Nexon EV,SUV,30.2,2024
14523,13855,Kia EV6,SUV,77.4,2020
14524,13856,Mahindra XUV400,SUV,39.4,2020
14525,13857,Tata Nexon EV,SUV,30.2,2020
14526,13858,Kia EV6,SUV,77.4,2023
14527,13859,MG ZS EV,SUV,50.3,2022
14528,13860,Tata Punch EV,Hatchback,35.0,2025
14529,13861,Tata Tiago EV,Hatchback,24.0,2021
14530,13862,Tata Punch EV,Hatchback,35.0,2024
14531,13863,Tata Nexon EV,SUV,30.2,2025
14532,13864,BYD Atto 3,SUV,60.5,2020
14533,13865,Hyundai Ioniq 5,SUV,72.6,2020
14534,13866,Hyundai Ioniq 5,SUV,72.6,2025
14535,13867,Tata Punch EV,Hatchback,35.0,2020
14536,13868,Tata Punch EV,Hatchback,35.0,2023
14537,13869,Mahindra XUV400,SUV,39.4,2021
14538,13870,Hyundai Kona Electric,SUV,39.2,2023
14539,13871,BYD Atto 3,SUV,60.5,2023
14540,13872,Kia EV6,SUV,77.4,2022
14541,13873,Tata Tiago EV,Hatchback,24.0,2022
14542,13874,Tata Nexon EV,SUV,30.2,2022
14543,13875,Mahindra XUV400,SUV,39.4,2023
14544,13876,Hyundai Ioniq 5,SUV,72.6,2021
14545,13877,Tata Tiago EV,Hatchback,24.0,2021
14546,13878,Tata Punch EV,Hatchback,35.0,2020
14547,13879,Mahindra XUV400,SUV,39.4,2022
14548,13880,Mahindra XUV400,SUV,39.4,2021
14549,13881,Mahindra XUV400,SUV,39.4,2024
14550,13882,Mahindra BE 6,SUV,59.0,2021
14551,13883,Kia EV6,SUV,77.4,2025
14552,13884,Mahindra XUV400,SUV,39.4,2023
14553,13885,Hyundai Kona Electric,SUV,39.2,2024
14554,13886,Tata Punch EV,Hatchback,35.0,2020
14555,13887,BYD Atto 3,SUV,60.5,2021
14556,13888,MG ZS EV,SUV,50.3,2021
14557,13889,Mahindra XUV400,SUV,39.4,2024
14558,13890,Tata Punch EV,Hatchback,35.0,2023
14559,13891,Mahindra BE 6,SUV,59.0,2020
14560,13892,Kia EV6,SUV,77.4,2020
14561,13893,Tata Nexon EV,SUV,30.2,2020
14562,13894,Tata Nexon EV,SUV,30.2,2022
14563,13895,Tata Punch EV,Hatchback,35.0,2023
14564,13896,Mahindra BE 6,SUV,59.0,2020
14565,13897,Kia EV6,SUV,77.4,2020
14566,13898,MG ZS EV,SUV,50.3,2022
14567,13899,Hyundai Kona Electric,SUV,39.2,2025
14568,13900,Tata Tiago EV,Hatchback,24.0,2022
14569,13900,Tata Punch EV,Hatchback,35.0,2020
14570,13901,Tata Tiago EV,Hatchback,24.0,2021
14571,13902,Tata Punch EV,Hatchback,35.0,2020
14572,13903,Tata Punch EV,Hatchback,35.0,2020
14573,13904,Mahindra BE 6,SUV,59.0,2024
14574,13905,Hyundai Kona Electric,SUV,39.2,2021
14575,13906,Hyundai Kona Electric,SUV,39.2,2022
14576,13907,Tata Punch EV,Hatchback,35.0,2025
14577,13908,MG ZS EV,SUV,50.3,2023
14578,13909,Hyundai Kona Electric,SUV,39.2,2021
14579,13910,Tata Nexon EV,SUV,30.2,2022
14580,13911,Mahindra XUV400,SUV,39.4,2022
14581,13912,BYD Atto 3,SUV,60.5,2025
14582,13912,Tata Tiago EV,Hatchback,24.0,2020
14583,13913,MG ZS EV,SUV,50.3,2025
14584,13913,Kia EV6,SUV,77.4,2024
14585,13914,BYD Atto 3,SUV,60.5,2023
14586,13915,Mahindra XUV400,SUV,39.4,2024
14587,13916,Hyundai Ioniq 5,SUV,72.6,2024
14588,13916,Tata Tiago EV,Hatchback,24.0,2024
14589,13917,MG ZS EV,SUV,50.3,2024
14590,13918,Tata Tiago EV,Hatchback,24.0,2023
14591,13919,Mahindra XUV400,SUV,39.4,2022
14592,13920,Hyundai Kona Electric,SUV,39.2,2023
14593,13921,Mahindra BE 6,SUV,59.0,2025
14594,13922,Mahindra BE 6,SUV,59.0,2025
14595,13923,Hyundai Ioniq 5,SUV,72.6,2020
14596,13924,Mahindra BE 6,SUV,59.0,2023
14597,13925,Tata Punch EV,Hatchback,35.0,2022
14598,13926,Tata Nexon EV,SUV,30.2,2021
14599,13927,MG ZS EV,SUV,50.3,2020
14600,13928,Tata Tiago EV,Hatchback,24.0,2022
14601,13929,Mahindra BE 6,SUV,59.0,2023
14602,13929,Hyundai Ioniq 5,SUV,72.6,2024
14603,13930,Mahindra XUV400,SUV,39.4,2020
14604,13931,MG ZS EV,SUV,50.3,2021
14605,13932,Tata Tiago EV,Hatchback,24.0,2020
14606,13933,Mahindra BE 6,SUV,59.0,2024
14607,13934,MG ZS EV,SUV,50.3,2023
14608,13935,Tata Punch EV,Hatchback,35.0,2023
14609,13936,Tata Nexon EV,SUV,30.2,2025
14610,13937,Hyundai Ioniq 5,SUV,72.6,2023
14611,13938,Tata Nexon EV,SUV,30.2,2025
14612,13938,BYD Atto 3,SUV,60.5,2025
14613,13939,BYD Atto 3,SUV,60.5,2023
14614,13940,Tata Tiago EV,Hatchback,24.0,2024
14615,13941,Mahindra BE 6,SUV,59.0,2020
14616,13942,BYD Atto 3,SUV,60.5,2025
14617,13943,MG ZS EV,SUV,50.3,2020
14618,13944,Hyundai Ioniq 5,SUV,72.6,2021
14619,13945,Mahindra XUV400,SUV,39.4,2021
14620,13946,Hyundai Kona Electric,SUV,39.2,2022
14621,13947,Mahindra BE 6,SUV,59.0,2020
14622,13948,BYD Atto 3,SUV,60.5,2022
14623,13949,Kia EV6,SUV,77.4,2022
14624,13950,Tata Tiago EV,Hatchback,24.0,2024
14625,13951,BYD Atto 3,SUV,60.5,2024
14626,13952,BYD Atto 3,SUV,60.5,2020
14627,13953,Tata Punch EV,Hatchback,35.0,2020
14628,13954,BYD Atto 3,SUV,60.5,2020
14629,13954,Tata Tiago EV,Hatchback,24.0,2025
14630,13955,Kia EV6,SUV,77.4,2020
14631,13956,Tata Nexon EV,SUV,30.2,2022
14632,13957,MG ZS EV,SUV,50.3,2021
14633,13958,Mahindra XUV400,SUV,39.4,2025
14634,13959,Hyundai Kona Electric,SUV,39.2,2025
14635,13960,MG ZS EV,SUV,50.3,2023
14636,13961,Mahindra XUV400,SUV,39.4,2020
14637,13962,Tata Tiago EV,Hatchback,24.0,2023
14638,13963,Hyundai Ioniq 5,SUV,72.6,2021
14639,13964,Tata Tiago EV,Hatchback,24.0,2022
14640,13964,Tata Punch EV,Hatchback,35.0,2023
14641,13965,Hyundai Kona Electric,SUV,39.2,2021
14642,13965,Kia EV6,SUV,77.4,2020
14643,13966,Hyundai Ioniq 5,SUV,72.6,2022
14644,13967,Tata Nexon EV,SUV,30.2,2025
14645,13968,Hyundai Ioniq 5,SUV,72.6,2022
14646,13969,Tata Tiago EV,Hatchback,24.0,2022
14647,13970,Mahindra BE 6,SUV,59.0,2024
14648,13971,MG ZS EV,SUV,50.3,2023
14649,13972,Mahindra XUV400,SUV,39.4,2025
14650,13973,BYD Atto 3,SUV,60.5,2023
14651,13974,Hyundai Kona Electric,SUV,39.2,2020
14652,13975,Hyundai Kona Electric,SUV,39.2,2024
14653,13976,MG ZS EV,SUV,50.3,2022
14654,13977,Kia EV6,SUV,77.4,2020
14655,13978,MG ZS EV,SUV,50.3,2021
14656,13979,BYD Atto 3,SUV,60.5,2023
14657,13980,Tata Tiago EV,Hatchback,24.0,2023
14658,13981,Tata Punch EV,Hatchback,35.0,2020
14659,13982,Mahindra BE 6,SUV,59.0,2025
14660,13983,Mahindra XUV400,SUV,39.4,2022
14661,13984,BYD Atto 3,SUV,60.5,2024
14662,13985,BYD Atto 3,SUV,60.5,2021
14663,13986,Hyundai Kona Electric,SUV,39.2,2024
14664,13987,Tata Punch EV,Hatchback,35.0,2024
14665,13988,Hyundai Kona Electric,SUV,39.2,2021
14666,13989,Tata Tiago EV,Hatchback,24.0,2023
14667,13990,MG ZS EV,SUV,50.3,2020
14668,13991,BYD Atto 3,SUV,60.5,2020
14669,13992,MG ZS EV,SUV,50.3,2023
14670,13993,Tata Tiago EV,Hatchback,24.0,2020
14671,13994,BYD Atto 3,SUV,60.5,2025
14672,13995,Tata Tiago EV,Hatchback,24.0,2025
14673,13996,Mahindra BE 6,SUV,59.0,2021
14674,13997,Hyundai Kona Electric,SUV,39.2,2025
14675,13998,Mahindra BE 6,SUV,59.0,2022
14676,13999,Kia EV6,SUV,77.4,2022
14677,14000,Kia EV6,SUV,77.4,2023
14678,14000,Tata Punch EV,Hatchback,35.0,2022
14679,14001,Tata Nexon EV,SUV,30.2,2020
14680,14002,Tata Punch EV,Hatchback,35.0,2022
14681,14003,MG ZS EV,SUV,50.3,2020
14682,14004,Tata Tiago EV,Hatchback,24.0,2021
14683,14005,MG ZS EV,SUV,50.3,2021
14684,14005,MG ZS EV,SUV,50.3,2023
14685,14006,Kia EV6,SUV,77.4,2024
14686,14007,BYD Atto 3,SUV,60.5,2025
14687,14008,Tata Nexon EV,SUV,30.2,2023
14688,14009,Tata Tiago EV,Hatchback,24.0,2021
14689,14010,Tata Tiago EV,Hatchback,24.0,2023
14690,14010,Hyundai Kona Electric,SUV,39.2,2021
14691,14011,BYD Atto 3,SUV,60.5,2024
14692,14012,Tata Tiago EV,Hatchback,24.0,2020
14693,14013,Mahindra XUV400,SUV,39.4,2020
14694,14014,Tata Nexon EV,SUV,30.2,2023
14695,14015,Mahindra XUV400,SUV,39.4,2024
14696,14016,Mahindra XUV400,SUV,39.4,2024
14697,14017,Mahindra XUV400,SUV,39.4,2021
14698,14018,Hyundai Kona Electric,SUV,39.2,2020
14699,14019,Kia EV6,SUV,77.4,2022
14700,14020,Hyundai Kona Electric,SUV,39.2,2021
14701,14021,Kia EV6,SUV,77.4,2020
14702,14022,Tata Tiago EV,Hatchback,24.0,2023
14703,14023,Tata Nexon EV,SUV,30.2,2023
14704,14024,Hyundai Kona Electric,SUV,39.2,2020
14705,14025,BYD Atto 3,SUV,60.5,2024
14706,14026,Mahindra BE 6,SUV,59.0,2024
14707,14027,Hyundai Kona Electric,SUV,39.2,2025
14708,14028,Tata Tiago EV,Hatchback,24.0,2023
14709,14029,Hyundai Kona Electric,SUV,39.2,2020
14710,14030,MG ZS EV,SUV,50.3,2022
14711,14030,Tata Punch EV,Hatchback,35.0,2023
14712,14031,Mahindra BE 6,SUV,59.0,2021
14713,14032,MG ZS EV,SUV,50.3,2022
14714,14033,Hyundai Kona Electric,SUV,39.2,2021
14715,14034,Hyundai Kona Electric,SUV,39.2,2023
14716,14035,Hyundai Kona Electric,SUV,39.2,2022
14717,14036,Kia EV6,SUV,77.4,2021
14718,14037,Kia EV6,SUV,77.4,2022
14719,14038,Tata Tiago EV,Hatchback,24.0,2023
14720,14039,Tata Nexon EV,SUV,30.2,2020
14721,14040,BYD Atto 3,SUV,60.5,2024
14722,14041,BYD Atto 3,SUV,60.5,2025
14723,14042,MG ZS EV,SUV,50.3,2025
14724,14043,Hyundai Kona Electric,SUV,39.2,2024
14725,14044,Tata Nexon EV,SUV,30.2,2023
14726,14045,Mahindra XUV400,SUV,39.4,2024
14727,14046,Mahindra BE 6,SUV,59.0,2023
14728,14047,Hyundai Ioniq 5,SUV,72.6,2023
14729,14048,Tata Tiago EV,Hatchback,24.0,2021
14730,14049,Mahindra XUV400,SUV,39.4,2024
14731,14050,Kia EV6,SUV,77.4,2020
14732,14051,Tata Punch EV,Hatchback,35.0,2025
14733,14052,Kia EV6,SUV,77.4,2020
14734,14053,Hyundai Kona Electric,SUV,39.2,2022
14735,14054,Mahindra XUV400,SUV,39.4,2023
14736,14055,Tata Tiago EV,Hatchback,24.0,2024
14737,14056,BYD Atto 3,SUV,60.5,2024
14738,14057,Hyundai Kona Electric,SUV,39.2,2020
14739,14058,MG ZS EV,SUV,50.3,2023
14740,14059,Tata Nexon EV,SUV,30.2,2024
14741,14060,BYD Atto 3,SUV,60.5,2020
14742,14061,Hyundai Kona Electric,SUV,39.2,2023
14743,14062,Mahindra BE 6,SUV,59.0,2022
14744,14063,Hyundai Ioniq 5,SUV,72.6,2024
14745,14064,Mahindra BE 6,SUV,59.0,2022
14746,14065,Hyundai Kona Electric,SUV,39.2,2025
14747,14066,Tata Tiago EV,Hatchback,24.0,2020
14748,14067,Tata Nexon EV,SUV,30.2,2025
14749,14068,Mahindra XUV400,SUV,39.4,2020
14750,14069,BYD Atto 3,SUV,60.5,2020
14751,14070,Hyundai Kona Electric,SUV,39.2,2022
14752,14071,Mahindra XUV400,SUV,39.4,2020
14753,14072,MG ZS EV,SUV,50.3,2020
14754,14073,BYD Atto 3,SUV,60.5,2024
14755,14074,Mahindra XUV400,SUV,39.4,2024
14756,14075,Hyundai Ioniq 5,SUV,72.6,2024
14757,14076,Tata Tiago EV,Hatchback,24.0,2022
14758,14077,Tata Tiago EV,Hatchback,24.0,2023
14759,14078,Mahindra XUV400,SUV,39.4,2023
14760,14079,Kia EV6,SUV,77.4,2023
14761,14080,Mahindra XUV400,SUV,39.4,2025
14762,14081,Tata Punch EV,Hatchback,35.0,2021
14763,14082,Tata Tiago EV,Hatchback,24.0,2025
14764,14083,Kia EV6,SUV,77.4,2020
14765,14084,Hyundai Kona Electric,SUV,39.2,2025
14766,14085,Hyundai Kona Electric,SUV,39.2,2022
14767,14086,Tata Punch EV,Hatchback,35.0,2022
14768,14087,Kia EV6,SUV,77.4,2023
14769,14088,Tata Punch EV,Hatchback,35.0,2021
14770,14089,Mahindra XUV400,SUV,39.4,2022
14771,14090,Tata Tiago EV,Hatchback,24.0,2023
14772,14091,Hyundai Kona Electric,SUV,39.2,2020
14773,14092,Kia EV6,SUV,77.4,2021
14774,14093,BYD Atto 3,SUV,60.5,2020
14775,14094,Hyundai Ioniq 5,SUV,72.6,2024
14776,14095,Tata Punch EV,Hatchback,35.0,2024
14777,14096,Hyundai Ioniq 5,SUV,72.6,2024
14778,14097,Mahindra XUV400,SUV,39.4,2024
14779,14098,Mahindra XUV400,SUV,39.4,2022
14780,14099,Hyundai Kona Electric,SUV,39.2,2024
14781,14100,MG ZS EV,SUV,50.3,2020
14782,14101,MG ZS EV,SUV,50.3,2023
14783,14102,Tata Nexon EV,SUV,30.2,2021
14784,14103,Tata Punch EV,Hatchback,35.0,2020
14785,14104,BYD Atto 3,SUV,60.5,2025
14786,14105,MG ZS EV,SUV,50.3,2022
14787,14106,Hyundai Ioniq 5,SUV,72.6,2021
14788,14107,Hyundai Ioniq 5,SUV,72.6,2022
14789,14108,Kia EV6,SUV,77.4,2024
14790,14109,Hyundai Kona Electric,SUV,39.2,2024
14791,14109,Hyundai Kona Electric,SUV,39.2,2025
14792,14110,Hyundai Kona Electric,SUV,39.2,2021
14793,14111,Tata Punch EV,Hatchback,35.0,2024
14794,14112,MG ZS EV,SUV,50.3,2021
14795,14113,Hyundai Ioniq 5,SUV,72.6,2022
14796,14114,Tata Punch EV,Hatchback,35.0,2023
14797,14115,Hyundai Kona Electric,SUV,39.2,2024
14798,14116,Tata Tiago EV,Hatchback,24.0,2022
14799,14117,Mahindra BE 6,SUV,59.0,2024
14800,14118,BYD Atto 3,SUV,60.5,2021
14801,14119,Tata Punch EV,Hatchback,35.0,2022
14802,14120,Tata Tiago EV,Hatchback,24.0,2021
14803,14121,Tata Tiago EV,Hatchback,24.0,2023
14804,14122,Tata Nexon EV,SUV,30.2,2024
14805,14123,Hyundai Ioniq 5,SUV,72.6,2025
14806,14124,Tata Punch EV,Hatchback,35.0,2020
14807,14125,Hyundai Ioniq 5,SUV,72.6,2020
14808,14126,Tata Nexon EV,SUV,30.2,2023
14809,14127,Tata Nexon EV,SUV,30.2,2023
14810,14128,Mahindra BE 6,SUV,59.0,2020
14811,14129,Kia EV6,SUV,77.4,2020
14812,14130,Kia EV6,SUV,77.4,2020
14813,14131,Tata Tiago EV,Hatchback,24.0,2023
14814,14132,Mahindra BE 6,SUV,59.0,2023
14815,14132,Hyundai Kona Electric,SUV,39.2,2020
14816,14133,MG ZS EV,SUV,50.3,2020
14817,14134,Tata Tiago EV,Hatchback,24.0,2022
14818,14135,Kia EV6,SUV,77.4,2020
14819,14136,Tata Nexon EV,SUV,30.2,2021
14820,14137,Mahindra XUV400,SUV,39.4,2022
14821,14138,Tata Tiago EV,Hatchback,24.0,2020
14822,14139,Kia EV6,SUV,77.4,2024
14823,14140,MG ZS EV,SUV,50.3,2021
14824,14141,Kia EV6,SUV,77.4,2021
14825,14141,Tata Punch EV,Hatchback,35.0,2024
14826,14142,Tata Punch EV,Hatchback,35.0,2025
14827,14143,Mahindra XUV400,SUV,39.4,2022
14828,14144,Mahindra BE 6,SUV,59.0,2024
14829,14145,Hyundai Kona Electric,SUV,39.2,2023
14830,14146,Mahindra BE 6,SUV,59.0,2020
14831,14147,MG ZS EV,SUV,50.3,2020
14832,14148,MG ZS EV,SUV,50.3,2023
14833,14149,MG ZS EV,SUV,50.3,2021
14834,14150,Mahindra BE 6,SUV,59.0,2021
14835,14151,Hyundai Kona Electric,SUV,39.2,2023
14836,14152,Tata Nexon EV,SUV,30.2,2025
14837,14153,Mahindra XUV400,SUV,39.4,2024
14838,14154,Tata Tiago EV,Hatchback,24.0,2022
14839,14155,Mahindra BE 6,SUV,59.0,2020
14840,14156,Tata Punch EV,Hatchback,35.0,2025
14841,14156,Tata Tiago EV,Hatchback,24.0,2025
14842,14157,Kia EV6,SUV,77.4,2024
14843,14158,Tata Nexon EV,SUV,30.2,2022
14844,14159,Mahindra XUV400,SUV,39.4,2022
14845,14160,MG ZS EV,SUV,50.3,2022
14846,14161,Hyundai Kona Electric,SUV,39.2,2021
14847,14162,Mahindra BE 6,SUV,59.0,2022
14848,14163,Kia EV6,SUV,77.4,2022
14849,14164,Kia EV6,SUV,77.4,2022
14850,14164,Hyundai Ioniq 5,SUV,72.6,2022
14851,14165,Mahindra XUV400,SUV,39.4,2021
14852,14166,Tata Punch EV,Hatchback,35.0,2024
14853,14167,Kia EV6,SUV,77.4,2025
14854,14168,Tata Tiago EV,Hatchback,24.0,2022
14855,14169,Hyundai Kona Electric,SUV,39.2,2024
14856,14170,MG ZS EV,SUV,50.3,2022
14857,14171,Kia EV6,SUV,77.4,2022
14858,14172,Tata Nexon EV,SUV,30.2,2023
14859,14173,Tata Nexon EV,SUV,30.2,2024
14860,14173,Kia EV6,SUV,77.4,2020
14861,14174,Hyundai Ioniq 5,SUV,72.6,2024
14862,14175,Hyundai Kona Electric,SUV,39.2,2021
14863,14176,Mahindra XUV400,SUV,39.4,2024
14864,14176,Hyundai Ioniq 5,SUV,72.6,2025
14865,14177,Tata Nexon EV,SUV,30.2,2020
14866,14178,Tata Tiago EV,Hatchback,24.0,2020
14867,14179,Hyundai Ioniq 5,SUV,72.6,2020
14868,14180,Hyundai Ioniq 5,SUV,72.6,2021
14869,14181,Mahindra XUV400,SUV,39.4,2022
14870,14182,Tata Nexon EV,SUV,30.2,2024
14871,14183,Kia EV6,SUV,77.4,2024
14872,14184,Tata Punch EV,Hatchback,35.0,2022
14873,14185,Tata Nexon EV,SUV,30.2,2021
14874,14185,Tata Tiago EV,Hatchback,24.0,2020
14875,14186,Tata Nexon EV,SUV,30.2,2024
14876,14187,Mahindra XUV400,SUV,39.4,2024
14877,14188,Hyundai Kona Electric,SUV,39.2,2023
14878,14189,Tata Nexon EV,SUV,30.2,2020
14879,14190,Tata Nexon EV,SUV,30.2,2025
14880,14191,Mahindra BE 6,SUV,59.0,2022
14881,14192,BYD Atto 3,SUV,60.5,2021
14882,14193,MG ZS EV,SUV,50.3,2022
14883,14194,Tata Punch EV,Hatchback,35.0,2020
14884,14195,Mahindra BE 6,SUV,59.0,2024
14885,14196,Kia EV6,SUV,77.4,2021
14886,14197,MG ZS EV,SUV,50.3,2023
14887,14198,Kia EV6,SUV,77.4,2023
14888,14199,Kia EV6,SUV,77.4,2020
14889,14199,Kia EV6,SUV,77.4,2023
14890,14200,Hyundai Kona Electric,SUV,39.2,2021
14891,14201,BYD Atto 3,SUV,60.5,2024
14892,14201,Hyundai Kona Electric,SUV,39.2,2024
14893,14202,Hyundai Kona Electric,SUV,39.2,2024
14894,14203,Mahindra XUV400,SUV,39.4,2022
14895,14204,Tata Punch EV,Hatchback,35.0,2022
14896,14205,Hyundai Kona Electric,SUV,39.2,2020
14897,14206,Mahindra XUV400,SUV,39.4,2025
14898,14207,Hyundai Kona Electric,SUV,39.2,2022
14899,14208,Tata Punch EV,Hatchback,35.0,2024
14900,14209,Mahindra BE 6,SUV,59.0,2024
14901,14210,Hyundai Kona Electric,SUV,39.2,2025
14902,14211,Mahindra XUV400,SUV,39.4,2025
14903,14212,Kia EV6,SUV,77.4,2023
14904,14213,Hyundai Kona Electric,SUV,39.2,2025
14905,14214,BYD Atto 3,SUV,60.5,2023
14906,14214,MG ZS EV,SUV,50.3,2023
14907,14215,Hyundai Ioniq 5,SUV,72.6,2020
14908,14216,Kia EV6,SUV,77.4,2020
14909,14217,Hyundai Kona Electric,SUV,39.2,2020
14910,14218,Mahindra BE 6,SUV,59.0,2022
14911,14219,BYD Atto 3,SUV,60.5,2024
14912,14220,MG ZS EV,SUV,50.3,2022
14913,14221,BYD Atto 3,SUV,60.5,2025
14914,14222,Hyundai Kona Electric,SUV,39.2,2025
14915,14223,MG ZS EV,SUV,50.3,2020
14916,14224,Tata Tiago EV,Hatchback,24.0,2024
14917,14225,BYD Atto 3,SUV,60.5,2024
14918,14226,Kia EV6,SUV,77.4,2021
14919,14227,MG ZS EV,SUV,50.3,2023
14920,14228,Mahindra BE 6,SUV,59.0,2025
14921,14229,BYD Atto 3,SUV,60.5,2021
14922,14230,BYD Atto 3,SUV,60.5,2022
14923,14231,MG ZS EV,SUV,50.3,2023
14924,14232,Mahindra XUV400,SUV,39.4,2021
14925,14233,Kia EV6,SUV,77.4,2021
14926,14234,Mahindra XUV400,SUV,39.4,2020
14927,14235,Mahindra XUV400,SUV,39.4,2023
14928,14236,Mahindra BE 6,SUV,59.0,2021
14929,14237,Tata Punch EV,Hatchback,35.0,2023
14930,14238,Hyundai Ioniq 5,SUV,72.6,2025
14931,14239,MG ZS EV,SUV,50.3,2025
14932,14240,Hyundai Ioniq 5,SUV,72.6,2023
14933,14241,Tata Nexon EV,SUV,30.2,2020
14934,14242,MG ZS EV,SUV,50.3,2023
14935,14243,BYD Atto 3,SUV,60.5,2022
14936,14244,Mahindra BE 6,SUV,59.0,2024
14937,14245,Tata Punch EV,Hatchback,35.0,2022
14938,14246,MG ZS EV,SUV,50.3,2025
14939,14247,Tata Punch EV,Hatchback,35.0,2024
14940,14248,Hyundai Ioniq 5,SUV,72.6,2020
14941,14248,Hyundai Ioniq 5,SUV,72.6,2020
14942,14249,MG ZS EV,SUV,50.3,2024
14943,14250,Tata Nexon EV,SUV,30.2,2021
14944,14251,BYD Atto 3,SUV,60.5,2025
14945,14252,Tata Tiago EV,Hatchback,24.0,2024
14946,14253,Tata Tiago EV,Hatchback,24.0,2021
14947,14254,Hyundai Kona Electric,SUV,39.2,2022
14948,14254,Kia EV6,SUV,77.4,2021
14949,14255,BYD Atto 3,SUV,60.5,2020
14950,14256,Tata Nexon EV,SUV,30.2,2024
14951,14257,Mahindra XUV400,SUV,39.4,2023
14952,14258,Mahindra BE 6,SUV,59.0,2025
14953,14258,Hyundai Ioniq 5,SUV,72.6,2024
14954,14259,Tata Nexon EV,SUV,30.2,2022
14955,14260,Hyundai Ioniq 5,SUV,72.6,2023
14956,14261,Tata Punch EV,Hatchback,35.0,2023
14957,14262,Tata Nexon EV,SUV,30.2,2022
14958,14263,Tata Nexon EV,SUV,30.2,2024
14959,14264,BYD Atto 3,SUV,60.5,2022
14960,14265,Tata Punch EV,Hatchback,35.0,2024
14961,14266,Tata Tiago EV,Hatchback,24.0,2021
14962,14267,Tata Punch EV,Hatchback,35.0,2024
14963,14268,Mahindra XUV400,SUV,39.4,2023
14964,14269,MG ZS EV,SUV,50.3,2024
14965,14269,Mahindra BE 6,SUV,59.0,2023
14966,14270,BYD Atto 3,SUV,60.5,2023
14967,14271,Hyundai Kona Electric,SUV,39.2,2024
14968,14272,Mahindra BE 6,SUV,59.0,2021
14969,14273,BYD Atto 3,SUV,60.5,2020
14970,14274,MG ZS EV,SUV,50.3,2024
14971,14275,Tata Tiago EV,Hatchback,24.0,2021
14972,14276,Tata Tiago EV,Hatchback,24.0,2021
14973,14277,Tata Tiago EV,Hatchback,24.0,2023
14974,14278,MG ZS EV,SUV,50.3,2024
14975,14279,Tata Punch EV,Hatchback,35.0,2020
14976,14280,Hyundai Kona Electric,SUV,39.2,2023
14977,14281,Tata Punch EV,Hatchback,35.0,2022
14978,14282,Mahindra XUV400,SUV,39.4,2025
14979,14283,Mahindra BE 6,SUV,59.0,2021
14980,14284,Mahindra XUV400,SUV,39.4,2020
14981,14285,Hyundai Kona Electric,SUV,39.2,2025
14982,14286,BYD Atto 3,SUV,60.5,2022
14983,14287,Hyundai Kona Electric,SUV,39.2,2024
14984,14288,BYD Atto 3,SUV,60.5,2020
14985,14289,Hyundai Kona Electric,SUV,39.2,2022
14986,14290,Hyundai Ioniq 5,SUV,72.6,2025
14987,14291,Kia EV6,SUV,77.4,2025
14988,14292,Kia EV6,SUV,77.4,2024
14989,14293,MG ZS EV,SUV,50.3,2020
14990,14294,MG ZS EV,SUV,50.3,2023
14991,14295,MG ZS EV,SUV,50.3,2024
14992,14295,Hyundai Kona Electric,SUV,39.2,2022
14993,14296,BYD Atto 3,SUV,60.5,2020
14994,14297,BYD Atto 3,SUV,60.5,2024
14995,14298,Hyundai Kona Electric,SUV,39.2,2025
14996,14299,Tata Tiago EV,Hatchback,24.0,2022
14997,14300,Hyundai Kona Electric,SUV,39.2,2025
14998,14301,Tata Nexon EV,SUV,30.2,2021
14999,14302,Hyundai Kona Electric,SUV,39.2,2025
15000,14303,MG ZS EV,SUV,50.3,2022
15001,14304,Hyundai Ioniq 5,SUV,72.6,2020
15002,14305,Kia EV6,SUV,77.4,2021
15003,14306,Kia EV6,SUV,77.4,2025
15004,14307,MG ZS EV,SUV,50.3,2023
15005,14308,Tata Punch EV,Hatchback,35.0,2022
15006,14309,Mahindra XUV400,SUV,39.4,2025
15007,14310,Mahindra XUV400,SUV,39.4,2022
15008,14311,Hyundai Kona Electric,SUV,39.2,2022
15009,14312,BYD Atto 3,SUV,60.5,2020
15010,14313,MG ZS EV,SUV,50.3,2020
15011,14314,Mahindra BE 6,SUV,59.0,2025
15012,14315,Tata Nexon EV,SUV,30.2,2023
15013,14316,Tata Punch EV,Hatchback,35.0,2023
15014,14317,Mahindra BE 6,SUV,59.0,2023
15015,14318,MG ZS EV,SUV,50.3,2025
15016,14319,Kia EV6,SUV,77.4,2025
15017,14319,MG ZS EV,SUV,50.3,2020
15018,14320,BYD Atto 3,SUV,60.5,2020
15019,14321,Tata Nexon EV,SUV,30.2,2023
15020,14322,Tata Tiago EV,Hatchback,24.0,2020
15021,14323,Hyundai Kona Electric,SUV,39.2,2022
15022,14324,Tata Punch EV,Hatchback,35.0,2024
15023,14325,Tata Nexon EV,SUV,30.2,2023
15024,14326,Tata Nexon EV,SUV,30.2,2025
15025,14327,Hyundai Ioniq 5,SUV,72.6,2025
15026,14328,Kia EV6,SUV,77.4,2025
15027,14329,Mahindra XUV400,SUV,39.4,2023
15028,14330,Tata Nexon EV,SUV,30.2,2024
15029,14331,Mahindra BE 6,SUV,59.0,2020
15030,14332,Mahindra BE 6,SUV,59.0,2021
15031,14333,Mahindra XUV400,SUV,39.4,2025
15032,14334,Mahindra XUV400,SUV,39.4,2021
15033,14335,Kia EV6,SUV,77.4,2021
15034,14336,Tata Punch EV,Hatchback,35.0,2021
15035,14337,Kia EV6,SUV,77.4,2023
15036,14338,BYD Atto 3,SUV,60.5,2023
15037,14339,Kia EV6,SUV,77.4,2025
15038,14340,Mahindra BE 6,SUV,59.0,2021
15039,14341,Tata Nexon EV,SUV,30.2,2021
15040,14342,Mahindra XUV400,SUV,39.4,2021
15041,14343,Tata Tiago EV,Hatchback,24.0,2021
15042,14344,Hyundai Kona Electric,SUV,39.2,2022
15043,14345,Tata Tiago EV,Hatchback,24.0,2020
15044,14346,Hyundai Kona Electric,SUV,39.2,2020
15045,14347,Hyundai Ioniq 5,SUV,72.6,2020
15046,14348,Tata Nexon EV,SUV,30.2,2024
15047,14349,Tata Tiago EV,Hatchback,24.0,2025
15048,14350,Tata Punch EV,Hatchback,35.0,2021
15049,14350,Kia EV6,SUV,77.4,2024
15050,14351,Hyundai Ioniq 5,SUV,72.6,2020
15051,14352,Kia EV6,SUV,77.4,2024
15052,14353,Tata Punch EV,Hatchback,35.0,2021
15053,14354,Mahindra BE 6,SUV,59.0,2023
15054,14355,MG ZS EV,SUV,50.3,2020
15055,14356,MG ZS EV,SUV,50.3,2025
15056,14357,Mahindra XUV400,SUV,39.4,2021
15057,14358,Tata Punch EV,Hatchback,35.0,2020
15058,14359,Kia EV6,SUV,77.4,2023
15059,14360,Kia EV6,SUV,77.4,2022
15060,14361,Tata Tiago EV,Hatchback,24.0,2021
15061,14362,Hyundai Kona Electric,SUV,39.2,2023
15062,14363,Kia EV6,SUV,77.4,2024
15063,14364,BYD Atto 3,SUV,60.5,2023
15064,14365,Mahindra BE 6,SUV,59.0,2021
15065,14366,Mahindra BE 6,SUV,59.0,2022
15066,14367,Tata Nexon EV,SUV,30.2,2023
15067,14368,MG ZS EV,SUV,50.3,2024
15068,14369,Hyundai Kona Electric,SUV,39.2,2020
15069,14370,Tata Tiago EV,Hatchback,24.0,2023
15070,14371,MG ZS EV,SUV,50.3,2022
15071,14371,Hyundai Ioniq 5,SUV,72.6,2024
15072,14372,Tata Nexon EV,SUV,30.2,2021
15073,14373,Tata Punch EV,Hatchback,35.0,2022
15074,14374,Tata Tiago EV,Hatchback,24.0,2022
15075,14375,Tata Nexon EV,SUV,30.2,2023
15076,14376,Hyundai Kona Electric,SUV,39.2,2024
15077,14377,Hyundai Ioniq 5,SUV,72.6,2021
15078,14378,Hyundai Ioniq 5,SUV,72.6,2022
15079,14379,Tata Nexon EV,SUV,30.2,2025
15080,14380,Mahindra BE 6,SUV,59.0,2025
15081,14381,BYD Atto 3,SUV,60.5,2023
15082,14382,MG ZS EV,SUV,50.3,2024
15083,14382,Mahindra XUV400,SUV,39.4,2023
15084,14383,Tata Nexon EV,SUV,30.2,2023
15085,14384,Kia EV6,SUV,77.4,2025
15086,14385,Tata Nexon EV,SUV,30.2,2023
15087,14386,Tata Nexon EV,SUV,30.2,2021
15088,14387,Hyundai Kona Electric,SUV,39.2,2021
15089,14388,Mahindra XUV400,SUV,39.4,2024
15090,14389,Tata Tiago EV,Hatchback,24.0,2023
15091,14390,Mahindra BE 6,SUV,59.0,2023
15092,14391,Tata Nexon EV,SUV,30.2,2020
15093,14392,Tata Nexon EV,SUV,30.2,2023
15094,14393,Hyundai Kona Electric,SUV,39.2,2025
15095,14394,BYD Atto 3,SUV,60.5,2023
15096,14395,BYD Atto 3,SUV,60.5,2023
15097,14396,Kia EV6,SUV,77.4,2025
15098,14397,Mahindra XUV400,SUV,39.4,2024
15099,14398,Tata Tiago EV,Hatchback,24.0,2023
15100,14399,Mahindra XUV400,SUV,39.4,2022
15101,14399,Kia EV6,SUV,77.4,2021
15102,14400,Tata Tiago EV,Hatchback,24.0,2021
15103,14401,Tata Punch EV,Hatchback,35.0,2021
15104,14402,MG ZS EV,SUV,50.3,2022
15105,14403,Mahindra BE 6,SUV,59.0,2025
15106,14404,BYD Atto 3,SUV,60.5,2025
15107,14404,MG ZS EV,SUV,50.3,2021
15108,14405,BYD Atto 3,SUV,60.5,2023
15109,14406,Kia EV6,SUV,77.4,2022
15110,14407,Mahindra XUV400,SUV,39.4,2023
15111,14408,Kia EV6,SUV,77.4,2024
15112,14409,BYD Atto 3,SUV,60.5,2020
15113,14410,Tata Tiago EV,Hatchback,24.0,2024
15114,14411,Tata Punch EV,Hatchback,35.0,2021
15115,14412,Mahindra BE 6,SUV,59.0,2024
15116,14413,BYD Atto 3,SUV,60.5,2021
15117,14414,BYD Atto 3,SUV,60.5,2024
15118,14415,Mahindra BE 6,SUV,59.0,2024
15119,14416,Hyundai Kona Electric,SUV,39.2,2022
15120,14417,Tata Nexon EV,SUV,30.2,2020
15121,14417,MG ZS EV,SUV,50.3,2023
15122,14418,Tata Nexon EV,SUV,30.2,2022
15123,14419,Hyundai Ioniq 5,SUV,72.6,2020
15124,14420,BYD Atto 3,SUV,60.5,2020
15125,14421,Hyundai Kona Electric,SUV,39.2,2023
15126,14421,Kia EV6,SUV,77.4,2021
15127,14422,Hyundai Ioniq 5,SUV,72.6,2023
15128,14423,Mahindra XUV400,SUV,39.4,2024
15129,14424,Hyundai Ioniq 5,SUV,72.6,2024
15130,14425,Tata Tiago EV,Hatchback,24.0,2021
15131,14426,BYD Atto 3,SUV,60.5,2021
15132,14427,MG ZS EV,SUV,50.3,2021
15133,14428,Hyundai Ioniq 5,SUV,72.6,2023
15134,14429,MG ZS EV,SUV,50.3,2021
15135,14430,Mahindra XUV400,SUV,39.4,2020
15136,14431,Tata Nexon EV,SUV,30.2,2025
15137,14432,Hyundai Kona Electric,SUV,39.2,2022
15138,14433,MG ZS EV,SUV,50.3,2021
15139,14434,Tata Nexon EV,SUV,30.2,2023
15140,14435,Tata Tiago EV,Hatchback,24.0,2024
15141,14436,Tata Nexon EV,SUV,30.2,2021
15142,14437,Mahindra XUV400,SUV,39.4,2024
15143,14437,Mahindra BE 6,SUV,59.0,2024
15144,14438,Tata Punch EV,Hatchback,35.0,2021
15145,14439,Mahindra XUV400,SUV,39.4,2025
15146,14440,Mahindra XUV400,SUV,39.4,2021
15147,14441,Tata Tiago EV,Hatchback,24.0,2021
15148,14442,Tata Tiago EV,Hatchback,24.0,2023
15149,14443,Mahindra XUV400,SUV,39.4,2023
15150,14444,Hyundai Kona Electric,SUV,39.2,2022
15151,14445,Tata Punch EV,Hatchback,35.0,2020
15152,14446,Tata Nexon EV,SUV,30.2,2021
15153,14447,Tata Tiago EV,Hatchback,24.0,2022
15154,14448,BYD Atto 3,SUV,60.5,2022
15155,14449,Hyundai Ioniq 5,SUV,72.6,2020
15156,14450,Tata Punch EV,Hatchback,35.0,2021
15157,14451,Tata Punch EV,Hatchback,35.0,2025
15158,14452,Mahindra XUV400,SUV,39.4,2021
15159,14453,Tata Punch EV,Hatchback,35.0,2024
15160,14454,Mahindra BE 6,SUV,59.0,2024
15161,14455,Hyundai Ioniq 5,SUV,72.6,2025
15162,14456,Mahindra XUV400,SUV,39.4,2025
15163,14456,Tata Punch EV,Hatchback,35.0,2020
15164,14457,Tata Nexon EV,SUV,30.2,2022
15165,14458,Tata Punch EV,Hatchback,35.0,2020
15166,14459,Tata Punch EV,Hatchback,35.0,2020
15167,14460,Tata Nexon EV,SUV,30.2,2020
15168,14461,Tata Nexon EV,SUV,30.2,2024
15169,14462,Mahindra XUV400,SUV,39.4,2020
15170,14463,Mahindra BE 6,SUV,59.0,2024
15171,14464,Tata Nexon EV,SUV,30.2,2023
15172,14465,Hyundai Kona Electric,SUV,39.2,2022
15173,14466,Tata Nexon EV,SUV,30.2,2022
15174,14467,Hyundai Kona Electric,SUV,39.2,2025
15175,14468,Tata Punch EV,Hatchback,35.0,2021
15176,14469,MG ZS EV,SUV,50.3,2022
15177,14470,Hyundai Ioniq 5,SUV,72.6,2022
15178,14471,MG ZS EV,SUV,50.3,2022
15179,14472,Kia EV6,SUV,77.4,2022
15180,14473,Tata Punch EV,Hatchback,35.0,2025
15181,14474,Kia EV6,SUV,77.4,2024
15182,14475,Tata Tiago EV,Hatchback,24.0,2025
15183,14475,Mahindra XUV400,SUV,39.4,2023
15184,14476,Mahindra BE 6,SUV,59.0,2021
15185,14477,Hyundai Kona Electric,SUV,39.2,2025
15186,14478,Tata Tiago EV,Hatchback,24.0,2020
15187,14479,BYD Atto 3,SUV,60.5,2020
15188,14480,Tata Nexon EV,SUV,30.2,2022
15189,14481,Tata Nexon EV,SUV,30.2,2022
15190,14482,BYD Atto 3,SUV,60.5,2021
15191,14483,Tata Punch EV,Hatchback,35.0,2022
15192,14484,Tata Tiago EV,Hatchback,24.0,2024
15193,14485,Hyundai Ioniq 5,SUV,72.6,2020
15194,14486,Hyundai Kona Electric,SUV,39.2,2023
15195,14487,Tata Punch EV,Hatchback,35.0,2021
15196,14488,Kia EV6,SUV,77.4,2023
15197,14489,Mahindra XUV400,SUV,39.4,2022
15198,14490,Mahindra XUV400,SUV,39.4,2023
15199,14491,Mahindra BE 6,SUV,59.0,2020
15200,14491,Tata Punch EV,Hatchback,35.0,2020
15201,14492,Kia EV6,SUV,77.4,2022
15202,14493,Mahindra BE 6,SUV,59.0,2023
15203,14494,Mahindra BE 6,SUV,59.0,2023
15204,14495,Tata Tiago EV,Hatchback,24.0,2023
15205,14496,MG ZS EV,SUV,50.3,2023
15206,14497,Tata Tiago EV,Hatchback,24.0,2020
15207,14498,Mahindra BE 6,SUV,59.0,2021
15208,14499,Tata Punch EV,Hatchback,35.0,2023
15209,14500,Hyundai Kona Electric,SUV,39.2,2025
15210,14501,Mahindra XUV400,SUV,39.4,2025
15211,14502,Hyundai Ioniq 5,SUV,72.6,2023
15212,14503,MG ZS EV,SUV,50.3,2024
15213,14504,Tata Tiago EV,Hatchback,24.0,2020
15214,14505,Mahindra XUV400,SUV,39.4,2022
15215,14506,Tata Tiago EV,Hatchback,24.0,2024
15216,14507,BYD Atto 3,SUV,60.5,2021
15217,14508,Hyundai Kona Electric,SUV,39.2,2025
15218,14509,Mahindra XUV400,SUV,39.4,2020
15219,14510,Tata Nexon EV,SUV,30.2,2024
15220,14511,Kia EV6,SUV,77.4,2022
15221,14512,Mahindra XUV400,SUV,39.4,2021
15222,14513,BYD Atto 3,SUV,60.5,2023
15223,14514,MG ZS EV,SUV,50.3,2023
15224,14515,BYD Atto 3,SUV,60.5,2025
15225,14516,Hyundai Ioniq 5,SUV,72.6,2021
15226,14517,MG ZS EV,SUV,50.3,2020
15227,14518,Mahindra XUV400,SUV,39.4,2022
15228,14519,BYD Atto 3,SUV,60.5,2022
15229,14520,Kia EV6,SUV,77.4,2023
15230,14521,Tata Punch EV,Hatchback,35.0,2023
15231,14522,BYD Atto 3,SUV,60.5,2021
15232,14523,Hyundai Kona Electric,SUV,39.2,2022
15233,14524,MG ZS EV,SUV,50.3,2024
15234,14525,Kia EV6,SUV,77.4,2020
15235,14526,MG ZS EV,SUV,50.3,2024
15236,14527,Hyundai Ioniq 5,SUV,72.6,2022
15237,14528,Tata Punch EV,Hatchback,35.0,2025
15238,14529,Tata Punch EV,Hatchback,35.0,2023
15239,14530,Mahindra BE 6,SUV,59.0,2021
15240,14531,BYD Atto 3,SUV,60.5,2021
15241,14532,Kia EV6,SUV,77.4,2024
15242,14533,Tata Nexon EV,SUV,30.2,2024
15243,14534,Mahindra BE 6,SUV,59.0,2024
15244,14535,MG ZS EV,SUV,50.3,2021
15245,14536,BYD Atto 3,SUV,60.5,2024
15246,14537,Tata Nexon EV,SUV,30.2,2020
15247,14538,Mahindra XUV400,SUV,39.4,2024
15248,14538,Kia EV6,SUV,77.4,2025
15249,14539,Hyundai Kona Electric,SUV,39.2,2025
15250,14540,BYD Atto 3,SUV,60.5,2021
15251,14541,Hyundai Ioniq 5,SUV,72.6,2024
15252,14542,Mahindra XUV400,SUV,39.4,2022
15253,14543,MG ZS EV,SUV,50.3,2021
15254,14544,BYD Atto 3,SUV,60.5,2025
15255,14545,Kia EV6,SUV,77.4,2021
15256,14546,Mahindra BE 6,SUV,59.0,2023
15257,14547,Hyundai Ioniq 5,SUV,72.6,2025
15258,14548,Mahindra XUV400,SUV,39.4,2023
15259,14549,Hyundai Ioniq 5,SUV,72.6,2022
15260,14550,Tata Nexon EV,SUV,30.2,2023
15261,14551,MG ZS EV,SUV,50.3,2025
15262,14551,Hyundai Kona Electric,SUV,39.2,2021
15263,14552,Hyundai Ioniq 5,SUV,72.6,2023
15264,14553,Hyundai Ioniq 5,SUV,72.6,2024
15265,14554,MG ZS EV,SUV,50.3,2022
15266,14555,Mahindra BE 6,SUV,59.0,2024
15267,14556,Hyundai Kona Electric,SUV,39.2,2021
15268,14557,Hyundai Ioniq 5,SUV,72.6,2020
15269,14558,Tata Nexon EV,SUV,30.2,2022
15270,14559,Tata Nexon EV,SUV,30.2,2020
15271,14560,Kia EV6,SUV,77.4,2024
15272,14561,Hyundai Ioniq 5,SUV,72.6,2021
15273,14562,MG ZS EV,SUV,50.3,2025
15274,14563,Kia EV6,SUV,77.4,2023
15275,14564,Hyundai Ioniq 5,SUV,72.6,2022
15276,14565,Hyundai Ioniq 5,SUV,72.6,2021
15277,14566,MG ZS EV,SUV,50.3,2025
15278,14567,Tata Nexon EV,SUV,30.2,2025
15279,14568,Mahindra XUV400,SUV,39.4,2022
15280,14569,Tata Nexon EV,SUV,30.2,2022
15281,14570,Tata Nexon EV,SUV,30.2,2022
15282,14571,MG ZS EV,SUV,50.3,2021
15283,14572,Kia EV6,SUV,77.4,2020
15284,14573,MG ZS EV,SUV,50.3,2020
15285,14574,MG ZS EV,SUV,50.3,2022
15286,14575,BYD Atto 3,SUV,60.5,2022
15287,14576,Tata Punch EV,Hatchback,35.0,2024
15288,14577,Mahindra XUV400,SUV,39.4,2025
15289,14578,Mahindra BE 6,SUV,59.0,2021
15290,14578,Kia EV6,SUV,77.4,2024
15291,14579,Mahindra BE 6,SUV,59.0,2023
15292,14580,Tata Tiago EV,Hatchback,24.0,2020
15293,14581,Mahindra XUV400,SUV,39.4,2024
15294,14582,MG ZS EV,SUV,50.3,2021
15295,14583,BYD Atto 3,SUV,60.5,2023
15296,14584,Mahindra BE 6,SUV,59.0,2022
15297,14585,BYD Atto 3,SUV,60.5,2020
15298,14586,Hyundai Ioniq 5,SUV,72.6,2021
15299,14587,Mahindra XUV400,SUV,39.4,2023
15300,14588,Tata Punch EV,Hatchback,35.0,2024
15301,14589,BYD Atto 3,SUV,60.5,2021
15302,14590,BYD Atto 3,SUV,60.5,2020
15303,14591,Mahindra XUV400,SUV,39.4,2025
15304,14592,MG ZS EV,SUV,50.3,2021
15305,14593,Hyundai Kona Electric,SUV,39.2,2020
15306,14594,Tata Tiago EV,Hatchback,24.0,2024
15307,14595,Hyundai Kona Electric,SUV,39.2,2024
15308,14595,BYD Atto 3,SUV,60.5,2020
15309,14596,Mahindra BE 6,SUV,59.0,2023
15310,14597,Kia EV6,SUV,77.4,2020
15311,14597,BYD Atto 3,SUV,60.5,2023
15312,14598,Mahindra BE 6,SUV,59.0,2021
15313,14599,Kia EV6,SUV,77.4,2020
15314,14600,Tata Nexon EV,SUV,30.2,2022
15315,14600,MG ZS EV,SUV,50.3,2023
15316,14601,BYD Atto 3,SUV,60.5,2020
15317,14602,Kia EV6,SUV,77.4,2025
15318,14603,Tata Punch EV,Hatchback,35.0,2022
15319,14604,Tata Tiago EV,Hatchback,24.0,2021
15320,14605,Mahindra XUV400,SUV,39.4,2021
15321,14606,Tata Nexon EV,SUV,30.2,2025
15322,14607,BYD Atto 3,SUV,60.5,2023
15323,14608,Kia EV6,SUV,77.4,2023
15324,14609,Tata Tiago EV,Hatchback,24.0,2022
15325,14610,Hyundai Ioniq 5,SUV,72.6,2022
15326,14611,Mahindra BE 6,SUV,59.0,2024
15327,14612,Tata Tiago EV,Hatchback,24.0,2022
15328,14613,BYD Atto 3,SUV,60.5,2023
15329,14614,Mahindra XUV400,SUV,39.4,2025
15330,14615,BYD Atto 3,SUV,60.5,2025
15331,14616,Mahindra XUV400,SUV,39.4,2020
15332,14617,Mahindra BE 6,SUV,59.0,2022
15333,14618,Tata Nexon EV,SUV,30.2,2023
15334,14618,Mahindra BE 6,SUV,59.0,2023
15335,14619,MG ZS EV,SUV,50.3,2025
15336,14620,Tata Tiago EV,Hatchback,24.0,2022
15337,14621,Hyundai Kona Electric,SUV,39.2,2020
15338,14622,BYD Atto 3,SUV,60.5,2025
15339,14623,Tata Tiago EV,Hatchback,24.0,2024
15340,14624,Hyundai Ioniq 5,SUV,72.6,2024
15341,14624,Tata Punch EV,Hatchback,35.0,2024
15342,14625,BYD Atto 3,SUV,60.5,2024
15343,14626,Mahindra BE 6,SUV,59.0,2022
15344,14627,Tata Nexon EV,SUV,30.2,2023
15345,14628,Mahindra BE 6,SUV,59.0,2020
15346,14629,Mahindra XUV400,SUV,39.4,2020
15347,14630,Mahindra XUV400,SUV,39.4,2020
15348,14631,Kia EV6,SUV,77.4,2024
15349,14632,Kia EV6,SUV,77.4,2023
15350,14633,Kia EV6,SUV,77.4,2023
15351,14634,Hyundai Ioniq 5,SUV,72.6,2022
15352,14635,Tata Nexon EV,SUV,30.2,2020
15353,14636,Tata Tiago EV,Hatchback,24.0,2024
15354,14637,BYD Atto 3,SUV,60.5,2024
15355,14638,Mahindra BE 6,SUV,59.0,2024
15356,14639,Tata Nexon EV,SUV,30.2,2023
15357,14640,Tata Nexon EV,SUV,30.2,2023
15358,14641,Mahindra XUV400,SUV,39.4,2024
15359,14642,Hyundai Kona Electric,SUV,39.2,2023
15360,14643,Hyundai Kona Electric,SUV,39.2,2020
15361,14644,Hyundai Ioniq 5,SUV,72.6,2024
15362,14645,Hyundai Kona Electric,SUV,39.2,2021
15363,14646,Tata Punch EV,Hatchback,35.0,2025
15364,14647,Mahindra BE 6,SUV,59.0,2020
15365,14648,MG ZS EV,SUV,50.3,2021
15366,14649,Hyundai Kona Electric,SUV,39.2,2025
15367,14650,Kia EV6,SUV,77.4,2025
15368,14651,Hyundai Ioniq 5,SUV,72.6,2025
15369,14652,Mahindra XUV400,SUV,39.4,2021
15370,14653,MG ZS EV,SUV,50.3,2023
15371,14654,Tata Nexon EV,SUV,30.2,2023
15372,14654,MG ZS EV,SUV,50.3,2022
15373,14655,Hyundai Kona Electric,SUV,39.2,2022
15374,14656,Tata Tiago EV,Hatchback,24.0,2023
15375,14657,Hyundai Ioniq 5,SUV,72.6,2020
15376,14658,Mahindra BE 6,SUV,59.0,2021
15377,14659,Tata Nexon EV,SUV,30.2,2020
15378,14660,Mahindra XUV400,SUV,39.4,2023
15379,14661,Tata Nexon EV,SUV,30.2,2025
15380,14662,Kia EV6,SUV,77.4,2022
15381,14663,Kia EV6,SUV,77.4,2025
15382,14664,MG ZS EV,SUV,50.3,2023
15383,14665,Hyundai Ioniq 5,SUV,72.6,2023
15384,14666,Tata Tiago EV,Hatchback,24.0,2022
15385,14667,Mahindra BE 6,SUV,59.0,2025
15386,14668,BYD Atto 3,SUV,60.5,2024
15387,14669,Mahindra XUV400,SUV,39.4,2020
15388,14670,Tata Nexon EV,SUV,30.2,2024
15389,14671,Mahindra BE 6,SUV,59.0,2025
15390,14671,Hyundai Kona Electric,SUV,39.2,2022
15391,14672,MG ZS EV,SUV,50.3,2021
15392,14673,Tata Tiago EV,Hatchback,24.0,2022
15393,14674,Mahindra XUV400,SUV,39.4,2024
15394,14675,Tata Nexon EV,SUV,30.2,2022
15395,14676,Tata Tiago EV,Hatchback,24.0,2023
15396,14677,Tata Punch EV,Hatchback,35.0,2024
15397,14678,Hyundai Ioniq 5,SUV,72.6,2024
15398,14679,MG ZS EV,SUV,50.3,2021
15399,14680,Mahindra XUV400,SUV,39.4,2024
15400,14680,Hyundai Kona Electric,SUV,39.2,2020
15401,14681,Tata Punch EV,Hatchback,35.0,2022
15402,14682,Mahindra XUV400,SUV,39.4,2025
15403,14683,Tata Tiago EV,Hatchback,24.0,2020
15404,14684,Mahindra BE 6,SUV,59.0,2023
15405,14685,Mahindra XUV400,SUV,39.4,2024
15406,14686,Mahindra BE 6,SUV,59.0,2020
15407,14687,MG ZS EV,SUV,50.3,2021
15408,14688,Hyundai Kona Electric,SUV,39.2,2021
15409,14689,Mahindra XUV400,SUV,39.4,2021
15410,14690,Tata Punch EV,Hatchback,35.0,2025
15411,14690,Kia EV6,SUV,77.4,2021
15412,14691,MG ZS EV,SUV,50.3,2020
15413,14692,Hyundai Ioniq 5,SUV,72.6,2020
15414,14693,Tata Tiago EV,Hatchback,24.0,2023
15415,14694,Kia EV6,SUV,77.4,2024
15416,14695,Hyundai Ioniq 5,SUV,72.6,2021
15417,14696,Tata Punch EV,Hatchback,35.0,2024
15418,14697,Tata Punch EV,Hatchback,35.0,2025
15419,14698,Tata Punch EV,Hatchback,35.0,2021
15420,14699,Mahindra XUV400,SUV,39.4,2023
15421,14700,Tata Tiago EV,Hatchback,24.0,2021
15422,14701,Mahindra BE 6,SUV,59.0,2025
15423,14702,Tata Punch EV,Hatchback,35.0,2021
15424,14703,Kia EV6,SUV,77.4,2024
15425,14704,Mahindra BE 6,SUV,59.0,2024
15426,14705,Mahindra XUV400,SUV,39.4,2025
15427,14706,Tata Nexon EV,SUV,30.2,2024
15428,14707,Mahindra BE 6,SUV,59.0,2025
15429,14708,MG ZS EV,SUV,50.3,2021
15430,14709,Hyundai Ioniq 5,SUV,72.6,2020
15431,14710,Hyundai Kona Electric,SUV,39.2,2023
15432,14711,Kia EV6,SUV,77.4,2023
15433,14712,Kia EV6,SUV,77.4,2023
15434,14713,Kia EV6,SUV,77.4,2020
15435,14714,Hyundai Kona Electric,SUV,39.2,2021
15436,14715,Tata Nexon EV,SUV,30.2,2021
15437,14716,MG ZS EV,SUV,50.3,2021
15438,14717,Tata Tiago EV,Hatchback,24.0,2022
15439,14718,Mahindra XUV400,SUV,39.4,2024
15440,14719,Hyundai Ioniq 5,SUV,72.6,2020
15441,14720,Mahindra BE 6,SUV,59.0,2024
15442,14721,Kia EV6,SUV,77.4,2021
15443,14722,Kia EV6,SUV,77.4,2023
15444,14723,Kia EV6,SUV,77.4,2020
15445,14724,Mahindra BE 6,SUV,59.0,2023
15446,14725,Tata Nexon EV,SUV,30.2,2025
15447,14726,Tata Nexon EV,SUV,30.2,2022
15448,14727,Tata Nexon EV,SUV,30.2,2023
15449,14728,Mahindra XUV400,SUV,39.4,2022
15450,14729,Tata Punch EV,Hatchback,35.0,2025
15451,14730,Tata Tiago EV,Hatchback,24.0,2023
15452,14731,Hyundai Ioniq 5,SUV,72.6,2022
15453,14732,Hyundai Ioniq 5,SUV,72.6,2025
15454,14733,Mahindra BE 6,SUV,59.0,2021
15455,14734,Mahindra XUV400,SUV,39.4,2020
15456,14735,Tata Nexon EV,SUV,30.2,2023
15457,14736,Mahindra BE 6,SUV,59.0,2023
15458,14737,Tata Tiago EV,Hatchback,24.0,2024
15459,14738,BYD Atto 3,SUV,60.5,2025
15460,14739,MG ZS EV,SUV,50.3,2020
15461,14740,Hyundai Ioniq 5,SUV,72.6,2025
15462,14741,Kia EV6,SUV,77.4,2021
15463,14742,MG ZS EV,SUV,50.3,2022
15464,14743,Hyundai Kona Electric,SUV,39.2,2025
15465,14744,Tata Tiago EV,Hatchback,24.0,2024
15466,14745,Mahindra XUV400,SUV,39.4,2023
15467,14746,BYD Atto 3,SUV,60.5,2024
15468,14747,BYD Atto 3,SUV,60.5,2023
15469,14748,BYD Atto 3,SUV,60.5,2022
15470,14748,Tata Tiago EV,Hatchback,24.0,2024
15471,14749,Tata Tiago EV,Hatchback,24.0,2025
15472,14750,Mahindra BE 6,SUV,59.0,2020
15473,14751,Tata Tiago EV,Hatchback,24.0,2025
15474,14751,BYD Atto 3,SUV,60.5,2021
15475,14752,Mahindra BE 6,SUV,59.0,2022
15476,14753,Hyundai Ioniq 5,SUV,72.6,2021
15477,14754,Mahindra BE 6,SUV,59.0,2024
15478,14755,Kia EV6,SUV,77.4,2023
15479,14756,Tata Punch EV,Hatchback,35.0,2023
15480,14757,BYD Atto 3,SUV,60.5,2020
15481,14758,Mahindra XUV400,SUV,39.4,2023
15482,14759,Tata Nexon EV,SUV,30.2,2020
15483,14760,Tata Tiago EV,Hatchback,24.0,2023
15484,14761,Hyundai Ioniq 5,SUV,72.6,2020
15485,14761,MG ZS EV,SUV,50.3,2020
15486,14762,Hyundai Kona Electric,SUV,39.2,2024
15487,14763,BYD Atto 3,SUV,60.5,2020
15488,14764,Mahindra XUV400,SUV,39.4,2020
15489,14765,Hyundai Kona Electric,SUV,39.2,2023
15490,14766,Hyundai Ioniq 5,SUV,72.6,2022
15491,14767,BYD Atto 3,SUV,60.5,2020
15492,14768,Hyundai Ioniq 5,SUV,72.6,2020
15493,14769,Tata Punch EV,Hatchback,35.0,2022
15494,14770,Hyundai Kona Electric,SUV,39.2,2023
15495,14771,Hyundai Kona Electric,SUV,39.2,2025
15496,14772,Tata Tiago EV,Hatchback,24.0,2020
15497,14773,Tata Nexon EV,SUV,30.2,2020
15498,14774,Hyundai Ioniq 5,SUV,72.6,2020
15499,14775,Tata Nexon EV,SUV,30.2,2023
15500,14776,BYD Atto 3,SUV,60.5,2025
15501,14777,Kia EV6,SUV,77.4,2022
15502,14778,Tata Punch EV,Hatchback,35.0,2023
15503,14779,Mahindra BE 6,SUV,59.0,2022
15504,14780,Hyundai Ioniq 5,SUV,72.6,2021
15505,14781,Mahindra BE 6,SUV,59.0,2023
15506,14781,MG ZS EV,SUV,50.3,2025
15507,14782,Mahindra BE 6,SUV,59.0,2023
15508,14783,MG ZS EV,SUV,50.3,2023
15509,14784,Hyundai Kona Electric,SUV,39.2,2021
15510,14785,Hyundai Ioniq 5,SUV,72.6,2021
15511,14786,Hyundai Kona Electric,SUV,39.2,2025
15512,14787,Tata Punch EV,Hatchback,35.0,2020
15513,14788,Tata Tiago EV,Hatchback,24.0,2024
15514,14789,Hyundai Kona Electric,SUV,39.2,2025
15515,14790,BYD Atto 3,SUV,60.5,2021
15516,14791,Hyundai Ioniq 5,SUV,72.6,2024
15517,14792,Tata Punch EV,Hatchback,35.0,2021
15518,14793,Tata Tiago EV,Hatchback,24.0,2025
15519,14794,BYD Atto 3,SUV,60.5,2021
15520,14795,Mahindra BE 6,SUV,59.0,2020
15521,14796,Kia EV6,SUV,77.4,2021
15522,14797,Hyundai Ioniq 5,SUV,72.6,2024
15523,14798,Hyundai Kona Electric,SUV,39.2,2022
15524,14799,Tata Nexon EV,SUV,30.2,2024
15525,14800,Tata Punch EV,Hatchback,35.0,2024
15526,14801,Tata Punch EV,Hatchback,35.0,2025
15527,14801,Mahindra BE 6,SUV,59.0,2021
15528,14802,Kia EV6,SUV,77.4,2021
15529,14803,Tata Tiago EV,Hatchback,24.0,2021
15530,14804,Mahindra BE 6,SUV,59.0,2020
15531,14805,BYD Atto 3,SUV,60.5,2023
15532,14806,Mahindra BE 6,SUV,59.0,2021
15533,14807,Mahindra BE 6,SUV,59.0,2021
15534,14808,Mahindra BE 6,SUV,59.0,2020
15535,14809,Mahindra XUV400,SUV,39.4,2025
15536,14810,BYD Atto 3,SUV,60.5,2021
15537,14811,Tata Nexon EV,SUV,30.2,2022
15538,14812,BYD Atto 3,SUV,60.5,2020
15539,14813,MG ZS EV,SUV,50.3,2021
15540,14814,BYD Atto 3,SUV,60.5,2021
15541,14815,Tata Punch EV,Hatchback,35.0,2022
15542,14815,Mahindra XUV400,SUV,39.4,2022
15543,14816,Tata Punch EV,Hatchback,35.0,2023
15544,14817,MG ZS EV,SUV,50.3,2023
15545,14818,Hyundai Kona Electric,SUV,39.2,2023
15546,14819,Tata Tiago EV,Hatchback,24.0,2025
15547,14820,Tata Nexon EV,SUV,30.2,2025
15548,14821,Hyundai Kona Electric,SUV,39.2,2020
15549,14822,MG ZS EV,SUV,50.3,2023
15550,14823,Tata Nexon EV,SUV,30.2,2023
15551,14824,Tata Tiago EV,Hatchback,24.0,2020
15552,14825,MG ZS EV,SUV,50.3,2024
15553,14826,Tata Punch EV,Hatchback,35.0,2025
15554,14827,Mahindra XUV400,SUV,39.4,2023
15555,14828,Tata Nexon EV,SUV,30.2,2020
15556,14829,Kia EV6,SUV,77.4,2024
15557,14830,Tata Nexon EV,SUV,30.2,2021
15558,14831,MG ZS EV,SUV,50.3,2023
15559,14832,BYD Atto 3,SUV,60.5,2025
15560,14833,Tata Tiago EV,Hatchback,24.0,2020
15561,14834,Kia EV6,SUV,77.4,2022
15562,14835,Tata Tiago EV,Hatchback,24.0,2022
15563,14836,Kia EV6,SUV,77.4,2025
15564,14837,Hyundai Ioniq 5,SUV,72.6,2024
15565,14838,Kia EV6,SUV,77.4,2022
15566,14839,BYD Atto 3,SUV,60.5,2024
15567,14840,Kia EV6,SUV,77.4,2023
15568,14841,Hyundai Kona Electric,SUV,39.2,2020
15569,14842,Mahindra XUV400,SUV,39.4,2023
15570,14843,Tata Punch EV,Hatchback,35.0,2020
15571,14844,Mahindra XUV400,SUV,39.4,2021
15572,14845,Hyundai Ioniq 5,SUV,72.6,2022
15573,14846,MG ZS EV,SUV,50.3,2021
15574,14847,Mahindra BE 6,SUV,59.0,2023
15575,14848,Mahindra BE 6,SUV,59.0,2022
15576,14849,Tata Punch EV,Hatchback,35.0,2024
15577,14850,Mahindra BE 6,SUV,59.0,2020
15578,14851,Mahindra BE 6,SUV,59.0,2021
15579,14852,MG ZS EV,SUV,50.3,2025
15580,14853,Kia EV6,SUV,77.4,2022
15581,14854,Hyundai Ioniq 5,SUV,72.6,2021
15582,14855,MG ZS EV,SUV,50.3,2025
15583,14856,Hyundai Kona Electric,SUV,39.2,2025
15584,14857,Tata Tiago EV,Hatchback,24.0,2022
15585,14858,Kia EV6,SUV,77.4,2022
15586,14858,Hyundai Ioniq 5,SUV,72.6,2023
15587,14859,BYD Atto 3,SUV,60.5,2022
15588,14860,Mahindra XUV400,SUV,39.4,2025
15589,14861,Tata Punch EV,Hatchback,35.0,2025
15590,14862,Tata Punch EV,Hatchback,35.0,2025
15591,14863,Mahindra XUV400,SUV,39.4,2025
15592,14864,Tata Punch EV,Hatchback,35.0,2025
15593,14864,Kia EV6,SUV,77.4,2020
15594,14865,Hyundai Kona Electric,SUV,39.2,2023
15595,14866,Mahindra XUV400,SUV,39.4,2022
15596,14867,Mahindra XUV400,SUV,39.4,2025
15597,14868,Tata Nexon EV,SUV,30.2,2024
15598,14869,BYD Atto 3,SUV,60.5,2020
15599,14870,Kia EV6,SUV,77.4,2022
15600,14871,Mahindra XUV400,SUV,39.4,2023
15601,14872,MG ZS EV,SUV,50.3,2022
15602,14873,Mahindra XUV400,SUV,39.4,2021
15603,14874,Hyundai Kona Electric,SUV,39.2,2025
15604,14875,Hyundai Ioniq 5,SUV,72.6,2025
15605,14876,BYD Atto 3,SUV,60.5,2022
15606,14876,Tata Tiago EV,Hatchback,24.0,2021
15607,14877,BYD Atto 3,SUV,60.5,2021
15608,14878,MG ZS EV,SUV,50.3,2024
15609,14879,BYD Atto 3,SUV,60.5,2022
15610,14880,BYD Atto 3,SUV,60.5,2024
15611,14881,Tata Punch EV,Hatchback,35.0,2024
15612,14882,MG ZS EV,SUV,50.3,2022
15613,14883,MG ZS EV,SUV,50.3,2020
15614,14884,Mahindra XUV400,SUV,39.4,2021
15615,14885,Kia EV6,SUV,77.4,2022
15616,14886,Tata Punch EV,Hatchback,35.0,2021
15617,14887,Tata Tiago EV,Hatchback,24.0,2022
15618,14888,Mahindra XUV400,SUV,39.4,2022
15619,14889,Tata Tiago EV,Hatchback,24.0,2023
15620,14890,Hyundai Ioniq 5,SUV,72.6,2020
15621,14891,Tata Punch EV,Hatchback,35.0,2021
15622,14892,BYD Atto 3,SUV,60.5,2020
15623,14893,Tata Nexon EV,SUV,30.2,2022
15624,14894,Mahindra XUV400,SUV,39.4,2022
15625,14895,BYD Atto 3,SUV,60.5,2024
15626,14896,BYD Atto 3,SUV,60.5,2024
15627,14897,MG ZS EV,SUV,50.3,2023
15628,14898,Hyundai Ioniq 5,SUV,72.6,2024
15629,14899,Tata Punch EV,Hatchback,35.0,2023
15630,14899,BYD Atto 3,SUV,60.5,2020
15631,14900,Mahindra BE 6,SUV,59.0,2023
15632,14901,Hyundai Kona Electric,SUV,39.2,2021
15633,14902,Hyundai Ioniq 5,SUV,72.6,2022
15634,14903,Hyundai Kona Electric,SUV,39.2,2022
15635,14904,Mahindra BE 6,SUV,59.0,2021
15636,14905,Mahindra XUV400,SUV,39.4,2022
15637,14906,Mahindra XUV400,SUV,39.4,2024
15638,14907,Tata Tiago EV,Hatchback,24.0,2023
15639,14908,MG ZS EV,SUV,50.3,2023
15640,14909,Mahindra BE 6,SUV,59.0,2025
15641,14910,Hyundai Ioniq 5,SUV,72.6,2020
15642,14911,Tata Tiago EV,Hatchback,24.0,2021
15643,14912,Kia EV6,SUV,77.4,2025
15644,14913,Tata Tiago EV,Hatchback,24.0,2020
15645,14914,Hyundai Ioniq 5,SUV,72.6,2025
15646,14915,BYD Atto 3,SUV,60.5,2021
15647,14916,Tata Tiago EV,Hatchback,24.0,2022
15648,14917,Mahindra XUV400,SUV,39.4,2025
15649,14918,Tata Tiago EV,Hatchback,24.0,2021
15650,14919,Hyundai Ioniq 5,SUV,72.6,2025
15651,14920,Kia EV6,SUV,77.4,2024
15652,14921,BYD Atto 3,SUV,60.5,2021
15653,14922,Hyundai Ioniq 5,SUV,72.6,2024
15654,14923,Mahindra BE 6,SUV,59.0,2023
15655,14924,Mahindra XUV400,SUV,39.4,2020
15656,14925,BYD Atto 3,SUV,60.5,2021
15657,14926,Mahindra BE 6,SUV,59.0,2023
15658,14927,Kia EV6,SUV,77.4,2022
15659,14928,MG ZS EV,SUV,50.3,2022
15660,14929,BYD Atto 3,SUV,60.5,2020
15661,14929,Mahindra XUV400,SUV,39.4,2023
15662,14930,Tata Tiago EV,Hatchback,24.0,2022
15663,14931,Tata Nexon EV,SUV,30.2,2024
15664,14932,Hyundai Ioniq 5,SUV,72.6,2025
15665,14933,Kia EV6,SUV,77.4,2021
15666,14934,Tata Punch EV,Hatchback,35.0,2022
15667,14934,MG ZS EV,SUV,50.3,2023
15668,14935,Hyundai Kona Electric,SUV,39.2,2021
15669,14936,Hyundai Kona Electric,SUV,39.2,2023
15670,14937,Tata Nexon EV,SUV,30.2,2021
15671,14938,Tata Punch EV,Hatchback,35.0,2022
15672,14939,Hyundai Kona Electric,SUV,39.2,2025
15673,14940,Tata Punch EV,Hatchback,35.0,2024
15674,14941,Hyundai Ioniq 5,SUV,72.6,2024
15675,14941,Tata Punch EV,Hatchback,35.0,2020
15676,14942,Tata Tiago EV,Hatchback,24.0,2021
15677,14943,Tata Nexon EV,SUV,30.2,2024
15678,14944,Hyundai Ioniq 5,SUV,72.6,2024
15679,14945,Mahindra XUV400,SUV,39.4,2021
15680,14946,Hyundai Kona Electric,SUV,39.2,2024
15681,14947,Mahindra XUV400,SUV,39.4,2021
15682,14947,MG ZS EV,SUV,50.3,2024
15683,14948,Tata Nexon EV,SUV,30.2,2024
15684,14949,Tata Tiago EV,Hatchback,24.0,2024
15685,14950,Mahindra BE 6,SUV,59.0,2022
15686,14951,BYD Atto 3,SUV,60.5,2025
15687,14952,Tata Punch EV,Hatchback,35.0,2021
15688,14953,Mahindra XUV400,SUV,39.4,2023
15689,14954,Mahindra BE 6,SUV,59.0,2024
15690,14955,Tata Punch EV,Hatchback,35.0,2025
15691,14956,Hyundai Kona Electric,SUV,39.2,2020
15692,14957,Mahindra BE 6,SUV,59.0,2024
15693,14958,Tata Nexon EV,SUV,30.2,2023
15694,14959,Kia EV6,SUV,77.4,2025
15695,14960,Tata Nexon EV,SUV,30.2,2021
15696,14961,Mahindra BE 6,SUV,59.0,2024
15697,14962,Mahindra XUV400,SUV,39.4,2023
15698,14963,Tata Tiago EV,Hatchback,24.0,2021
15699,14963,BYD Atto 3,SUV,60.5,2023
15700,14964,Hyundai Ioniq 5,SUV,72.6,2020
15701,14965,MG ZS EV,SUV,50.3,2020
15702,14966,Tata Tiago EV,Hatchback,24.0,2025
15703,14967,Hyundai Ioniq 5,SUV,72.6,2021
15704,14968,Mahindra BE 6,SUV,59.0,2025
15705,14969,Kia EV6,SUV,77.4,2022
15706,14970,Tata Punch EV,Hatchback,35.0,2023
15707,14971,Tata Punch EV,Hatchback,35.0,2022
15708,14972,Hyundai Ioniq 5,SUV,72.6,2025
15709,14973,Tata Punch EV,Hatchback,35.0,2025
15710,14974,Kia EV6,SUV,77.4,2023
15711,14975,Hyundai Kona Electric,SUV,39.2,2024
15712,14976,Tata Nexon EV,SUV,30.2,2021
15713,14977,MG ZS EV,SUV,50.3,2024
15714,14978,BYD Atto 3,SUV,60.5,2025
15715,14979,Hyundai Kona Electric,SUV,39.2,2021
15716,14980,BYD Atto 3,SUV,60.5,2025
15717,14981,Hyundai Ioniq 5,SUV,72.6,2020
15718,14982,MG ZS EV,SUV,50.3,2024
15719,14983,Tata Nexon EV,SUV,30.2,2024
15720,14984,BYD Atto 3,SUV,60.5,2023
15721,14985,Hyundai Kona Electric,SUV,39.2,2021
15722,14986,Hyundai Kona Electric,SUV,39.2,2025
15723,14987,Mahindra XUV400,SUV,39.4,2022
15724,14988,Hyundai Ioniq 5,SUV,72.6,2025
15725,14989,Mahindra XUV400,SUV,39.4,2025
15726,14990,MG ZS EV,SUV,50.3,2020
15727,14991,Tata Nexon EV,SUV,30.2,2020
15728,14992,MG ZS EV,SUV,50.3,2020
15729,14993,Hyundai Kona Electric,SUV,39.2,2025
15730,14994,Hyundai Kona Electric,SUV,39.2,2020
15731,14995,Kia EV6,SUV,77.4,2025
15732,14996,MG ZS EV,SUV,50.3,2020
15733,14997,BYD Atto 3,SUV,60.5,2022
15734,14998,Hyundai Kona Electric,SUV,39.2,2023
15735,14999,Mahindra BE 6,SUV,59.0,2022
15736,15000,Hyundai Ioniq 5,SUV,72.6,2020
15737,15001,Kia EV6,SUV,77.4,2023
15738,15002,MG ZS EV,SUV,50.3,2025
15739,15003,Hyundai Ioniq 5,SUV,72.6,2021
15740,15004,Mahindra BE 6,SUV,59.0,2020
15741,15005,Tata Tiago EV,Hatchback,24.0,2021
15742,15006,Tata Nexon EV,SUV,30.2,2020
15743,15007,Hyundai Ioniq 5,SUV,72.6,2020
15744,15008,Hyundai Kona Electric,SUV,39.2,2020
15745,15009,Kia EV6,SUV,77.4,2021
15746,15010,Mahindra XUV400,SUV,39.4,2022
15747,15011,Tata Punch EV,Hatchback,35.0,2020
15748,15012,Mahindra XUV400,SUV,39.4,2025
15749,15013,Mahindra BE 6,SUV,59.0,2021
15750,15014,MG ZS EV,SUV,50.3,2024
15751,15015,Hyundai Ioniq 5,SUV,72.6,2022
15752,15016,Tata Tiago EV,Hatchback,24.0,2020
15753,15017,BYD Atto 3,SUV,60.5,2024
15754,15018,Tata Tiago EV,Hatchback,24.0,2022
15755,15019,Mahindra XUV400,SUV,39.4,2020
15756,15020,Hyundai Kona Electric,SUV,39.2,2025
15757,15021,Mahindra BE 6,SUV,59.0,2023
15758,15022,Hyundai Kona Electric,SUV,39.2,2020
15759,15023,MG ZS EV,SUV,50.3,2023
15760,15024,Tata Nexon EV,SUV,30.2,2022
15761,15025,Hyundai Ioniq 5,SUV,72.6,2021
15762,15026,Tata Nexon EV,SUV,30.2,2025
15763,15027,Tata Tiago EV,Hatchback,24.0,2020
15764,15028,Hyundai Ioniq 5,SUV,72.6,2020
15765,15029,MG ZS EV,SUV,50.3,2022
15766,15030,MG ZS EV,SUV,50.3,2024
15767,15031,BYD Atto 3,SUV,60.5,2025
15768,15032,Mahindra BE 6,SUV,59.0,2023
15769,15033,BYD Atto 3,SUV,60.5,2022
15770,15034,MG ZS EV,SUV,50.3,2022
15771,15034,Tata Nexon EV,SUV,30.2,2021
15772,15035,Kia EV6,SUV,77.4,2021
15773,15036,Tata Punch EV,Hatchback,35.0,2021
15774,15037,Tata Punch EV,Hatchback,35.0,2021
15775,15038,MG ZS EV,SUV,50.3,2020
15776,15039,MG ZS EV,SUV,50.3,2022
15777,15040,Tata Punch EV,Hatchback,35.0,2021
15778,15041,Tata Nexon EV,SUV,30.2,2025
15779,15042,Mahindra BE 6,SUV,59.0,2020
15780,15042,Tata Nexon EV,SUV,30.2,2022
15781,15043,Hyundai Kona Electric,SUV,39.2,2020
15782,15044,Kia EV6,SUV,77.4,2025
15783,15045,BYD Atto 3,SUV,60.5,2022
15784,15046,Tata Tiago EV,Hatchback,24.0,2020
15785,15047,Kia EV6,SUV,77.4,2020
15786,15048,Hyundai Kona Electric,SUV,39.2,2024
15787,15049,Hyundai Ioniq 5,SUV,72.6,2020
15788,15050,Tata Punch EV,Hatchback,35.0,2025
15789,15050,Mahindra XUV400,SUV,39.4,2022
15790,15051,Kia EV6,SUV,77.4,2021
15791,15052,Mahindra BE 6,SUV,59.0,2020
15792,15053,MG ZS EV,SUV,50.3,2024
15793,15054,Hyundai Kona Electric,SUV,39.2,2020
15794,15055,BYD Atto 3,SUV,60.5,2022
15795,15056,Mahindra BE 6,SUV,59.0,2023
15796,15056,BYD Atto 3,SUV,60.5,2022
15797,15057,Tata Nexon EV,SUV,30.2,2021
15798,15058,MG ZS EV,SUV,50.3,2022
15799,15059,Kia EV6,SUV,77.4,2024
15800,15060,Kia EV6,SUV,77.4,2025
15801,15061,Hyundai Ioniq 5,SUV,72.6,2023
15802,15062,Tata Punch EV,Hatchback,35.0,2025
15803,15063,Kia EV6,SUV,77.4,2024
15804,15064,Mahindra XUV400,SUV,39.4,2024
15805,15065,Tata Tiago EV,Hatchback,24.0,2022
15806,15066,MG ZS EV,SUV,50.3,2022
15807,15067,Tata Tiago EV,Hatchback,24.0,2021
15808,15068,Kia EV6,SUV,77.4,2022
15809,15069,Hyundai Ioniq 5,SUV,72.6,2024
15810,15070,Mahindra XUV400,SUV,39.4,2020
15811,15071,Mahindra XUV400,SUV,39.4,2024
15812,15072,MG ZS EV,SUV,50.3,2024
15813,15073,Hyundai Kona Electric,SUV,39.2,2022
15814,15074,Mahindra XUV400,SUV,39.4,2021
15815,15075,Kia EV6,SUV,77.4,2025
15816,15075,Kia EV6,SUV,77.4,2022
15817,15076,MG ZS EV,SUV,50.3,2025
15818,15077,Tata Tiago EV,Hatchback,24.0,2022
15819,15078,Tata Tiago EV,Hatchback,24.0,2023
15820,15079,Kia EV6,SUV,77.4,2020
15821,15080,Mahindra XUV400,SUV,39.4,2022
15822,15081,Hyundai Kona Electric,SUV,39.2,2022
15823,15082,Kia EV6,SUV,77.4,2021
15824,15083,Tata Nexon EV,SUV,30.2,2022
15825,15084,BYD Atto 3,SUV,60.5,2022
15826,15085,Kia EV6,SUV,77.4,2020
15827,15086,Mahindra XUV400,SUV,39.4,2022
15828,15087,Mahindra XUV400,SUV,39.4,2025
15829,15088,Hyundai Ioniq 5,SUV,72.6,2021
15830,15089,Tata Tiago EV,Hatchback,24.0,2020
15831,15090,Tata Tiago EV,Hatchback,24.0,2023
15832,15091,Tata Tiago EV,Hatchback,24.0,2024
15833,15092,Kia EV6,SUV,77.4,2022
15834,15093,Tata Nexon EV,SUV,30.2,2023
15835,15094,Mahindra XUV400,SUV,39.4,2020
15836,15095,Mahindra XUV400,SUV,39.4,2020
15837,15096,BYD Atto 3,SUV,60.5,2024
15838,15097,Mahindra BE 6,SUV,59.0,2020
15839,15098,Mahindra BE 6,SUV,59.0,2022
15840,15099,Tata Tiago EV,Hatchback,24.0,2021
15841,15100,Tata Punch EV,Hatchback,35.0,2024
15842,15101,Kia EV6,SUV,77.4,2024
15843,15102,Hyundai Ioniq 5,SUV,72.6,2024
15844,15103,Tata Nexon EV,SUV,30.2,2022
15845,15104,BYD Atto 3,SUV,60.5,2020
15846,15105,Kia EV6,SUV,77.4,2022
15847,15106,Hyundai Ioniq 5,SUV,72.6,2024
15848,15107,Hyundai Ioniq 5,SUV,72.6,2021
15849,15108,Mahindra XUV400,SUV,39.4,2020
15850,15109,BYD Atto 3,SUV,60.5,2020
15851,15110,Mahindra BE 6,SUV,59.0,2020
15852,15111,MG ZS EV,SUV,50.3,2025
15853,15112,Tata Punch EV,Hatchback,35.0,2025
15854,15113,Tata Nexon EV,SUV,30.2,2025
15855,15114,Tata Nexon EV,SUV,30.2,2020
15856,15115,BYD Atto 3,SUV,60.5,2022
15857,15116,Tata Punch EV,Hatchback,35.0,2021
15858,15117,Kia EV6,SUV,77.4,2022
15859,15118,Tata Nexon EV,SUV,30.2,2025
15860,15119,BYD Atto 3,SUV,60.5,2022
15861,15120,Tata Nexon EV,SUV,30.2,2024
15862,15121,Tata Tiago EV,Hatchback,24.0,2025
15863,15122,Hyundai Ioniq 5,SUV,72.6,2023
15864,15123,Hyundai Kona Electric,SUV,39.2,2021
15865,15124,Kia EV6,SUV,77.4,2025
15866,15124,Hyundai Ioniq 5,SUV,72.6,2023
15867,15125,Hyundai Ioniq 5,SUV,72.6,2025
15868,15126,BYD Atto 3,SUV,60.5,2025
15869,15127,BYD Atto 3,SUV,60.5,2021
15870,15128,Kia EV6,SUV,77.4,2021
15871,15129,Mahindra XUV400,SUV,39.4,2023
15872,15130,Mahindra XUV400,SUV,39.4,2022
15873,15131,Mahindra BE 6,SUV,59.0,2020
15874,15132,MG ZS EV,SUV,50.3,2023
15875,15133,Tata Punch EV,Hatchback,35.0,2021
15876,15134,BYD Atto 3,SUV,60.5,2025
15877,15135,MG ZS EV,SUV,50.3,2024
15878,15135,Hyundai Kona Electric,SUV,39.2,2025
15879,15136,Kia EV6,SUV,77.4,2020
15880,15136,Tata Punch EV,Hatchback,35.0,2025
15881,15137,MG ZS EV,SUV,50.3,2024
15882,15138,Mahindra BE 6,SUV,59.0,2023
15883,15139,BYD Atto 3,SUV,60.5,2021
15884,15140,MG ZS EV,SUV,50.3,2025
15885,15140,BYD Atto 3,SUV,60.5,2021
15886,15141,Kia EV6,SUV,77.4,2025
15887,15142,BYD Atto 3,SUV,60.5,2022
15888,15143,Tata Tiago EV,Hatchback,24.0,2025
15889,15144,Mahindra BE 6,SUV,59.0,2023
15890,15145,Tata Nexon EV,SUV,30.2,2021
15891,15146,Hyundai Kona Electric,SUV,39.2,2022
15892,15147,Tata Tiago EV,Hatchback,24.0,2024
15893,15148,Tata Tiago EV,Hatchback,24.0,2022
15894,15149,Mahindra XUV400,SUV,39.4,2020
15895,15150,Kia EV6,SUV,77.4,2022
15896,15151,BYD Atto 3,SUV,60.5,2020
15897,15152,Hyundai Ioniq 5,SUV,72.6,2024
15898,15153,Hyundai Kona Electric,SUV,39.2,2023
15899,15154,BYD Atto 3,SUV,60.5,2023
15900,15155,Mahindra XUV400,SUV,39.4,2021
15901,15156,Hyundai Ioniq 5,SUV,72.6,2020
15902,15157,Hyundai Ioniq 5,SUV,72.6,2025
15903,15158,BYD Atto 3,SUV,60.5,2020
15904,15158,Hyundai Ioniq 5,SUV,72.6,2020
15905,15159,MG ZS EV,SUV,50.3,2022
15906,15159,Hyundai Ioniq 5,SUV,72.6,2023
15907,15160,Tata Punch EV,Hatchback,35.0,2021
15908,15161,Tata Nexon EV,SUV,30.2,2020
15909,15162,Tata Punch EV,Hatchback,35.0,2024
15910,15163,MG ZS EV,SUV,50.3,2024
15911,15164,Tata Tiago EV,Hatchback,24.0,2023
15912,15165,BYD Atto 3,SUV,60.5,2021
15913,15166,Tata Tiago EV,Hatchback,24.0,2024
15914,15167,Kia EV6,SUV,77.4,2023
15915,15168,MG ZS EV,SUV,50.3,2022
15916,15169,Hyundai Kona Electric,SUV,39.2,2023
15917,15170,Mahindra BE 6,SUV,59.0,2024
15918,15171,MG ZS EV,SUV,50.3,2025
15919,15172,Hyundai Kona Electric,SUV,39.2,2020
15920,15173,MG ZS EV,SUV,50.3,2023
15921,15174,Tata Nexon EV,SUV,30.2,2022
15922,15175,BYD Atto 3,SUV,60.5,2020
15923,15176,Mahindra BE 6,SUV,59.0,2021
15924,15177,BYD Atto 3,SUV,60.5,2025
15925,15178,Hyundai Ioniq 5,SUV,72.6,2020
15926,15179,Mahindra BE 6,SUV,59.0,2024
15927,15180,Tata Nexon EV,SUV,30.2,2022
15928,15180,Tata Nexon EV,SUV,30.2,2021
15929,15181,Hyundai Ioniq 5,SUV,72.6,2020
15930,15182,Mahindra BE 6,SUV,59.0,2023
15931,15182,Mahindra BE 6,SUV,59.0,2020
15932,15183,Tata Nexon EV,SUV,30.2,2021
15933,15184,Tata Tiago EV,Hatchback,24.0,2023
15934,15185,Hyundai Kona Electric,SUV,39.2,2023
15935,15186,Kia EV6,SUV,77.4,2025
15936,15187,Mahindra XUV400,SUV,39.4,2021
15937,15188,BYD Atto 3,SUV,60.5,2025
15938,15189,Hyundai Kona Electric,SUV,39.2,2020
15939,15190,Kia EV6,SUV,77.4,2020
15940,15191,Mahindra XUV400,SUV,39.4,2020
15941,15192,BYD Atto 3,SUV,60.5,2025
15942,15193,BYD Atto 3,SUV,60.5,2024
15943,15194,Kia EV6,SUV,77.4,2023
15944,15195,Mahindra BE 6,SUV,59.0,2021
15945,15196,BYD Atto 3,SUV,60.5,2021
15946,15197,Hyundai Ioniq 5,SUV,72.6,2025
15947,15198,Mahindra BE 6,SUV,59.0,2021
15948,15199,Kia EV6,SUV,77.4,2021
15949,15200,Hyundai Kona Electric,SUV,39.2,2023
15950,15201,Mahindra BE 6,SUV,59.0,2021
15951,15202,BYD Atto 3,SUV,60.5,2020
15952,15203,Tata Punch EV,Hatchback,35.0,2022
15953,15204,Hyundai Ioniq 5,SUV,72.6,2025
15954,15205,Hyundai Kona Electric,SUV,39.2,2021
15955,15206,Tata Nexon EV,SUV,30.2,2025
15956,15207,Hyundai Kona Electric,SUV,39.2,2025
15957,15207,BYD Atto 3,SUV,60.5,2023
15958,15208,Tata Punch EV,Hatchback,35.0,2023
15959,15209,BYD Atto 3,SUV,60.5,2024
15960,15210,MG ZS EV,SUV,50.3,2024
15961,15211,Hyundai Ioniq 5,SUV,72.6,2025
15962,15212,BYD Atto 3,SUV,60.5,2022
15963,15213,Tata Nexon EV,SUV,30.2,2021
15964,15214,Hyundai Ioniq 5,SUV,72.6,2023
15965,15215,Mahindra BE 6,SUV,59.0,2023
15966,15216,Tata Nexon EV,SUV,30.2,2024
15967,15217,Mahindra XUV400,SUV,39.4,2025
15968,15218,Tata Tiago EV,Hatchback,24.0,2025
15969,15219,Hyundai Kona Electric,SUV,39.2,2021
15970,15220,Kia EV6,SUV,77.4,2020
15971,15221,Mahindra BE 6,SUV,59.0,2025
15972,15222,BYD Atto 3,SUV,60.5,2025
15973,15222,BYD Atto 3,SUV,60.5,2025
15974,15223,MG ZS EV,SUV,50.3,2023
15975,15224,Hyundai Kona Electric,SUV,39.2,2022
15976,15225,Tata Nexon EV,SUV,30.2,2020
15977,15226,Hyundai Kona Electric,SUV,39.2,2024
15978,15227,Hyundai Kona Electric,SUV,39.2,2023
15979,15228,Mahindra BE 6,SUV,59.0,2021
15980,15229,Tata Nexon EV,SUV,30.2,2024
15981,15229,Kia EV6,SUV,77.4,2024
15982,15230,Kia EV6,SUV,77.4,2021
15983,15231,MG ZS EV,SUV,50.3,2025
15984,15232,Mahindra BE 6,SUV,59.0,2023
15985,15233,MG ZS EV,SUV,50.3,2021
15986,15234,Tata Nexon EV,SUV,30.2,2020
15987,15235,Hyundai Kona Electric,SUV,39.2,2020
15988,15236,BYD Atto 3,SUV,60.5,2020
15989,15237,Tata Nexon EV,SUV,30.2,2023
15990,15238,Mahindra BE 6,SUV,59.0,2020
15991,15239,Hyundai Ioniq 5,SUV,72.6,2025
15992,15240,Hyundai Ioniq 5,SUV,72.6,2024
15993,15241,Hyundai Kona Electric,SUV,39.2,2022
15994,15242,Hyundai Kona Electric,SUV,39.2,2021
15995,15243,BYD Atto 3,SUV,60.5,2023
15996,15244,Tata Punch EV,Hatchback,35.0,2023
15997,15245,Tata Tiago EV,Hatchback,24.0,2021
15998,15246,Tata Nexon EV,SUV,30.2,2025
15999,15247,Hyundai Kona Electric,SUV,39.2,2024
16000,15248,BYD Atto 3,SUV,60.5,2024
16001,15249,Hyundai Kona Electric,SUV,39.2,2023
16002,15250,Mahindra BE 6,SUV,59.0,2025
16003,15251,Kia EV6,SUV,77.4,2025
16004,15252,Hyundai Kona Electric,SUV,39.2,2020
16005,15253,BYD Atto 3,SUV,60.5,2020
16006,15254,Tata Nexon EV,SUV,30.2,2023
16007,15255,Tata Tiago EV,Hatchback,24.0,2021
16008,15256,Mahindra BE 6,SUV,59.0,2022
16009,15257,Hyundai Kona Electric,SUV,39.2,2024
16010,15258,MG ZS EV,SUV,50.3,2022
16011,15259,BYD Atto 3,SUV,60.5,2020
16012,15260,Mahindra XUV400,SUV,39.4,2022
16013,15261,Hyundai Ioniq 5,SUV,72.6,2025
16014,15262,Hyundai Kona Electric,SUV,39.2,2024
16015,15263,Mahindra BE 6,SUV,59.0,2021
16016,15264,Mahindra XUV400,SUV,39.4,2025
16017,15265,Tata Punch EV,Hatchback,35.0,2020
16018,15266,MG ZS EV,SUV,50.3,2025
16019,15267,Kia EV6,SUV,77.4,2023
16020,15268,Tata Nexon EV,SUV,30.2,2021
16021,15269,Tata Nexon EV,SUV,30.2,2025
16022,15270,Mahindra BE 6,SUV,59.0,2023
16023,15271,Mahindra BE 6,SUV,59.0,2022
16024,15272,BYD Atto 3,SUV,60.5,2022
16025,15273,Hyundai Ioniq 5,SUV,72.6,2021
16026,15274,Tata Tiago EV,Hatchback,24.0,2020
16027,15275,Hyundai Kona Electric,SUV,39.2,2025
16028,15276,Hyundai Kona Electric,SUV,39.2,2022
16029,15277,Hyundai Ioniq 5,SUV,72.6,2025
16030,15278,Tata Punch EV,Hatchback,35.0,2025
16031,15279,Kia EV6,SUV,77.4,2020
16032,15280,Hyundai Kona Electric,SUV,39.2,2022
16033,15281,Tata Punch EV,Hatchback,35.0,2024
16034,15282,Tata Tiago EV,Hatchback,24.0,2020
16035,15283,Hyundai Ioniq 5,SUV,72.6,2021
16036,15284,Tata Tiago EV,Hatchback,24.0,2025
16037,15285,Tata Tiago EV,Hatchback,24.0,2020
16038,15286,Tata Nexon EV,SUV,30.2,2021
16039,15287,MG ZS EV,SUV,50.3,2021
16040,15287,Hyundai Ioniq 5,SUV,72.6,2025
16041,15288,Hyundai Ioniq 5,SUV,72.6,2020
16042,15289,Tata Punch EV,Hatchback,35.0,2020
16043,15290,Mahindra XUV400,SUV,39.4,2024
16044,15291,Tata Tiago EV,Hatchback,24.0,2020
16045,15292,Tata Tiago EV,Hatchback,24.0,2023
16046,15293,Hyundai Kona Electric,SUV,39.2,2023
16047,15294,Mahindra XUV400,SUV,39.4,2024
16048,15295,MG ZS EV,SUV,50.3,2022
16049,15296,Tata Punch EV,Hatchback,35.0,2023
16050,15297,Tata Punch EV,Hatchback,35.0,2022
16051,15298,Mahindra BE 6,SUV,59.0,2025
16052,15299,Tata Tiago EV,Hatchback,24.0,2024
16053,15300,Hyundai Kona Electric,SUV,39.2,2022
16054,15301,Tata Tiago EV,Hatchback,24.0,2024
16055,15302,Tata Tiago EV,Hatchback,24.0,2025
16056,15303,Hyundai Kona Electric,SUV,39.2,2024
16057,15304,Hyundai Kona Electric,SUV,39.2,2020
16058,15305,Tata Tiago EV,Hatchback,24.0,2025
16059,15306,Kia EV6,SUV,77.4,2021
16060,15307,MG ZS EV,SUV,50.3,2024
16061,15308,BYD Atto 3,SUV,60.5,2025
16062,15309,Hyundai Ioniq 5,SUV,72.6,2023
16063,15310,Tata Tiago EV,Hatchback,24.0,2020
16064,15311,Hyundai Kona Electric,SUV,39.2,2025
16065,15312,Tata Tiago EV,Hatchback,24.0,2024
16066,15313,MG ZS EV,SUV,50.3,2021
16067,15313,BYD Atto 3,SUV,60.5,2022
16068,15314,Tata Nexon EV,SUV,30.2,2023
16069,15315,Hyundai Ioniq 5,SUV,72.6,2025
16070,15316,Tata Tiago EV,Hatchback,24.0,2020
16071,15317,BYD Atto 3,SUV,60.5,2025
16072,15318,Tata Tiago EV,Hatchback,24.0,2023
16073,15319,Tata Nexon EV,SUV,30.2,2020
16074,15319,BYD Atto 3,SUV,60.5,2021
16075,15320,MG ZS EV,SUV,50.3,2020
16076,15321,Mahindra BE 6,SUV,59.0,2023
16077,15322,MG ZS EV,SUV,50.3,2024
16078,15323,Hyundai Ioniq 5,SUV,72.6,2020
16079,15324,Mahindra BE 6,SUV,59.0,2021
16080,15325,Mahindra BE 6,SUV,59.0,2024
16081,15326,Tata Punch EV,Hatchback,35.0,2024
16082,15327,MG ZS EV,SUV,50.3,2024
16083,15328,Mahindra XUV400,SUV,39.4,2020
16084,15329,Mahindra XUV400,SUV,39.4,2022
16085,15329,Mahindra BE 6,SUV,59.0,2024
16086,15330,Mahindra BE 6,SUV,59.0,2023
16087,15331,Hyundai Kona Electric,SUV,39.2,2021
16088,15332,Tata Punch EV,Hatchback,35.0,2022
16089,15333,Tata Nexon EV,SUV,30.2,2020
16090,15334,Hyundai Kona Electric,SUV,39.2,2025
16091,15335,Mahindra BE 6,SUV,59.0,2023
16092,15336,Tata Punch EV,Hatchback,35.0,2024
16093,15337,Tata Punch EV,Hatchback,35.0,2020
16094,15338,Hyundai Kona Electric,SUV,39.2,2021
16095,15339,Mahindra XUV400,SUV,39.4,2021
16096,15340,Hyundai Kona Electric,SUV,39.2,2021
16097,15341,Tata Punch EV,Hatchback,35.0,2021
16098,15342,Mahindra XUV400,SUV,39.4,2024
16099,15343,Kia EV6,SUV,77.4,2022
16100,15344,BYD Atto 3,SUV,60.5,2021
16101,15344,Tata Nexon EV,SUV,30.2,2021
16102,15345,Hyundai Kona Electric,SUV,39.2,2021
16103,15346,Kia EV6,SUV,77.4,2020
16104,15347,Kia EV6,SUV,77.4,2021
16105,15348,MG ZS EV,SUV,50.3,2024
16106,15349,Tata Tiago EV,Hatchback,24.0,2022
16107,15350,Hyundai Kona Electric,SUV,39.2,2020
16108,15351,Tata Punch EV,Hatchback,35.0,2021
16109,15352,Tata Punch EV,Hatchback,35.0,2024
16110,15353,Tata Punch EV,Hatchback,35.0,2020
16111,15354,Kia EV6,SUV,77.4,2020
16112,15355,Kia EV6,SUV,77.4,2024
16113,15356,Hyundai Kona Electric,SUV,39.2,2020
16114,15357,BYD Atto 3,SUV,60.5,2024
16115,15358,Hyundai Kona Electric,SUV,39.2,2022
16116,15359,Kia EV6,SUV,77.4,2020
16117,15360,Hyundai Ioniq 5,SUV,72.6,2023
16118,15361,Tata Nexon EV,SUV,30.2,2024
16119,15362,Hyundai Ioniq 5,SUV,72.6,2022
16120,15363,Hyundai Kona Electric,SUV,39.2,2023
16121,15364,Tata Punch EV,Hatchback,35.0,2021
16122,15365,Tata Nexon EV,SUV,30.2,2020
16123,15366,Tata Nexon EV,SUV,30.2,2024
16124,15367,Hyundai Ioniq 5,SUV,72.6,2021
16125,15368,Tata Punch EV,Hatchback,35.0,2021
16126,15369,Mahindra BE 6,SUV,59.0,2023
16127,15370,Tata Nexon EV,SUV,30.2,2023
16128,15371,Hyundai Ioniq 5,SUV,72.6,2023
16129,15372,Tata Punch EV,Hatchback,35.0,2020
16130,15373,Hyundai Kona Electric,SUV,39.2,2025
16131,15374,Kia EV6,SUV,77.4,2021
16132,15375,Hyundai Ioniq 5,SUV,72.6,2025
16133,15376,Mahindra XUV400,SUV,39.4,2022
16134,15377,Mahindra BE 6,SUV,59.0,2021
16135,15378,Hyundai Kona Electric,SUV,39.2,2022
16136,15379,Mahindra XUV400,SUV,39.4,2020
16137,15380,Tata Nexon EV,SUV,30.2,2024
16138,15381,Tata Tiago EV,Hatchback,24.0,2021
16139,15382,MG ZS EV,SUV,50.3,2021
16140,15383,Kia EV6,SUV,77.4,2023
16141,15384,Mahindra BE 6,SUV,59.0,2021
16142,15385,MG ZS EV,SUV,50.3,2023
16143,15386,Tata Tiago EV,Hatchback,24.0,2024
16144,15387,Hyundai Ioniq 5,SUV,72.6,2020
16145,15388,Hyundai Ioniq 5,SUV,72.6,2025
16146,15389,Tata Punch EV,Hatchback,35.0,2025
16147,15390,Tata Punch EV,Hatchback,35.0,2020
16148,15391,Hyundai Ioniq 5,SUV,72.6,2022
16149,15392,MG ZS EV,SUV,50.3,2020
16150,15393,MG ZS EV,SUV,50.3,2024
16151,15394,Tata Nexon EV,SUV,30.2,2023
16152,15395,Mahindra XUV400,SUV,39.4,2024
16153,15396,Tata Tiago EV,Hatchback,24.0,2022
16154,15397,Kia EV6,SUV,77.4,2025
16155,15398,Hyundai Ioniq 5,SUV,72.6,2020
16156,15399,Mahindra BE 6,SUV,59.0,2025
16157,15400,Mahindra BE 6,SUV,59.0,2025
16158,15401,Hyundai Kona Electric,SUV,39.2,2020
16159,15402,Tata Tiago EV,Hatchback,24.0,2025
16160,15403,Kia EV6,SUV,77.4,2020
16161,15404,Hyundai Kona Electric,SUV,39.2,2025
16162,15405,MG ZS EV,SUV,50.3,2022
16163,15406,Tata Nexon EV,SUV,30.2,2020
16164,15407,Hyundai Ioniq 5,SUV,72.6,2021
16165,15408,Mahindra BE 6,SUV,59.0,2024
16166,15409,Tata Tiago EV,Hatchback,24.0,2024
16167,15410,Mahindra XUV400,SUV,39.4,2021
16168,15411,Kia EV6,SUV,77.4,2021
16169,15412,Tata Nexon EV,SUV,30.2,2020
16170,15413,Kia EV6,SUV,77.4,2024
16171,15414,Tata Nexon EV,SUV,30.2,2020
16172,15415,BYD Atto 3,SUV,60.5,2024
16173,15416,Mahindra XUV400,SUV,39.4,2022
16174,15417,BYD Atto 3,SUV,60.5,2022
16175,15418,Tata Punch EV,Hatchback,35.0,2024
16176,15419,Kia EV6,SUV,77.4,2023
16177,15420,MG ZS EV,SUV,50.3,2020
16178,15421,MG ZS EV,SUV,50.3,2023
16179,15422,Hyundai Ioniq 5,SUV,72.6,2025
16180,15423,MG ZS EV,SUV,50.3,2023
16181,15424,Tata Tiago EV,Hatchback,24.0,2021
16182,15425,Mahindra BE 6,SUV,59.0,2024
16183,15426,BYD Atto 3,SUV,60.5,2022
16184,15427,Kia EV6,SUV,77.4,2022
16185,15428,Tata Tiago EV,Hatchback,24.0,2020
16186,15429,Tata Tiago EV,Hatchback,24.0,2022
16187,15430,Tata Punch EV,Hatchback,35.0,2021
16188,15431,MG ZS EV,SUV,50.3,2020
16189,15432,Hyundai Ioniq 5,SUV,72.6,2024
16190,15433,Kia EV6,SUV,77.4,2025
16191,15434,BYD Atto 3,SUV,60.5,2020
16192,15435,Tata Punch EV,Hatchback,35.0,2024
16193,15436,BYD Atto 3,SUV,60.5,2023
16194,15437,MG ZS EV,SUV,50.3,2024
16195,15438,BYD Atto 3,SUV,60.5,2025
16196,15439,MG ZS EV,SUV,50.3,2022
16197,15440,MG ZS EV,SUV,50.3,2021
16198,15441,BYD Atto 3,SUV,60.5,2025
16199,15442,MG ZS EV,SUV,50.3,2022
16200,15443,MG ZS EV,SUV,50.3,2025
16201,15444,BYD Atto 3,SUV,60.5,2022
16202,15445,Tata Nexon EV,SUV,30.2,2022
16203,15446,Hyundai Kona Electric,SUV,39.2,2022
16204,15447,Tata Punch EV,Hatchback,35.0,2021
16205,15448,Mahindra XUV400,SUV,39.4,2022
16206,15449,Hyundai Ioniq 5,SUV,72.6,2022
16207,15450,Tata Nexon EV,SUV,30.2,2023
16208,15450,Tata Tiago EV,Hatchback,24.0,2025
16209,15451,Tata Nexon EV,SUV,30.2,2024
16210,15452,Tata Tiago EV,Hatchback,24.0,2023
16211,15453,MG ZS EV,SUV,50.3,2021
16212,15454,Mahindra BE 6,SUV,59.0,2020
16213,15455,Kia EV6,SUV,77.4,2024
16214,15456,Hyundai Ioniq 5,SUV,72.6,2024
16215,15457,Tata Tiago EV,Hatchback,24.0,2022
16216,15458,Kia EV6,SUV,77.4,2025
16217,15459,Mahindra BE 6,SUV,59.0,2025
16218,15460,BYD Atto 3,SUV,60.5,2025
16219,15461,Hyundai Ioniq 5,SUV,72.6,2021
16220,15462,Tata Nexon EV,SUV,30.2,2022
16221,15463,Kia EV6,SUV,77.4,2025
16222,15464,BYD Atto 3,SUV,60.5,2024
16223,15465,Hyundai Kona Electric,SUV,39.2,2021
16224,15466,Hyundai Ioniq 5,SUV,72.6,2025
16225,15467,Mahindra BE 6,SUV,59.0,2021
16226,15468,Tata Tiago EV,Hatchback,24.0,2024
16227,15469,Hyundai Kona Electric,SUV,39.2,2020
16228,15470,Kia EV6,SUV,77.4,2024
16229,15471,Mahindra XUV400,SUV,39.4,2025
16230,15472,Tata Nexon EV,SUV,30.2,2023
16231,15473,Tata Tiago EV,Hatchback,24.0,2020
16232,15474,Tata Nexon EV,SUV,30.2,2021
16233,15475,Tata Punch EV,Hatchback,35.0,2021
16234,15476,Tata Tiago EV,Hatchback,24.0,2022
16235,15477,Hyundai Kona Electric,SUV,39.2,2023
16236,15478,Tata Tiago EV,Hatchback,24.0,2021
16237,15479,Hyundai Kona Electric,SUV,39.2,2024
16238,15480,Kia EV6,SUV,77.4,2023
16239,15481,Tata Tiago EV,Hatchback,24.0,2021
16240,15482,Tata Tiago EV,Hatchback,24.0,2021
16241,15483,Mahindra XUV400,SUV,39.4,2025
16242,15484,Kia EV6,SUV,77.4,2023
16243,15485,Hyundai Ioniq 5,SUV,72.6,2022
16244,15486,Tata Tiago EV,Hatchback,24.0,2025
16245,15487,Mahindra BE 6,SUV,59.0,2021
16246,15488,Kia EV6,SUV,77.4,2025
16247,15489,Tata Tiago EV,Hatchback,24.0,2025
16248,15490,Mahindra XUV400,SUV,39.4,2025
16249,15491,BYD Atto 3,SUV,60.5,2025
16250,15492,Mahindra XUV400,SUV,39.4,2022
16251,15493,BYD Atto 3,SUV,60.5,2023
16252,15494,Hyundai Kona Electric,SUV,39.2,2020
16253,15495,Mahindra XUV400,SUV,39.4,2024
16254,15496,Kia EV6,SUV,77.4,2024
16255,15497,MG ZS EV,SUV,50.3,2025
16256,15498,Kia EV6,SUV,77.4,2023
16257,15499,Tata Nexon EV,SUV,30.2,2024
16258,15500,Kia EV6,SUV,77.4,2022
16259,15501,Hyundai Kona Electric,SUV,39.2,2023
16260,15502,MG ZS EV,SUV,50.3,2023
16261,15503,Kia EV6,SUV,77.4,2020
16262,15504,Hyundai Ioniq 5,SUV,72.6,2023
16263,15505,Kia EV6,SUV,77.4,2022
16264,15506,Tata Nexon EV,SUV,30.2,2023
16265,15507,Mahindra BE 6,SUV,59.0,2022
16266,15508,MG ZS EV,SUV,50.3,2022
16267,15509,Mahindra BE 6,SUV,59.0,2020
16268,15510,Tata Punch EV,Hatchback,35.0,2025
16269,15511,Tata Punch EV,Hatchback,35.0,2020
16270,15512,Hyundai Kona Electric,SUV,39.2,2021
16271,15513,Hyundai Kona Electric,SUV,39.2,2021
16272,15514,Mahindra BE 6,SUV,59.0,2022
16273,15515,Hyundai Ioniq 5,SUV,72.6,2021
16274,15516,Hyundai Kona Electric,SUV,39.2,2021
16275,15517,Kia EV6,SUV,77.4,2020
16276,15518,Mahindra BE 6,SUV,59.0,2023
16277,15519,MG ZS EV,SUV,50.3,2024
16278,15520,Hyundai Ioniq 5,SUV,72.6,2020
16279,15521,Mahindra BE 6,SUV,59.0,2025
16280,15521,Tata Tiago EV,Hatchback,24.0,2020
16281,15522,BYD Atto 3,SUV,60.5,2025
16282,15523,Kia EV6,SUV,77.4,2020
16283,15524,Mahindra XUV400,SUV,39.4,2023
16284,15525,Mahindra XUV400,SUV,39.4,2025
16285,15526,MG ZS EV,SUV,50.3,2023
16286,15527,Hyundai Kona Electric,SUV,39.2,2021
16287,15528,Mahindra BE 6,SUV,59.0,2022
16288,15529,MG ZS EV,SUV,50.3,2022
16289,15530,MG ZS EV,SUV,50.3,2020
16290,15531,Tata Punch EV,Hatchback,35.0,2021
16291,15532,Tata Nexon EV,SUV,30.2,2020
16292,15533,BYD Atto 3,SUV,60.5,2024
16293,15534,MG ZS EV,SUV,50.3,2024
16294,15535,Mahindra BE 6,SUV,59.0,2022
16295,15536,Mahindra XUV400,SUV,39.4,2025
16296,15537,BYD Atto 3,SUV,60.5,2022
16297,15538,Mahindra XUV400,SUV,39.4,2023
16298,15539,Tata Tiago EV,Hatchback,24.0,2023
16299,15540,BYD Atto 3,SUV,60.5,2024
16300,15541,Kia EV6,SUV,77.4,2021
16301,15542,Hyundai Ioniq 5,SUV,72.6,2023
16302,15543,Mahindra XUV400,SUV,39.4,2021
16303,15544,Hyundai Ioniq 5,SUV,72.6,2020
16304,15545,Tata Tiago EV,Hatchback,24.0,2020
16305,15546,Tata Punch EV,Hatchback,35.0,2020
16306,15547,MG ZS EV,SUV,50.3,2025
16307,15548,Kia EV6,SUV,77.4,2020
16308,15549,Mahindra XUV400,SUV,39.4,2025
16309,15550,Mahindra XUV400,SUV,39.4,2024
16310,15551,Mahindra BE 6,SUV,59.0,2024
16311,15552,Hyundai Kona Electric,SUV,39.2,2021
16312,15553,Mahindra XUV400,SUV,39.4,2025
16313,15554,Tata Nexon EV,SUV,30.2,2023
16314,15555,Hyundai Ioniq 5,SUV,72.6,2021
16315,15556,Hyundai Kona Electric,SUV,39.2,2025
16316,15557,Kia EV6,SUV,77.4,2021
16317,15558,Mahindra BE 6,SUV,59.0,2021
16318,15559,Tata Nexon EV,SUV,30.2,2021
16319,15560,Hyundai Ioniq 5,SUV,72.6,2023
16320,15560,Mahindra XUV400,SUV,39.4,2025
16321,15561,Hyundai Kona Electric,SUV,39.2,2021
16322,15562,Hyundai Kona Electric,SUV,39.2,2024
16323,15563,Tata Punch EV,Hatchback,35.0,2021
16324,15564,Tata Tiago EV,Hatchback,24.0,2023
16325,15565,MG ZS EV,SUV,50.3,2021
16326,15566,MG ZS EV,SUV,50.3,2025
16327,15567,BYD Atto 3,SUV,60.5,2025
16328,15568,Mahindra BE 6,SUV,59.0,2021
16329,15569,Tata Tiago EV,Hatchback,24.0,2022
16330,15570,BYD Atto 3,SUV,60.5,2023
16331,15571,MG ZS EV,SUV,50.3,2025
16332,15572,Kia EV6,SUV,77.4,2024
16333,15573,Kia EV6,SUV,77.4,2022
16334,15574,Tata Tiago EV,Hatchback,24.0,2022
16335,15575,Mahindra BE 6,SUV,59.0,2021
16336,15576,Mahindra BE 6,SUV,59.0,2020
16337,15577,MG ZS EV,SUV,50.3,2020
16338,15578,Tata Tiago EV,Hatchback,24.0,2020
16339,15579,Hyundai Kona Electric,SUV,39.2,2025
16340,15580,Mahindra XUV400,SUV,39.4,2022
16341,15581,Mahindra BE 6,SUV,59.0,2025
16342,15582,BYD Atto 3,SUV,60.5,2021
16343,15583,Tata Tiago EV,Hatchback,24.0,2024
16344,15584,Tata Nexon EV,SUV,30.2,2024
16345,15585,Kia EV6,SUV,77.4,2021
16346,15586,BYD Atto 3,SUV,60.5,2020
16347,15587,Tata Nexon EV,SUV,30.2,2021
16348,15588,Mahindra BE 6,SUV,59.0,2024
16349,15589,BYD Atto 3,SUV,60.5,2022
16350,15590,BYD Atto 3,SUV,60.5,2022
16351,15591,Mahindra BE 6,SUV,59.0,2024
16352,15592,Tata Punch EV,Hatchback,35.0,2021
16353,15593,Tata Nexon EV,SUV,30.2,2022
16354,15594,Kia EV6,SUV,77.4,2023
16355,15594,Mahindra BE 6,SUV,59.0,2020
16356,15595,Tata Nexon EV,SUV,30.2,2024
16357,15596,Mahindra XUV400,SUV,39.4,2021
16358,15596,Hyundai Kona Electric,SUV,39.2,2025
16359,15597,Tata Punch EV,Hatchback,35.0,2022
16360,15598,Kia EV6,SUV,77.4,2021
16361,15599,BYD Atto 3,SUV,60.5,2025
16362,15600,Hyundai Ioniq 5,SUV,72.6,2023
16363,15601,Tata Tiago EV,Hatchback,24.0,2020
16364,15602,Tata Tiago EV,Hatchback,24.0,2023
16365,15603,Hyundai Kona Electric,SUV,39.2,2025
16366,15604,Kia EV6,SUV,77.4,2022
16367,15605,Mahindra XUV400,SUV,39.4,2025
16368,15606,Tata Tiago EV,Hatchback,24.0,2023
16369,15607,BYD Atto 3,SUV,60.5,2025
16370,15608,MG ZS EV,SUV,50.3,2022
16371,15609,Tata Tiago EV,Hatchback,24.0,2024
16372,15610,Hyundai Kona Electric,SUV,39.2,2023
16373,15611,Tata Punch EV,Hatchback,35.0,2020
16374,15612,Tata Nexon EV,SUV,30.2,2023
16375,15613,Hyundai Ioniq 5,SUV,72.6,2024
16376,15614,Hyundai Ioniq 5,SUV,72.6,2023
16377,15615,Tata Tiago EV,Hatchback,24.0,2023
16378,15616,Tata Punch EV,Hatchback,35.0,2020
16379,15617,Mahindra BE 6,SUV,59.0,2021
16380,15618,Hyundai Ioniq 5,SUV,72.6,2025
16381,15619,BYD Atto 3,SUV,60.5,2025
16382,15620,Tata Tiago EV,Hatchback,24.0,2021
16383,15621,Hyundai Kona Electric,SUV,39.2,2023
16384,15622,Tata Tiago EV,Hatchback,24.0,2024
16385,15623,Kia EV6,SUV,77.4,2025
16386,15623,Kia EV6,SUV,77.4,2023
16387,15624,Mahindra BE 6,SUV,59.0,2023
16388,15625,Tata Nexon EV,SUV,30.2,2023
16389,15626,Hyundai Kona Electric,SUV,39.2,2020
16390,15627,Hyundai Ioniq 5,SUV,72.6,2023
16391,15628,Mahindra XUV400,SUV,39.4,2025
16392,15629,MG ZS EV,SUV,50.3,2022
16393,15630,Kia EV6,SUV,77.4,2024
16394,15631,Kia EV6,SUV,77.4,2020
16395,15632,Kia EV6,SUV,77.4,2021
16396,15632,Hyundai Kona Electric,SUV,39.2,2023
16397,15633,Kia EV6,SUV,77.4,2024
16398,15634,Mahindra XUV400,SUV,39.4,2024
16399,15635,Kia EV6,SUV,77.4,2023
16400,15636,Tata Tiago EV,Hatchback,24.0,2025
16401,15637,Mahindra BE 6,SUV,59.0,2023
16402,15638,BYD Atto 3,SUV,60.5,2023
16403,15639,Tata Nexon EV,SUV,30.2,2024
16404,15640,Hyundai Kona Electric,SUV,39.2,2024
16405,15641,Tata Nexon EV,SUV,30.2,2025
16406,15642,Kia EV6,SUV,77.4,2024
16407,15643,Mahindra XUV400,SUV,39.4,2021
16408,15644,Kia EV6,SUV,77.4,2023
16409,15645,Mahindra XUV400,SUV,39.4,2021
16410,15646,Tata Tiago EV,Hatchback,24.0,2023
16411,15647,Hyundai Kona Electric,SUV,39.2,2020
16412,15648,Mahindra XUV400,SUV,39.4,2023
16413,15649,BYD Atto 3,SUV,60.5,2020
16414,15650,Mahindra BE 6,SUV,59.0,2021
16415,15651,Hyundai Ioniq 5,SUV,72.6,2022
16416,15652,MG ZS EV,SUV,50.3,2022
16417,15653,Mahindra XUV400,SUV,39.4,2020
16418,15654,Mahindra XUV400,SUV,39.4,2023
16419,15655,Tata Nexon EV,SUV,30.2,2022
16420,15656,Tata Nexon EV,SUV,30.2,2024
16421,15657,Tata Nexon EV,SUV,30.2,2023
16422,15658,MG ZS EV,SUV,50.3,2024
16423,15659,Hyundai Kona Electric,SUV,39.2,2023
16424,15660,Tata Tiago EV,Hatchback,24.0,2024
16425,15661,Hyundai Ioniq 5,SUV,72.6,2020
16426,15662,Tata Tiago EV,Hatchback,24.0,2020
16427,15663,Tata Nexon EV,SUV,30.2,2024
16428,15664,Kia EV6,SUV,77.4,2021
16429,15665,Tata Nexon EV,SUV,30.2,2021
16430,15666,Kia EV6,SUV,77.4,2025
16431,15667,Tata Tiago EV,Hatchback,24.0,2023
16432,15668,Mahindra BE 6,SUV,59.0,2024
16433,15669,Hyundai Kona Electric,SUV,39.2,2023
16434,15669,Tata Nexon EV,SUV,30.2,2025
16435,15670,Hyundai Kona Electric,SUV,39.2,2020
16436,15671,Tata Punch EV,Hatchback,35.0,2022
16437,15672,Tata Punch EV,Hatchback,35.0,2024
16438,15673,Tata Punch EV,Hatchback,35.0,2021
16439,15674,Hyundai Ioniq 5,SUV,72.6,2021
16440,15675,Tata Nexon EV,SUV,30.2,2021
16441,15676,Hyundai Ioniq 5,SUV,72.6,2022
16442,15677,Hyundai Ioniq 5,SUV,72.6,2020
16443,15678,Tata Nexon EV,SUV,30.2,2021
16444,15679,Kia EV6,SUV,77.4,2020
16445,15680,Hyundai Ioniq 5,SUV,72.6,2025
16446,15681,Tata Nexon EV,SUV,30.2,2024
16447,15682,Tata Punch EV,Hatchback,35.0,2022
16448,15683,Hyundai Kona Electric,SUV,39.2,2022
16449,15684,Mahindra BE 6,SUV,59.0,2022
16450,15685,MG ZS EV,SUV,50.3,2020
16451,15686,Mahindra XUV400,SUV,39.4,2021
16452,15687,Mahindra XUV400,SUV,39.4,2021
16453,15688,Hyundai Ioniq 5,SUV,72.6,2024
16454,15689,Hyundai Ioniq 5,SUV,72.6,2024
16455,15690,Hyundai Ioniq 5,SUV,72.6,2024
16456,15691,Kia EV6,SUV,77.4,2022
16457,15692,BYD Atto 3,SUV,60.5,2020
16458,15693,Tata Tiago EV,Hatchback,24.0,2020
16459,15694,Tata Punch EV,Hatchback,35.0,2024
16460,15695,Hyundai Kona Electric,SUV,39.2,2025
16461,15696,Tata Punch EV,Hatchback,35.0,2025
16462,15697,BYD Atto 3,SUV,60.5,2022
16463,15698,Hyundai Ioniq 5,SUV,72.6,2025
16464,15699,Mahindra BE 6,SUV,59.0,2023
16465,15700,Kia EV6,SUV,77.4,2023
16466,15701,Kia EV6,SUV,77.4,2021
16467,15702,Hyundai Kona Electric,SUV,39.2,2025
16468,15703,Mahindra XUV400,SUV,39.4,2024
16469,15704,BYD Atto 3,SUV,60.5,2023
16470,15705,Mahindra BE 6,SUV,59.0,2023
16471,15706,Tata Tiago EV,Hatchback,24.0,2020
16472,15707,Tata Punch EV,Hatchback,35.0,2023
16473,15708,Tata Tiago EV,Hatchback,24.0,2025
16474,15709,Hyundai Ioniq 5,SUV,72.6,2023
16475,15710,Mahindra XUV400,SUV,39.4,2022
16476,15711,BYD Atto 3,SUV,60.5,2020
16477,15712,Kia EV6,SUV,77.4,2021
16478,15713,Tata Punch EV,Hatchback,35.0,2020
16479,15714,Tata Tiago EV,Hatchback,24.0,2023
16480,15715,Mahindra BE 6,SUV,59.0,2022
16481,15716,Mahindra BE 6,SUV,59.0,2022
16482,15717,Mahindra XUV400,SUV,39.4,2024
16483,15718,Tata Nexon EV,SUV,30.2,2024
16484,15719,MG ZS EV,SUV,50.3,2022
16485,15720,Hyundai Kona Electric,SUV,39.2,2024
16486,15721,MG ZS EV,SUV,50.3,2021
16487,15722,Tata Tiago EV,Hatchback,24.0,2024
16488,15723,Tata Punch EV,Hatchback,35.0,2025
16489,15724,Tata Punch EV,Hatchback,35.0,2021
16490,15725,MG ZS EV,SUV,50.3,2025
16491,15726,Hyundai Kona Electric,SUV,39.2,2021
16492,15727,Tata Nexon EV,SUV,30.2,2020
16493,15728,Hyundai Ioniq 5,SUV,72.6,2025
16494,15728,Tata Punch EV,Hatchback,35.0,2021
16495,15729,Tata Tiago EV,Hatchback,24.0,2022
16496,15730,Mahindra XUV400,SUV,39.4,2022
16497,15731,Tata Tiago EV,Hatchback,24.0,2025
16498,15732,Tata Tiago EV,Hatchback,24.0,2024
16499,15733,Kia EV6,SUV,77.4,2022
16500,15734,Kia EV6,SUV,77.4,2024
16501,15735,Hyundai Ioniq 5,SUV,72.6,2020
16502,15736,Tata Tiago EV,Hatchback,24.0,2020
16503,15737,Mahindra BE 6,SUV,59.0,2025
16504,15738,Hyundai Kona Electric,SUV,39.2,2020
16505,15739,Tata Tiago EV,Hatchback,24.0,2020
16506,15740,Mahindra BE 6,SUV,59.0,2025
16507,15741,Kia EV6,SUV,77.4,2020
16508,15742,Tata Nexon EV,SUV,30.2,2020
16509,15743,Hyundai Kona Electric,SUV,39.2,2021
16510,15744,Tata Nexon EV,SUV,30.2,2020
16511,15745,Tata Nexon EV,SUV,30.2,2022
16512,15746,BYD Atto 3,SUV,60.5,2020
16513,15747,BYD Atto 3,SUV,60.5,2022
16514,15748,Tata Tiago EV,Hatchback,24.0,2021
16515,15749,Hyundai Ioniq 5,SUV,72.6,2025
16516,15750,Hyundai Kona Electric,SUV,39.2,2020
16517,15751,Hyundai Ioniq 5,SUV,72.6,2022
16518,15752,Tata Punch EV,Hatchback,35.0,2025
16519,15752,Tata Punch EV,Hatchback,35.0,2024
16520,15753,Mahindra XUV400,SUV,39.4,2024
16521,15754,Mahindra XUV400,SUV,39.4,2021
16522,15755,Hyundai Ioniq 5,SUV,72.6,2023
16523,15756,Tata Punch EV,Hatchback,35.0,2022
16524,15757,Tata Nexon EV,SUV,30.2,2022
16525,15758,Hyundai Kona Electric,SUV,39.2,2022
16526,15759,Hyundai Ioniq 5,SUV,72.6,2025
16527,15760,Mahindra XUV400,SUV,39.4,2025
16528,15761,BYD Atto 3,SUV,60.5,2023
16529,15762,Tata Tiago EV,Hatchback,24.0,2023
16530,15763,Hyundai Ioniq 5,SUV,72.6,2023
16531,15764,Tata Nexon EV,SUV,30.2,2024
16532,15765,Tata Punch EV,Hatchback,35.0,2021
16533,15766,Hyundai Ioniq 5,SUV,72.6,2020
16534,15767,Mahindra XUV400,SUV,39.4,2023
16535,15768,Tata Nexon EV,SUV,30.2,2022
16536,15769,Tata Punch EV,Hatchback,35.0,2023
16537,15770,MG ZS EV,SUV,50.3,2023
16538,15771,Tata Nexon EV,SUV,30.2,2024
16539,15772,MG ZS EV,SUV,50.3,2025
16540,15773,Tata Tiago EV,Hatchback,24.0,2020
16541,15773,Hyundai Ioniq 5,SUV,72.6,2020
16542,15774,Mahindra XUV400,SUV,39.4,2021
16543,15775,Mahindra BE 6,SUV,59.0,2023
16544,15776,Hyundai Kona Electric,SUV,39.2,2022
16545,15777,Hyundai Kona Electric,SUV,39.2,2022
16546,15778,MG ZS EV,SUV,50.3,2025
16547,15779,BYD Atto 3,SUV,60.5,2022
16548,15780,Tata Nexon EV,SUV,30.2,2021
16549,15781,Mahindra XUV400,SUV,39.4,2021
16550,15782,MG ZS EV,SUV,50.3,2023
16551,15783,Hyundai Ioniq 5,SUV,72.6,2023
16552,15783,Hyundai Ioniq 5,SUV,72.6,2024
16553,15784,Kia EV6,SUV,77.4,2020
16554,15785,Hyundai Kona Electric,SUV,39.2,2020
16555,15786,Mahindra XUV400,SUV,39.4,2022
16556,15787,MG ZS EV,SUV,50.3,2024
16557,15788,Mahindra BE 6,SUV,59.0,2025
16558,15789,Kia EV6,SUV,77.4,2022
16559,15790,Hyundai Ioniq 5,SUV,72.6,2023
16560,15791,Tata Punch EV,Hatchback,35.0,2022
16561,15792,Tata Nexon EV,SUV,30.2,2020
16562,15793,Tata Punch EV,Hatchback,35.0,2022
16563,15794,Mahindra BE 6,SUV,59.0,2022
16564,15795,Tata Punch EV,Hatchback,35.0,2024
16565,15796,Mahindra BE 6,SUV,59.0,2024
16566,15797,Kia EV6,SUV,77.4,2021
16567,15798,Tata Nexon EV,SUV,30.2,2020
16568,15799,Tata Punch EV,Hatchback,35.0,2023
16569,15800,Kia EV6,SUV,77.4,2025
16570,15800,BYD Atto 3,SUV,60.5,2024
16571,15801,BYD Atto 3,SUV,60.5,2024
16572,15802,MG ZS EV,SUV,50.3,2023
16573,15803,Hyundai Kona Electric,SUV,39.2,2020
16574,15804,Hyundai Ioniq 5,SUV,72.6,2020
16575,15805,Mahindra XUV400,SUV,39.4,2021
16576,15806,Tata Tiago EV,Hatchback,24.0,2022
16577,15807,Mahindra XUV400,SUV,39.4,2025
16578,15808,Tata Tiago EV,Hatchback,24.0,2021
16579,15809,Tata Tiago EV,Hatchback,24.0,2022
16580,15810,BYD Atto 3,SUV,60.5,2024
16581,15811,MG ZS EV,SUV,50.3,2023
16582,15812,Tata Punch EV,Hatchback,35.0,2020
16583,15813,BYD Atto 3,SUV,60.5,2022
16584,15814,BYD Atto 3,SUV,60.5,2023
16585,15815,Tata Tiago EV,Hatchback,24.0,2025
16586,15816,MG ZS EV,SUV,50.3,2021
16587,15817,Hyundai Kona Electric,SUV,39.2,2021
16588,15818,Kia EV6,SUV,77.4,2025
16589,15819,Kia EV6,SUV,77.4,2024
16590,15820,Mahindra XUV400,SUV,39.4,2021
16591,15821,Tata Tiago EV,Hatchback,24.0,2021
16592,15822,Hyundai Kona Electric,SUV,39.2,2022
16593,15823,Hyundai Ioniq 5,SUV,72.6,2021
16594,15824,Mahindra BE 6,SUV,59.0,2021
16595,15825,Kia EV6,SUV,77.4,2021
16596,15826,Tata Nexon EV,SUV,30.2,2023
16597,15827,Tata Tiago EV,Hatchback,24.0,2024
16598,15828,Hyundai Ioniq 5,SUV,72.6,2024
16599,15829,Mahindra BE 6,SUV,59.0,2023
16600,15830,Tata Nexon EV,SUV,30.2,2024
16601,15831,Tata Nexon EV,SUV,30.2,2020
16602,15832,MG ZS EV,SUV,50.3,2025
16603,15833,Mahindra BE 6,SUV,59.0,2020
16604,15834,Mahindra BE 6,SUV,59.0,2025
16605,15835,Kia EV6,SUV,77.4,2024
16606,15836,Mahindra BE 6,SUV,59.0,2020
16607,15837,Tata Nexon EV,SUV,30.2,2023
16608,15838,Mahindra XUV400,SUV,39.4,2025
16609,15839,Mahindra BE 6,SUV,59.0,2025
16610,15840,Hyundai Kona Electric,SUV,39.2,2021
16611,15841,BYD Atto 3,SUV,60.5,2021
16612,15842,Hyundai Kona Electric,SUV,39.2,2025
16613,15843,Tata Punch EV,Hatchback,35.0,2020
16614,15844,Tata Nexon EV,SUV,30.2,2024
16615,15845,Mahindra XUV400,SUV,39.4,2025
16616,15846,Tata Tiago EV,Hatchback,24.0,2022
16617,15847,Tata Tiago EV,Hatchback,24.0,2024
16618,15848,Tata Nexon EV,SUV,30.2,2025
16619,15849,BYD Atto 3,SUV,60.5,2025
16620,15850,Hyundai Kona Electric,SUV,39.2,2021
16621,15851,Tata Punch EV,Hatchback,35.0,2022
16622,15852,BYD Atto 3,SUV,60.5,2025
16623,15853,MG ZS EV,SUV,50.3,2023
16624,15854,Tata Punch EV,Hatchback,35.0,2025
16625,15855,Kia EV6,SUV,77.4,2021
16626,15856,Kia EV6,SUV,77.4,2023
16627,15857,BYD Atto 3,SUV,60.5,2025
16628,15858,Mahindra XUV400,SUV,39.4,2023
16629,15859,Hyundai Ioniq 5,SUV,72.6,2025
16630,15860,Tata Nexon EV,SUV,30.2,2023
16631,15861,Tata Punch EV,Hatchback,35.0,2020
16632,15862,Tata Punch EV,Hatchback,35.0,2025
16633,15863,Tata Tiago EV,Hatchback,24.0,2023
16634,15864,Hyundai Ioniq 5,SUV,72.6,2024
16635,15865,MG ZS EV,SUV,50.3,2022
16636,15866,Tata Punch EV,Hatchback,35.0,2023
16637,15867,Hyundai Ioniq 5,SUV,72.6,2025
16638,15868,Mahindra XUV400,SUV,39.4,2025
16639,15868,Mahindra BE 6,SUV,59.0,2025
16640,15869,Tata Nexon EV,SUV,30.2,2021
16641,15869,Mahindra BE 6,SUV,59.0,2020
16642,15870,Mahindra XUV400,SUV,39.4,2025
16643,15871,Mahindra BE 6,SUV,59.0,2022
16644,15872,Hyundai Kona Electric,SUV,39.2,2023
16645,15873,Mahindra BE 6,SUV,59.0,2025
16646,15874,Tata Nexon EV,SUV,30.2,2024
16647,15875,BYD Atto 3,SUV,60.5,2022
16648,15876,Kia EV6,SUV,77.4,2020
16649,15877,Mahindra BE 6,SUV,59.0,2022
16650,15878,Kia EV6,SUV,77.4,2022
16651,15879,BYD Atto 3,SUV,60.5,2021
16652,15880,BYD Atto 3,SUV,60.5,2021
16653,15881,Hyundai Kona Electric,SUV,39.2,2024
16654,15881,Mahindra XUV400,SUV,39.4,2022
16655,15882,Hyundai Kona Electric,SUV,39.2,2025
16656,15883,Hyundai Kona Electric,SUV,39.2,2022
16657,15883,Hyundai Kona Electric,SUV,39.2,2024
16658,15884,MG ZS EV,SUV,50.3,2021
16659,15885,Mahindra XUV400,SUV,39.4,2024
16660,15886,BYD Atto 3,SUV,60.5,2024
16661,15887,Tata Tiago EV,Hatchback,24.0,2021
16662,15888,Tata Nexon EV,SUV,30.2,2022
16663,15889,Kia EV6,SUV,77.4,2024
16664,15890,Kia EV6,SUV,77.4,2023
16665,15891,Tata Tiago EV,Hatchback,24.0,2025
16666,15892,Mahindra BE 6,SUV,59.0,2023
16667,15893,Hyundai Ioniq 5,SUV,72.6,2020
16668,15894,Tata Tiago EV,Hatchback,24.0,2025
16669,15895,Tata Tiago EV,Hatchback,24.0,2022
16670,15896,Hyundai Ioniq 5,SUV,72.6,2022
16671,15897,Mahindra XUV400,SUV,39.4,2020
16672,15897,Mahindra BE 6,SUV,59.0,2022
16673,15898,Tata Punch EV,Hatchback,35.0,2020
16674,15899,Hyundai Kona Electric,SUV,39.2,2020
16675,15899,Tata Nexon EV,SUV,30.2,2022
16676,15900,Tata Punch EV,Hatchback,35.0,2025
16677,15901,MG ZS EV,SUV,50.3,2020
16678,15902,Kia EV6,SUV,77.4,2025
16679,15903,BYD Atto 3,SUV,60.5,2022
16680,15903,Hyundai Ioniq 5,SUV,72.6,2020
16681,15904,Hyundai Kona Electric,SUV,39.2,2022
16682,15904,Hyundai Ioniq 5,SUV,72.6,2021
16683,15905,Hyundai Ioniq 5,SUV,72.6,2022
16684,15906,BYD Atto 3,SUV,60.5,2023
16685,15907,BYD Atto 3,SUV,60.5,2021
16686,15908,Hyundai Ioniq 5,SUV,72.6,2022
16687,15909,Kia EV6,SUV,77.4,2023
16688,15910,MG ZS EV,SUV,50.3,2023
16689,15911,Tata Punch EV,Hatchback,35.0,2022
16690,15912,Tata Nexon EV,SUV,30.2,2022
16691,15913,Hyundai Kona Electric,SUV,39.2,2024
16692,15914,Tata Punch EV,Hatchback,35.0,2020
16693,15915,Tata Nexon EV,SUV,30.2,2022
16694,15916,Hyundai Ioniq 5,SUV,72.6,2020
16695,15917,Tata Punch EV,Hatchback,35.0,2020
16696,15918,Kia EV6,SUV,77.4,2021
16697,15919,Hyundai Kona Electric,SUV,39.2,2022
16698,15920,Tata Punch EV,Hatchback,35.0,2023
16699,15921,Mahindra XUV400,SUV,39.4,2022
16700,15922,Tata Tiago EV,Hatchback,24.0,2020
16701,15923,BYD Atto 3,SUV,60.5,2020
16702,15924,Tata Nexon EV,SUV,30.2,2021
16703,15925,Kia EV6,SUV,77.4,2020
16704,15926,Tata Punch EV,Hatchback,35.0,2025
16705,15927,Kia EV6,SUV,77.4,2022
16706,15928,Tata Tiago EV,Hatchback,24.0,2022
16707,15929,BYD Atto 3,SUV,60.5,2025
16708,15930,Tata Tiago EV,Hatchback,24.0,2020
16709,15931,BYD Atto 3,SUV,60.5,2022
16710,15932,Mahindra BE 6,SUV,59.0,2020
16711,15932,Hyundai Ioniq 5,SUV,72.6,2023
16712,15933,BYD Atto 3,SUV,60.5,2020
16713,15934,Tata Nexon EV,SUV,30.2,2024
16714,15935,MG ZS EV,SUV,50.3,2023
16715,15936,Kia EV6,SUV,77.4,2021
16716,15937,Tata Punch EV,Hatchback,35.0,2020
16717,15938,Hyundai Ioniq 5,SUV,72.6,2023
16718,15939,Tata Nexon EV,SUV,30.2,2023
16719,15940,Tata Punch EV,Hatchback,35.0,2024
16720,15940,Tata Tiago EV,Hatchback,24.0,2021
16721,15941,Tata Punch EV,Hatchback,35.0,2021
16722,15942,Hyundai Kona Electric,SUV,39.2,2020
16723,15943,MG ZS EV,SUV,50.3,2023
16724,15944,Hyundai Ioniq 5,SUV,72.6,2021
16725,15945,Kia EV6,SUV,77.4,2025
16726,15946,Mahindra BE 6,SUV,59.0,2023
16727,15947,Mahindra XUV400,SUV,39.4,2024
16728,15948,Hyundai Ioniq 5,SUV,72.6,2023
16729,15949,Tata Nexon EV,SUV,30.2,2023
16730,15950,Hyundai Kona Electric,SUV,39.2,2021
16731,15951,Kia EV6,SUV,77.4,2023
16732,15952,Kia EV6,SUV,77.4,2023
16733,15953,MG ZS EV,SUV,50.3,2023
16734,15954,BYD Atto 3,SUV,60.5,2023
16735,15955,MG ZS EV,SUV,50.3,2020
16736,15956,MG ZS EV,SUV,50.3,2023
16737,15957,Mahindra XUV400,SUV,39.4,2022
16738,15958,Tata Punch EV,Hatchback,35.0,2022
16739,15959,MG ZS EV,SUV,50.3,2023
16740,15960,Kia EV6,SUV,77.4,2023
16741,15961,Tata Tiago EV,Hatchback,24.0,2020
16742,15962,BYD Atto 3,SUV,60.5,2023
16743,15963,Hyundai Kona Electric,SUV,39.2,2024
16744,15964,Hyundai Ioniq 5,SUV,72.6,2020
16745,15965,Tata Tiago EV,Hatchback,24.0,2021
16746,15966,BYD Atto 3,SUV,60.5,2024
16747,15967,Kia EV6,SUV,77.4,2022
16748,15968,Mahindra BE 6,SUV,59.0,2020
16749,15969,MG ZS EV,SUV,50.3,2021
16750,15970,Tata Nexon EV,SUV,30.2,2025
16751,15971,BYD Atto 3,SUV,60.5,2024
16752,15972,MG ZS EV,SUV,50.3,2024
16753,15973,BYD Atto 3,SUV,60.5,2020
16754,15974,Kia EV6,SUV,77.4,2022
16755,15975,Mahindra XUV400,SUV,39.4,2022
16756,15976,Hyundai Kona Electric,SUV,39.2,2020
16757,15977,Tata Nexon EV,SUV,30.2,2020
16758,15978,MG ZS EV,SUV,50.3,2020
16759,15979,Hyundai Kona Electric,SUV,39.2,2025
16760,15980,Tata Nexon EV,SUV,30.2,2023
16761,15981,Kia EV6,SUV,77.4,2025
16762,15982,Hyundai Kona Electric,SUV,39.2,2022
16763,15983,MG ZS EV,SUV,50.3,2023
16764,15984,Mahindra BE 6,SUV,59.0,2022
16765,15985,Hyundai Ioniq 5,SUV,72.6,2023
16766,15986,Mahindra BE 6,SUV,59.0,2021
16767,15987,Tata Punch EV,Hatchback,35.0,2025
16768,15988,Tata Nexon EV,SUV,30.2,2021
16769,15989,Tata Nexon EV,SUV,30.2,2020
16770,15990,BYD Atto 3,SUV,60.5,2021
16771,15991,Hyundai Ioniq 5,SUV,72.6,2025
16772,15992,Hyundai Kona Electric,SUV,39.2,2022
16773,15993,Kia EV6,SUV,77.4,2021
16774,15994,Tata Tiago EV,Hatchback,24.0,2020
16775,15995,Hyundai Ioniq 5,SUV,72.6,2025
16776,15996,MG ZS EV,SUV,50.3,2024
16777,15997,Kia EV6,SUV,77.4,2022
16778,15998,Tata Tiago EV,Hatchback,24.0,2023
16779,15999,BYD Atto 3,SUV,60.5,2025
16780,15999,Mahindra BE 6,SUV,59.0,2022
16781,16000,Tata Nexon EV,SUV,30.2,2021
16782,16001,Tata Tiago EV,Hatchback,24.0,2025
16783,16002,Hyundai Ioniq 5,SUV,72.6,2022
16784,16003,Kia EV6,SUV,77.4,2021
16785,16004,Hyundai Ioniq 5,SUV,72.6,2025
16786,16005,Hyundai Ioniq 5,SUV,72.6,2025
16787,16006,Mahindra XUV400,SUV,39.4,2023
16788,16006,Mahindra BE 6,SUV,59.0,2021
16789,16007,Hyundai Kona Electric,SUV,39.2,2025
16790,16008,Hyundai Kona Electric,SUV,39.2,2023
16791,16009,BYD Atto 3,SUV,60.5,2023
16792,16010,Mahindra BE 6,SUV,59.0,2024
16793,16011,Hyundai Ioniq 5,SUV,72.6,2020
16794,16012,Mahindra XUV400,SUV,39.4,2024
16795,16013,Hyundai Kona Electric,SUV,39.2,2020
16796,16013,Kia EV6,SUV,77.4,2025
16797,16014,Tata Nexon EV,SUV,30.2,2023
16798,16015,Mahindra BE 6,SUV,59.0,2021
16799,16016,Hyundai Ioniq 5,SUV,72.6,2021
16800,16017,MG ZS EV,SUV,50.3,2022
16801,16018,Tata Tiago EV,Hatchback,24.0,2021
16802,16019,Tata Tiago EV,Hatchback,24.0,2025
16803,16020,MG ZS EV,SUV,50.3,2024
16804,16021,Mahindra XUV400,SUV,39.4,2023
16805,16022,Hyundai Ioniq 5,SUV,72.6,2025
16806,16023,Kia EV6,SUV,77.4,2023
16807,16024,Tata Nexon EV,SUV,30.2,2021
16808,16025,Mahindra XUV400,SUV,39.4,2022
16809,16026,Mahindra BE 6,SUV,59.0,2022
16810,16027,Tata Tiago EV,Hatchback,24.0,2024
16811,16028,Hyundai Ioniq 5,SUV,72.6,2021
16812,16029,Kia EV6,SUV,77.4,2025
16813,16030,Tata Nexon EV,SUV,30.2,2025
16814,16031,Tata Nexon EV,SUV,30.2,2023
16815,16032,Mahindra BE 6,SUV,59.0,2020
16816,16033,Hyundai Ioniq 5,SUV,72.6,2024
16817,16034,MG ZS EV,SUV,50.3,2024
16818,16035,Tata Nexon EV,SUV,30.2,2021
16819,16036,Kia EV6,SUV,77.4,2022
16820,16037,Tata Nexon EV,SUV,30.2,2025
16821,16038,Tata Punch EV,Hatchback,35.0,2021
16822,16039,Hyundai Ioniq 5,SUV,72.6,2020
16823,16040,Kia EV6,SUV,77.4,2021
16824,16041,Hyundai Ioniq 5,SUV,72.6,2021
16825,16042,BYD Atto 3,SUV,60.5,2023
16826,16042,Mahindra XUV400,SUV,39.4,2025
16827,16043,Hyundai Kona Electric,SUV,39.2,2022
16828,16044,Mahindra BE 6,SUV,59.0,2020
16829,16045,MG ZS EV,SUV,50.3,2024
16830,16046,Tata Tiago EV,Hatchback,24.0,2025
16831,16047,BYD Atto 3,SUV,60.5,2025
16832,16048,MG ZS EV,SUV,50.3,2025
16833,16049,Hyundai Kona Electric,SUV,39.2,2022
16834,16050,Mahindra BE 6,SUV,59.0,2020
16835,16051,Hyundai Ioniq 5,SUV,72.6,2024
16836,16052,Mahindra XUV400,SUV,39.4,2020
16837,16053,BYD Atto 3,SUV,60.5,2021
16838,16054,BYD Atto 3,SUV,60.5,2025
16839,16055,MG ZS EV,SUV,50.3,2025
16840,16056,Tata Tiago EV,Hatchback,24.0,2023
16841,16057,MG ZS EV,SUV,50.3,2025
16842,16058,MG ZS EV,SUV,50.3,2020
16843,16059,BYD Atto 3,SUV,60.5,2025
16844,16060,Mahindra XUV400,SUV,39.4,2020
16845,16061,Tata Nexon EV,SUV,30.2,2020
16846,16062,MG ZS EV,SUV,50.3,2023
16847,16063,MG ZS EV,SUV,50.3,2021
16848,16064,Mahindra XUV400,SUV,39.4,2024
16849,16065,Mahindra XUV400,SUV,39.4,2023
16850,16066,Hyundai Ioniq 5,SUV,72.6,2023
16851,16067,Kia EV6,SUV,77.4,2022
16852,16068,MG ZS EV,SUV,50.3,2021
16853,16069,Tata Tiago EV,Hatchback,24.0,2024
16854,16070,Tata Tiago EV,Hatchback,24.0,2020
16855,16071,BYD Atto 3,SUV,60.5,2024
16856,16072,Tata Tiago EV,Hatchback,24.0,2021
16857,16073,Hyundai Ioniq 5,SUV,72.6,2024
16858,16074,Tata Nexon EV,SUV,30.2,2022
16859,16075,Tata Tiago EV,Hatchback,24.0,2021
16860,16076,Tata Tiago EV,Hatchback,24.0,2023
16861,16077,Tata Tiago EV,Hatchback,24.0,2022
16862,16078,MG ZS EV,SUV,50.3,2025
16863,16079,MG ZS EV,SUV,50.3,2023
16864,16080,Tata Nexon EV,SUV,30.2,2025
16865,16081,Mahindra BE 6,SUV,59.0,2021
16866,16082,Mahindra BE 6,SUV,59.0,2024
16867,16083,Hyundai Ioniq 5,SUV,72.6,2024
16868,16084,Tata Tiago EV,Hatchback,24.0,2023
16869,16085,Kia EV6,SUV,77.4,2025
16870,16086,Tata Tiago EV,Hatchback,24.0,2025
16871,16087,Tata Tiago EV,Hatchback,24.0,2025
16872,16088,Mahindra XUV400,SUV,39.4,2022
16873,16089,Tata Punch EV,Hatchback,35.0,2024
16874,16090,Tata Tiago EV,Hatchback,24.0,2023
16875,16091,Tata Punch EV,Hatchback,35.0,2020
16876,16092,Kia EV6,SUV,77.4,2022
16877,16093,Hyundai Kona Electric,SUV,39.2,2023
16878,16093,Tata Punch EV,Hatchback,35.0,2024
16879,16094,Tata Nexon EV,SUV,30.2,2025
16880,16094,Hyundai Ioniq 5,SUV,72.6,2024
16881,16095,Tata Punch EV,Hatchback,35.0,2021
16882,16096,Mahindra BE 6,SUV,59.0,2024
16883,16097,Hyundai Kona Electric,SUV,39.2,2021
16884,16098,Mahindra BE 6,SUV,59.0,2025
16885,16099,Hyundai Ioniq 5,SUV,72.6,2020
16886,16100,MG ZS EV,SUV,50.3,2021
16887,16101,MG ZS EV,SUV,50.3,2023
16888,16101,Tata Tiago EV,Hatchback,24.0,2021
16889,16102,Kia EV6,SUV,77.4,2020
16890,16103,Kia EV6,SUV,77.4,2023
16891,16104,Kia EV6,SUV,77.4,2023
16892,16105,Mahindra XUV400,SUV,39.4,2023
16893,16106,Tata Tiago EV,Hatchback,24.0,2025
16894,16107,BYD Atto 3,SUV,60.5,2024
16895,16108,Tata Tiago EV,Hatchback,24.0,2024
16896,16109,Tata Punch EV,Hatchback,35.0,2020
16897,16110,Mahindra XUV400,SUV,39.4,2023
16898,16111,BYD Atto 3,SUV,60.5,2025
16899,16112,Tata Punch EV,Hatchback,35.0,2020
16900,16113,Tata Punch EV,Hatchback,35.0,2022
16901,16114,Kia EV6,SUV,77.4,2022
16902,16115,Mahindra XUV400,SUV,39.4,2022
16903,16116,Tata Nexon EV,SUV,30.2,2024
16904,16117,MG ZS EV,SUV,50.3,2024
16905,16118,Tata Punch EV,Hatchback,35.0,2023
16906,16119,BYD Atto 3,SUV,60.5,2022
16907,16120,Hyundai Ioniq 5,SUV,72.6,2021
16908,16121,Tata Punch EV,Hatchback,35.0,2025
16909,16122,Tata Nexon EV,SUV,30.2,2021
16910,16123,BYD Atto 3,SUV,60.5,2021
16911,16124,Mahindra BE 6,SUV,59.0,2024
16912,16125,BYD Atto 3,SUV,60.5,2022
16913,16126,Kia EV6,SUV,77.4,2023
16914,16127,MG ZS EV,SUV,50.3,2022
16915,16128,Hyundai Kona Electric,SUV,39.2,2023
16916,16129,BYD Atto 3,SUV,60.5,2023
16917,16130,BYD Atto 3,SUV,60.5,2022
16918,16131,Kia EV6,SUV,77.4,2022
16919,16132,Mahindra XUV400,SUV,39.4,2022
16920,16133,Kia EV6,SUV,77.4,2023
16921,16134,Mahindra BE 6,SUV,59.0,2023
16922,16135,Tata Nexon EV,SUV,30.2,2024
16923,16136,Hyundai Kona Electric,SUV,39.2,2024
16924,16137,Tata Tiago EV,Hatchback,24.0,2022
16925,16138,Tata Tiago EV,Hatchback,24.0,2024
16926,16139,Tata Nexon EV,SUV,30.2,2025
16927,16140,Hyundai Ioniq 5,SUV,72.6,2022
16928,16141,Tata Tiago EV,Hatchback,24.0,2020
16929,16142,Tata Punch EV,Hatchback,35.0,2024
16930,16143,MG ZS EV,SUV,50.3,2025
16931,16144,Kia EV6,SUV,77.4,2022
16932,16145,Hyundai Kona Electric,SUV,39.2,2024
16933,16146,Hyundai Ioniq 5,SUV,72.6,2024
16934,16147,Hyundai Ioniq 5,SUV,72.6,2025
16935,16148,Hyundai Ioniq 5,SUV,72.6,2021
16936,16149,Kia EV6,SUV,77.4,2021
16937,16150,Kia EV6,SUV,77.4,2024
16938,16151,Mahindra BE 6,SUV,59.0,2025
16939,16152,Hyundai Kona Electric,SUV,39.2,2022
16940,16153,MG ZS EV,SUV,50.3,2023
16941,16154,Kia EV6,SUV,77.4,2024
16942,16155,Kia EV6,SUV,77.4,2022
16943,16156,Mahindra BE 6,SUV,59.0,2022
16944,16157,BYD Atto 3,SUV,60.5,2023
16945,16158,Hyundai Kona Electric,SUV,39.2,2021
16946,16159,Tata Tiago EV,Hatchback,24.0,2022
16947,16160,Hyundai Kona Electric,SUV,39.2,2020
16948,16161,Mahindra BE 6,SUV,59.0,2025
16949,16162,Mahindra BE 6,SUV,59.0,2023
16950,16163,Tata Punch EV,Hatchback,35.0,2024
16951,16163,MG ZS EV,SUV,50.3,2024
16952,16164,Mahindra XUV400,SUV,39.4,2023
16953,16165,BYD Atto 3,SUV,60.5,2021
16954,16166,Hyundai Ioniq 5,SUV,72.6,2025
16955,16167,Mahindra XUV400,SUV,39.4,2025
16956,16168,Mahindra XUV400,SUV,39.4,2024
16957,16169,Tata Punch EV,Hatchback,35.0,2025
16958,16170,Tata Tiago EV,Hatchback,24.0,2025
16959,16171,Tata Punch EV,Hatchback,35.0,2023
16960,16172,Hyundai Kona Electric,SUV,39.2,2024
16961,16173,Kia EV6,SUV,77.4,2022
16962,16174,Kia EV6,SUV,77.4,2025
16963,16175,Mahindra XUV400,SUV,39.4,2020
16964,16176,Mahindra XUV400,SUV,39.4,2021
16965,16177,Mahindra XUV400,SUV,39.4,2023
16966,16178,Hyundai Kona Electric,SUV,39.2,2024
16967,16179,Tata Nexon EV,SUV,30.2,2023
16968,16180,Hyundai Kona Electric,SUV,39.2,2024
16969,16181,MG ZS EV,SUV,50.3,2020
16970,16182,Tata Tiago EV,Hatchback,24.0,2025
16971,16183,Kia EV6,SUV,77.4,2023
16972,16184,Mahindra XUV400,SUV,39.4,2021
16973,16185,MG ZS EV,SUV,50.3,2024
16974,16186,Mahindra XUV400,SUV,39.4,2022
16975,16187,Tata Punch EV,Hatchback,35.0,2024
16976,16188,Hyundai Ioniq 5,SUV,72.6,2024
16977,16189,Mahindra BE 6,SUV,59.0,2020
16978,16190,Kia EV6,SUV,77.4,2023
16979,16191,Mahindra XUV400,SUV,39.4,2020
16980,16192,Kia EV6,SUV,77.4,2023
16981,16193,Tata Nexon EV,SUV,30.2,2025
16982,16194,Hyundai Ioniq 5,SUV,72.6,2024
16983,16195,Kia EV6,SUV,77.4,2022
16984,16196,MG ZS EV,SUV,50.3,2020
16985,16197,BYD Atto 3,SUV,60.5,2020
16986,16198,BYD Atto 3,SUV,60.5,2024
16987,16199,Kia EV6,SUV,77.4,2020
16988,16200,Hyundai Ioniq 5,SUV,72.6,2022
16989,16201,Tata Tiago EV,Hatchback,24.0,2021
16990,16202,Hyundai Ioniq 5,SUV,72.6,2023
16991,16203,BYD Atto 3,SUV,60.5,2023
16992,16204,Tata Nexon EV,SUV,30.2,2021
16993,16205,Hyundai Ioniq 5,SUV,72.6,2024
16994,16206,Kia EV6,SUV,77.4,2025
16995,16207,BYD Atto 3,SUV,60.5,2025
16996,16208,Hyundai Kona Electric,SUV,39.2,2021
16997,16209,BYD Atto 3,SUV,60.5,2020
16998,16210,Hyundai Ioniq 5,SUV,72.6,2020
16999,16211,Hyundai Kona Electric,SUV,39.2,2022
17000,16212,Mahindra XUV400,SUV,39.4,2021
17001,16213,Tata Punch EV,Hatchback,35.0,2023
17002,16214,Hyundai Ioniq 5,SUV,72.6,2025
17003,16215,Hyundai Kona Electric,SUV,39.2,2021
17004,16216,Hyundai Kona Electric,SUV,39.2,2020
17005,16217,Kia EV6,SUV,77.4,2021
17006,16218,Hyundai Kona Electric,SUV,39.2,2020
17007,16219,MG ZS EV,SUV,50.3,2022
17008,16220,Mahindra XUV400,SUV,39.4,2023
17009,16221,Mahindra XUV400,SUV,39.4,2020
17010,16222,BYD Atto 3,SUV,60.5,2025
17011,16223,BYD Atto 3,SUV,60.5,2024
17012,16224,MG ZS EV,SUV,50.3,2025
17013,16225,BYD Atto 3,SUV,60.5,2020
17014,16226,Hyundai Kona Electric,SUV,39.2,2021
17015,16227,Hyundai Kona Electric,SUV,39.2,2022
17016,16228,Tata Tiago EV,Hatchback,24.0,2022
17017,16229,Kia EV6,SUV,77.4,2025
17018,16230,Tata Nexon EV,SUV,30.2,2022
17019,16231,Hyundai Ioniq 5,SUV,72.6,2022
17020,16232,Tata Tiago EV,Hatchback,24.0,2020
17021,16233,Kia EV6,SUV,77.4,2025
17022,16234,Kia EV6,SUV,77.4,2021
17023,16235,Tata Tiago EV,Hatchback,24.0,2021
17024,16235,Tata Nexon EV,SUV,30.2,2022
17025,16236,Mahindra BE 6,SUV,59.0,2025
17026,16237,Tata Tiago EV,Hatchback,24.0,2020
17027,16238,Tata Nexon EV,SUV,30.2,2024
17028,16239,BYD Atto 3,SUV,60.5,2021
17029,16240,Tata Punch EV,Hatchback,35.0,2023
17030,16241,Tata Nexon EV,SUV,30.2,2024
17031,16242,Tata Punch EV,Hatchback,35.0,2022
17032,16243,Mahindra XUV400,SUV,39.4,2022
17033,16244,Mahindra XUV400,SUV,39.4,2024
17034,16245,Tata Tiago EV,Hatchback,24.0,2025
17035,16246,Kia EV6,SUV,77.4,2023
17036,16247,Tata Punch EV,Hatchback,35.0,2021
17037,16248,Mahindra BE 6,SUV,59.0,2024
17038,16249,Kia EV6,SUV,77.4,2021
17039,16250,Tata Punch EV,Hatchback,35.0,2025
17040,16251,Mahindra BE 6,SUV,59.0,2024
17041,16252,Mahindra XUV400,SUV,39.4,2023
17042,16253,Mahindra BE 6,SUV,59.0,2025
17043,16254,BYD Atto 3,SUV,60.5,2025
17044,16255,Hyundai Ioniq 5,SUV,72.6,2021
17045,16256,Hyundai Kona Electric,SUV,39.2,2022
17046,16257,Mahindra BE 6,SUV,59.0,2021
17047,16258,Tata Punch EV,Hatchback,35.0,2022
17048,16259,Tata Nexon EV,SUV,30.2,2023
17049,16260,Tata Punch EV,Hatchback,35.0,2021
17050,16261,Hyundai Kona Electric,SUV,39.2,2024
17051,16262,Mahindra XUV400,SUV,39.4,2021
17052,16263,Mahindra XUV400,SUV,39.4,2025
17053,16264,Mahindra BE 6,SUV,59.0,2023
17054,16265,MG ZS EV,SUV,50.3,2021
17055,16266,Hyundai Ioniq 5,SUV,72.6,2024
17056,16267,Mahindra BE 6,SUV,59.0,2021
17057,16268,Hyundai Ioniq 5,SUV,72.6,2024
17058,16269,Tata Tiago EV,Hatchback,24.0,2024
17059,16270,Hyundai Kona Electric,SUV,39.2,2022
17060,16271,BYD Atto 3,SUV,60.5,2020
17061,16272,Mahindra XUV400,SUV,39.4,2021
17062,16273,Hyundai Ioniq 5,SUV,72.6,2025
17063,16274,Mahindra XUV400,SUV,39.4,2024
17064,16275,Tata Punch EV,Hatchback,35.0,2022
17065,16276,BYD Atto 3,SUV,60.5,2020
17066,16277,BYD Atto 3,SUV,60.5,2021
17067,16278,Tata Tiago EV,Hatchback,24.0,2021
17068,16279,Tata Nexon EV,SUV,30.2,2022
17069,16280,Kia EV6,SUV,77.4,2024
17070,16280,Tata Nexon EV,SUV,30.2,2021
17071,16281,Hyundai Kona Electric,SUV,39.2,2021
17072,16282,Hyundai Ioniq 5,SUV,72.6,2023
17073,16283,Tata Punch EV,Hatchback,35.0,2020
17074,16284,Hyundai Kona Electric,SUV,39.2,2020
17075,16285,Hyundai Kona Electric,SUV,39.2,2023
17076,16286,Tata Tiago EV,Hatchback,24.0,2021
17077,16287,Tata Tiago EV,Hatchback,24.0,2025
17078,16288,Tata Nexon EV,SUV,30.2,2021
17079,16289,Tata Tiago EV,Hatchback,24.0,2024
17080,16290,Kia EV6,SUV,77.4,2022
17081,16291,Tata Tiago EV,Hatchback,24.0,2022
17082,16292,Mahindra XUV400,SUV,39.4,2020
17083,16293,BYD Atto 3,SUV,60.5,2024
17084,16294,Kia EV6,SUV,77.4,2020
17085,16295,Hyundai Ioniq 5,SUV,72.6,2025
17086,16296,Hyundai Kona Electric,SUV,39.2,2025
17087,16297,BYD Atto 3,SUV,60.5,2022
17088,16298,Hyundai Ioniq 5,SUV,72.6,2023
17089,16299,Mahindra BE 6,SUV,59.0,2021
17090,16300,Hyundai Kona Electric,SUV,39.2,2021
17091,16301,BYD Atto 3,SUV,60.5,2025
17092,16302,BYD Atto 3,SUV,60.5,2025
17093,16303,Hyundai Ioniq 5,SUV,72.6,2021
17094,16304,MG ZS EV,SUV,50.3,2022
17095,16305,Tata Tiago EV,Hatchback,24.0,2021
17096,16306,Tata Punch EV,Hatchback,35.0,2022
17097,16307,BYD Atto 3,SUV,60.5,2020
17098,16308,BYD Atto 3,SUV,60.5,2024
17099,16309,Mahindra BE 6,SUV,59.0,2022
17100,16310,MG ZS EV,SUV,50.3,2025
17101,16311,Hyundai Ioniq 5,SUV,72.6,2024
17102,16312,Hyundai Ioniq 5,SUV,72.6,2021
17103,16313,Kia EV6,SUV,77.4,2025
17104,16314,Hyundai Ioniq 5,SUV,72.6,2022
17105,16315,Tata Punch EV,Hatchback,35.0,2025
17106,16316,Tata Tiago EV,Hatchback,24.0,2022
17107,16317,Hyundai Ioniq 5,SUV,72.6,2023
17108,16318,Hyundai Ioniq 5,SUV,72.6,2021
17109,16319,Tata Nexon EV,SUV,30.2,2025
17110,16320,Tata Nexon EV,SUV,30.2,2024
17111,16321,BYD Atto 3,SUV,60.5,2024
17112,16322,Tata Punch EV,Hatchback,35.0,2025
17113,16323,Tata Punch EV,Hatchback,35.0,2024
17114,16323,BYD Atto 3,SUV,60.5,2023
17115,16324,Mahindra XUV400,SUV,39.4,2024
17116,16325,Tata Nexon EV,SUV,30.2,2024
17117,16325,Tata Nexon EV,SUV,30.2,2024
17118,16326,Tata Punch EV,Hatchback,35.0,2025
17119,16327,Hyundai Kona Electric,SUV,39.2,2020
17120,16328,Tata Punch EV,Hatchback,35.0,2025
17121,16329,BYD Atto 3,SUV,60.5,2025
17122,16330,MG ZS EV,SUV,50.3,2022
17123,16331,Mahindra XUV400,SUV,39.4,2025
17124,16331,Mahindra XUV400,SUV,39.4,2020
17125,16332,Tata Tiago EV,Hatchback,24.0,2024
17126,16333,Mahindra XUV400,SUV,39.4,2023
17127,16334,Tata Tiago EV,Hatchback,24.0,2023
17128,16335,Hyundai Ioniq 5,SUV,72.6,2024
17129,16336,Kia EV6,SUV,77.4,2023
17130,16337,Hyundai Kona Electric,SUV,39.2,2022
17131,16338,Mahindra XUV400,SUV,39.4,2024
17132,16339,Tata Tiago EV,Hatchback,24.0,2024
17133,16340,Hyundai Kona Electric,SUV,39.2,2022
17134,16341,Kia EV6,SUV,77.4,2025
17135,16342,Mahindra BE 6,SUV,59.0,2025
17136,16343,Tata Tiago EV,Hatchback,24.0,2020
17137,16344,Mahindra BE 6,SUV,59.0,2025
17138,16345,MG ZS EV,SUV,50.3,2021
17139,16346,Tata Nexon EV,SUV,30.2,2020
17140,16347,Tata Punch EV,Hatchback,35.0,2020
17141,16347,Mahindra XUV400,SUV,39.4,2024
17142,16348,BYD Atto 3,SUV,60.5,2024
17143,16349,Hyundai Kona Electric,SUV,39.2,2025
17144,16350,MG ZS EV,SUV,50.3,2024
17145,16351,Mahindra XUV400,SUV,39.4,2025
17146,16352,Mahindra XUV400,SUV,39.4,2022
17147,16353,Hyundai Kona Electric,SUV,39.2,2023
17148,16354,Tata Nexon EV,SUV,30.2,2023
17149,16355,BYD Atto 3,SUV,60.5,2023
17150,16356,MG ZS EV,SUV,50.3,2023
17151,16357,Kia EV6,SUV,77.4,2022
17152,16358,Tata Tiago EV,Hatchback,24.0,2020
17153,16359,Tata Tiago EV,Hatchback,24.0,2025
17154,16360,Tata Nexon EV,SUV,30.2,2022
17155,16361,Tata Nexon EV,SUV,30.2,2021
17156,16362,Hyundai Kona Electric,SUV,39.2,2023
17157,16363,Hyundai Ioniq 5,SUV,72.6,2023
17158,16364,Mahindra BE 6,SUV,59.0,2022
17159,16365,Tata Nexon EV,SUV,30.2,2020
17160,16366,Hyundai Ioniq 5,SUV,72.6,2022
17161,16367,Tata Punch EV,Hatchback,35.0,2023
17162,16368,Tata Nexon EV,SUV,30.2,2023
17163,16369,Tata Nexon EV,SUV,30.2,2024
17164,16370,Hyundai Kona Electric,SUV,39.2,2021
17165,16371,BYD Atto 3,SUV,60.5,2022
17166,16372,Mahindra BE 6,SUV,59.0,2024
17167,16373,Mahindra XUV400,SUV,39.4,2023
17168,16374,Mahindra XUV400,SUV,39.4,2025
17169,16375,Tata Nexon EV,SUV,30.2,2022
17170,16376,BYD Atto 3,SUV,60.5,2023
17171,16377,MG ZS EV,SUV,50.3,2025
17172,16378,BYD Atto 3,SUV,60.5,2021
17173,16379,Tata Tiago EV,Hatchback,24.0,2021
17174,16380,Tata Nexon EV,SUV,30.2,2022
17175,16381,BYD Atto 3,SUV,60.5,2023
17176,16382,Tata Tiago EV,Hatchback,24.0,2021
17177,16383,Hyundai Ioniq 5,SUV,72.6,2023
17178,16384,Hyundai Kona Electric,SUV,39.2,2025
17179,16385,Tata Tiago EV,Hatchback,24.0,2020
17180,16386,Tata Nexon EV,SUV,30.2,2021
17181,16387,Mahindra XUV400,SUV,39.4,2022
17182,16388,Tata Nexon EV,SUV,30.2,2024
17183,16389,Mahindra BE 6,SUV,59.0,2023
17184,16390,Kia EV6,SUV,77.4,2025
17185,16391,Mahindra XUV400,SUV,39.4,2021
17186,16392,Hyundai Kona Electric,SUV,39.2,2024
17187,16393,BYD Atto 3,SUV,60.5,2023
17188,16394,Tata Tiago EV,Hatchback,24.0,2023
17189,16394,Tata Nexon EV,SUV,30.2,2020
17190,16395,Hyundai Kona Electric,SUV,39.2,2025
17191,16396,Kia EV6,SUV,77.4,2022
17192,16397,Hyundai Kona Electric,SUV,39.2,2023
17193,16398,BYD Atto 3,SUV,60.5,2025
17194,16399,BYD Atto 3,SUV,60.5,2021
17195,16399,Hyundai Ioniq 5,SUV,72.6,2020
17196,16400,BYD Atto 3,SUV,60.5,2025
17197,16401,Tata Punch EV,Hatchback,35.0,2025
17198,16402,Kia EV6,SUV,77.4,2023
17199,16403,Kia EV6,SUV,77.4,2022
17200,16404,Tata Tiago EV,Hatchback,24.0,2023
17201,16405,BYD Atto 3,SUV,60.5,2022
17202,16406,Mahindra BE 6,SUV,59.0,2022
17203,16407,Tata Nexon EV,SUV,30.2,2020
17204,16408,BYD Atto 3,SUV,60.5,2020
17205,16409,Tata Punch EV,Hatchback,35.0,2020
17206,16410,Mahindra BE 6,SUV,59.0,2022
17207,16411,Hyundai Ioniq 5,SUV,72.6,2023
17208,16412,MG ZS EV,SUV,50.3,2020
17209,16413,Tata Nexon EV,SUV,30.2,2020
17210,16414,Kia EV6,SUV,77.4,2022
17211,16414,Tata Punch EV,Hatchback,35.0,2021
17212,16415,Tata Tiago EV,Hatchback,24.0,2024
17213,16416,BYD Atto 3,SUV,60.5,2025
17214,16417,BYD Atto 3,SUV,60.5,2020
17215,16418,Hyundai Ioniq 5,SUV,72.6,2022
17216,16419,Mahindra XUV400,SUV,39.4,2020
17217,16420,Tata Tiago EV,Hatchback,24.0,2020
17218,16421,BYD Atto 3,SUV,60.5,2022
17219,16421,BYD Atto 3,SUV,60.5,2025
17220,16422,MG ZS EV,SUV,50.3,2020
17221,16423,Mahindra XUV400,SUV,39.4,2022
17222,16424,MG ZS EV,SUV,50.3,2022
17223,16425,Mahindra BE 6,SUV,59.0,2020
17224,16426,Mahindra BE 6,SUV,59.0,2021
17225,16427,Mahindra XUV400,SUV,39.4,2025
17226,16428,Mahindra XUV400,SUV,39.4,2023
17227,16429,Hyundai Kona Electric,SUV,39.2,2021
17228,16430,Tata Tiago EV,Hatchback,24.0,2021
17229,16430,Kia EV6,SUV,77.4,2021
17230,16431,Mahindra BE 6,SUV,59.0,2022
17231,16432,BYD Atto 3,SUV,60.5,2020
17232,16433,Hyundai Kona Electric,SUV,39.2,2021
17233,16434,Hyundai Kona Electric,SUV,39.2,2020
17234,16435,Kia EV6,SUV,77.4,2024
17235,16436,MG ZS EV,SUV,50.3,2022
17236,16437,Tata Punch EV,Hatchback,35.0,2023
17237,16438,Tata Tiago EV,Hatchback,24.0,2025
17238,16439,Hyundai Ioniq 5,SUV,72.6,2023
17239,16440,Hyundai Kona Electric,SUV,39.2,2024
17240,16441,Tata Punch EV,Hatchback,35.0,2023
17241,16442,MG ZS EV,SUV,50.3,2024
17242,16443,Mahindra XUV400,SUV,39.4,2024
17243,16444,MG ZS EV,SUV,50.3,2020
17244,16445,Mahindra XUV400,SUV,39.4,2024
17245,16446,Mahindra XUV400,SUV,39.4,2020
17246,16447,Tata Nexon EV,SUV,30.2,2023
17247,16448,Tata Punch EV,Hatchback,35.0,2022
17248,16449,Tata Tiago EV,Hatchback,24.0,2023
17249,16450,Hyundai Ioniq 5,SUV,72.6,2021
17250,16451,Mahindra BE 6,SUV,59.0,2025
17251,16452,Mahindra BE 6,SUV,59.0,2022
17252,16453,Mahindra XUV400,SUV,39.4,2021
17253,16454,Tata Nexon EV,SUV,30.2,2023
17254,16455,Tata Punch EV,Hatchback,35.0,2024
17255,16456,Tata Nexon EV,SUV,30.2,2024
17256,16457,Tata Tiago EV,Hatchback,24.0,2023
17257,16458,Hyundai Ioniq 5,SUV,72.6,2020
17258,16459,Hyundai Ioniq 5,SUV,72.6,2024
17259,16460,Kia EV6,SUV,77.4,2023
17260,16461,Tata Tiago EV,Hatchback,24.0,2020
17261,16462,Hyundai Kona Electric,SUV,39.2,2021
17262,16463,BYD Atto 3,SUV,60.5,2023
17263,16464,Kia EV6,SUV,77.4,2020
17264,16465,Hyundai Kona Electric,SUV,39.2,2025
17265,16466,MG ZS EV,SUV,50.3,2025
17266,16467,Mahindra BE 6,SUV,59.0,2025
17267,16468,Mahindra XUV400,SUV,39.4,2022
17268,16469,Hyundai Ioniq 5,SUV,72.6,2025
17269,16470,Mahindra XUV400,SUV,39.4,2021
17270,16471,Hyundai Kona Electric,SUV,39.2,2024
17271,16472,Tata Punch EV,Hatchback,35.0,2023
17272,16473,Tata Tiago EV,Hatchback,24.0,2023
17273,16474,Hyundai Kona Electric,SUV,39.2,2022
17274,16474,Kia EV6,SUV,77.4,2020
17275,16475,Tata Tiago EV,Hatchback,24.0,2022
17276,16475,Tata Punch EV,Hatchback,35.0,2024
17277,16476,Mahindra BE 6,SUV,59.0,2025
17278,16477,Hyundai Ioniq 5,SUV,72.6,2025
17279,16478,Mahindra XUV400,SUV,39.4,2020
17280,16479,Kia EV6,SUV,77.4,2021
17281,16480,BYD Atto 3,SUV,60.5,2020
17282,16481,MG ZS EV,SUV,50.3,2022
17283,16482,Hyundai Kona Electric,SUV,39.2,2023
17284,16483,Tata Tiago EV,Hatchback,24.0,2021
17285,16484,Tata Nexon EV,SUV,30.2,2024
17286,16485,Kia EV6,SUV,77.4,2023
17287,16485,Hyundai Ioniq 5,SUV,72.6,2020
17288,16486,Kia EV6,SUV,77.4,2022
17289,16487,Tata Nexon EV,SUV,30.2,2021
17290,16488,MG ZS EV,SUV,50.3,2020
17291,16489,Tata Tiago EV,Hatchback,24.0,2020
17292,16490,Mahindra XUV400,SUV,39.4,2021
17293,16491,Mahindra BE 6,SUV,59.0,2022
17294,16492,Hyundai Kona Electric,SUV,39.2,2022
17295,16493,Kia EV6,SUV,77.4,2023
17296,16494,Tata Nexon EV,SUV,30.2,2024
17297,16495,Kia EV6,SUV,77.4,2023
17298,16496,Kia EV6,SUV,77.4,2023
17299,16497,Tata Punch EV,Hatchback,35.0,2025
17300,16498,BYD Atto 3,SUV,60.5,2021
17301,16499,Kia EV6,SUV,77.4,2023
17302,16500,MG ZS EV,SUV,50.3,2020
17303,16501,MG ZS EV,SUV,50.3,2025
17304,16502,Tata Punch EV,Hatchback,35.0,2020
17305,16503,Mahindra BE 6,SUV,59.0,2023
17306,16504,Mahindra XUV400,SUV,39.4,2025
17307,16505,MG ZS EV,SUV,50.3,2023
17308,16506,Kia EV6,SUV,77.4,2023
17309,16507,MG ZS EV,SUV,50.3,2020
17310,16507,Hyundai Ioniq 5,SUV,72.6,2020
17311,16508,Tata Nexon EV,SUV,30.2,2024
17312,16508,BYD Atto 3,SUV,60.5,2024
17313,16509,BYD Atto 3,SUV,60.5,2023
17314,16510,Tata Tiago EV,Hatchback,24.0,2021
17315,16511,Hyundai Kona Electric,SUV,39.2,2025
17316,16512,Tata Tiago EV,Hatchback,24.0,2023
17317,16513,MG ZS EV,SUV,50.3,2023
17318,16514,Mahindra XUV400,SUV,39.4,2024
17319,16515,Hyundai Ioniq 5,SUV,72.6,2025
17320,16516,BYD Atto 3,SUV,60.5,2022
17321,16517,Tata Nexon EV,SUV,30.2,2024
17322,16518,Tata Nexon EV,SUV,30.2,2022
17323,16519,Mahindra BE 6,SUV,59.0,2021
17324,16519,Tata Nexon EV,SUV,30.2,2021
17325,16520,Mahindra XUV400,SUV,39.4,2024
17326,16521,Tata Tiago EV,Hatchback,24.0,2023
17327,16522,Mahindra BE 6,SUV,59.0,2025
17328,16523,Kia EV6,SUV,77.4,2020
17329,16524,Tata Tiago EV,Hatchback,24.0,2025
17330,16525,Hyundai Ioniq 5,SUV,72.6,2020
17331,16526,Hyundai Ioniq 5,SUV,72.6,2020
17332,16527,Tata Tiago EV,Hatchback,24.0,2023
17333,16528,Mahindra BE 6,SUV,59.0,2020
17334,16529,Kia EV6,SUV,77.4,2020
17335,16530,Mahindra XUV400,SUV,39.4,2021
17336,16531,Mahindra BE 6,SUV,59.0,2024
17337,16532,Tata Punch EV,Hatchback,35.0,2021
17338,16533,Hyundai Kona Electric,SUV,39.2,2024
17339,16534,MG ZS EV,SUV,50.3,2024
17340,16535,Tata Nexon EV,SUV,30.2,2025
17341,16536,Tata Punch EV,Hatchback,35.0,2021
17342,16537,Mahindra BE 6,SUV,59.0,2024
17343,16538,Kia EV6,SUV,77.4,2025
17344,16539,MG ZS EV,SUV,50.3,2020
17345,16540,Kia EV6,SUV,77.4,2020
17346,16541,Tata Punch EV,Hatchback,35.0,2021
17347,16542,MG ZS EV,SUV,50.3,2023
17348,16543,Hyundai Kona Electric,SUV,39.2,2025
17349,16544,MG ZS EV,SUV,50.3,2023
17350,16545,Hyundai Kona Electric,SUV,39.2,2025
17351,16546,Tata Punch EV,Hatchback,35.0,2023
17352,16547,Tata Nexon EV,SUV,30.2,2020
17353,16547,BYD Atto 3,SUV,60.5,2024
17354,16548,Tata Tiago EV,Hatchback,24.0,2020
17355,16549,Tata Nexon EV,SUV,30.2,2024
17356,16550,Mahindra BE 6,SUV,59.0,2024
17357,16551,Kia EV6,SUV,77.4,2024
17358,16552,BYD Atto 3,SUV,60.5,2024
17359,16553,Kia EV6,SUV,77.4,2024
17360,16554,Tata Nexon EV,SUV,30.2,2025
17361,16555,Tata Tiago EV,Hatchback,24.0,2020
17362,16556,Hyundai Kona Electric,SUV,39.2,2023
17363,16557,Hyundai Kona Electric,SUV,39.2,2020
17364,16558,Mahindra XUV400,SUV,39.4,2022
17365,16559,Mahindra XUV400,SUV,39.4,2023
17366,16560,Mahindra BE 6,SUV,59.0,2022
17367,16561,BYD Atto 3,SUV,60.5,2025
17368,16562,Kia EV6,SUV,77.4,2022
17369,16563,Mahindra BE 6,SUV,59.0,2021
17370,16564,Kia EV6,SUV,77.4,2020
17371,16565,Tata Punch EV,Hatchback,35.0,2024
17372,16565,BYD Atto 3,SUV,60.5,2022
17373,16566,BYD Atto 3,SUV,60.5,2021
17374,16567,Hyundai Kona Electric,SUV,39.2,2023
17375,16568,BYD Atto 3,SUV,60.5,2021
17376,16569,MG ZS EV,SUV,50.3,2020
17377,16570,Tata Nexon EV,SUV,30.2,2022
17378,16571,Mahindra BE 6,SUV,59.0,2024
17379,16572,Mahindra XUV400,SUV,39.4,2025
17380,16573,MG ZS EV,SUV,50.3,2024
17381,16574,MG ZS EV,SUV,50.3,2022
17382,16575,Tata Tiago EV,Hatchback,24.0,2020
17383,16576,Kia EV6,SUV,77.4,2024
17384,16577,BYD Atto 3,SUV,60.5,2022
17385,16578,Hyundai Ioniq 5,SUV,72.6,2023
17386,16579,Tata Nexon EV,SUV,30.2,2022
17387,16580,BYD Atto 3,SUV,60.5,2024
17388,16581,Kia EV6,SUV,77.4,2021
17389,16582,Hyundai Kona Electric,SUV,39.2,2024
17390,16583,Tata Nexon EV,SUV,30.2,2020
17391,16584,Mahindra XUV400,SUV,39.4,2022
17392,16585,BYD Atto 3,SUV,60.5,2024
17393,16586,Tata Punch EV,Hatchback,35.0,2022
17394,16587,Tata Tiago EV,Hatchback,24.0,2022
17395,16588,Mahindra BE 6,SUV,59.0,2023
17396,16589,Tata Punch EV,Hatchback,35.0,2025
17397,16590,Kia EV6,SUV,77.4,2023
17398,16591,Mahindra XUV400,SUV,39.4,2025
17399,16592,MG ZS EV,SUV,50.3,2022
17400,16593,Hyundai Kona Electric,SUV,39.2,2023
17401,16594,Mahindra BE 6,SUV,59.0,2023
17402,16595,Kia EV6,SUV,77.4,2021
17403,16595,Kia EV6,SUV,77.4,2024
17404,16596,Tata Punch EV,Hatchback,35.0,2025
17405,16597,Mahindra XUV400,SUV,39.4,2022
17406,16598,Kia EV6,SUV,77.4,2022
17407,16599,Mahindra BE 6,SUV,59.0,2024
17408,16600,Mahindra XUV400,SUV,39.4,2025
17409,16601,Hyundai Ioniq 5,SUV,72.6,2023
17410,16602,Mahindra BE 6,SUV,59.0,2021
17411,16603,MG ZS EV,SUV,50.3,2025
17412,16604,Kia EV6,SUV,77.4,2022
17413,16605,Hyundai Kona Electric,SUV,39.2,2021
17414,16606,BYD Atto 3,SUV,60.5,2021
17415,16606,Tata Punch EV,Hatchback,35.0,2025
17416,16607,Kia EV6,SUV,77.4,2020
17417,16608,Hyundai Ioniq 5,SUV,72.6,2021
17418,16609,Mahindra XUV400,SUV,39.4,2021
17419,16610,Tata Nexon EV,SUV,30.2,2022
17420,16611,Mahindra BE 6,SUV,59.0,2022
17421,16612,Tata Tiago EV,Hatchback,24.0,2021
17422,16613,MG ZS EV,SUV,50.3,2022
17423,16614,Hyundai Ioniq 5,SUV,72.6,2022
17424,16615,Hyundai Kona Electric,SUV,39.2,2021
17425,16616,Tata Nexon EV,SUV,30.2,2020
17426,16617,BYD Atto 3,SUV,60.5,2024
17427,16618,BYD Atto 3,SUV,60.5,2023
17428,16619,Hyundai Ioniq 5,SUV,72.6,2020
17429,16620,Kia EV6,SUV,77.4,2021
17430,16621,Tata Nexon EV,SUV,30.2,2021
17431,16622,Mahindra BE 6,SUV,59.0,2023
17432,16623,Tata Punch EV,Hatchback,35.0,2025
17433,16624,Kia EV6,SUV,77.4,2024
17434,16625,MG ZS EV,SUV,50.3,2024
17435,16626,MG ZS EV,SUV,50.3,2020
17436,16627,BYD Atto 3,SUV,60.5,2023
17437,16628,MG ZS EV,SUV,50.3,2024
17438,16629,Kia EV6,SUV,77.4,2022
17439,16630,MG ZS EV,SUV,50.3,2024
17440,16631,Tata Nexon EV,SUV,30.2,2021
17441,16632,Hyundai Ioniq 5,SUV,72.6,2023
17442,16633,Kia EV6,SUV,77.4,2021
17443,16634,Mahindra XUV400,SUV,39.4,2023
17444,16635,BYD Atto 3,SUV,60.5,2024
17445,16636,Hyundai Ioniq 5,SUV,72.6,2024
17446,16637,Hyundai Kona Electric,SUV,39.2,2022
17447,16638,Mahindra BE 6,SUV,59.0,2023
17448,16638,Kia EV6,SUV,77.4,2024
17449,16639,Hyundai Kona Electric,SUV,39.2,2024
17450,16639,Tata Tiago EV,Hatchback,24.0,2025
17451,16640,MG ZS EV,SUV,50.3,2020
17452,16641,BYD Atto 3,SUV,60.5,2025
17453,16642,Mahindra BE 6,SUV,59.0,2023
17454,16643,Tata Nexon EV,SUV,30.2,2023
17455,16644,Tata Tiago EV,Hatchback,24.0,2021
17456,16644,Hyundai Ioniq 5,SUV,72.6,2022
17457,16645,Tata Tiago EV,Hatchback,24.0,2021
17458,16646,Mahindra BE 6,SUV,59.0,2025
17459,16647,Hyundai Ioniq 5,SUV,72.6,2023
17460,16648,Tata Nexon EV,SUV,30.2,2020
17461,16649,Tata Nexon EV,SUV,30.2,2023
17462,16650,Tata Nexon EV,SUV,30.2,2021
17463,16651,Tata Nexon EV,SUV,30.2,2021
17464,16651,MG ZS EV,SUV,50.3,2025
17465,16652,MG ZS EV,SUV,50.3,2022
17466,16653,Tata Punch EV,Hatchback,35.0,2021
17467,16654,MG ZS EV,SUV,50.3,2020
17468,16654,Kia EV6,SUV,77.4,2021
17469,16655,Tata Tiago EV,Hatchback,24.0,2024
17470,16656,Mahindra XUV400,SUV,39.4,2021
17471,16657,Tata Tiago EV,Hatchback,24.0,2021
17472,16658,Mahindra BE 6,SUV,59.0,2022
17473,16659,Tata Tiago EV,Hatchback,24.0,2022
17474,16660,Tata Tiago EV,Hatchback,24.0,2024
17475,16661,Tata Punch EV,Hatchback,35.0,2020
17476,16662,BYD Atto 3,SUV,60.5,2020
17477,16663,Tata Tiago EV,Hatchback,24.0,2025
17478,16664,Mahindra XUV400,SUV,39.4,2022
17479,16665,Mahindra BE 6,SUV,59.0,2022
17480,16666,Hyundai Ioniq 5,SUV,72.6,2023
17481,16667,Tata Tiago EV,Hatchback,24.0,2025
17482,16668,BYD Atto 3,SUV,60.5,2020
17483,16669,Kia EV6,SUV,77.4,2021
17484,16670,Mahindra XUV400,SUV,39.4,2020
17485,16671,MG ZS EV,SUV,50.3,2020
17486,16672,Tata Nexon EV,SUV,30.2,2024
17487,16673,Kia EV6,SUV,77.4,2022
17488,16673,Hyundai Kona Electric,SUV,39.2,2020
17489,16674,MG ZS EV,SUV,50.3,2021
17490,16675,Mahindra XUV400,SUV,39.4,2024
17491,16675,Hyundai Kona Electric,SUV,39.2,2023
17492,16676,Kia EV6,SUV,77.4,2023
17493,16677,Hyundai Kona Electric,SUV,39.2,2025
17494,16678,Hyundai Ioniq 5,SUV,72.6,2022
17495,16679,MG ZS EV,SUV,50.3,2020
17496,16680,Tata Tiago EV,Hatchback,24.0,2021
17497,16681,MG ZS EV,SUV,50.3,2025
17498,16682,Hyundai Kona Electric,SUV,39.2,2020
17499,16683,BYD Atto 3,SUV,60.5,2022
17500,16684,Mahindra BE 6,SUV,59.0,2021
17501,16685,MG ZS EV,SUV,50.3,2024
17502,16686,Tata Tiago EV,Hatchback,24.0,2025
17503,16687,BYD Atto 3,SUV,60.5,2022
17504,16688,Hyundai Kona Electric,SUV,39.2,2025
17505,16689,Hyundai Ioniq 5,SUV,72.6,2022
17506,16690,Tata Punch EV,Hatchback,35.0,2022
17507,16691,Tata Punch EV,Hatchback,35.0,2021
17508,16692,Mahindra BE 6,SUV,59.0,2023
17509,16693,MG ZS EV,SUV,50.3,2024
17510,16694,Tata Nexon EV,SUV,30.2,2024
17511,16695,Hyundai Kona Electric,SUV,39.2,2024
17512,16696,Tata Nexon EV,SUV,30.2,2020
17513,16697,Mahindra XUV400,SUV,39.4,2023
17514,16697,Kia EV6,SUV,77.4,2020
17515,16698,Mahindra XUV400,SUV,39.4,2020
17516,16699,BYD Atto 3,SUV,60.5,2025
17517,16700,MG ZS EV,SUV,50.3,2021
17518,16701,BYD Atto 3,SUV,60.5,2022
17519,16702,MG ZS EV,SUV,50.3,2024
17520,16703,Hyundai Kona Electric,SUV,39.2,2024
17521,16704,Tata Nexon EV,SUV,30.2,2025
17522,16705,Mahindra XUV400,SUV,39.4,2022
17523,16706,Mahindra XUV400,SUV,39.4,2025
17524,16707,MG ZS EV,SUV,50.3,2022
17525,16708,Hyundai Ioniq 5,SUV,72.6,2022
17526,16709,BYD Atto 3,SUV,60.5,2020
17527,16710,MG ZS EV,SUV,50.3,2022
17528,16711,Kia EV6,SUV,77.4,2024
17529,16712,Hyundai Ioniq 5,SUV,72.6,2025
17530,16713,Mahindra XUV400,SUV,39.4,2022
17531,16714,Tata Nexon EV,SUV,30.2,2024
17532,16715,Hyundai Ioniq 5,SUV,72.6,2022
17533,16716,Hyundai Ioniq 5,SUV,72.6,2021
17534,16717,MG ZS EV,SUV,50.3,2025
17535,16718,Hyundai Ioniq 5,SUV,72.6,2023
17536,16719,Kia EV6,SUV,77.4,2024
17537,16720,Tata Nexon EV,SUV,30.2,2020
17538,16721,Tata Tiago EV,Hatchback,24.0,2021
17539,16722,Tata Tiago EV,Hatchback,24.0,2022
17540,16723,Tata Punch EV,Hatchback,35.0,2023
17541,16724,Tata Tiago EV,Hatchback,24.0,2022
17542,16724,Tata Nexon EV,SUV,30.2,2020
17543,16725,Mahindra BE 6,SUV,59.0,2020
17544,16726,MG ZS EV,SUV,50.3,2022
17545,16727,MG ZS EV,SUV,50.3,2022
17546,16728,Tata Tiago EV,Hatchback,24.0,2022
17547,16728,Tata Punch EV,Hatchback,35.0,2024
17548,16729,Kia EV6,SUV,77.4,2020
17549,16730,Mahindra BE 6,SUV,59.0,2023
17550,16731,BYD Atto 3,SUV,60.5,2024
17551,16732,Hyundai Kona Electric,SUV,39.2,2025
17552,16732,Tata Tiago EV,Hatchback,24.0,2020
17553,16733,Tata Nexon EV,SUV,30.2,2020
17554,16734,MG ZS EV,SUV,50.3,2020
17555,16735,Tata Nexon EV,SUV,30.2,2022
17556,16736,Hyundai Ioniq 5,SUV,72.6,2022
17557,16737,Tata Nexon EV,SUV,30.2,2020
17558,16738,Hyundai Ioniq 5,SUV,72.6,2021
17559,16739,Tata Punch EV,Hatchback,35.0,2021
17560,16740,BYD Atto 3,SUV,60.5,2021
17561,16741,Tata Nexon EV,SUV,30.2,2025
17562,16742,Tata Nexon EV,SUV,30.2,2023
17563,16743,Kia EV6,SUV,77.4,2021
17564,16744,Hyundai Ioniq 5,SUV,72.6,2023
17565,16745,MG ZS EV,SUV,50.3,2024
17566,16745,Kia EV6,SUV,77.4,2020
17567,16746,MG ZS EV,SUV,50.3,2025
17568,16747,Mahindra XUV400,SUV,39.4,2025
17569,16748,Kia EV6,SUV,77.4,2024
17570,16749,Mahindra XUV400,SUV,39.4,2024
17571,16750,Tata Punch EV,Hatchback,35.0,2022
17572,16751,Tata Tiago EV,Hatchback,24.0,2022
17573,16752,Kia EV6,SUV,77.4,2022
17574,16753,MG ZS EV,SUV,50.3,2025
17575,16754,Mahindra BE 6,SUV,59.0,2024
17576,16755,BYD Atto 3,SUV,60.5,2024
17577,16756,Tata Tiago EV,Hatchback,24.0,2023
17578,16757,Mahindra BE 6,SUV,59.0,2020
17579,16758,Tata Punch EV,Hatchback,35.0,2024
17580,16759,Mahindra BE 6,SUV,59.0,2021
17581,16760,BYD Atto 3,SUV,60.5,2023
17582,16761,Mahindra XUV400,SUV,39.4,2024
17583,16762,Hyundai Kona Electric,SUV,39.2,2024
17584,16763,Mahindra BE 6,SUV,59.0,2020
17585,16764,BYD Atto 3,SUV,60.5,2023
17586,16765,Mahindra BE 6,SUV,59.0,2025
17587,16766,Tata Punch EV,Hatchback,35.0,2022
17588,16767,Hyundai Kona Electric,SUV,39.2,2021
17589,16768,Hyundai Ioniq 5,SUV,72.6,2021
17590,16769,Mahindra XUV400,SUV,39.4,2021
17591,16770,Tata Tiago EV,Hatchback,24.0,2021
17592,16771,Tata Tiago EV,Hatchback,24.0,2024
17593,16772,Hyundai Ioniq 5,SUV,72.6,2023
17594,16773,Mahindra XUV400,SUV,39.4,2023
17595,16773,Tata Nexon EV,SUV,30.2,2021
17596,16774,Hyundai Ioniq 5,SUV,72.6,2020
17597,16775,Tata Punch EV,Hatchback,35.0,2021
17598,16776,Mahindra XUV400,SUV,39.4,2023
17599,16777,Hyundai Ioniq 5,SUV,72.6,2020
17600,16778,Tata Tiago EV,Hatchback,24.0,2022
17601,16779,BYD Atto 3,SUV,60.5,2022
17602,16780,Tata Punch EV,Hatchback,35.0,2025
17603,16780,Mahindra XUV400,SUV,39.4,2024
17604,16781,BYD Atto 3,SUV,60.5,2024
17605,16782,Tata Nexon EV,SUV,30.2,2025
17606,16783,BYD Atto 3,SUV,60.5,2023
17607,16784,Mahindra BE 6,SUV,59.0,2024
17608,16785,MG ZS EV,SUV,50.3,2022
17609,16786,MG ZS EV,SUV,50.3,2025
17610,16787,Tata Tiago EV,Hatchback,24.0,2022
17611,16788,Tata Tiago EV,Hatchback,24.0,2020
17612,16789,Tata Tiago EV,Hatchback,24.0,2021
17613,16789,Mahindra BE 6,SUV,59.0,2025
17614,16790,Mahindra XUV400,SUV,39.4,2020
17615,16791,Hyundai Kona Electric,SUV,39.2,2024
17616,16792,Hyundai Ioniq 5,SUV,72.6,2022
17617,16793,Kia EV6,SUV,77.4,2021
17618,16794,Hyundai Kona Electric,SUV,39.2,2023
17619,16795,Mahindra BE 6,SUV,59.0,2023
17620,16796,BYD Atto 3,SUV,60.5,2023
17621,16797,Mahindra BE 6,SUV,59.0,2022
17622,16798,Hyundai Kona Electric,SUV,39.2,2023
17623,16799,Mahindra BE 6,SUV,59.0,2022
17624,16800,Mahindra BE 6,SUV,59.0,2025
17625,16801,Hyundai Kona Electric,SUV,39.2,2021
17626,16802,Hyundai Ioniq 5,SUV,72.6,2024
17627,16803,Mahindra XUV400,SUV,39.4,2020
17628,16804,Tata Tiago EV,Hatchback,24.0,2021
17629,16805,Mahindra BE 6,SUV,59.0,2023
17630,16806,Tata Tiago EV,Hatchback,24.0,2025
17631,16807,BYD Atto 3,SUV,60.5,2020
17632,16808,Mahindra XUV400,SUV,39.4,2024
17633,16809,MG ZS EV,SUV,50.3,2021
17634,16810,BYD Atto 3,SUV,60.5,2025
17635,16811,Tata Punch EV,Hatchback,35.0,2024
17636,16812,Mahindra XUV400,SUV,39.4,2024
17637,16813,Hyundai Kona Electric,SUV,39.2,2020
17638,16814,Tata Tiago EV,Hatchback,24.0,2022
17639,16815,Mahindra XUV400,SUV,39.4,2020
17640,16816,Tata Nexon EV,SUV,30.2,2023
17641,16817,Tata Nexon EV,SUV,30.2,2023
17642,16818,Tata Nexon EV,SUV,30.2,2021
17643,16819,Kia EV6,SUV,77.4,2023
17644,16819,Mahindra BE 6,SUV,59.0,2020
17645,16820,Mahindra BE 6,SUV,59.0,2024
17646,16821,Hyundai Ioniq 5,SUV,72.6,2020
17647,16822,Tata Nexon EV,SUV,30.2,2021
17648,16823,BYD Atto 3,SUV,60.5,2023
17649,16823,Kia EV6,SUV,77.4,2023
17650,16824,MG ZS EV,SUV,50.3,2020
17651,16825,Hyundai Ioniq 5,SUV,72.6,2020
17652,16826,Tata Punch EV,Hatchback,35.0,2022
17653,16827,Mahindra BE 6,SUV,59.0,2021
17654,16828,BYD Atto 3,SUV,60.5,2022
17655,16829,Hyundai Ioniq 5,SUV,72.6,2021
17656,16830,Tata Punch EV,Hatchback,35.0,2023
17657,16831,Tata Punch EV,Hatchback,35.0,2022
17658,16832,Mahindra BE 6,SUV,59.0,2023
17659,16833,Tata Tiago EV,Hatchback,24.0,2021
17660,16834,Kia EV6,SUV,77.4,2021
17661,16835,Hyundai Ioniq 5,SUV,72.6,2024
17662,16835,Tata Nexon EV,SUV,30.2,2021
17663,16836,Mahindra XUV400,SUV,39.4,2022
17664,16837,Tata Punch EV,Hatchback,35.0,2020
17665,16838,Hyundai Ioniq 5,SUV,72.6,2025
17666,16839,BYD Atto 3,SUV,60.5,2020
17667,16840,Tata Punch EV,Hatchback,35.0,2024
17668,16841,Mahindra XUV400,SUV,39.4,2020
17669,16842,Hyundai Ioniq 5,SUV,72.6,2022
17670,16843,Tata Punch EV,Hatchback,35.0,2025
17671,16844,Hyundai Kona Electric,SUV,39.2,2024
17672,16845,Hyundai Kona Electric,SUV,39.2,2023
17673,16846,Hyundai Ioniq 5,SUV,72.6,2025
17674,16847,Mahindra BE 6,SUV,59.0,2022
17675,16848,Hyundai Ioniq 5,SUV,72.6,2025
17676,16849,Kia EV6,SUV,77.4,2022
17677,16850,Hyundai Kona Electric,SUV,39.2,2025
17678,16851,Hyundai Ioniq 5,SUV,72.6,2024
17679,16851,Tata Nexon EV,SUV,30.2,2025
17680,16852,Mahindra BE 6,SUV,59.0,2020
17681,16853,Mahindra BE 6,SUV,59.0,2024
17682,16854,MG ZS EV,SUV,50.3,2020
17683,16855,Mahindra BE 6,SUV,59.0,2024
17684,16856,Tata Tiago EV,Hatchback,24.0,2022
17685,16857,Tata Punch EV,Hatchback,35.0,2024
17686,16858,Tata Nexon EV,SUV,30.2,2025
17687,16859,Tata Punch EV,Hatchback,35.0,2025
17688,16860,Tata Nexon EV,SUV,30.2,2021
17689,16861,Tata Tiago EV,Hatchback,24.0,2023
17690,16862,Kia EV6,SUV,77.4,2020
17691,16863,Tata Tiago EV,Hatchback,24.0,2021
17692,16864,Mahindra XUV400,SUV,39.4,2023
17693,16865,Hyundai Ioniq 5,SUV,72.6,2024
17694,16866,Kia EV6,SUV,77.4,2025
17695,16867,Hyundai Ioniq 5,SUV,72.6,2025
17696,16868,BYD Atto 3,SUV,60.5,2025
17697,16869,BYD Atto 3,SUV,60.5,2023
17698,16870,Kia EV6,SUV,77.4,2025
17699,16871,Hyundai Kona Electric,SUV,39.2,2024
17700,16872,Mahindra XUV400,SUV,39.4,2020
17701,16873,Tata Tiago EV,Hatchback,24.0,2025
17702,16874,Tata Tiago EV,Hatchback,24.0,2020
17703,16875,Kia EV6,SUV,77.4,2025
17704,16876,Mahindra BE 6,SUV,59.0,2021
17705,16877,Tata Punch EV,Hatchback,35.0,2025
17706,16878,MG ZS EV,SUV,50.3,2020
17707,16879,Mahindra XUV400,SUV,39.4,2025
17708,16880,Tata Punch EV,Hatchback,35.0,2021
17709,16881,Tata Punch EV,Hatchback,35.0,2022
17710,16882,Mahindra BE 6,SUV,59.0,2024
17711,16883,MG ZS EV,SUV,50.3,2025
17712,16884,Kia EV6,SUV,77.4,2020
17713,16885,Hyundai Ioniq 5,SUV,72.6,2022
17714,16886,Tata Punch EV,Hatchback,35.0,2022
17715,16887,Kia EV6,SUV,77.4,2021
17716,16888,Hyundai Ioniq 5,SUV,72.6,2022
17717,16889,Kia EV6,SUV,77.4,2022
17718,16890,Mahindra BE 6,SUV,59.0,2025
17719,16891,Kia EV6,SUV,77.4,2024
17720,16892,Tata Punch EV,Hatchback,35.0,2021
17721,16893,Hyundai Ioniq 5,SUV,72.6,2022
17722,16893,Mahindra XUV400,SUV,39.4,2023
17723,16894,Tata Nexon EV,SUV,30.2,2022
17724,16895,Tata Nexon EV,SUV,30.2,2020
17725,16896,Tata Nexon EV,SUV,30.2,2025
17726,16897,Mahindra XUV400,SUV,39.4,2024
17727,16898,Tata Nexon EV,SUV,30.2,2020
17728,16899,Tata Tiago EV,Hatchback,24.0,2025
17729,16900,Hyundai Kona Electric,SUV,39.2,2023
17730,16901,Hyundai Ioniq 5,SUV,72.6,2021
17731,16902,MG ZS EV,SUV,50.3,2022
17732,16903,Tata Punch EV,Hatchback,35.0,2022
17733,16904,Tata Tiago EV,Hatchback,24.0,2023
17734,16905,Tata Tiago EV,Hatchback,24.0,2020
17735,16906,Tata Tiago EV,Hatchback,24.0,2021
17736,16907,BYD Atto 3,SUV,60.5,2025
17737,16907,Tata Tiago EV,Hatchback,24.0,2023
17738,16908,Tata Nexon EV,SUV,30.2,2023
17739,16909,Tata Tiago EV,Hatchback,24.0,2023
17740,16910,Tata Tiago EV,Hatchback,24.0,2025
17741,16911,Tata Tiago EV,Hatchback,24.0,2022
17742,16912,Mahindra BE 6,SUV,59.0,2024
17743,16913,Hyundai Kona Electric,SUV,39.2,2024
17744,16914,Tata Punch EV,Hatchback,35.0,2021
17745,16915,Hyundai Ioniq 5,SUV,72.6,2022
17746,16916,Tata Tiago EV,Hatchback,24.0,2023
17747,16917,MG ZS EV,SUV,50.3,2021
17748,16918,MG ZS EV,SUV,50.3,2022
17749,16919,BYD Atto 3,SUV,60.5,2022
17750,16920,Mahindra BE 6,SUV,59.0,2025
17751,16921,Hyundai Ioniq 5,SUV,72.6,2022
17752,16922,Kia EV6,SUV,77.4,2025
17753,16923,BYD Atto 3,SUV,60.5,2021
17754,16924,Kia EV6,SUV,77.4,2023
17755,16925,Tata Punch EV,Hatchback,35.0,2023
17756,16926,Mahindra XUV400,SUV,39.4,2024
17757,16927,Tata Tiago EV,Hatchback,24.0,2024
17758,16928,Hyundai Ioniq 5,SUV,72.6,2023
17759,16929,Tata Tiago EV,Hatchback,24.0,2022
17760,16930,Kia EV6,SUV,77.4,2020
17761,16931,Hyundai Kona Electric,SUV,39.2,2020
17762,16932,BYD Atto 3,SUV,60.5,2021
17763,16933,Tata Punch EV,Hatchback,35.0,2022
17764,16934,Tata Punch EV,Hatchback,35.0,2025
17765,16935,Hyundai Kona Electric,SUV,39.2,2022
17766,16936,Kia EV6,SUV,77.4,2025
17767,16937,Tata Nexon EV,SUV,30.2,2025
17768,16938,Hyundai Ioniq 5,SUV,72.6,2021
17769,16939,MG ZS EV,SUV,50.3,2020
17770,16939,Tata Tiago EV,Hatchback,24.0,2022
17771,16940,Hyundai Kona Electric,SUV,39.2,2022
17772,16941,Mahindra XUV400,SUV,39.4,2021
17773,16942,Mahindra XUV400,SUV,39.4,2024
17774,16943,Mahindra XUV400,SUV,39.4,2022
17775,16944,MG ZS EV,SUV,50.3,2024
17776,16945,Hyundai Ioniq 5,SUV,72.6,2023
17777,16946,Tata Tiago EV,Hatchback,24.0,2025
17778,16947,BYD Atto 3,SUV,60.5,2020
17779,16948,Mahindra BE 6,SUV,59.0,2023
17780,16949,Mahindra BE 6,SUV,59.0,2022
17781,16950,Mahindra BE 6,SUV,59.0,2021
17782,16951,Hyundai Ioniq 5,SUV,72.6,2023
17783,16952,Kia EV6,SUV,77.4,2025
17784,16952,Tata Nexon EV,SUV,30.2,2024
17785,16953,Hyundai Ioniq 5,SUV,72.6,2020
17786,16954,Hyundai Kona Electric,SUV,39.2,2021
17787,16955,Hyundai Kona Electric,SUV,39.2,2020
17788,16955,BYD Atto 3,SUV,60.5,2020
17789,16956,Hyundai Ioniq 5,SUV,72.6,2024
17790,16957,Tata Tiago EV,Hatchback,24.0,2020
17791,16958,Tata Nexon EV,SUV,30.2,2020
17792,16959,Tata Tiago EV,Hatchback,24.0,2022
17793,16960,Mahindra XUV400,SUV,39.4,2022
17794,16961,Mahindra XUV400,SUV,39.4,2024
17795,16962,Tata Punch EV,Hatchback,35.0,2021
17796,16963,Mahindra BE 6,SUV,59.0,2021
17797,16963,Mahindra BE 6,SUV,59.0,2020
17798,16964,Mahindra BE 6,SUV,59.0,2021
17799,16965,Kia EV6,SUV,77.4,2025
17800,16966,Kia EV6,SUV,77.4,2023
17801,16967,MG ZS EV,SUV,50.3,2022
17802,16968,MG ZS EV,SUV,50.3,2021
17803,16969,MG ZS EV,SUV,50.3,2022
17804,16970,Kia EV6,SUV,77.4,2023
17805,16971,MG ZS EV,SUV,50.3,2021
17806,16972,Mahindra XUV400,SUV,39.4,2021
17807,16973,Tata Tiago EV,Hatchback,24.0,2021
17808,16974,Tata Punch EV,Hatchback,35.0,2024
17809,16975,Mahindra XUV400,SUV,39.4,2023
17810,16976,Tata Punch EV,Hatchback,35.0,2020
17811,16977,Tata Tiago EV,Hatchback,24.0,2023
17812,16978,Hyundai Ioniq 5,SUV,72.6,2025
17813,16979,BYD Atto 3,SUV,60.5,2025
17814,16980,Tata Nexon EV,SUV,30.2,2022
17815,16981,Hyundai Ioniq 5,SUV,72.6,2023
17816,16982,Tata Tiago EV,Hatchback,24.0,2025
17817,16983,MG ZS EV,SUV,50.3,2024
17818,16984,MG ZS EV,SUV,50.3,2024
17819,16985,Hyundai Ioniq 5,SUV,72.6,2025
17820,16986,MG ZS EV,SUV,50.3,2024
17821,16987,Tata Nexon EV,SUV,30.2,2021
17822,16988,Mahindra XUV400,SUV,39.4,2024
17823,16989,Hyundai Ioniq 5,SUV,72.6,2025
17824,16990,BYD Atto 3,SUV,60.5,2024
17825,16991,Mahindra BE 6,SUV,59.0,2023
17826,16992,BYD Atto 3,SUV,60.5,2025
17827,16993,Tata Punch EV,Hatchback,35.0,2025
17828,16993,MG ZS EV,SUV,50.3,2022
17829,16994,Tata Punch EV,Hatchback,35.0,2022
17830,16995,Mahindra XUV400,SUV,39.4,2021
17831,16996,Hyundai Kona Electric,SUV,39.2,2022
17832,16997,Tata Tiago EV,Hatchback,24.0,2021
17833,16998,Tata Punch EV,Hatchback,35.0,2023
17834,16999,MG ZS EV,SUV,50.3,2024
17835,17000,BYD Atto 3,SUV,60.5,2022
17836,17001,MG ZS EV,SUV,50.3,2022
17837,17002,MG ZS EV,SUV,50.3,2021
17838,17003,Tata Punch EV,Hatchback,35.0,2020
17839,17004,MG ZS EV,SUV,50.3,2021
17840,17005,Mahindra XUV400,SUV,39.4,2022
17841,17006,Kia EV6,SUV,77.4,2025
17842,17007,Kia EV6,SUV,77.4,2024
17843,17008,Tata Punch EV,Hatchback,35.0,2025
17844,17009,Tata Nexon EV,SUV,30.2,2024
17845,17010,Hyundai Kona Electric,SUV,39.2,2022
17846,17011,Kia EV6,SUV,77.4,2022
17847,17012,Mahindra XUV400,SUV,39.4,2020
17848,17013,Kia EV6,SUV,77.4,2022
17849,17014,MG ZS EV,SUV,50.3,2023
17850,17015,Hyundai Ioniq 5,SUV,72.6,2024
17851,17016,Mahindra BE 6,SUV,59.0,2020
17852,17017,Tata Tiago EV,Hatchback,24.0,2024
17853,17018,Tata Punch EV,Hatchback,35.0,2021
17854,17019,Tata Tiago EV,Hatchback,24.0,2022
17855,17020,Hyundai Ioniq 5,SUV,72.6,2020
17856,17021,Hyundai Kona Electric,SUV,39.2,2025
17857,17022,Hyundai Kona Electric,SUV,39.2,2024
17858,17023,Hyundai Ioniq 5,SUV,72.6,2023
17859,17024,MG ZS EV,SUV,50.3,2023
17860,17025,Kia EV6,SUV,77.4,2020
17861,17026,Tata Punch EV,Hatchback,35.0,2022
17862,17027,Tata Punch EV,Hatchback,35.0,2024
17863,17028,Hyundai Ioniq 5,SUV,72.6,2022
17864,17029,MG ZS EV,SUV,50.3,2021
17865,17030,Hyundai Ioniq 5,SUV,72.6,2020
17866,17031,Hyundai Ioniq 5,SUV,72.6,2022
17867,17031,MG ZS EV,SUV,50.3,2023
17868,17032,Tata Nexon EV,SUV,30.2,2020
17869,17033,BYD Atto 3,SUV,60.5,2024
17870,17034,Tata Tiago EV,Hatchback,24.0,2022
17871,17035,Tata Nexon EV,SUV,30.2,2022
17872,17036,Tata Punch EV,Hatchback,35.0,2025
17873,17037,Tata Punch EV,Hatchback,35.0,2022
17874,17038,Mahindra XUV400,SUV,39.4,2024
17875,17039,Hyundai Kona Electric,SUV,39.2,2024
17876,17040,BYD Atto 3,SUV,60.5,2025
17877,17041,Hyundai Ioniq 5,SUV,72.6,2023
17878,17042,Kia EV6,SUV,77.4,2020
17879,17043,Hyundai Kona Electric,SUV,39.2,2025
17880,17044,Mahindra BE 6,SUV,59.0,2021
17881,17045,MG ZS EV,SUV,50.3,2020
17882,17046,MG ZS EV,SUV,50.3,2021
17883,17047,Kia EV6,SUV,77.4,2021
17884,17048,BYD Atto 3,SUV,60.5,2020
17885,17049,Tata Punch EV,Hatchback,35.0,2024
17886,17050,Mahindra BE 6,SUV,59.0,2020
17887,17051,Tata Punch EV,Hatchback,35.0,2025
17888,17052,Hyundai Kona Electric,SUV,39.2,2024
17889,17053,Tata Nexon EV,SUV,30.2,2022
17890,17054,Tata Nexon EV,SUV,30.2,2023
17891,17055,Mahindra XUV400,SUV,39.4,2020
17892,17056,Tata Nexon EV,SUV,30.2,2020
17893,17057,Mahindra XUV400,SUV,39.4,2021
17894,17058,Tata Punch EV,Hatchback,35.0,2020
17895,17059,Tata Punch EV,Hatchback,35.0,2020
17896,17060,Tata Punch EV,Hatchback,35.0,2021
17897,17061,Tata Punch EV,Hatchback,35.0,2020
17898,17062,Hyundai Ioniq 5,SUV,72.6,2020
17899,17063,Mahindra XUV400,SUV,39.4,2023
17900,17064,Mahindra XUV400,SUV,39.4,2021
17901,17065,Kia EV6,SUV,77.4,2024
17902,17066,Mahindra BE 6,SUV,59.0,2023
17903,17067,MG ZS EV,SUV,50.3,2022
17904,17068,Tata Tiago EV,Hatchback,24.0,2025
17905,17069,Hyundai Ioniq 5,SUV,72.6,2023
17906,17070,Mahindra XUV400,SUV,39.4,2023
17907,17071,Kia EV6,SUV,77.4,2022
17908,17072,Mahindra XUV400,SUV,39.4,2022
17909,17073,Tata Nexon EV,SUV,30.2,2022
17910,17074,Tata Punch EV,Hatchback,35.0,2023
17911,17075,Mahindra BE 6,SUV,59.0,2022
17912,17076,MG ZS EV,SUV,50.3,2022
17913,17077,Kia EV6,SUV,77.4,2024
17914,17078,Tata Tiago EV,Hatchback,24.0,2025
17915,17079,BYD Atto 3,SUV,60.5,2022
17916,17080,Tata Nexon EV,SUV,30.2,2020
17917,17081,Tata Punch EV,Hatchback,35.0,2020
17918,17082,Mahindra BE 6,SUV,59.0,2022
17919,17082,Hyundai Kona Electric,SUV,39.2,2023
17920,17083,Tata Nexon EV,SUV,30.2,2021
17921,17084,Mahindra XUV400,SUV,39.4,2020
17922,17085,Tata Nexon EV,SUV,30.2,2024
17923,17086,Hyundai Ioniq 5,SUV,72.6,2023
17924,17087,Mahindra XUV400,SUV,39.4,2024
17925,17088,Tata Punch EV,Hatchback,35.0,2024
17926,17089,Mahindra BE 6,SUV,59.0,2023
17927,17090,Hyundai Kona Electric,SUV,39.2,2023
17928,17091,MG ZS EV,SUV,50.3,2021
17929,17092,Kia EV6,SUV,77.4,2023
17930,17093,Tata Nexon EV,SUV,30.2,2022
17931,17094,Tata Punch EV,Hatchback,35.0,2020
17932,17095,Tata Nexon EV,SUV,30.2,2024
17933,17096,Tata Nexon EV,SUV,30.2,2021
17934,17097,BYD Atto 3,SUV,60.5,2021
17935,17098,Hyundai Kona Electric,SUV,39.2,2024
17936,17099,Hyundai Kona Electric,SUV,39.2,2022
17937,17100,Tata Punch EV,Hatchback,35.0,2021
17938,17101,Mahindra BE 6,SUV,59.0,2024
17939,17102,Tata Nexon EV,SUV,30.2,2022
17940,17103,Tata Punch EV,Hatchback,35.0,2025
17941,17104,Mahindra XUV400,SUV,39.4,2021
17942,17104,Kia EV6,SUV,77.4,2024
17943,17105,Tata Tiago EV,Hatchback,24.0,2025
17944,17106,Hyundai Kona Electric,SUV,39.2,2022
17945,17107,Tata Tiago EV,Hatchback,24.0,2021
17946,17108,Tata Nexon EV,SUV,30.2,2024
17947,17109,Kia EV6,SUV,77.4,2020
17948,17110,Hyundai Kona Electric,SUV,39.2,2024
17949,17111,Tata Nexon EV,SUV,30.2,2020
17950,17112,Mahindra BE 6,SUV,59.0,2021
17951,17113,Hyundai Kona Electric,SUV,39.2,2020
17952,17114,MG ZS EV,SUV,50.3,2022
17953,17115,Tata Nexon EV,SUV,30.2,2023
17954,17116,Kia EV6,SUV,77.4,2022
17955,17117,Mahindra BE 6,SUV,59.0,2022
17956,17118,BYD Atto 3,SUV,60.5,2023
17957,17118,Mahindra BE 6,SUV,59.0,2025
17958,17119,MG ZS EV,SUV,50.3,2020
17959,17120,Tata Tiago EV,Hatchback,24.0,2021
17960,17121,Tata Tiago EV,Hatchback,24.0,2025
17961,17122,Tata Punch EV,Hatchback,35.0,2024
17962,17123,MG ZS EV,SUV,50.3,2020
17963,17123,Hyundai Ioniq 5,SUV,72.6,2024
17964,17124,MG ZS EV,SUV,50.3,2022
17965,17125,Kia EV6,SUV,77.4,2021
17966,17126,Hyundai Ioniq 5,SUV,72.6,2020
17967,17127,Hyundai Kona Electric,SUV,39.2,2025
17968,17128,Tata Nexon EV,SUV,30.2,2025
17969,17129,Hyundai Ioniq 5,SUV,72.6,2025
17970,17130,Tata Nexon EV,SUV,30.2,2025
17971,17131,MG ZS EV,SUV,50.3,2021
17972,17132,Tata Tiago EV,Hatchback,24.0,2021
17973,17133,Tata Nexon EV,SUV,30.2,2025
17974,17134,BYD Atto 3,SUV,60.5,2023
17975,17135,Kia EV6,SUV,77.4,2023
17976,17136,Kia EV6,SUV,77.4,2020
17977,17137,Hyundai Ioniq 5,SUV,72.6,2020
17978,17137,Hyundai Kona Electric,SUV,39.2,2022
17979,17138,Hyundai Ioniq 5,SUV,72.6,2023
17980,17139,MG ZS EV,SUV,50.3,2025
17981,17139,Tata Nexon EV,SUV,30.2,2025
17982,17140,Tata Punch EV,Hatchback,35.0,2024
17983,17141,Hyundai Kona Electric,SUV,39.2,2024
17984,17142,Hyundai Kona Electric,SUV,39.2,2024
17985,17143,MG ZS EV,SUV,50.3,2022
17986,17144,Kia EV6,SUV,77.4,2024
17987,17145,BYD Atto 3,SUV,60.5,2023
17988,17146,Mahindra XUV400,SUV,39.4,2021
17989,17147,Hyundai Ioniq 5,SUV,72.6,2025
17990,17148,Kia EV6,SUV,77.4,2022
17991,17149,Hyundai Kona Electric,SUV,39.2,2024
17992,17150,Kia EV6,SUV,77.4,2024
17993,17151,Hyundai Ioniq 5,SUV,72.6,2024
17994,17152,Tata Tiago EV,Hatchback,24.0,2022
17995,17153,Tata Punch EV,Hatchback,35.0,2021
17996,17154,Mahindra BE 6,SUV,59.0,2024
17997,17155,Mahindra BE 6,SUV,59.0,2020
17998,17155,Mahindra XUV400,SUV,39.4,2025
17999,17156,BYD Atto 3,SUV,60.5,2023
18000,17157,Kia EV6,SUV,77.4,2025
18001,17158,Tata Tiago EV,Hatchback,24.0,2023
18002,17159,Mahindra XUV400,SUV,39.4,2024
18003,17160,Hyundai Ioniq 5,SUV,72.6,2024
18004,17161,Hyundai Kona Electric,SUV,39.2,2020
18005,17162,Hyundai Ioniq 5,SUV,72.6,2022
18006,17163,Mahindra XUV400,SUV,39.4,2023
18007,17164,Kia EV6,SUV,77.4,2020
18008,17165,Tata Tiago EV,Hatchback,24.0,2025
18009,17166,BYD Atto 3,SUV,60.5,2020
18010,17167,Kia EV6,SUV,77.4,2020
18011,17168,Tata Punch EV,Hatchback,35.0,2022
18012,17169,MG ZS EV,SUV,50.3,2020
18013,17170,Kia EV6,SUV,77.4,2021
18014,17171,Mahindra BE 6,SUV,59.0,2023
18015,17172,Kia EV6,SUV,77.4,2024
18016,17173,MG ZS EV,SUV,50.3,2021
18017,17174,Hyundai Ioniq 5,SUV,72.6,2025
18018,17175,Hyundai Ioniq 5,SUV,72.6,2025
18019,17175,Tata Punch EV,Hatchback,35.0,2021
18020,17176,Mahindra BE 6,SUV,59.0,2024
18021,17177,Hyundai Kona Electric,SUV,39.2,2020
18022,17178,Tata Tiago EV,Hatchback,24.0,2021
18023,17178,Mahindra XUV400,SUV,39.4,2024
18024,17179,Hyundai Kona Electric,SUV,39.2,2021
18025,17180,Tata Punch EV,Hatchback,35.0,2023
18026,17181,Hyundai Kona Electric,SUV,39.2,2021
18027,17181,Mahindra XUV400,SUV,39.4,2025
18028,17182,Tata Punch EV,Hatchback,35.0,2025
18029,17183,Mahindra BE 6,SUV,59.0,2024
18030,17184,Hyundai Kona Electric,SUV,39.2,2021
18031,17185,Tata Punch EV,Hatchback,35.0,2020
18032,17186,Hyundai Ioniq 5,SUV,72.6,2022
18033,17187,Tata Tiago EV,Hatchback,24.0,2022
18034,17188,Tata Punch EV,Hatchback,35.0,2022
18035,17189,Tata Punch EV,Hatchback,35.0,2025
18036,17190,Tata Nexon EV,SUV,30.2,2022
18037,17191,Tata Nexon EV,SUV,30.2,2024
18038,17192,BYD Atto 3,SUV,60.5,2023
18039,17193,Hyundai Kona Electric,SUV,39.2,2025
18040,17194,Mahindra BE 6,SUV,59.0,2024
18041,17195,Kia EV6,SUV,77.4,2020
18042,17196,Hyundai Kona Electric,SUV,39.2,2025
18043,17197,BYD Atto 3,SUV,60.5,2021
18044,17198,Hyundai Ioniq 5,SUV,72.6,2024
18045,17199,BYD Atto 3,SUV,60.5,2025
18046,17200,Mahindra XUV400,SUV,39.4,2022
18047,17201,Tata Tiago EV,Hatchback,24.0,2022
18048,17202,Tata Tiago EV,Hatchback,24.0,2021
18049,17203,Hyundai Ioniq 5,SUV,72.6,2020
18050,17204,Tata Nexon EV,SUV,30.2,2023
18051,17205,Kia EV6,SUV,77.4,2023
18052,17206,Tata Punch EV,Hatchback,35.0,2025
18053,17207,Tata Nexon EV,SUV,30.2,2021
18054,17208,MG ZS EV,SUV,50.3,2021
18055,17209,BYD Atto 3,SUV,60.5,2023
18056,17210,Mahindra BE 6,SUV,59.0,2023
18057,17211,BYD Atto 3,SUV,60.5,2025
18058,17212,MG ZS EV,SUV,50.3,2022
18059,17213,Mahindra BE 6,SUV,59.0,2025
18060,17214,Hyundai Ioniq 5,SUV,72.6,2023
18061,17215,Tata Nexon EV,SUV,30.2,2020
18062,17216,Hyundai Ioniq 5,SUV,72.6,2024
18063,17217,Hyundai Ioniq 5,SUV,72.6,2023
18064,17218,Tata Nexon EV,SUV,30.2,2023
18065,17219,BYD Atto 3,SUV,60.5,2023
18066,17220,BYD Atto 3,SUV,60.5,2025
18067,17221,Hyundai Ioniq 5,SUV,72.6,2023
18068,17222,Tata Punch EV,Hatchback,35.0,2021
18069,17223,Hyundai Ioniq 5,SUV,72.6,2020
18070,17224,Hyundai Kona Electric,SUV,39.2,2024
18071,17225,Tata Tiago EV,Hatchback,24.0,2023
18072,17226,Tata Punch EV,Hatchback,35.0,2022
18073,17227,Tata Punch EV,Hatchback,35.0,2021
18074,17228,Tata Nexon EV,SUV,30.2,2024
18075,17229,Hyundai Kona Electric,SUV,39.2,2020
18076,17230,Tata Punch EV,Hatchback,35.0,2024
18077,17231,Hyundai Ioniq 5,SUV,72.6,2024
18078,17231,Tata Punch EV,Hatchback,35.0,2021
18079,17232,Kia EV6,SUV,77.4,2023
18080,17233,BYD Atto 3,SUV,60.5,2023
18081,17234,Mahindra XUV400,SUV,39.4,2022
18082,17235,Kia EV6,SUV,77.4,2021
18083,17236,Mahindra XUV400,SUV,39.4,2020
18084,17237,Kia EV6,SUV,77.4,2023
18085,17238,Mahindra XUV400,SUV,39.4,2024
18086,17239,Tata Tiago EV,Hatchback,24.0,2021
18087,17240,MG ZS EV,SUV,50.3,2025
18088,17240,Hyundai Kona Electric,SUV,39.2,2024
18089,17241,BYD Atto 3,SUV,60.5,2020
18090,17242,Mahindra XUV400,SUV,39.4,2024
18091,17243,Hyundai Kona Electric,SUV,39.2,2022
18092,17244,MG ZS EV,SUV,50.3,2021
18093,17245,Tata Punch EV,Hatchback,35.0,2023
18094,17246,Tata Nexon EV,SUV,30.2,2022
18095,17247,Hyundai Ioniq 5,SUV,72.6,2022
18096,17248,Mahindra XUV400,SUV,39.4,2025
18097,17249,Mahindra BE 6,SUV,59.0,2025
18098,17250,Mahindra BE 6,SUV,59.0,2023
18099,17251,Mahindra BE 6,SUV,59.0,2021
18100,17252,BYD Atto 3,SUV,60.5,2024
18101,17253,Tata Tiago EV,Hatchback,24.0,2023
18102,17254,Tata Nexon EV,SUV,30.2,2024
18103,17255,Hyundai Kona Electric,SUV,39.2,2023
18104,17256,Tata Punch EV,Hatchback,35.0,2020
18105,17257,BYD Atto 3,SUV,60.5,2025
18106,17258,Tata Punch EV,Hatchback,35.0,2021
18107,17259,MG ZS EV,SUV,50.3,2024
18108,17260,Kia EV6,SUV,77.4,2021
18109,17261,Kia EV6,SUV,77.4,2022
18110,17262,BYD Atto 3,SUV,60.5,2023
18111,17263,Tata Tiago EV,Hatchback,24.0,2021
18112,17264,Hyundai Ioniq 5,SUV,72.6,2020
18113,17265,Tata Punch EV,Hatchback,35.0,2025
18114,17266,Hyundai Ioniq 5,SUV,72.6,2023
18115,17267,Hyundai Kona Electric,SUV,39.2,2022
18116,17268,Hyundai Kona Electric,SUV,39.2,2021
18117,17269,Mahindra XUV400,SUV,39.4,2025
18118,17270,Tata Tiago EV,Hatchback,24.0,2023
18119,17271,Tata Punch EV,Hatchback,35.0,2025
18120,17272,BYD Atto 3,SUV,60.5,2023
18121,17273,BYD Atto 3,SUV,60.5,2025
18122,17274,Mahindra BE 6,SUV,59.0,2023
18123,17275,Mahindra XUV400,SUV,39.4,2025
18124,17276,Tata Tiago EV,Hatchback,24.0,2022
18125,17277,Tata Nexon EV,SUV,30.2,2023
18126,17278,Tata Punch EV,Hatchback,35.0,2021
18127,17279,Mahindra XUV400,SUV,39.4,2021
18128,17280,Mahindra XUV400,SUV,39.4,2023
18129,17281,Mahindra XUV400,SUV,39.4,2022
18130,17282,Mahindra BE 6,SUV,59.0,2022
18131,17283,Hyundai Kona Electric,SUV,39.2,2023
18132,17284,BYD Atto 3,SUV,60.5,2023
18133,17285,MG ZS EV,SUV,50.3,2025
18134,17286,Kia EV6,SUV,77.4,2023
18135,17287,Tata Tiago EV,Hatchback,24.0,2024
18136,17287,Mahindra XUV400,SUV,39.4,2025
18137,17288,Hyundai Ioniq 5,SUV,72.6,2025
18138,17289,Mahindra XUV400,SUV,39.4,2024
18139,17290,Tata Punch EV,Hatchback,35.0,2023
18140,17291,Mahindra BE 6,SUV,59.0,2024
18141,17292,Tata Nexon EV,SUV,30.2,2025
18142,17293,MG ZS EV,SUV,50.3,2024
18143,17293,Kia EV6,SUV,77.4,2020
18144,17294,Tata Nexon EV,SUV,30.2,2024
18145,17295,Hyundai Ioniq 5,SUV,72.6,2022
18146,17296,Kia EV6,SUV,77.4,2021
18147,17297,Hyundai Ioniq 5,SUV,72.6,2021
18148,17297,Kia EV6,SUV,77.4,2025
18149,17298,Mahindra BE 6,SUV,59.0,2022
18150,17299,Hyundai Kona Electric,SUV,39.2,2022
18151,17300,Hyundai Ioniq 5,SUV,72.6,2021
18152,17301,MG ZS EV,SUV,50.3,2024
18153,17302,Tata Punch EV,Hatchback,35.0,2023
18154,17303,Mahindra XUV400,SUV,39.4,2025
18155,17304,Tata Punch EV,Hatchback,35.0,2025
18156,17305,Hyundai Kona Electric,SUV,39.2,2025
18157,17306,Mahindra XUV400,SUV,39.4,2024
18158,17307,Hyundai Kona Electric,SUV,39.2,2022
18159,17308,Tata Nexon EV,SUV,30.2,2025
18160,17309,Hyundai Ioniq 5,SUV,72.6,2024
18161,17310,MG ZS EV,SUV,50.3,2024
18162,17311,Tata Tiago EV,Hatchback,24.0,2025
18163,17312,MG ZS EV,SUV,50.3,2020
18164,17313,MG ZS EV,SUV,50.3,2025
18165,17314,Mahindra XUV400,SUV,39.4,2023
18166,17315,Mahindra BE 6,SUV,59.0,2022
18167,17316,Mahindra BE 6,SUV,59.0,2020
18168,17317,Mahindra BE 6,SUV,59.0,2022
18169,17318,Tata Punch EV,Hatchback,35.0,2022
18170,17319,Tata Punch EV,Hatchback,35.0,2022
18171,17320,Kia EV6,SUV,77.4,2020
18172,17321,Tata Punch EV,Hatchback,35.0,2022
18173,17322,MG ZS EV,SUV,50.3,2024
18174,17323,Mahindra XUV400,SUV,39.4,2023
18175,17324,Hyundai Kona Electric,SUV,39.2,2021
18176,17325,Kia EV6,SUV,77.4,2022
18177,17326,Tata Punch EV,Hatchback,35.0,2025
18178,17327,Mahindra BE 6,SUV,59.0,2020
18179,17328,Tata Punch EV,Hatchback,35.0,2023
18180,17329,MG ZS EV,SUV,50.3,2023
18181,17330,Kia EV6,SUV,77.4,2025
18182,17331,BYD Atto 3,SUV,60.5,2020
18183,17332,Tata Tiago EV,Hatchback,24.0,2023
18184,17333,Hyundai Kona Electric,SUV,39.2,2021
18185,17334,Kia EV6,SUV,77.4,2023
18186,17335,Mahindra BE 6,SUV,59.0,2021
18187,17336,Tata Tiago EV,Hatchback,24.0,2022
18188,17337,Tata Punch EV,Hatchback,35.0,2025
18189,17338,Mahindra XUV400,SUV,39.4,2021
18190,17339,Tata Nexon EV,SUV,30.2,2022
18191,17340,Hyundai Kona Electric,SUV,39.2,2025
18192,17340,MG ZS EV,SUV,50.3,2025
18193,17341,Tata Punch EV,Hatchback,35.0,2021
18194,17342,Tata Tiago EV,Hatchback,24.0,2024
18195,17343,Mahindra BE 6,SUV,59.0,2024
18196,17344,Hyundai Kona Electric,SUV,39.2,2024
18197,17345,Mahindra BE 6,SUV,59.0,2021
18198,17346,Kia EV6,SUV,77.4,2023
18199,17347,Hyundai Ioniq 5,SUV,72.6,2020
18200,17348,Hyundai Kona Electric,SUV,39.2,2020
18201,17349,Tata Nexon EV,SUV,30.2,2020
18202,17350,BYD Atto 3,SUV,60.5,2020
18203,17351,MG ZS EV,SUV,50.3,2023
18204,17352,BYD Atto 3,SUV,60.5,2022
18205,17353,BYD Atto 3,SUV,60.5,2024
18206,17354,Tata Nexon EV,SUV,30.2,2023
18207,17355,Tata Tiago EV,Hatchback,24.0,2020
18208,17356,Tata Punch EV,Hatchback,35.0,2022
18209,17357,Hyundai Kona Electric,SUV,39.2,2023
18210,17358,Hyundai Ioniq 5,SUV,72.6,2025
18211,17359,Hyundai Kona Electric,SUV,39.2,2021
18212,17360,MG ZS EV,SUV,50.3,2023
18213,17361,Mahindra XUV400,SUV,39.4,2021
18214,17362,MG ZS EV,SUV,50.3,2021
18215,17363,MG ZS EV,SUV,50.3,2021
18216,17364,BYD Atto 3,SUV,60.5,2023
18217,17365,Mahindra XUV400,SUV,39.4,2025
18218,17366,Hyundai Kona Electric,SUV,39.2,2023
18219,17367,Mahindra XUV400,SUV,39.4,2021
18220,17368,Mahindra BE 6,SUV,59.0,2020
18221,17369,Tata Tiago EV,Hatchback,24.0,2023
18222,17370,Mahindra BE 6,SUV,59.0,2023
18223,17371,Kia EV6,SUV,77.4,2025
18224,17372,Mahindra BE 6,SUV,59.0,2023
18225,17373,Mahindra BE 6,SUV,59.0,2020
18226,17374,MG ZS EV,SUV,50.3,2022
18227,17375,Tata Nexon EV,SUV,30.2,2022
18228,17376,MG ZS EV,SUV,50.3,2022
18229,17377,Hyundai Kona Electric,SUV,39.2,2025
18230,17378,MG ZS EV,SUV,50.3,2024
18231,17379,Hyundai Ioniq 5,SUV,72.6,2024
18232,17380,Hyundai Ioniq 5,SUV,72.6,2020
18233,17381,Tata Tiago EV,Hatchback,24.0,2020
18234,17382,Tata Punch EV,Hatchback,35.0,2022
18235,17383,Mahindra XUV400,SUV,39.4,2021
18236,17384,MG ZS EV,SUV,50.3,2022
18237,17385,Tata Nexon EV,SUV,30.2,2025
18238,17386,BYD Atto 3,SUV,60.5,2023
18239,17387,MG ZS EV,SUV,50.3,2020
18240,17388,Tata Nexon EV,SUV,30.2,2024
18241,17389,BYD Atto 3,SUV,60.5,2021
18242,17390,Tata Nexon EV,SUV,30.2,2025
18243,17391,Mahindra BE 6,SUV,59.0,2024
18244,17392,Tata Punch EV,Hatchback,35.0,2024
18245,17393,Kia EV6,SUV,77.4,2023
18246,17394,Kia EV6,SUV,77.4,2025
18247,17395,Tata Nexon EV,SUV,30.2,2024
18248,17396,Mahindra XUV400,SUV,39.4,2025
18249,17397,Tata Punch EV,Hatchback,35.0,2020
18250,17398,Mahindra XUV400,SUV,39.4,2021
18251,17399,BYD Atto 3,SUV,60.5,2024
18252,17400,Hyundai Ioniq 5,SUV,72.6,2023
18253,17401,Mahindra BE 6,SUV,59.0,2025
18254,17402,Tata Nexon EV,SUV,30.2,2021
18255,17403,Tata Punch EV,Hatchback,35.0,2023
18256,17404,Mahindra XUV400,SUV,39.4,2023
18257,17405,MG ZS EV,SUV,50.3,2020
18258,17406,Hyundai Kona Electric,SUV,39.2,2022
18259,17407,Tata Punch EV,Hatchback,35.0,2023
18260,17408,Hyundai Kona Electric,SUV,39.2,2022
18261,17409,MG ZS EV,SUV,50.3,2024
18262,17410,BYD Atto 3,SUV,60.5,2022
18263,17411,BYD Atto 3,SUV,60.5,2023
18264,17412,Kia EV6,SUV,77.4,2024
18265,17413,Mahindra BE 6,SUV,59.0,2023
18266,17414,Hyundai Ioniq 5,SUV,72.6,2025
18267,17415,BYD Atto 3,SUV,60.5,2025
18268,17416,Hyundai Ioniq 5,SUV,72.6,2025
18269,17417,Hyundai Ioniq 5,SUV,72.6,2020
18270,17418,Mahindra BE 6,SUV,59.0,2025
18271,17419,Mahindra XUV400,SUV,39.4,2021
18272,17420,Mahindra XUV400,SUV,39.4,2025
18273,17421,Mahindra XUV400,SUV,39.4,2022
18274,17422,Tata Nexon EV,SUV,30.2,2025
18275,17422,Hyundai Ioniq 5,SUV,72.6,2022
18276,17423,BYD Atto 3,SUV,60.5,2025
18277,17424,Mahindra XUV400,SUV,39.4,2022
18278,17425,Hyundai Kona Electric,SUV,39.2,2023
18279,17426,Kia EV6,SUV,77.4,2023
18280,17427,Mahindra XUV400,SUV,39.4,2020
18281,17428,Tata Nexon EV,SUV,30.2,2021
18282,17429,Tata Punch EV,Hatchback,35.0,2023
18283,17430,Tata Tiago EV,Hatchback,24.0,2024
18284,17431,Tata Nexon EV,SUV,30.2,2025
18285,17432,Tata Tiago EV,Hatchback,24.0,2022
18286,17432,Kia EV6,SUV,77.4,2024
18287,17433,MG ZS EV,SUV,50.3,2024
18288,17434,Tata Punch EV,Hatchback,35.0,2020
18289,17435,Tata Punch EV,Hatchback,35.0,2021
18290,17436,Mahindra XUV400,SUV,39.4,2022
18291,17437,BYD Atto 3,SUV,60.5,2021
18292,17438,BYD Atto 3,SUV,60.5,2022
18293,17439,Mahindra BE 6,SUV,59.0,2024
18294,17440,Hyundai Kona Electric,SUV,39.2,2021
18295,17441,BYD Atto 3,SUV,60.5,2023
18296,17442,Tata Tiago EV,Hatchback,24.0,2024
18297,17443,Tata Tiago EV,Hatchback,24.0,2020
18298,17444,Tata Nexon EV,SUV,30.2,2020
18299,17445,Hyundai Ioniq 5,SUV,72.6,2025
18300,17446,Tata Punch EV,Hatchback,35.0,2022
18301,17447,Tata Punch EV,Hatchback,35.0,2022
18302,17448,Kia EV6,SUV,77.4,2024
18303,17449,MG ZS EV,SUV,50.3,2024
18304,17450,Tata Nexon EV,SUV,30.2,2023
18305,17451,Hyundai Ioniq 5,SUV,72.6,2024
18306,17452,Tata Punch EV,Hatchback,35.0,2023
18307,17453,Tata Punch EV,Hatchback,35.0,2025
18308,17454,Tata Tiago EV,Hatchback,24.0,2022
18309,17455,BYD Atto 3,SUV,60.5,2021
18310,17456,Mahindra BE 6,SUV,59.0,2021
18311,17457,Hyundai Ioniq 5,SUV,72.6,2024
18312,17458,Tata Punch EV,Hatchback,35.0,2022
18313,17459,BYD Atto 3,SUV,60.5,2020
18314,17460,Mahindra BE 6,SUV,59.0,2024
18315,17461,Mahindra XUV400,SUV,39.4,2023
18316,17461,Hyundai Kona Electric,SUV,39.2,2022
18317,17462,Hyundai Kona Electric,SUV,39.2,2023
18318,17463,Mahindra XUV400,SUV,39.4,2021
18319,17464,Tata Punch EV,Hatchback,35.0,2025
18320,17465,Hyundai Ioniq 5,SUV,72.6,2020
18321,17466,Tata Nexon EV,SUV,30.2,2022
18322,17467,MG ZS EV,SUV,50.3,2022
18323,17468,Tata Tiago EV,Hatchback,24.0,2022
18324,17469,Mahindra BE 6,SUV,59.0,2020
18325,17470,Tata Punch EV,Hatchback,35.0,2025
18326,17471,Mahindra XUV400,SUV,39.4,2024
18327,17472,Tata Nexon EV,SUV,30.2,2023
18328,17473,Mahindra BE 6,SUV,59.0,2021
18329,17474,Hyundai Ioniq 5,SUV,72.6,2024
18330,17475,Kia EV6,SUV,77.4,2020
18331,17476,Mahindra XUV400,SUV,39.4,2023
18332,17476,Mahindra XUV400,SUV,39.4,2025
18333,17477,Mahindra BE 6,SUV,59.0,2024
18334,17478,MG ZS EV,SUV,50.3,2022
18335,17479,Tata Tiago EV,Hatchback,24.0,2020
18336,17480,Tata Nexon EV,SUV,30.2,2023
18337,17480,Tata Punch EV,Hatchback,35.0,2025
18338,17481,MG ZS EV,SUV,50.3,2020
18339,17482,Kia EV6,SUV,77.4,2020
18340,17483,Tata Nexon EV,SUV,30.2,2022
18341,17484,Hyundai Ioniq 5,SUV,72.6,2021
18342,17485,Mahindra BE 6,SUV,59.0,2023
18343,17486,Kia EV6,SUV,77.4,2023
18344,17486,Tata Punch EV,Hatchback,35.0,2022
18345,17487,Kia EV6,SUV,77.4,2022
18346,17488,Mahindra XUV400,SUV,39.4,2022
18347,17489,Kia EV6,SUV,77.4,2025
18348,17490,Tata Nexon EV,SUV,30.2,2022
18349,17491,Mahindra BE 6,SUV,59.0,2025
18350,17492,Mahindra BE 6,SUV,59.0,2025
18351,17493,BYD Atto 3,SUV,60.5,2025
18352,17494,Mahindra BE 6,SUV,59.0,2021
18353,17495,Mahindra BE 6,SUV,59.0,2023
18354,17496,Hyundai Kona Electric,SUV,39.2,2023
18355,17497,Kia EV6,SUV,77.4,2022
18356,17498,Tata Punch EV,Hatchback,35.0,2020
18357,17499,Mahindra XUV400,SUV,39.4,2021
18358,17500,Kia EV6,SUV,77.4,2021
18359,17501,MG ZS EV,SUV,50.3,2023
18360,17502,Hyundai Kona Electric,SUV,39.2,2023
18361,17503,Tata Tiago EV,Hatchback,24.0,2021
18362,17504,Tata Nexon EV,SUV,30.2,2021
18363,17505,Mahindra BE 6,SUV,59.0,2022
18364,17506,Kia EV6,SUV,77.4,2024
18365,17507,Tata Nexon EV,SUV,30.2,2020
18366,17508,Tata Punch EV,Hatchback,35.0,2020
18367,17509,Hyundai Kona Electric,SUV,39.2,2022
18368,17510,Mahindra BE 6,SUV,59.0,2020
18369,17511,MG ZS EV,SUV,50.3,2022
18370,17512,Kia EV6,SUV,77.4,2021
18371,17513,Tata Tiago EV,Hatchback,24.0,2021
18372,17514,Tata Punch EV,Hatchback,35.0,2021
18373,17515,Mahindra XUV400,SUV,39.4,2020
18374,17516,Tata Nexon EV,SUV,30.2,2022
18375,17517,Tata Nexon EV,SUV,30.2,2020
18376,17518,Hyundai Kona Electric,SUV,39.2,2020
18377,17519,Tata Nexon EV,SUV,30.2,2022
18378,17520,Mahindra BE 6,SUV,59.0,2020
18379,17521,Tata Tiago EV,Hatchback,24.0,2021
18380,17522,Tata Punch EV,Hatchback,35.0,2020
18381,17523,MG ZS EV,SUV,50.3,2023
18382,17524,Mahindra XUV400,SUV,39.4,2025
18383,17525,Tata Tiago EV,Hatchback,24.0,2023
18384,17526,Kia EV6,SUV,77.4,2021
18385,17527,MG ZS EV,SUV,50.3,2021
18386,17528,Mahindra XUV400,SUV,39.4,2020
18387,17529,Hyundai Ioniq 5,SUV,72.6,2021
18388,17530,Hyundai Kona Electric,SUV,39.2,2020
18389,17531,Hyundai Ioniq 5,SUV,72.6,2025
18390,17532,Tata Nexon EV,SUV,30.2,2022
18391,17533,Kia EV6,SUV,77.4,2021
18392,17534,Kia EV6,SUV,77.4,2025
18393,17535,Mahindra XUV400,SUV,39.4,2025
18394,17536,Hyundai Kona Electric,SUV,39.2,2024
18395,17537,Tata Tiago EV,Hatchback,24.0,2020
18396,17538,Tata Nexon EV,SUV,30.2,2021
18397,17539,Tata Punch EV,Hatchback,35.0,2020
18398,17540,Mahindra BE 6,SUV,59.0,2025
18399,17541,MG ZS EV,SUV,50.3,2021
18400,17542,BYD Atto 3,SUV,60.5,2020
18401,17543,BYD Atto 3,SUV,60.5,2024
18402,17544,Hyundai Ioniq 5,SUV,72.6,2022
18403,17545,Tata Punch EV,Hatchback,35.0,2024
18404,17546,Mahindra XUV400,SUV,39.4,2024
18405,17547,Mahindra XUV400,SUV,39.4,2021
18406,17548,Kia EV6,SUV,77.4,2020
18407,17549,Hyundai Kona Electric,SUV,39.2,2021
18408,17550,Hyundai Ioniq 5,SUV,72.6,2020
18409,17551,Kia EV6,SUV,77.4,2021
18410,17552,Tata Nexon EV,SUV,30.2,2020
18411,17552,Mahindra XUV400,SUV,39.4,2024
18412,17553,Tata Punch EV,Hatchback,35.0,2025
18413,17554,Hyundai Kona Electric,SUV,39.2,2024
18414,17555,Hyundai Kona Electric,SUV,39.2,2025
18415,17556,MG ZS EV,SUV,50.3,2025
18416,17557,Tata Punch EV,Hatchback,35.0,2022
18417,17558,Tata Tiago EV,Hatchback,24.0,2021
18418,17559,Tata Punch EV,Hatchback,35.0,2021
18419,17560,Tata Nexon EV,SUV,30.2,2022
18420,17561,Tata Nexon EV,SUV,30.2,2025
18421,17561,BYD Atto 3,SUV,60.5,2025
18422,17562,Tata Punch EV,Hatchback,35.0,2022
18423,17563,BYD Atto 3,SUV,60.5,2020
18424,17564,Tata Punch EV,Hatchback,35.0,2021
18425,17565,Kia EV6,SUV,77.4,2021
18426,17566,Mahindra XUV400,SUV,39.4,2020
18427,17567,MG ZS EV,SUV,50.3,2022
18428,17568,Kia EV6,SUV,77.4,2025
18429,17568,Tata Punch EV,Hatchback,35.0,2020
18430,17569,Hyundai Kona Electric,SUV,39.2,2021
18431,17570,Hyundai Kona Electric,SUV,39.2,2024
18432,17571,Mahindra XUV400,SUV,39.4,2021
18433,17572,Mahindra XUV400,SUV,39.4,2023
18434,17573,Hyundai Kona Electric,SUV,39.2,2024
18435,17574,MG ZS EV,SUV,50.3,2021
18436,17575,Hyundai Kona Electric,SUV,39.2,2024
18437,17576,BYD Atto 3,SUV,60.5,2023
18438,17577,Tata Punch EV,Hatchback,35.0,2025
18439,17578,Hyundai Ioniq 5,SUV,72.6,2024
18440,17579,Mahindra BE 6,SUV,59.0,2025
18441,17580,Hyundai Ioniq 5,SUV,72.6,2023
18442,17581,MG ZS EV,SUV,50.3,2022
18443,17582,Mahindra BE 6,SUV,59.0,2025
18444,17583,MG ZS EV,SUV,50.3,2025
18445,17584,Mahindra BE 6,SUV,59.0,2021
18446,17585,Tata Tiago EV,Hatchback,24.0,2024
18447,17586,MG ZS EV,SUV,50.3,2020
18448,17587,Mahindra XUV400,SUV,39.4,2020
18449,17588,Hyundai Ioniq 5,SUV,72.6,2024
18450,17589,Tata Nexon EV,SUV,30.2,2024
18451,17590,MG ZS EV,SUV,50.3,2020
18452,17591,Tata Punch EV,Hatchback,35.0,2021
18453,17592,Tata Tiago EV,Hatchback,24.0,2025
18454,17593,Mahindra XUV400,SUV,39.4,2020
18455,17594,Mahindra BE 6,SUV,59.0,2020
18456,17595,MG ZS EV,SUV,50.3,2024
18457,17596,Tata Nexon EV,SUV,30.2,2024
18458,17597,BYD Atto 3,SUV,60.5,2021
18459,17598,BYD Atto 3,SUV,60.5,2021
18460,17599,Kia EV6,SUV,77.4,2024
18461,17600,Kia EV6,SUV,77.4,2021
18462,17601,MG ZS EV,SUV,50.3,2025
18463,17602,Tata Tiago EV,Hatchback,24.0,2021
18464,17603,MG ZS EV,SUV,50.3,2023
18465,17604,Tata Nexon EV,SUV,30.2,2023
18466,17605,MG ZS EV,SUV,50.3,2024
18467,17606,Tata Nexon EV,SUV,30.2,2024
18468,17607,Kia EV6,SUV,77.4,2021
18469,17608,Hyundai Kona Electric,SUV,39.2,2023
18470,17609,Hyundai Ioniq 5,SUV,72.6,2021
18471,17610,BYD Atto 3,SUV,60.5,2025
18472,17611,BYD Atto 3,SUV,60.5,2020
18473,17612,BYD Atto 3,SUV,60.5,2024
18474,17613,Kia EV6,SUV,77.4,2025
18475,17614,BYD Atto 3,SUV,60.5,2021
18476,17615,Hyundai Ioniq 5,SUV,72.6,2025
18477,17616,MG ZS EV,SUV,50.3,2022
18478,17617,Hyundai Kona Electric,SUV,39.2,2024
18479,17618,Mahindra BE 6,SUV,59.0,2021
18480,17619,Mahindra BE 6,SUV,59.0,2023
18481,17620,Hyundai Kona Electric,SUV,39.2,2024
18482,17621,Tata Nexon EV,SUV,30.2,2024
18483,17622,BYD Atto 3,SUV,60.5,2021
18484,17623,Kia EV6,SUV,77.4,2024
18485,17624,Hyundai Kona Electric,SUV,39.2,2023
18486,17625,Kia EV6,SUV,77.4,2024
18487,17626,Mahindra BE 6,SUV,59.0,2023
18488,17627,BYD Atto 3,SUV,60.5,2021
18489,17628,Tata Punch EV,Hatchback,35.0,2022
18490,17629,BYD Atto 3,SUV,60.5,2020
18491,17630,Mahindra BE 6,SUV,59.0,2025
18492,17631,Tata Punch EV,Hatchback,35.0,2024
18493,17632,Mahindra XUV400,SUV,39.4,2024
18494,17633,Tata Tiago EV,Hatchback,24.0,2020
18495,17634,Tata Tiago EV,Hatchback,24.0,2023
18496,17635,MG ZS EV,SUV,50.3,2022
18497,17636,Tata Nexon EV,SUV,30.2,2021
18498,17637,Mahindra XUV400,SUV,39.4,2024
18499,17638,Mahindra BE 6,SUV,59.0,2020
18500,17639,Mahindra XUV400,SUV,39.4,2023
18501,17640,Hyundai Kona Electric,SUV,39.2,2020
18502,17641,Tata Punch EV,Hatchback,35.0,2022
18503,17642,Kia EV6,SUV,77.4,2025
18504,17643,Hyundai Kona Electric,SUV,39.2,2025
18505,17644,Hyundai Kona Electric,SUV,39.2,2025
18506,17645,MG ZS EV,SUV,50.3,2025
18507,17646,Mahindra BE 6,SUV,59.0,2025
18508,17647,Tata Tiago EV,Hatchback,24.0,2025
18509,17648,Mahindra XUV400,SUV,39.4,2024
18510,17649,Kia EV6,SUV,77.4,2021
18511,17650,Hyundai Kona Electric,SUV,39.2,2022
18512,17651,Mahindra XUV400,SUV,39.4,2023
18513,17652,BYD Atto 3,SUV,60.5,2022
18514,17653,Tata Punch EV,Hatchback,35.0,2021
18515,17654,Tata Punch EV,Hatchback,35.0,2022
18516,17655,Tata Nexon EV,SUV,30.2,2024
18517,17656,Kia EV6,SUV,77.4,2023
18518,17657,Hyundai Ioniq 5,SUV,72.6,2021
18519,17658,Hyundai Kona Electric,SUV,39.2,2022
18520,17659,BYD Atto 3,SUV,60.5,2021
18521,17660,Hyundai Ioniq 5,SUV,72.6,2024
18522,17661,Mahindra XUV400,SUV,39.4,2020
18523,17662,Tata Punch EV,Hatchback,35.0,2022
18524,17662,Hyundai Ioniq 5,SUV,72.6,2020
18525,17663,Tata Tiago EV,Hatchback,24.0,2025
18526,17664,Kia EV6,SUV,77.4,2024
18527,17665,Kia EV6,SUV,77.4,2021
18528,17665,Mahindra XUV400,SUV,39.4,2021
18529,17666,Kia EV6,SUV,77.4,2022
18530,17667,Hyundai Kona Electric,SUV,39.2,2021
18531,17668,Tata Punch EV,Hatchback,35.0,2020
18532,17669,Tata Punch EV,Hatchback,35.0,2025
18533,17670,Tata Punch EV,Hatchback,35.0,2025
18534,17671,Tata Punch EV,Hatchback,35.0,2021
18535,17672,Mahindra BE 6,SUV,59.0,2024
18536,17673,Mahindra XUV400,SUV,39.4,2022
18537,17674,Mahindra BE 6,SUV,59.0,2024
18538,17675,Mahindra XUV400,SUV,39.4,2021
18539,17676,Hyundai Kona Electric,SUV,39.2,2021
18540,17677,Kia EV6,SUV,77.4,2023
18541,17678,Tata Nexon EV,SUV,30.2,2021
18542,17679,Tata Punch EV,Hatchback,35.0,2025
18543,17680,Tata Nexon EV,SUV,30.2,2022
18544,17681,Hyundai Kona Electric,SUV,39.2,2021
18545,17682,BYD Atto 3,SUV,60.5,2022
18546,17683,Mahindra XUV400,SUV,39.4,2020
18547,17684,Tata Nexon EV,SUV,30.2,2025
18548,17685,Mahindra BE 6,SUV,59.0,2021
18549,17686,Tata Punch EV,Hatchback,35.0,2024
18550,17687,Mahindra BE 6,SUV,59.0,2022
18551,17688,BYD Atto 3,SUV,60.5,2020
18552,17689,Hyundai Ioniq 5,SUV,72.6,2023
18553,17690,Mahindra XUV400,SUV,39.4,2023
18554,17691,Kia EV6,SUV,77.4,2025
18555,17692,Hyundai Ioniq 5,SUV,72.6,2025
18556,17693,MG ZS EV,SUV,50.3,2022
18557,17694,Mahindra XUV400,SUV,39.4,2020
18558,17695,Tata Punch EV,Hatchback,35.0,2025
18559,17696,BYD Atto 3,SUV,60.5,2022
18560,17697,Hyundai Kona Electric,SUV,39.2,2020
18561,17698,Kia EV6,SUV,77.4,2025
18562,17699,Tata Punch EV,Hatchback,35.0,2025
18563,17700,Hyundai Kona Electric,SUV,39.2,2024
18564,17701,Mahindra XUV400,SUV,39.4,2022
18565,17702,Hyundai Kona Electric,SUV,39.2,2022
18566,17703,Hyundai Kona Electric,SUV,39.2,2020
18567,17704,Tata Tiago EV,Hatchback,24.0,2020
18568,17705,Hyundai Kona Electric,SUV,39.2,2021
18569,17706,Mahindra BE 6,SUV,59.0,2022
18570,17707,Mahindra XUV400,SUV,39.4,2025
18571,17708,MG ZS EV,SUV,50.3,2020
18572,17709,Tata Tiago EV,Hatchback,24.0,2020
18573,17710,Hyundai Kona Electric,SUV,39.2,2021
18574,17711,Hyundai Ioniq 5,SUV,72.6,2023
18575,17712,BYD Atto 3,SUV,60.5,2022
18576,17713,Tata Punch EV,Hatchback,35.0,2023
18577,17714,Mahindra XUV400,SUV,39.4,2021
18578,17715,Mahindra BE 6,SUV,59.0,2024
18579,17716,Kia EV6,SUV,77.4,2023
18580,17717,Tata Nexon EV,SUV,30.2,2023
18581,17718,Tata Tiago EV,Hatchback,24.0,2020
18582,17719,Tata Nexon EV,SUV,30.2,2021
18583,17720,Tata Tiago EV,Hatchback,24.0,2025
18584,17721,Hyundai Ioniq 5,SUV,72.6,2023
18585,17722,Mahindra BE 6,SUV,59.0,2025
18586,17723,Tata Tiago EV,Hatchback,24.0,2024
18587,17724,Hyundai Ioniq 5,SUV,72.6,2022
18588,17725,Mahindra XUV400,SUV,39.4,2024
18589,17726,Mahindra BE 6,SUV,59.0,2025
18590,17727,BYD Atto 3,SUV,60.5,2020
18591,17728,Mahindra BE 6,SUV,59.0,2025
18592,17729,Mahindra XUV400,SUV,39.4,2020
18593,17730,Hyundai Ioniq 5,SUV,72.6,2021
18594,17731,Tata Nexon EV,SUV,30.2,2020
18595,17732,MG ZS EV,SUV,50.3,2021
18596,17733,Tata Tiago EV,Hatchback,24.0,2020
18597,17734,Tata Nexon EV,SUV,30.2,2024
18598,17735,Tata Nexon EV,SUV,30.2,2022
18599,17735,Hyundai Ioniq 5,SUV,72.6,2024
18600,17736,Tata Punch EV,Hatchback,35.0,2024
18601,17737,Tata Tiago EV,Hatchback,24.0,2021
18602,17738,Mahindra XUV400,SUV,39.4,2024
18603,17739,Tata Tiago EV,Hatchback,24.0,2024
18604,17740,Tata Punch EV,Hatchback,35.0,2025
18605,17741,MG ZS EV,SUV,50.3,2022
18606,17742,Hyundai Kona Electric,SUV,39.2,2024
18607,17743,Mahindra BE 6,SUV,59.0,2020
18608,17744,Tata Nexon EV,SUV,30.2,2022
18609,17745,Tata Nexon EV,SUV,30.2,2021
18610,17746,Mahindra BE 6,SUV,59.0,2024
18611,17747,Hyundai Ioniq 5,SUV,72.6,2020
18612,17748,Hyundai Ioniq 5,SUV,72.6,2020
18613,17749,Tata Punch EV,Hatchback,35.0,2022
18614,17750,Mahindra BE 6,SUV,59.0,2022
18615,17751,Hyundai Kona Electric,SUV,39.2,2024
18616,17752,Tata Punch EV,Hatchback,35.0,2025
18617,17753,Kia EV6,SUV,77.4,2024
18618,17754,Tata Nexon EV,SUV,30.2,2023
18619,17755,Tata Tiago EV,Hatchback,24.0,2023
18620,17756,BYD Atto 3,SUV,60.5,2025
18621,17757,BYD Atto 3,SUV,60.5,2025
18622,17758,Tata Nexon EV,SUV,30.2,2025
18623,17759,BYD Atto 3,SUV,60.5,2024
18624,17760,MG ZS EV,SUV,50.3,2020
18625,17761,Hyundai Kona Electric,SUV,39.2,2022
18626,17762,Mahindra BE 6,SUV,59.0,2021
18627,17763,Tata Punch EV,Hatchback,35.0,2022
18628,17764,Kia EV6,SUV,77.4,2020
18629,17765,Tata Tiago EV,Hatchback,24.0,2022
18630,17766,MG ZS EV,SUV,50.3,2025
18631,17767,Hyundai Ioniq 5,SUV,72.6,2022
18632,17768,MG ZS EV,SUV,50.3,2025
18633,17769,Tata Nexon EV,SUV,30.2,2020
18634,17770,Hyundai Ioniq 5,SUV,72.6,2022
18635,17771,Mahindra BE 6,SUV,59.0,2023
18636,17772,Hyundai Ioniq 5,SUV,72.6,2023
18637,17773,Tata Punch EV,Hatchback,35.0,2024
18638,17774,Hyundai Kona Electric,SUV,39.2,2022
18639,17775,Tata Nexon EV,SUV,30.2,2023
18640,17776,Mahindra BE 6,SUV,59.0,2023
18641,17777,BYD Atto 3,SUV,60.5,2023
18642,17778,Tata Tiago EV,Hatchback,24.0,2022
18643,17779,MG ZS EV,SUV,50.3,2021
18644,17780,Hyundai Ioniq 5,SUV,72.6,2022
18645,17781,Hyundai Ioniq 5,SUV,72.6,2023
18646,17782,Tata Punch EV,Hatchback,35.0,2022
18647,17783,BYD Atto 3,SUV,60.5,2020
18648,17784,Hyundai Ioniq 5,SUV,72.6,2022
18649,17785,Tata Nexon EV,SUV,30.2,2025
18650,17786,Tata Nexon EV,SUV,30.2,2025
18651,17787,BYD Atto 3,SUV,60.5,2024
18652,17788,MG ZS EV,SUV,50.3,2024
18653,17789,Tata Tiago EV,Hatchback,24.0,2024
18654,17790,MG ZS EV,SUV,50.3,2023
18655,17791,Tata Punch EV,Hatchback,35.0,2023
18656,17792,MG ZS EV,SUV,50.3,2021
18657,17793,Tata Tiago EV,Hatchback,24.0,2023
18658,17794,Kia EV6,SUV,77.4,2022
18659,17795,Hyundai Kona Electric,SUV,39.2,2025
18660,17796,Tata Tiago EV,Hatchback,24.0,2025
18661,17797,Tata Punch EV,Hatchback,35.0,2020
18662,17798,Kia EV6,SUV,77.4,2023
18663,17799,Tata Punch EV,Hatchback,35.0,2021
18664,17800,Hyundai Kona Electric,SUV,39.2,2021
18665,17801,Tata Nexon EV,SUV,30.2,2025
18666,17802,Hyundai Ioniq 5,SUV,72.6,2022
18667,17803,Tata Punch EV,Hatchback,35.0,2021
18668,17804,Mahindra XUV400,SUV,39.4,2023
18669,17805,Kia EV6,SUV,77.4,2021
18670,17806,Mahindra XUV400,SUV,39.4,2024
18671,17807,BYD Atto 3,SUV,60.5,2023
18672,17808,BYD Atto 3,SUV,60.5,2021
18673,17809,Hyundai Ioniq 5,SUV,72.6,2025
18674,17809,Tata Tiago EV,Hatchback,24.0,2022
18675,17810,BYD Atto 3,SUV,60.5,2025
18676,17811,BYD Atto 3,SUV,60.5,2025
18677,17811,Tata Nexon EV,SUV,30.2,2021
18678,17812,Mahindra XUV400,SUV,39.4,2021
18679,17813,Kia EV6,SUV,77.4,2020
18680,17814,Hyundai Ioniq 5,SUV,72.6,2022
18681,17815,Tata Tiago EV,Hatchback,24.0,2025
18682,17816,Tata Nexon EV,SUV,30.2,2023
18683,17817,Tata Punch EV,Hatchback,35.0,2025
18684,17818,BYD Atto 3,SUV,60.5,2025
18685,17819,Mahindra XUV400,SUV,39.4,2021
18686,17820,Kia EV6,SUV,77.4,2022
18687,17821,BYD Atto 3,SUV,60.5,2021
18688,17822,Hyundai Ioniq 5,SUV,72.6,2024
18689,17823,Mahindra XUV400,SUV,39.4,2022
18690,17824,Mahindra XUV400,SUV,39.4,2024
18691,17825,Kia EV6,SUV,77.4,2021
18692,17826,BYD Atto 3,SUV,60.5,2022
18693,17827,MG ZS EV,SUV,50.3,2023
18694,17828,Hyundai Ioniq 5,SUV,72.6,2023
18695,17829,Mahindra BE 6,SUV,59.0,2025
18696,17830,Mahindra XUV400,SUV,39.4,2024
18697,17831,Hyundai Kona Electric,SUV,39.2,2021
18698,17832,Tata Punch EV,Hatchback,35.0,2023
18699,17833,Hyundai Ioniq 5,SUV,72.6,2024
18700,17834,Tata Nexon EV,SUV,30.2,2020
18701,17834,MG ZS EV,SUV,50.3,2022
18702,17835,BYD Atto 3,SUV,60.5,2020
18703,17836,MG ZS EV,SUV,50.3,2023
18704,17837,BYD Atto 3,SUV,60.5,2025
18705,17838,Kia EV6,SUV,77.4,2023
18706,17838,Tata Tiago EV,Hatchback,24.0,2020
18707,17839,Tata Nexon EV,SUV,30.2,2025
18708,17840,Tata Tiago EV,Hatchback,24.0,2025
18709,17840,Mahindra BE 6,SUV,59.0,2021
18710,17841,Mahindra BE 6,SUV,59.0,2020
18711,17842,Tata Nexon EV,SUV,30.2,2025
18712,17843,Mahindra BE 6,SUV,59.0,2021
18713,17844,Tata Punch EV,Hatchback,35.0,2022
18714,17845,Hyundai Ioniq 5,SUV,72.6,2021
18715,17846,Mahindra XUV400,SUV,39.4,2024
18716,17847,BYD Atto 3,SUV,60.5,2020
18717,17848,Kia EV6,SUV,77.4,2021
18718,17849,Tata Nexon EV,SUV,30.2,2025
18719,17850,Hyundai Ioniq 5,SUV,72.6,2021
18720,17851,BYD Atto 3,SUV,60.5,2022
18721,17852,Tata Punch EV,Hatchback,35.0,2020
18722,17853,BYD Atto 3,SUV,60.5,2025
18723,17854,Tata Tiago EV,Hatchback,24.0,2021
18724,17854,Mahindra BE 6,SUV,59.0,2024
18725,17855,Tata Nexon EV,SUV,30.2,2024
18726,17856,Tata Nexon EV,SUV,30.2,2025
18727,17857,Mahindra BE 6,SUV,59.0,2024
18728,17858,Hyundai Kona Electric,SUV,39.2,2020
18729,17859,MG ZS EV,SUV,50.3,2025
18730,17860,Tata Tiago EV,Hatchback,24.0,2021
18731,17861,Tata Tiago EV,Hatchback,24.0,2020
18732,17862,Mahindra XUV400,SUV,39.4,2020
18733,17863,Mahindra BE 6,SUV,59.0,2024
18734,17864,BYD Atto 3,SUV,60.5,2020
18735,17865,Tata Tiago EV,Hatchback,24.0,2021
18736,17866,Hyundai Ioniq 5,SUV,72.6,2023
18737,17866,Hyundai Ioniq 5,SUV,72.6,2024
18738,17867,Hyundai Ioniq 5,SUV,72.6,2022
18739,17868,Tata Tiago EV,Hatchback,24.0,2023
18740,17869,Hyundai Ioniq 5,SUV,72.6,2021
18741,17870,Tata Punch EV,Hatchback,35.0,2020
18742,17871,BYD Atto 3,SUV,60.5,2025
18743,17872,Kia EV6,SUV,77.4,2020
18744,17873,MG ZS EV,SUV,50.3,2023
18745,17874,MG ZS EV,SUV,50.3,2021
18746,17874,Tata Punch EV,Hatchback,35.0,2020
18747,17875,Tata Nexon EV,SUV,30.2,2022
18748,17876,Kia EV6,SUV,77.4,2023
18749,17877,Tata Nexon EV,SUV,30.2,2025
18750,17878,Kia EV6,SUV,77.4,2021
18751,17879,Tata Nexon EV,SUV,30.2,2023
18752,17880,Kia EV6,SUV,77.4,2025
18753,17881,Kia EV6,SUV,77.4,2022
18754,17882,Tata Tiago EV,Hatchback,24.0,2025
18755,17883,BYD Atto 3,SUV,60.5,2022
18756,17884,Hyundai Kona Electric,SUV,39.2,2020
18757,17885,MG ZS EV,SUV,50.3,2020
18758,17886,MG ZS EV,SUV,50.3,2024
18759,17887,Mahindra BE 6,SUV,59.0,2025
18760,17888,Tata Tiago EV,Hatchback,24.0,2022
18761,17889,Tata Punch EV,Hatchback,35.0,2020
18762,17890,Tata Nexon EV,SUV,30.2,2021
18763,17891,Tata Tiago EV,Hatchback,24.0,2021
18764,17892,Mahindra XUV400,SUV,39.4,2020
18765,17893,MG ZS EV,SUV,50.3,2021
18766,17894,BYD Atto 3,SUV,60.5,2025
18767,17895,Kia EV6,SUV,77.4,2025
18768,17896,Tata Tiago EV,Hatchback,24.0,2022
18769,17897,Tata Tiago EV,Hatchback,24.0,2020
18770,17898,Tata Nexon EV,SUV,30.2,2023
18771,17899,Hyundai Kona Electric,SUV,39.2,2022
18772,17900,BYD Atto 3,SUV,60.5,2024
18773,17901,MG ZS EV,SUV,50.3,2025
18774,17902,Tata Punch EV,Hatchback,35.0,2021
18775,17903,BYD Atto 3,SUV,60.5,2020
18776,17904,Hyundai Kona Electric,SUV,39.2,2021
18777,17905,Hyundai Kona Electric,SUV,39.2,2020
18778,17906,BYD Atto 3,SUV,60.5,2023
18779,17907,Mahindra XUV400,SUV,39.4,2021
18780,17908,Tata Tiago EV,Hatchback,24.0,2024
18781,17909,Mahindra BE 6,SUV,59.0,2025
18782,17910,BYD Atto 3,SUV,60.5,2022
18783,17911,Hyundai Ioniq 5,SUV,72.6,2020
18784,17912,Hyundai Kona Electric,SUV,39.2,2020
18785,17913,Tata Nexon EV,SUV,30.2,2023
18786,17914,Tata Punch EV,Hatchback,35.0,2021
18787,17914,Tata Punch EV,Hatchback,35.0,2020
18788,17915,BYD Atto 3,SUV,60.5,2024
18789,17916,Mahindra BE 6,SUV,59.0,2022
18790,17917,Tata Tiago EV,Hatchback,24.0,2023
18791,17918,Hyundai Ioniq 5,SUV,72.6,2022
18792,17919,Mahindra XUV400,SUV,39.4,2024
18793,17920,Tata Punch EV,Hatchback,35.0,2022
18794,17921,MG ZS EV,SUV,50.3,2025
18795,17922,Kia EV6,SUV,77.4,2025
18796,17923,Mahindra XUV400,SUV,39.4,2020
18797,17924,BYD Atto 3,SUV,60.5,2022
18798,17925,Tata Punch EV,Hatchback,35.0,2020
18799,17926,Hyundai Ioniq 5,SUV,72.6,2024
18800,17927,Hyundai Kona Electric,SUV,39.2,2021
18801,17928,Kia EV6,SUV,77.4,2020
18802,17929,MG ZS EV,SUV,50.3,2021
18803,17930,Mahindra XUV400,SUV,39.4,2020
18804,17930,Mahindra XUV400,SUV,39.4,2020
18805,17931,Mahindra XUV400,SUV,39.4,2021
18806,17932,Tata Punch EV,Hatchback,35.0,2020
18807,17933,Tata Tiago EV,Hatchback,24.0,2020
18808,17934,MG ZS EV,SUV,50.3,2024
18809,17935,Kia EV6,SUV,77.4,2021
18810,17936,Kia EV6,SUV,77.4,2020
18811,17937,BYD Atto 3,SUV,60.5,2022
18812,17938,Hyundai Ioniq 5,SUV,72.6,2024
18813,17939,Tata Nexon EV,SUV,30.2,2020
18814,17940,Mahindra BE 6,SUV,59.0,2021
18815,17941,Tata Nexon EV,SUV,30.2,2024
18816,17942,Hyundai Ioniq 5,SUV,72.6,2021
18817,17943,Mahindra XUV400,SUV,39.4,2021
18818,17944,MG ZS EV,SUV,50.3,2021
18819,17945,Tata Nexon EV,SUV,30.2,2025
18820,17946,Tata Punch EV,Hatchback,35.0,2025
18821,17947,Mahindra BE 6,SUV,59.0,2025
18822,17947,Hyundai Ioniq 5,SUV,72.6,2020
18823,17948,Tata Punch EV,Hatchback,35.0,2023
18824,17949,MG ZS EV,SUV,50.3,2025
18825,17950,Tata Punch EV,Hatchback,35.0,2025
18826,17951,Mahindra BE 6,SUV,59.0,2020
18827,17952,Tata Punch EV,Hatchback,35.0,2022
18828,17952,Hyundai Kona Electric,SUV,39.2,2022
18829,17953,MG ZS EV,SUV,50.3,2023
18830,17954,Hyundai Kona Electric,SUV,39.2,2020
18831,17954,Kia EV6,SUV,77.4,2024
18832,17955,Tata Nexon EV,SUV,30.2,2020
18833,17956,MG ZS EV,SUV,50.3,2025
18834,17957,Mahindra BE 6,SUV,59.0,2021
18835,17958,Tata Nexon EV,SUV,30.2,2021
18836,17959,Kia EV6,SUV,77.4,2020
18837,17960,Kia EV6,SUV,77.4,2022
18838,17961,BYD Atto 3,SUV,60.5,2021
18839,17962,Mahindra XUV400,SUV,39.4,2021
18840,17963,Kia EV6,SUV,77.4,2020
18841,17964,Tata Tiago EV,Hatchback,24.0,2022
18842,17965,MG ZS EV,SUV,50.3,2020
18843,17966,Mahindra BE 6,SUV,59.0,2023
18844,17967,Tata Punch EV,Hatchback,35.0,2025
18845,17968,Tata Nexon EV,SUV,30.2,2021
18846,17969,Tata Nexon EV,SUV,30.2,2024
18847,17970,Tata Nexon EV,SUV,30.2,2023
18848,17971,Kia EV6,SUV,77.4,2025
18849,17972,Mahindra XUV400,SUV,39.4,2025
18850,17973,Tata Punch EV,Hatchback,35.0,2020
18851,17974,Kia EV6,SUV,77.4,2022
18852,17975,Tata Punch EV,Hatchback,35.0,2024
18853,17976,Mahindra BE 6,SUV,59.0,2024
18854,17977,Kia EV6,SUV,77.4,2025
18855,17978,Hyundai Ioniq 5,SUV,72.6,2021
18856,17979,BYD Atto 3,SUV,60.5,2021
18857,17980,Hyundai Kona Electric,SUV,39.2,2021
18858,17981,Kia EV6,SUV,77.4,2022
18859,17982,Hyundai Ioniq 5,SUV,72.6,2024
18860,17983,Mahindra BE 6,SUV,59.0,2021
18861,17984,Tata Tiago EV,Hatchback,24.0,2025
18862,17985,Mahindra XUV400,SUV,39.4,2021
18863,17986,Hyundai Kona Electric,SUV,39.2,2020
18864,17987,MG ZS EV,SUV,50.3,2022
18865,17988,Hyundai Ioniq 5,SUV,72.6,2022
18866,17989,Hyundai Ioniq 5,SUV,72.6,2020
18867,17990,Kia EV6,SUV,77.4,2025
18868,17991,MG ZS EV,SUV,50.3,2023
18869,17991,Tata Tiago EV,Hatchback,24.0,2021
18870,17992,Kia EV6,SUV,77.4,2023
18871,17993,Kia EV6,SUV,77.4,2022
18872,17994,Mahindra XUV400,SUV,39.4,2024
18873,17995,Hyundai Kona Electric,SUV,39.2,2025
18874,17996,MG ZS EV,SUV,50.3,2025
18875,17997,Tata Nexon EV,SUV,30.2,2025
18876,17998,Hyundai Ioniq 5,SUV,72.6,2021
18877,17999,Tata Punch EV,Hatchback,35.0,2022
18878,18000,Hyundai Ioniq 5,SUV,72.6,2022
18879,18001,Tata Nexon EV,SUV,30.2,2024
18880,18001,Mahindra BE 6,SUV,59.0,2025
18881,18002,Hyundai Kona Electric,SUV,39.2,2023
18882,18003,Hyundai Ioniq 5,SUV,72.6,2022
18883,18004,MG ZS EV,SUV,50.3,2023
18884,18005,Tata Punch EV,Hatchback,35.0,2023
18885,18006,Tata Tiago EV,Hatchback,24.0,2021
18886,18007,Mahindra XUV400,SUV,39.4,2023
18887,18008,Mahindra BE 6,SUV,59.0,2023
18888,18009,BYD Atto 3,SUV,60.5,2023
18889,18010,BYD Atto 3,SUV,60.5,2025
18890,18011,Tata Tiago EV,Hatchback,24.0,2025
18891,18012,Hyundai Ioniq 5,SUV,72.6,2022
18892,18013,Tata Punch EV,Hatchback,35.0,2020
18893,18014,Kia EV6,SUV,77.4,2025
18894,18015,Hyundai Kona Electric,SUV,39.2,2022
18895,18016,BYD Atto 3,SUV,60.5,2021
18896,18017,Hyundai Ioniq 5,SUV,72.6,2023
18897,18018,Tata Tiago EV,Hatchback,24.0,2022
18898,18019,Tata Nexon EV,SUV,30.2,2025
18899,18020,Kia EV6,SUV,77.4,2021
18900,18021,Tata Nexon EV,SUV,30.2,2023
18901,18022,Hyundai Ioniq 5,SUV,72.6,2024
18902,18023,Mahindra XUV400,SUV,39.4,2023
18903,18024,Tata Punch EV,Hatchback,35.0,2022
18904,18025,Tata Tiago EV,Hatchback,24.0,2022
18905,18026,Hyundai Ioniq 5,SUV,72.6,2025
18906,18027,Hyundai Ioniq 5,SUV,72.6,2025
18907,18028,Kia EV6,SUV,77.4,2022
18908,18028,Tata Punch EV,Hatchback,35.0,2020
18909,18029,Tata Tiago EV,Hatchback,24.0,2020
18910,18030,MG ZS EV,SUV,50.3,2020
18911,18031,BYD Atto 3,SUV,60.5,2022
18912,18032,Kia EV6,SUV,77.4,2020
18913,18033,Tata Punch EV,Hatchback,35.0,2021
18914,18034,Kia EV6,SUV,77.4,2023
18915,18035,Mahindra BE 6,SUV,59.0,2021
18916,18036,Tata Nexon EV,SUV,30.2,2025
18917,18037,Tata Tiago EV,Hatchback,24.0,2022
18918,18038,Kia EV6,SUV,77.4,2024
18919,18039,Hyundai Kona Electric,SUV,39.2,2025
18920,18040,Hyundai Kona Electric,SUV,39.2,2024
18921,18041,Mahindra XUV400,SUV,39.4,2025
18922,18042,Mahindra BE 6,SUV,59.0,2023
18923,18043,BYD Atto 3,SUV,60.5,2023
18924,18044,Tata Punch EV,Hatchback,35.0,2020
18925,18045,Hyundai Ioniq 5,SUV,72.6,2021
18926,18046,Mahindra XUV400,SUV,39.4,2022
18927,18047,Mahindra XUV400,SUV,39.4,2025
18928,18048,Kia EV6,SUV,77.4,2025
18929,18049,Hyundai Kona Electric,SUV,39.2,2022
18930,18050,Kia EV6,SUV,77.4,2020
18931,18051,MG ZS EV,SUV,50.3,2021
18932,18052,Tata Punch EV,Hatchback,35.0,2021
18933,18053,MG ZS EV,SUV,50.3,2025
18934,18053,Tata Tiago EV,Hatchback,24.0,2021
18935,18054,Mahindra XUV400,SUV,39.4,2023
18936,18055,Tata Punch EV,Hatchback,35.0,2023
18937,18056,Mahindra XUV400,SUV,39.4,2021
18938,18057,Kia EV6,SUV,77.4,2021
18939,18058,Tata Tiago EV,Hatchback,24.0,2024
18940,18059,Tata Nexon EV,SUV,30.2,2023
18941,18060,Mahindra BE 6,SUV,59.0,2024
18942,18061,Hyundai Kona Electric,SUV,39.2,2025
18943,18062,Kia EV6,SUV,77.4,2021
18944,18063,Tata Punch EV,Hatchback,35.0,2021
18945,18064,Tata Tiago EV,Hatchback,24.0,2025
18946,18065,Hyundai Kona Electric,SUV,39.2,2021
18947,18066,Kia EV6,SUV,77.4,2024
18948,18067,Tata Tiago EV,Hatchback,24.0,2023
18949,18068,Kia EV6,SUV,77.4,2021
18950,18069,BYD Atto 3,SUV,60.5,2020
18951,18070,Mahindra BE 6,SUV,59.0,2023
18952,18071,BYD Atto 3,SUV,60.5,2025
18953,18072,Mahindra BE 6,SUV,59.0,2024
18954,18073,MG ZS EV,SUV,50.3,2024
18955,18074,MG ZS EV,SUV,50.3,2024
18956,18075,Hyundai Ioniq 5,SUV,72.6,2020
18957,18076,Mahindra XUV400,SUV,39.4,2022
18958,18077,MG ZS EV,SUV,50.3,2023
18959,18078,Hyundai Kona Electric,SUV,39.2,2022
18960,18079,Mahindra BE 6,SUV,59.0,2022
18961,18080,Tata Punch EV,Hatchback,35.0,2021
18962,18081,MG ZS EV,SUV,50.3,2022
18963,18082,MG ZS EV,SUV,50.3,2025
18964,18083,Mahindra XUV400,SUV,39.4,2024
18965,18084,Hyundai Ioniq 5,SUV,72.6,2022
18966,18085,Mahindra XUV400,SUV,39.4,2022
18967,18085,Hyundai Kona Electric,SUV,39.2,2024
18968,18086,Tata Punch EV,Hatchback,35.0,2022
18969,18087,Mahindra BE 6,SUV,59.0,2023
18970,18088,MG ZS EV,SUV,50.3,2021
18971,18089,Kia EV6,SUV,77.4,2023
18972,18090,Mahindra XUV400,SUV,39.4,2025
18973,18091,Tata Nexon EV,SUV,30.2,2021
18974,18092,Kia EV6,SUV,77.4,2020
18975,18093,BYD Atto 3,SUV,60.5,2024
18976,18094,Mahindra XUV400,SUV,39.4,2025
18977,18095,Tata Tiago EV,Hatchback,24.0,2023
18978,18095,BYD Atto 3,SUV,60.5,2024
18979,18096,Mahindra XUV400,SUV,39.4,2023
18980,18097,Tata Tiago EV,Hatchback,24.0,2023
18981,18097,Tata Punch EV,Hatchback,35.0,2025
18982,18098,BYD Atto 3,SUV,60.5,2025
18983,18099,Hyundai Kona Electric,SUV,39.2,2022
18984,18100,Mahindra BE 6,SUV,59.0,2023
18985,18101,Tata Tiago EV,Hatchback,24.0,2025
18986,18102,Tata Tiago EV,Hatchback,24.0,2021
18987,18103,Kia EV6,SUV,77.4,2024
18988,18104,Tata Punch EV,Hatchback,35.0,2023
18989,18105,Mahindra XUV400,SUV,39.4,2020
18990,18105,Tata Nexon EV,SUV,30.2,2024
18991,18106,Tata Punch EV,Hatchback,35.0,2025
18992,18107,Mahindra BE 6,SUV,59.0,2023
18993,18108,Tata Punch EV,Hatchback,35.0,2023
18994,18109,Tata Punch EV,Hatchback,35.0,2025
18995,18110,BYD Atto 3,SUV,60.5,2023
18996,18111,MG ZS EV,SUV,50.3,2025
18997,18112,BYD Atto 3,SUV,60.5,2025
18998,18113,Tata Nexon EV,SUV,30.2,2024
18999,18114,Mahindra BE 6,SUV,59.0,2022
19000,18115,Tata Nexon EV,SUV,30.2,2020
19001,18116,Tata Nexon EV,SUV,30.2,2024
19002,18117,MG ZS EV,SUV,50.3,2024
19003,18118,Tata Tiago EV,Hatchback,24.0,2022
19004,18119,BYD Atto 3,SUV,60.5,2021
19005,18120,Hyundai Kona Electric,SUV,39.2,2021
19006,18121,Mahindra XUV400,SUV,39.4,2024
19007,18122,Tata Tiago EV,Hatchback,24.0,2023
19008,18123,BYD Atto 3,SUV,60.5,2022
19009,18124,Hyundai Ioniq 5,SUV,72.6,2020
19010,18125,MG ZS EV,SUV,50.3,2021
19011,18126,Mahindra XUV400,SUV,39.4,2020
19012,18127,Hyundai Kona Electric,SUV,39.2,2020
19013,18128,Tata Nexon EV,SUV,30.2,2024
19014,18129,Tata Punch EV,Hatchback,35.0,2025
19015,18130,MG ZS EV,SUV,50.3,2025
19016,18131,Mahindra BE 6,SUV,59.0,2025
19017,18132,Hyundai Ioniq 5,SUV,72.6,2022
19018,18133,Hyundai Kona Electric,SUV,39.2,2022
19019,18134,Hyundai Kona Electric,SUV,39.2,2023
19020,18135,Hyundai Kona Electric,SUV,39.2,2022
19021,18136,Tata Nexon EV,SUV,30.2,2025
19022,18137,Tata Nexon EV,SUV,30.2,2022
19023,18138,MG ZS EV,SUV,50.3,2020
19024,18139,Kia EV6,SUV,77.4,2023
19025,18140,Hyundai Kona Electric,SUV,39.2,2023
19026,18141,Kia EV6,SUV,77.4,2021
19027,18142,Kia EV6,SUV,77.4,2024
19028,18143,Mahindra BE 6,SUV,59.0,2025
19029,18144,BYD Atto 3,SUV,60.5,2020
19030,18145,Tata Tiago EV,Hatchback,24.0,2022
19031,18146,Tata Tiago EV,Hatchback,24.0,2020
19032,18147,Hyundai Ioniq 5,SUV,72.6,2025
19033,18148,Mahindra BE 6,SUV,59.0,2023
19034,18148,MG ZS EV,SUV,50.3,2020
19035,18149,Hyundai Ioniq 5,SUV,72.6,2020
19036,18150,Mahindra BE 6,SUV,59.0,2024
19037,18151,Hyundai Kona Electric,SUV,39.2,2020
19038,18152,Mahindra XUV400,SUV,39.4,2024
19039,18153,MG ZS EV,SUV,50.3,2023
19040,18154,Tata Nexon EV,SUV,30.2,2021
19041,18155,Kia EV6,SUV,77.4,2020
19042,18156,Mahindra BE 6,SUV,59.0,2024
19043,18157,Mahindra BE 6,SUV,59.0,2022
19044,18158,Hyundai Kona Electric,SUV,39.2,2020
19045,18159,BYD Atto 3,SUV,60.5,2023
19046,18160,BYD Atto 3,SUV,60.5,2022
19047,18161,Tata Punch EV,Hatchback,35.0,2020
19048,18162,Tata Punch EV,Hatchback,35.0,2025
19049,18163,Tata Tiago EV,Hatchback,24.0,2022
19050,18164,Hyundai Ioniq 5,SUV,72.6,2021
19051,18165,BYD Atto 3,SUV,60.5,2023
19052,18166,Kia EV6,SUV,77.4,2025
19053,18167,Tata Punch EV,Hatchback,35.0,2024
19054,18168,Mahindra BE 6,SUV,59.0,2022
19055,18169,Tata Nexon EV,SUV,30.2,2021
19056,18170,Mahindra XUV400,SUV,39.4,2020
19057,18171,MG ZS EV,SUV,50.3,2021
19058,18172,Hyundai Kona Electric,SUV,39.2,2021
19059,18173,Hyundai Kona Electric,SUV,39.2,2021
19060,18174,Kia EV6,SUV,77.4,2021
19061,18175,Mahindra BE 6,SUV,59.0,2025
19062,18176,Tata Nexon EV,SUV,30.2,2022
19063,18176,Kia EV6,SUV,77.4,2022
19064,18177,Mahindra BE 6,SUV,59.0,2023
19065,18178,Mahindra XUV400,SUV,39.4,2021
19066,18179,Hyundai Kona Electric,SUV,39.2,2024
19067,18180,Tata Nexon EV,SUV,30.2,2021
19068,18181,Tata Punch EV,Hatchback,35.0,2024
19069,18182,Hyundai Kona Electric,SUV,39.2,2020
19070,18183,Tata Punch EV,Hatchback,35.0,2022
19071,18184,Tata Nexon EV,SUV,30.2,2025
19072,18185,BYD Atto 3,SUV,60.5,2022
19073,18186,Hyundai Ioniq 5,SUV,72.6,2025
19074,18187,Mahindra BE 6,SUV,59.0,2020
19075,18188,Hyundai Kona Electric,SUV,39.2,2025
19076,18189,Kia EV6,SUV,77.4,2021
19077,18190,Hyundai Ioniq 5,SUV,72.6,2020
19078,18191,Hyundai Kona Electric,SUV,39.2,2023
19079,18192,Tata Tiago EV,Hatchback,24.0,2024
19080,18193,Hyundai Kona Electric,SUV,39.2,2020
19081,18194,Tata Punch EV,Hatchback,35.0,2022
19082,18195,Mahindra BE 6,SUV,59.0,2025
19083,18196,MG ZS EV,SUV,50.3,2025
19084,18197,MG ZS EV,SUV,50.3,2024
19085,18198,Tata Tiago EV,Hatchback,24.0,2022
19086,18199,Tata Nexon EV,SUV,30.2,2022
19087,18199,Tata Nexon EV,SUV,30.2,2025
19088,18200,BYD Atto 3,SUV,60.5,2021
19089,18201,Tata Nexon EV,SUV,30.2,2021
19090,18202,Tata Nexon EV,SUV,30.2,2023
19091,18203,Tata Tiago EV,Hatchback,24.0,2023
19092,18204,MG ZS EV,SUV,50.3,2025
19093,18205,BYD Atto 3,SUV,60.5,2023
19094,18206,MG ZS EV,SUV,50.3,2020
19095,18207,Mahindra XUV400,SUV,39.4,2023
19096,18207,Mahindra XUV400,SUV,39.4,2024
19097,18208,BYD Atto 3,SUV,60.5,2024
19098,18209,Tata Tiago EV,Hatchback,24.0,2025
19099,18210,Hyundai Ioniq 5,SUV,72.6,2023
19100,18211,Tata Tiago EV,Hatchback,24.0,2024
19101,18212,Kia EV6,SUV,77.4,2023
19102,18213,Hyundai Kona Electric,SUV,39.2,2020
19103,18214,Tata Punch EV,Hatchback,35.0,2020
19104,18215,Tata Tiago EV,Hatchback,24.0,2020
19105,18216,MG ZS EV,SUV,50.3,2023
19106,18217,MG ZS EV,SUV,50.3,2025
19107,18218,MG ZS EV,SUV,50.3,2022
19108,18219,Mahindra BE 6,SUV,59.0,2022
19109,18220,Hyundai Ioniq 5,SUV,72.6,2020
19110,18221,Hyundai Ioniq 5,SUV,72.6,2021
19111,18221,Mahindra BE 6,SUV,59.0,2021
19112,18222,Hyundai Ioniq 5,SUV,72.6,2024
19113,18223,Hyundai Ioniq 5,SUV,72.6,2021
19114,18224,Mahindra BE 6,SUV,59.0,2020
19115,18225,Kia EV6,SUV,77.4,2025
19116,18226,Tata Punch EV,Hatchback,35.0,2020
19117,18227,Tata Punch EV,Hatchback,35.0,2022
19118,18228,Tata Nexon EV,SUV,30.2,2024
19119,18229,Hyundai Ioniq 5,SUV,72.6,2023
19120,18230,BYD Atto 3,SUV,60.5,2023
19121,18231,Mahindra BE 6,SUV,59.0,2021
19122,18232,Tata Tiago EV,Hatchback,24.0,2025
19123,18233,Mahindra BE 6,SUV,59.0,2021
19124,18234,BYD Atto 3,SUV,60.5,2021
19125,18235,Hyundai Kona Electric,SUV,39.2,2022
19126,18236,Kia EV6,SUV,77.4,2024
19127,18237,Kia EV6,SUV,77.4,2025
19128,18238,Mahindra BE 6,SUV,59.0,2023
19129,18239,BYD Atto 3,SUV,60.5,2021
19130,18240,Kia EV6,SUV,77.4,2023
19131,18241,Tata Nexon EV,SUV,30.2,2022
19132,18242,BYD Atto 3,SUV,60.5,2023
19133,18243,Mahindra BE 6,SUV,59.0,2024
19134,18244,Tata Tiago EV,Hatchback,24.0,2023
19135,18245,Hyundai Ioniq 5,SUV,72.6,2020
19136,18246,Hyundai Ioniq 5,SUV,72.6,2023
19137,18247,Tata Nexon EV,SUV,30.2,2021
19138,18248,Tata Punch EV,Hatchback,35.0,2024
19139,18249,Mahindra BE 6,SUV,59.0,2020
19140,18250,Mahindra XUV400,SUV,39.4,2023
19141,18251,Tata Punch EV,Hatchback,35.0,2023
19142,18252,BYD Atto 3,SUV,60.5,2022
19143,18253,Tata Nexon EV,SUV,30.2,2025
19144,18254,Mahindra XUV400,SUV,39.4,2025
19145,18255,Tata Punch EV,Hatchback,35.0,2021
19146,18256,Hyundai Ioniq 5,SUV,72.6,2021
19147,18257,Mahindra XUV400,SUV,39.4,2021
19148,18258,Tata Punch EV,Hatchback,35.0,2025
19149,18259,Mahindra BE 6,SUV,59.0,2021
19150,18260,Hyundai Ioniq 5,SUV,72.6,2021
19151,18261,Tata Nexon EV,SUV,30.2,2022
19152,18262,Mahindra XUV400,SUV,39.4,2023
19153,18263,Tata Tiago EV,Hatchback,24.0,2023
19154,18264,Mahindra XUV400,SUV,39.4,2022
19155,18265,Tata Nexon EV,SUV,30.2,2022
19156,18266,Tata Tiago EV,Hatchback,24.0,2021
19157,18266,Hyundai Ioniq 5,SUV,72.6,2020
19158,18267,Mahindra XUV400,SUV,39.4,2022
19159,18268,Kia EV6,SUV,77.4,2025
19160,18269,MG ZS EV,SUV,50.3,2025
19161,18270,Tata Punch EV,Hatchback,35.0,2025
19162,18271,Kia EV6,SUV,77.4,2021
19163,18272,Mahindra XUV400,SUV,39.4,2020
19164,18273,Tata Tiago EV,Hatchback,24.0,2025
19165,18274,Mahindra XUV400,SUV,39.4,2021
19166,18275,Mahindra BE 6,SUV,59.0,2022
19167,18276,BYD Atto 3,SUV,60.5,2020
19168,18277,Tata Nexon EV,SUV,30.2,2023
19169,18278,BYD Atto 3,SUV,60.5,2023
19170,18279,Mahindra XUV400,SUV,39.4,2023
19171,18280,Tata Tiago EV,Hatchback,24.0,2025
19172,18281,Hyundai Ioniq 5,SUV,72.6,2023
19173,18282,Tata Punch EV,Hatchback,35.0,2022
19174,18283,BYD Atto 3,SUV,60.5,2023
19175,18284,Tata Tiago EV,Hatchback,24.0,2025
19176,18285,MG ZS EV,SUV,50.3,2023
19177,18286,Kia EV6,SUV,77.4,2025
19178,18287,MG ZS EV,SUV,50.3,2025
19179,18288,Hyundai Kona Electric,SUV,39.2,2023
19180,18289,MG ZS EV,SUV,50.3,2020
19181,18290,MG ZS EV,SUV,50.3,2024
19182,18291,Tata Nexon EV,SUV,30.2,2020
19183,18292,Tata Tiago EV,Hatchback,24.0,2024
19184,18293,Kia EV6,SUV,77.4,2024
19185,18293,MG ZS EV,SUV,50.3,2023
19186,18294,Tata Punch EV,Hatchback,35.0,2024
19187,18295,Tata Tiago EV,Hatchback,24.0,2020
19188,18296,Hyundai Kona Electric,SUV,39.2,2025
19189,18296,BYD Atto 3,SUV,60.5,2024
19190,18297,Hyundai Ioniq 5,SUV,72.6,2020
19191,18298,Tata Punch EV,Hatchback,35.0,2022
19192,18299,Tata Nexon EV,SUV,30.2,2022
19193,18300,Hyundai Kona Electric,SUV,39.2,2022
19194,18301,MG ZS EV,SUV,50.3,2024
19195,18302,MG ZS EV,SUV,50.3,2025
19196,18302,MG ZS EV,SUV,50.3,2023
19197,18303,Tata Tiago EV,Hatchback,24.0,2022
19198,18304,Mahindra BE 6,SUV,59.0,2023
19199,18305,Tata Nexon EV,SUV,30.2,2021
19200,18306,Hyundai Ioniq 5,SUV,72.6,2025
19201,18307,Mahindra BE 6,SUV,59.0,2023
19202,18308,Kia EV6,SUV,77.4,2020
19203,18309,Tata Tiago EV,Hatchback,24.0,2023
19204,18310,Tata Nexon EV,SUV,30.2,2024
19205,18311,MG ZS EV,SUV,50.3,2022
19206,18312,Mahindra XUV400,SUV,39.4,2020
19207,18313,Mahindra XUV400,SUV,39.4,2024
19208,18313,Tata Tiago EV,Hatchback,24.0,2021
19209,18314,Hyundai Kona Electric,SUV,39.2,2021
19210,18315,Hyundai Ioniq 5,SUV,72.6,2021
19211,18316,Mahindra XUV400,SUV,39.4,2024
19212,18317,Tata Nexon EV,SUV,30.2,2024
19213,18318,MG ZS EV,SUV,50.3,2025
19214,18319,BYD Atto 3,SUV,60.5,2021
19215,18320,Hyundai Kona Electric,SUV,39.2,2025
19216,18321,Mahindra XUV400,SUV,39.4,2020
19217,18322,Mahindra BE 6,SUV,59.0,2020
19218,18323,Tata Tiago EV,Hatchback,24.0,2024
19219,18324,Kia EV6,SUV,77.4,2020
19220,18325,Tata Tiago EV,Hatchback,24.0,2021
19221,18325,Hyundai Ioniq 5,SUV,72.6,2024
19222,18326,Tata Nexon EV,SUV,30.2,2025
19223,18327,Mahindra BE 6,SUV,59.0,2021
19224,18328,Tata Punch EV,Hatchback,35.0,2024
19225,18329,Mahindra BE 6,SUV,59.0,2024
19226,18330,Tata Nexon EV,SUV,30.2,2025
19227,18331,Hyundai Ioniq 5,SUV,72.6,2020
19228,18331,Tata Nexon EV,SUV,30.2,2021
19229,18332,MG ZS EV,SUV,50.3,2023
19230,18333,Kia EV6,SUV,77.4,2022
19231,18334,Tata Nexon EV,SUV,30.2,2023
19232,18335,Hyundai Ioniq 5,SUV,72.6,2022
19233,18336,Tata Punch EV,Hatchback,35.0,2023
19234,18337,Tata Punch EV,Hatchback,35.0,2020
19235,18338,Hyundai Ioniq 5,SUV,72.6,2025
19236,18339,Tata Punch EV,Hatchback,35.0,2022
19237,18340,Mahindra XUV400,SUV,39.4,2020
19238,18341,Tata Punch EV,Hatchback,35.0,2021
19239,18342,Mahindra BE 6,SUV,59.0,2025
19240,18343,MG ZS EV,SUV,50.3,2021
19241,18344,Tata Punch EV,Hatchback,35.0,2023
19242,18345,Mahindra BE 6,SUV,59.0,2021
19243,18346,MG ZS EV,SUV,50.3,2024
19244,18347,Tata Punch EV,Hatchback,35.0,2024
19245,18348,MG ZS EV,SUV,50.3,2025
19246,18349,Tata Nexon EV,SUV,30.2,2023
19247,18350,Tata Tiago EV,Hatchback,24.0,2023
19248,18351,Mahindra XUV400,SUV,39.4,2024
19249,18352,Mahindra BE 6,SUV,59.0,2024
19250,18353,Tata Punch EV,Hatchback,35.0,2021
19251,18354,Tata Nexon EV,SUV,30.2,2021
19252,18355,Hyundai Kona Electric,SUV,39.2,2024
19253,18356,BYD Atto 3,SUV,60.5,2025
19254,18357,Hyundai Ioniq 5,SUV,72.6,2022
19255,18358,Mahindra XUV400,SUV,39.4,2024
19256,18359,Mahindra BE 6,SUV,59.0,2020
19257,18360,BYD Atto 3,SUV,60.5,2023
19258,18361,Hyundai Ioniq 5,SUV,72.6,2022
19259,18362,Hyundai Ioniq 5,SUV,72.6,2022
19260,18363,Hyundai Kona Electric,SUV,39.2,2021
19261,18364,Tata Punch EV,Hatchback,35.0,2023
19262,18365,Kia EV6,SUV,77.4,2023
19263,18366,Hyundai Ioniq 5,SUV,72.6,2020
19264,18367,Kia EV6,SUV,77.4,2023
19265,18368,Mahindra BE 6,SUV,59.0,2021
19266,18369,Kia EV6,SUV,77.4,2024
19267,18370,Tata Tiago EV,Hatchback,24.0,2021
19268,18371,MG ZS EV,SUV,50.3,2020
19269,18372,Tata Nexon EV,SUV,30.2,2024
19270,18372,Mahindra XUV400,SUV,39.4,2020
19271,18373,Tata Nexon EV,SUV,30.2,2020
19272,18374,BYD Atto 3,SUV,60.5,2023
19273,18375,Tata Tiago EV,Hatchback,24.0,2023
19274,18376,MG ZS EV,SUV,50.3,2023
19275,18377,Kia EV6,SUV,77.4,2023
19276,18378,Tata Tiago EV,Hatchback,24.0,2023
19277,18379,MG ZS EV,SUV,50.3,2020
19278,18380,Hyundai Kona Electric,SUV,39.2,2024
19279,18381,BYD Atto 3,SUV,60.5,2023
19280,18382,Hyundai Kona Electric,SUV,39.2,2024
19281,18383,BYD Atto 3,SUV,60.5,2022
19282,18384,Hyundai Kona Electric,SUV,39.2,2021
19283,18385,MG ZS EV,SUV,50.3,2023
19284,18386,Tata Tiago EV,Hatchback,24.0,2020
19285,18387,MG ZS EV,SUV,50.3,2024
19286,18388,Mahindra XUV400,SUV,39.4,2025
19287,18389,Hyundai Kona Electric,SUV,39.2,2023
19288,18390,Mahindra XUV400,SUV,39.4,2021
19289,18391,BYD Atto 3,SUV,60.5,2020
19290,18392,BYD Atto 3,SUV,60.5,2024
19291,18393,Tata Punch EV,Hatchback,35.0,2020
19292,18394,BYD Atto 3,SUV,60.5,2023
19293,18395,Tata Punch EV,Hatchback,35.0,2022
19294,18396,Hyundai Kona Electric,SUV,39.2,2025
19295,18397,BYD Atto 3,SUV,60.5,2023
19296,18398,Hyundai Ioniq 5,SUV,72.6,2022
19297,18399,Tata Tiago EV,Hatchback,24.0,2022
19298,18400,Hyundai Kona Electric,SUV,39.2,2024
19299,18401,Mahindra XUV400,SUV,39.4,2021
19300,18402,Mahindra BE 6,SUV,59.0,2023
19301,18403,Mahindra BE 6,SUV,59.0,2020
19302,18404,Hyundai Kona Electric,SUV,39.2,2023
19303,18405,BYD Atto 3,SUV,60.5,2021
19304,18406,MG ZS EV,SUV,50.3,2024
19305,18407,Hyundai Kona Electric,SUV,39.2,2021
19306,18407,Tata Tiago EV,Hatchback,24.0,2021
19307,18408,Tata Nexon EV,SUV,30.2,2024
19308,18409,Tata Punch EV,Hatchback,35.0,2024
19309,18410,Mahindra BE 6,SUV,59.0,2022
19310,18411,BYD Atto 3,SUV,60.5,2022
19311,18412,MG ZS EV,SUV,50.3,2021
19312,18413,Tata Punch EV,Hatchback,35.0,2025
19313,18414,Tata Nexon EV,SUV,30.2,2024
19314,18415,Hyundai Ioniq 5,SUV,72.6,2023
19315,18416,Hyundai Kona Electric,SUV,39.2,2023
19316,18417,Tata Tiago EV,Hatchback,24.0,2025
19317,18418,Mahindra BE 6,SUV,59.0,2024
19318,18419,Tata Tiago EV,Hatchback,24.0,2023
19319,18420,Hyundai Kona Electric,SUV,39.2,2021
19320,18421,Hyundai Kona Electric,SUV,39.2,2021
19321,18421,MG ZS EV,SUV,50.3,2020
19322,18422,BYD Atto 3,SUV,60.5,2023
19323,18422,Tata Punch EV,Hatchback,35.0,2022
19324,18423,Tata Punch EV,Hatchback,35.0,2021
19325,18424,Tata Punch EV,Hatchback,35.0,2025
19326,18425,Tata Tiago EV,Hatchback,24.0,2022
19327,18426,Tata Nexon EV,SUV,30.2,2021
19328,18427,BYD Atto 3,SUV,60.5,2022
19329,18428,Hyundai Kona Electric,SUV,39.2,2021
19330,18429,Kia EV6,SUV,77.4,2021
19331,18430,BYD Atto 3,SUV,60.5,2020
19332,18431,Hyundai Kona Electric,SUV,39.2,2021
19333,18432,Tata Tiago EV,Hatchback,24.0,2023
19334,18433,Tata Nexon EV,SUV,30.2,2020
19335,18434,Mahindra XUV400,SUV,39.4,2023
19336,18435,Hyundai Kona Electric,SUV,39.2,2021
19337,18436,Tata Punch EV,Hatchback,35.0,2020
19338,18437,BYD Atto 3,SUV,60.5,2024
19339,18438,BYD Atto 3,SUV,60.5,2023
19340,18439,Tata Punch EV,Hatchback,35.0,2022
19341,18440,BYD Atto 3,SUV,60.5,2022
19342,18441,Hyundai Ioniq 5,SUV,72.6,2021
19343,18442,Hyundai Ioniq 5,SUV,72.6,2022
19344,18443,BYD Atto 3,SUV,60.5,2022
19345,18444,Tata Punch EV,Hatchback,35.0,2021
19346,18445,Hyundai Kona Electric,SUV,39.2,2022
19347,18445,Kia EV6,SUV,77.4,2025
19348,18446,Kia EV6,SUV,77.4,2023
19349,18446,BYD Atto 3,SUV,60.5,2020
19350,18447,Hyundai Ioniq 5,SUV,72.6,2023
19351,18448,Tata Tiago EV,Hatchback,24.0,2025
19352,18449,BYD Atto 3,SUV,60.5,2022
19353,18449,Kia EV6,SUV,77.4,2020
19354,18450,Mahindra XUV400,SUV,39.4,2024
19355,18451,Tata Nexon EV,SUV,30.2,2022
19356,18452,Tata Punch EV,Hatchback,35.0,2022
19357,18453,BYD Atto 3,SUV,60.5,2020
19358,18454,Hyundai Ioniq 5,SUV,72.6,2021
19359,18455,Tata Punch EV,Hatchback,35.0,2025
19360,18456,BYD Atto 3,SUV,60.5,2022
19361,18457,Tata Nexon EV,SUV,30.2,2025
19362,18458,MG ZS EV,SUV,50.3,2022
19363,18459,Kia EV6,SUV,77.4,2025
19364,18460,Mahindra BE 6,SUV,59.0,2024
19365,18461,Kia EV6,SUV,77.4,2024
19366,18462,Mahindra XUV400,SUV,39.4,2021
19367,18463,Mahindra BE 6,SUV,59.0,2024
19368,18464,Kia EV6,SUV,77.4,2023
19369,18465,Tata Punch EV,Hatchback,35.0,2024
19370,18466,Hyundai Kona Electric,SUV,39.2,2022
19371,18467,Hyundai Kona Electric,SUV,39.2,2023
19372,18468,BYD Atto 3,SUV,60.5,2021
19373,18469,Tata Punch EV,Hatchback,35.0,2024
19374,18470,MG ZS EV,SUV,50.3,2024
19375,18471,Tata Tiago EV,Hatchback,24.0,2024
19376,18472,Mahindra BE 6,SUV,59.0,2022
19377,18473,Tata Nexon EV,SUV,30.2,2023
19378,18474,Hyundai Ioniq 5,SUV,72.6,2023
19379,18475,Tata Tiago EV,Hatchback,24.0,2024
19380,18476,Hyundai Kona Electric,SUV,39.2,2022
19381,18476,Tata Nexon EV,SUV,30.2,2021
19382,18477,Tata Nexon EV,SUV,30.2,2022
19383,18478,Hyundai Kona Electric,SUV,39.2,2021
19384,18479,Tata Punch EV,Hatchback,35.0,2024
19385,18480,Hyundai Ioniq 5,SUV,72.6,2020
19386,18481,MG ZS EV,SUV,50.3,2023
19387,18482,Kia EV6,SUV,77.4,2021
19388,18483,Hyundai Ioniq 5,SUV,72.6,2020
19389,18484,Tata Tiago EV,Hatchback,24.0,2025
19390,18485,Tata Tiago EV,Hatchback,24.0,2025
19391,18486,Hyundai Kona Electric,SUV,39.2,2020
19392,18487,Mahindra XUV400,SUV,39.4,2023
19393,18488,Tata Tiago EV,Hatchback,24.0,2025
19394,18489,Hyundai Ioniq 5,SUV,72.6,2020
19395,18490,Hyundai Kona Electric,SUV,39.2,2022
19396,18491,Tata Nexon EV,SUV,30.2,2020
19397,18491,Kia EV6,SUV,77.4,2024
19398,18492,Tata Punch EV,Hatchback,35.0,2021
19399,18493,Tata Nexon EV,SUV,30.2,2025
19400,18494,Tata Punch EV,Hatchback,35.0,2023
19401,18495,Hyundai Ioniq 5,SUV,72.6,2021
19402,18496,Tata Tiago EV,Hatchback,24.0,2022
19403,18497,Kia EV6,SUV,77.4,2025
19404,18498,Kia EV6,SUV,77.4,2024
19405,18499,Hyundai Ioniq 5,SUV,72.6,2024
19406,18500,Mahindra XUV400,SUV,39.4,2020
19407,18501,Hyundai Ioniq 5,SUV,72.6,2022
19408,18501,Mahindra XUV400,SUV,39.4,2021
19409,18502,Tata Punch EV,Hatchback,35.0,2024
19410,18503,Tata Punch EV,Hatchback,35.0,2025
19411,18504,Mahindra XUV400,SUV,39.4,2025
19412,18505,Mahindra XUV400,SUV,39.4,2021
19413,18506,Kia EV6,SUV,77.4,2021
19414,18507,Kia EV6,SUV,77.4,2020
19415,18508,Tata Tiago EV,Hatchback,24.0,2025
19416,18509,Tata Punch EV,Hatchback,35.0,2021
19417,18510,MG ZS EV,SUV,50.3,2025
19418,18511,BYD Atto 3,SUV,60.5,2021
19419,18512,Tata Punch EV,Hatchback,35.0,2020
19420,18513,MG ZS EV,SUV,50.3,2020
19421,18514,MG ZS EV,SUV,50.3,2023
19422,18515,Tata Tiago EV,Hatchback,24.0,2020
19423,18516,Hyundai Ioniq 5,SUV,72.6,2022
19424,18517,Kia EV6,SUV,77.4,2025
19425,18518,Hyundai Kona Electric,SUV,39.2,2020
19426,18518,BYD Atto 3,SUV,60.5,2022
19427,18519,Tata Nexon EV,SUV,30.2,2020
19428,18520,Tata Punch EV,Hatchback,35.0,2024
19429,18521,Tata Nexon EV,SUV,30.2,2021
19430,18522,Kia EV6,SUV,77.4,2022
19431,18523,MG ZS EV,SUV,50.3,2021
19432,18524,Tata Punch EV,Hatchback,35.0,2021
19433,18525,Hyundai Kona Electric,SUV,39.2,2025
19434,18526,MG ZS EV,SUV,50.3,2023
19435,18527,Tata Tiago EV,Hatchback,24.0,2020
19436,18528,BYD Atto 3,SUV,60.5,2021
19437,18529,Tata Nexon EV,SUV,30.2,2024
19438,18530,Mahindra XUV400,SUV,39.4,2024
19439,18531,Hyundai Kona Electric,SUV,39.2,2022
19440,18532,Mahindra BE 6,SUV,59.0,2023
19441,18533,Tata Tiago EV,Hatchback,24.0,2022
19442,18534,Mahindra XUV400,SUV,39.4,2022
19443,18535,Hyundai Kona Electric,SUV,39.2,2021
19444,18536,Hyundai Kona Electric,SUV,39.2,2024
19445,18537,Tata Nexon EV,SUV,30.2,2020
19446,18538,Hyundai Ioniq 5,SUV,72.6,2022
19447,18538,Mahindra XUV400,SUV,39.4,2025
19448,18539,Tata Nexon EV,SUV,30.2,2024
19449,18540,Mahindra BE 6,SUV,59.0,2024
19450,18541,Hyundai Kona Electric,SUV,39.2,2021
19451,18542,Hyundai Kona Electric,SUV,39.2,2024
19452,18543,Tata Nexon EV,SUV,30.2,2023
19453,18543,Kia EV6,SUV,77.4,2021
19454,18544,BYD Atto 3,SUV,60.5,2022
19455,18545,MG ZS EV,SUV,50.3,2021
19456,18546,Hyundai Kona Electric,SUV,39.2,2022
19457,18547,Hyundai Ioniq 5,SUV,72.6,2020
19458,18548,Mahindra BE 6,SUV,59.0,2022
19459,18549,Tata Nexon EV,SUV,30.2,2020
19460,18550,Hyundai Ioniq 5,SUV,72.6,2021
19461,18551,Hyundai Ioniq 5,SUV,72.6,2023
19462,18552,Hyundai Kona Electric,SUV,39.2,2025
19463,18553,Mahindra XUV400,SUV,39.4,2021
19464,18554,Hyundai Ioniq 5,SUV,72.6,2022
19465,18555,BYD Atto 3,SUV,60.5,2025
19466,18556,Kia EV6,SUV,77.4,2024
19467,18556,MG ZS EV,SUV,50.3,2022
19468,18557,BYD Atto 3,SUV,60.5,2024
19469,18558,Mahindra BE 6,SUV,59.0,2021
19470,18559,Mahindra XUV400,SUV,39.4,2023
19471,18559,Tata Nexon EV,SUV,30.2,2023
19472,18560,Mahindra BE 6,SUV,59.0,2021
19473,18560,Hyundai Ioniq 5,SUV,72.6,2023
19474,18561,MG ZS EV,SUV,50.3,2024
19475,18561,Tata Nexon EV,SUV,30.2,2021
19476,18562,Hyundai Ioniq 5,SUV,72.6,2021
19477,18563,Tata Nexon EV,SUV,30.2,2022
19478,18564,BYD Atto 3,SUV,60.5,2023
19479,18565,MG ZS EV,SUV,50.3,2025
19480,18566,Hyundai Ioniq 5,SUV,72.6,2021
19481,18567,Mahindra BE 6,SUV,59.0,2023
19482,18568,Mahindra BE 6,SUV,59.0,2020
19483,18569,Mahindra BE 6,SUV,59.0,2020
19484,18570,MG ZS EV,SUV,50.3,2020
19485,18571,Tata Nexon EV,SUV,30.2,2020
19486,18572,Tata Nexon EV,SUV,30.2,2023
19487,18573,BYD Atto 3,SUV,60.5,2024
19488,18574,Hyundai Kona Electric,SUV,39.2,2025
19489,18575,Kia EV6,SUV,77.4,2021
19490,18576,Mahindra XUV400,SUV,39.4,2025
19491,18577,Tata Punch EV,Hatchback,35.0,2025
19492,18578,Hyundai Ioniq 5,SUV,72.6,2024
19493,18579,Hyundai Ioniq 5,SUV,72.6,2024
19494,18580,Mahindra XUV400,SUV,39.4,2020
19495,18581,Tata Tiago EV,Hatchback,24.0,2023
19496,18582,BYD Atto 3,SUV,60.5,2024
19497,18583,MG ZS EV,SUV,50.3,2020
19498,18584,Kia EV6,SUV,77.4,2021
19499,18585,Mahindra XUV400,SUV,39.4,2020
19500,18586,Mahindra XUV400,SUV,39.4,2021
19501,18587,MG ZS EV,SUV,50.3,2021
19502,18588,Tata Tiago EV,Hatchback,24.0,2020
19503,18589,Mahindra BE 6,SUV,59.0,2025
19504,18590,Mahindra XUV400,SUV,39.4,2021
19505,18591,Mahindra XUV400,SUV,39.4,2020
19506,18592,MG ZS EV,SUV,50.3,2022
19507,18593,BYD Atto 3,SUV,60.5,2022
19508,18594,Tata Tiago EV,Hatchback,24.0,2023
19509,18595,Tata Nexon EV,SUV,30.2,2020
19510,18596,Tata Tiago EV,Hatchback,24.0,2022
19511,18597,MG ZS EV,SUV,50.3,2023
19512,18598,Hyundai Ioniq 5,SUV,72.6,2024
19513,18599,Kia EV6,SUV,77.4,2022
19514,18600,Tata Punch EV,Hatchback,35.0,2020
19515,18601,Kia EV6,SUV,77.4,2020
19516,18602,Mahindra BE 6,SUV,59.0,2020
19517,18603,Tata Tiago EV,Hatchback,24.0,2021
19518,18604,Mahindra BE 6,SUV,59.0,2020
19519,18605,Kia EV6,SUV,77.4,2022
19520,18606,BYD Atto 3,SUV,60.5,2021
19521,18607,Tata Tiago EV,Hatchback,24.0,2022
19522,18607,Kia EV6,SUV,77.4,2022
19523,18608,Hyundai Ioniq 5,SUV,72.6,2023
19524,18609,BYD Atto 3,SUV,60.5,2025
19525,18610,Tata Punch EV,Hatchback,35.0,2024
19526,18611,Mahindra BE 6,SUV,59.0,2020
19527,18612,MG ZS EV,SUV,50.3,2020
19528,18613,Kia EV6,SUV,77.4,2022
19529,18614,Tata Punch EV,Hatchback,35.0,2025
19530,18615,BYD Atto 3,SUV,60.5,2025
19531,18616,Hyundai Ioniq 5,SUV,72.6,2021
19532,18617,Mahindra XUV400,SUV,39.4,2021
19533,18618,Tata Tiago EV,Hatchback,24.0,2023
19534,18619,MG ZS EV,SUV,50.3,2021
19535,18619,BYD Atto 3,SUV,60.5,2022
19536,18620,Mahindra XUV400,SUV,39.4,2024
19537,18621,Tata Nexon EV,SUV,30.2,2021
19538,18622,Tata Tiago EV,Hatchback,24.0,2023
19539,18622,BYD Atto 3,SUV,60.5,2023
19540,18623,Tata Punch EV,Hatchback,35.0,2020
19541,18624,Hyundai Kona Electric,SUV,39.2,2020
19542,18625,Tata Nexon EV,SUV,30.2,2023
19543,18626,Tata Tiago EV,Hatchback,24.0,2022
19544,18627,Tata Tiago EV,Hatchback,24.0,2022
19545,18627,Tata Nexon EV,SUV,30.2,2025
19546,18628,Tata Nexon EV,SUV,30.2,2024
19547,18629,Kia EV6,SUV,77.4,2023
19548,18630,Mahindra XUV400,SUV,39.4,2021
19549,18631,Tata Nexon EV,SUV,30.2,2024
19550,18632,Kia EV6,SUV,77.4,2020
19551,18633,MG ZS EV,SUV,50.3,2024
19552,18634,MG ZS EV,SUV,50.3,2022
19553,18635,Mahindra XUV400,SUV,39.4,2020
19554,18636,Hyundai Kona Electric,SUV,39.2,2020
19555,18637,BYD Atto 3,SUV,60.5,2023
19556,18638,MG ZS EV,SUV,50.3,2020
19557,18639,Tata Tiago EV,Hatchback,24.0,2025
19558,18640,Tata Nexon EV,SUV,30.2,2023
19559,18641,Tata Nexon EV,SUV,30.2,2024
19560,18642,Tata Nexon EV,SUV,30.2,2024
19561,18643,Mahindra BE 6,SUV,59.0,2025
19562,18644,Tata Punch EV,Hatchback,35.0,2020
19563,18645,Hyundai Kona Electric,SUV,39.2,2023
19564,18646,Kia EV6,SUV,77.4,2021
19565,18646,Hyundai Ioniq 5,SUV,72.6,2021
19566,18647,Tata Tiago EV,Hatchback,24.0,2025
19567,18648,BYD Atto 3,SUV,60.5,2025
19568,18649,Mahindra BE 6,SUV,59.0,2021
19569,18650,Tata Nexon EV,SUV,30.2,2024
19570,18651,Tata Nexon EV,SUV,30.2,2022
19571,18652,Kia EV6,SUV,77.4,2024
19572,18652,Tata Punch EV,Hatchback,35.0,2024
19573,18653,Mahindra XUV400,SUV,39.4,2020
19574,18654,Tata Nexon EV,SUV,30.2,2022
19575,18655,Tata Nexon EV,SUV,30.2,2024
19576,18656,Hyundai Kona Electric,SUV,39.2,2024
19577,18657,Hyundai Kona Electric,SUV,39.2,2024
19578,18658,Mahindra XUV400,SUV,39.4,2020
19579,18659,Hyundai Kona Electric,SUV,39.2,2025
19580,18660,BYD Atto 3,SUV,60.5,2021
19581,18661,BYD Atto 3,SUV,60.5,2023
19582,18661,Mahindra XUV400,SUV,39.4,2022
19583,18662,Mahindra BE 6,SUV,59.0,2024
19584,18663,Mahindra BE 6,SUV,59.0,2025
19585,18664,Hyundai Kona Electric,SUV,39.2,2021
19586,18665,Tata Tiago EV,Hatchback,24.0,2025
19587,18666,Tata Tiago EV,Hatchback,24.0,2021
19588,18667,Mahindra XUV400,SUV,39.4,2020
19589,18668,Tata Punch EV,Hatchback,35.0,2025
19590,18669,Kia EV6,SUV,77.4,2025
19591,18670,Tata Punch EV,Hatchback,35.0,2021
19592,18671,Tata Nexon EV,SUV,30.2,2020
19593,18672,Tata Punch EV,Hatchback,35.0,2022
19594,18673,Tata Tiago EV,Hatchback,24.0,2025
19595,18674,Tata Punch EV,Hatchback,35.0,2023
19596,18675,Tata Nexon EV,SUV,30.2,2021
19597,18676,BYD Atto 3,SUV,60.5,2024
19598,18677,Kia EV6,SUV,77.4,2022
19599,18678,Mahindra BE 6,SUV,59.0,2022
19600,18679,MG ZS EV,SUV,50.3,2025
19601,18680,Kia EV6,SUV,77.4,2022
19602,18681,Hyundai Kona Electric,SUV,39.2,2021
19603,18682,MG ZS EV,SUV,50.3,2021
19604,18683,Mahindra BE 6,SUV,59.0,2020
19605,18684,MG ZS EV,SUV,50.3,2021
19606,18685,Tata Punch EV,Hatchback,35.0,2021
19607,18686,Hyundai Ioniq 5,SUV,72.6,2023
19608,18687,Tata Punch EV,Hatchback,35.0,2025
19609,18688,Tata Tiago EV,Hatchback,24.0,2025
19610,18689,Tata Nexon EV,SUV,30.2,2020
19611,18690,Mahindra XUV400,SUV,39.4,2023
19612,18691,Hyundai Kona Electric,SUV,39.2,2024
19613,18692,Hyundai Ioniq 5,SUV,72.6,2025
19614,18693,MG ZS EV,SUV,50.3,2020
19615,18693,Kia EV6,SUV,77.4,2024
19616,18694,Tata Nexon EV,SUV,30.2,2022
19617,18695,Mahindra BE 6,SUV,59.0,2022
19618,18696,MG ZS EV,SUV,50.3,2025
19619,18697,Hyundai Ioniq 5,SUV,72.6,2023
19620,18698,Tata Nexon EV,SUV,30.2,2022
19621,18699,BYD Atto 3,SUV,60.5,2024
19622,18700,Mahindra XUV400,SUV,39.4,2024
19623,18701,Tata Nexon EV,SUV,30.2,2025
19624,18702,Tata Punch EV,Hatchback,35.0,2020
19625,18703,Mahindra XUV400,SUV,39.4,2020
19626,18704,Tata Punch EV,Hatchback,35.0,2020
19627,18704,Tata Nexon EV,SUV,30.2,2022
19628,18705,MG ZS EV,SUV,50.3,2024
19629,18706,MG ZS EV,SUV,50.3,2024
19630,18707,Tata Punch EV,Hatchback,35.0,2022
19631,18707,Mahindra XUV400,SUV,39.4,2022
19632,18708,Tata Tiago EV,Hatchback,24.0,2025
19633,18709,Mahindra BE 6,SUV,59.0,2025
19634,18710,Kia EV6,SUV,77.4,2021
19635,18711,Hyundai Ioniq 5,SUV,72.6,2023
19636,18712,Tata Nexon EV,SUV,30.2,2023
19637,18713,Tata Tiago EV,Hatchback,24.0,2024
19638,18714,Hyundai Ioniq 5,SUV,72.6,2024
19639,18715,BYD Atto 3,SUV,60.5,2020
19640,18716,Hyundai Kona Electric,SUV,39.2,2025
19641,18717,Kia EV6,SUV,77.4,2020
19642,18718,Tata Tiago EV,Hatchback,24.0,2024
19643,18719,BYD Atto 3,SUV,60.5,2024
19644,18720,Mahindra XUV400,SUV,39.4,2021
19645,18721,Tata Punch EV,Hatchback,35.0,2025
19646,18721,MG ZS EV,SUV,50.3,2020
19647,18722,Kia EV6,SUV,77.4,2022
19648,18723,Mahindra BE 6,SUV,59.0,2024
19649,18724,BYD Atto 3,SUV,60.5,2020
19650,18725,MG ZS EV,SUV,50.3,2023
19651,18725,Mahindra XUV400,SUV,39.4,2025
19652,18726,Tata Tiago EV,Hatchback,24.0,2021
19653,18727,Kia EV6,SUV,77.4,2022
19654,18728,Mahindra XUV400,SUV,39.4,2025
19655,18729,BYD Atto 3,SUV,60.5,2025
19656,18730,Tata Punch EV,Hatchback,35.0,2020
19657,18731,Mahindra BE 6,SUV,59.0,2024
19658,18732,Tata Tiago EV,Hatchback,24.0,2024
19659,18733,Mahindra BE 6,SUV,59.0,2025
19660,18734,Hyundai Ioniq 5,SUV,72.6,2021
19661,18735,Mahindra XUV400,SUV,39.4,2024
19662,18736,Hyundai Kona Electric,SUV,39.2,2022
19663,18737,Hyundai Kona Electric,SUV,39.2,2022
19664,18738,MG ZS EV,SUV,50.3,2024
19665,18739,Kia EV6,SUV,77.4,2020
19666,18740,Tata Nexon EV,SUV,30.2,2021
19667,18741,Mahindra XUV400,SUV,39.4,2024
19668,18741,Tata Nexon EV,SUV,30.2,2021
19669,18742,Tata Punch EV,Hatchback,35.0,2022
19670,18743,Mahindra XUV400,SUV,39.4,2024
19671,18744,Kia EV6,SUV,77.4,2025
19672,18745,MG ZS EV,SUV,50.3,2025
19673,18746,Mahindra BE 6,SUV,59.0,2020
19674,18747,Tata Punch EV,Hatchback,35.0,2024
19675,18748,Mahindra XUV400,SUV,39.4,2025
19676,18749,Mahindra BE 6,SUV,59.0,2022
19677,18750,Kia EV6,SUV,77.4,2025
19678,18751,Hyundai Kona Electric,SUV,39.2,2025
19679,18752,Mahindra XUV400,SUV,39.4,2023
19680,18753,Hyundai Kona Electric,SUV,39.2,2024
19681,18754,Hyundai Ioniq 5,SUV,72.6,2023
19682,18755,Hyundai Ioniq 5,SUV,72.6,2024
19683,18756,Hyundai Ioniq 5,SUV,72.6,2020
19684,18757,Tata Tiago EV,Hatchback,24.0,2023
19685,18758,Mahindra XUV400,SUV,39.4,2024
19686,18759,Hyundai Kona Electric,SUV,39.2,2024
19687,18760,MG ZS EV,SUV,50.3,2022
19688,18761,Tata Punch EV,Hatchback,35.0,2024
19689,18762,Hyundai Ioniq 5,SUV,72.6,2024
19690,18763,Hyundai Ioniq 5,SUV,72.6,2021
19691,18764,Mahindra XUV400,SUV,39.4,2025
19692,18765,Kia EV6,SUV,77.4,2020
19693,18766,Kia EV6,SUV,77.4,2025
19694,18767,Hyundai Ioniq 5,SUV,72.6,2022
19695,18768,BYD Atto 3,SUV,60.5,2021
19696,18769,Tata Punch EV,Hatchback,35.0,2024
19697,18770,Mahindra BE 6,SUV,59.0,2023
19698,18771,Hyundai Kona Electric,SUV,39.2,2023
19699,18772,Hyundai Kona Electric,SUV,39.2,2024
19700,18773,Mahindra XUV400,SUV,39.4,2023
19701,18774,Mahindra BE 6,SUV,59.0,2021
19702,18775,Tata Nexon EV,SUV,30.2,2024
19703,18776,Mahindra BE 6,SUV,59.0,2020
19704,18777,Tata Tiago EV,Hatchback,24.0,2022
19705,18778,Mahindra BE 6,SUV,59.0,2021
19706,18779,Hyundai Ioniq 5,SUV,72.6,2022
19707,18780,Tata Punch EV,Hatchback,35.0,2023
19708,18781,Mahindra XUV400,SUV,39.4,2021
19709,18782,Mahindra BE 6,SUV,59.0,2022
19710,18783,Kia EV6,SUV,77.4,2025
19711,18784,Hyundai Kona Electric,SUV,39.2,2023
19712,18784,MG ZS EV,SUV,50.3,2020
19713,18785,Kia EV6,SUV,77.4,2025
19714,18786,Kia EV6,SUV,77.4,2025
19715,18787,BYD Atto 3,SUV,60.5,2020
19716,18788,Tata Punch EV,Hatchback,35.0,2024
19717,18789,BYD Atto 3,SUV,60.5,2020
19718,18790,Tata Punch EV,Hatchback,35.0,2024
19719,18791,Hyundai Kona Electric,SUV,39.2,2024
19720,18792,Mahindra XUV400,SUV,39.4,2020
19721,18793,BYD Atto 3,SUV,60.5,2022
19722,18794,Mahindra XUV400,SUV,39.4,2023
19723,18795,Tata Nexon EV,SUV,30.2,2022
19724,18796,MG ZS EV,SUV,50.3,2021
19725,18797,Hyundai Ioniq 5,SUV,72.6,2021
19726,18798,Kia EV6,SUV,77.4,2021
19727,18799,BYD Atto 3,SUV,60.5,2021
19728,18800,Tata Tiago EV,Hatchback,24.0,2020
19729,18801,Mahindra BE 6,SUV,59.0,2025
19730,18802,Hyundai Kona Electric,SUV,39.2,2024
19731,18803,Mahindra XUV400,SUV,39.4,2024
19732,18804,Hyundai Ioniq 5,SUV,72.6,2020
19733,18804,Tata Tiago EV,Hatchback,24.0,2023
19734,18805,Tata Punch EV,Hatchback,35.0,2024
19735,18806,Tata Punch EV,Hatchback,35.0,2022
19736,18807,Hyundai Ioniq 5,SUV,72.6,2020
19737,18808,MG ZS EV,SUV,50.3,2020
19738,18809,MG ZS EV,SUV,50.3,2023
19739,18810,Kia EV6,SUV,77.4,2021
19740,18811,Mahindra XUV400,SUV,39.4,2021
19741,18812,Tata Tiago EV,Hatchback,24.0,2023
19742,18813,Hyundai Ioniq 5,SUV,72.6,2022
19743,18814,Tata Tiago EV,Hatchback,24.0,2023
19744,18815,Tata Nexon EV,SUV,30.2,2025
19745,18816,Tata Tiago EV,Hatchback,24.0,2022
19746,18817,Tata Tiago EV,Hatchback,24.0,2024
19747,18818,Hyundai Kona Electric,SUV,39.2,2022
19748,18819,Tata Punch EV,Hatchback,35.0,2021
19749,18820,Kia EV6,SUV,77.4,2025
19750,18821,Tata Punch EV,Hatchback,35.0,2023
19751,18822,BYD Atto 3,SUV,60.5,2024
19752,18823,Mahindra BE 6,SUV,59.0,2025
19753,18824,Tata Nexon EV,SUV,30.2,2020
19754,18825,Mahindra XUV400,SUV,39.4,2024
19755,18826,MG ZS EV,SUV,50.3,2021
19756,18827,Mahindra XUV400,SUV,39.4,2023
19757,18828,Tata Nexon EV,SUV,30.2,2021
19758,18829,Hyundai Kona Electric,SUV,39.2,2024
19759,18830,MG ZS EV,SUV,50.3,2020
19760,18831,Tata Tiago EV,Hatchback,24.0,2025
19761,18832,Kia EV6,SUV,77.4,2022
19762,18833,Mahindra BE 6,SUV,59.0,2022
19763,18834,Hyundai Ioniq 5,SUV,72.6,2020
19764,18835,Tata Tiago EV,Hatchback,24.0,2024
19765,18836,Hyundai Ioniq 5,SUV,72.6,2022
19766,18837,Hyundai Ioniq 5,SUV,72.6,2022
19767,18838,Tata Punch EV,Hatchback,35.0,2020
19768,18839,Tata Nexon EV,SUV,30.2,2023
19769,18840,Tata Punch EV,Hatchback,35.0,2023
19770,18841,BYD Atto 3,SUV,60.5,2022
19771,18842,BYD Atto 3,SUV,60.5,2025
19772,18843,Tata Tiago EV,Hatchback,24.0,2023
19773,18844,Hyundai Kona Electric,SUV,39.2,2025
19774,18845,MG ZS EV,SUV,50.3,2021
19775,18846,Kia EV6,SUV,77.4,2021
19776,18847,Kia EV6,SUV,77.4,2025
19777,18848,Tata Punch EV,Hatchback,35.0,2025
19778,18849,Tata Tiago EV,Hatchback,24.0,2022
19779,18850,BYD Atto 3,SUV,60.5,2023
19780,18851,BYD Atto 3,SUV,60.5,2023
19781,18851,Tata Punch EV,Hatchback,35.0,2022
19782,18852,Tata Tiago EV,Hatchback,24.0,2024
19783,18853,Hyundai Kona Electric,SUV,39.2,2020
19784,18854,MG ZS EV,SUV,50.3,2023
19785,18855,Hyundai Kona Electric,SUV,39.2,2022
19786,18856,Tata Nexon EV,SUV,30.2,2023
19787,18857,BYD Atto 3,SUV,60.5,2024
19788,18858,Mahindra XUV400,SUV,39.4,2025
19789,18859,Mahindra BE 6,SUV,59.0,2022
19790,18860,Hyundai Ioniq 5,SUV,72.6,2021
19791,18861,Tata Nexon EV,SUV,30.2,2021
19792,18862,Tata Punch EV,Hatchback,35.0,2022
19793,18863,Mahindra BE 6,SUV,59.0,2020
19794,18864,Tata Punch EV,Hatchback,35.0,2024
19795,18865,Tata Punch EV,Hatchback,35.0,2023
19796,18866,Mahindra XUV400,SUV,39.4,2024
19797,18867,Tata Tiago EV,Hatchback,24.0,2023
19798,18868,Tata Punch EV,Hatchback,35.0,2025
19799,18869,Hyundai Kona Electric,SUV,39.2,2024
19800,18869,BYD Atto 3,SUV,60.5,2023
19801,18870,Tata Tiago EV,Hatchback,24.0,2023
19802,18871,BYD Atto 3,SUV,60.5,2020
19803,18872,Hyundai Ioniq 5,SUV,72.6,2024
19804,18873,Hyundai Kona Electric,SUV,39.2,2024
19805,18874,Mahindra XUV400,SUV,39.4,2022
19806,18875,Mahindra XUV400,SUV,39.4,2021
19807,18876,Tata Tiago EV,Hatchback,24.0,2021
19808,18877,BYD Atto 3,SUV,60.5,2021
19809,18878,Tata Nexon EV,SUV,30.2,2024
19810,18879,Hyundai Kona Electric,SUV,39.2,2025
19811,18880,Hyundai Kona Electric,SUV,39.2,2024
19812,18881,Mahindra BE 6,SUV,59.0,2024
19813,18882,Hyundai Ioniq 5,SUV,72.6,2024
19814,18883,MG ZS EV,SUV,50.3,2020
19815,18884,Tata Nexon EV,SUV,30.2,2025
19816,18885,Mahindra BE 6,SUV,59.0,2025
19817,18886,BYD Atto 3,SUV,60.5,2024
19818,18887,Tata Nexon EV,SUV,30.2,2020
19819,18888,BYD Atto 3,SUV,60.5,2022
19820,18889,Mahindra XUV400,SUV,39.4,2024
19821,18890,Tata Punch EV,Hatchback,35.0,2024
19822,18891,Mahindra BE 6,SUV,59.0,2020
19823,18892,Mahindra BE 6,SUV,59.0,2025
19824,18893,Kia EV6,SUV,77.4,2023
19825,18894,Kia EV6,SUV,77.4,2023
19826,18895,Mahindra XUV400,SUV,39.4,2024
19827,18896,Mahindra XUV400,SUV,39.4,2020
19828,18897,MG ZS EV,SUV,50.3,2022
19829,18898,Tata Punch EV,Hatchback,35.0,2022
19830,18899,BYD Atto 3,SUV,60.5,2025
19831,18900,Mahindra BE 6,SUV,59.0,2022
19832,18900,MG ZS EV,SUV,50.3,2025
19833,18901,Tata Tiago EV,Hatchback,24.0,2021
19834,18902,MG ZS EV,SUV,50.3,2025
19835,18903,Tata Punch EV,Hatchback,35.0,2025
19836,18904,Tata Tiago EV,Hatchback,24.0,2022
19837,18905,Mahindra XUV400,SUV,39.4,2020
19838,18906,Mahindra XUV400,SUV,39.4,2024
19839,18907,Tata Nexon EV,SUV,30.2,2024
19840,18908,Mahindra BE 6,SUV,59.0,2020
19841,18909,BYD Atto 3,SUV,60.5,2020
19842,18910,Mahindra BE 6,SUV,59.0,2024
19843,18911,MG ZS EV,SUV,50.3,2022
19844,18912,Tata Nexon EV,SUV,30.2,2024
19845,18913,Mahindra BE 6,SUV,59.0,2022
19846,18914,BYD Atto 3,SUV,60.5,2021
19847,18915,Hyundai Ioniq 5,SUV,72.6,2020
19848,18916,Mahindra BE 6,SUV,59.0,2020
19849,18917,Hyundai Kona Electric,SUV,39.2,2023
19850,18918,Mahindra XUV400,SUV,39.4,2023
19851,18919,Tata Punch EV,Hatchback,35.0,2025
19852,18920,MG ZS EV,SUV,50.3,2022
19853,18921,MG ZS EV,SUV,50.3,2022
19854,18922,Tata Tiago EV,Hatchback,24.0,2025
19855,18923,Tata Punch EV,Hatchback,35.0,2023
19856,18924,Mahindra BE 6,SUV,59.0,2023
19857,18925,Mahindra BE 6,SUV,59.0,2025
19858,18925,Tata Punch EV,Hatchback,35.0,2020
19859,18926,Tata Nexon EV,SUV,30.2,2022
19860,18927,Mahindra XUV400,SUV,39.4,2022
19861,18928,BYD Atto 3,SUV,60.5,2022
19862,18929,BYD Atto 3,SUV,60.5,2025
19863,18930,Hyundai Kona Electric,SUV,39.2,2025
19864,18930,Mahindra BE 6,SUV,59.0,2020
19865,18931,Mahindra XUV400,SUV,39.4,2023
19866,18932,Hyundai Ioniq 5,SUV,72.6,2024
19867,18933,Mahindra BE 6,SUV,59.0,2021
19868,18934,Tata Nexon EV,SUV,30.2,2021
19869,18935,Tata Tiago EV,Hatchback,24.0,2024
19870,18936,MG ZS EV,SUV,50.3,2021
19871,18937,Mahindra XUV400,SUV,39.4,2025
19872,18938,Mahindra XUV400,SUV,39.4,2024
19873,18938,BYD Atto 3,SUV,60.5,2024
19874,18939,Tata Tiago EV,Hatchback,24.0,2023
19875,18940,Hyundai Kona Electric,SUV,39.2,2024
19876,18941,BYD Atto 3,SUV,60.5,2022
19877,18942,Tata Punch EV,Hatchback,35.0,2021
19878,18943,Kia EV6,SUV,77.4,2022
19879,18944,Mahindra XUV400,SUV,39.4,2024
19880,18945,Tata Punch EV,Hatchback,35.0,2023
19881,18946,MG ZS EV,SUV,50.3,2020
19882,18947,Mahindra XUV400,SUV,39.4,2023
19883,18948,Tata Nexon EV,SUV,30.2,2020
19884,18949,Hyundai Kona Electric,SUV,39.2,2022
19885,18950,BYD Atto 3,SUV,60.5,2021
19886,18951,Hyundai Ioniq 5,SUV,72.6,2023
19887,18952,Tata Tiago EV,Hatchback,24.0,2022
19888,18953,MG ZS EV,SUV,50.3,2022
19889,18954,BYD Atto 3,SUV,60.5,2024
19890,18955,BYD Atto 3,SUV,60.5,2024
19891,18956,Tata Punch EV,Hatchback,35.0,2025
19892,18957,Hyundai Kona Electric,SUV,39.2,2023
19893,18958,Mahindra XUV400,SUV,39.4,2024
19894,18959,Kia EV6,SUV,77.4,2024
19895,18960,Kia EV6,SUV,77.4,2022
19896,18961,Hyundai Kona Electric,SUV,39.2,2025
19897,18962,BYD Atto 3,SUV,60.5,2023
19898,18963,Hyundai Ioniq 5,SUV,72.6,2025
19899,18964,Hyundai Ioniq 5,SUV,72.6,2020
19900,18965,Kia EV6,SUV,77.4,2025
19901,18966,Tata Punch EV,Hatchback,35.0,2021
19902,18967,Hyundai Ioniq 5,SUV,72.6,2024
19903,18968,Hyundai Kona Electric,SUV,39.2,2023
19904,18968,Hyundai Ioniq 5,SUV,72.6,2022
19905,18969,BYD Atto 3,SUV,60.5,2020
19906,18970,Mahindra XUV400,SUV,39.4,2024
19907,18971,MG ZS EV,SUV,50.3,2022
19908,18972,Hyundai Kona Electric,SUV,39.2,2022
19909,18973,MG ZS EV,SUV,50.3,2022
19910,18974,Tata Tiago EV,Hatchback,24.0,2022
19911,18975,Tata Nexon EV,SUV,30.2,2022
19912,18976,MG ZS EV,SUV,50.3,2025
19913,18977,BYD Atto 3,SUV,60.5,2023
19914,18978,Hyundai Ioniq 5,SUV,72.6,2024
19915,18979,Mahindra BE 6,SUV,59.0,2023
19916,18980,Hyundai Kona Electric,SUV,39.2,2023
19917,18981,Hyundai Kona Electric,SUV,39.2,2025
19918,18982,Hyundai Ioniq 5,SUV,72.6,2025
19919,18983,Tata Tiago EV,Hatchback,24.0,2022
19920,18984,Tata Nexon EV,SUV,30.2,2024
19921,18985,Tata Punch EV,Hatchback,35.0,2024
19922,18986,Tata Tiago EV,Hatchback,24.0,2025
19923,18987,Hyundai Kona Electric,SUV,39.2,2024
19924,18988,Kia EV6,SUV,77.4,2025
19925,18989,Mahindra BE 6,SUV,59.0,2020
19926,18990,Tata Tiago EV,Hatchback,24.0,2024
19927,18991,Mahindra BE 6,SUV,59.0,2024
19928,18992,Tata Tiago EV,Hatchback,24.0,2020
19929,18992,BYD Atto 3,SUV,60.5,2024
19930,18993,Mahindra XUV400,SUV,39.4,2024
19931,18994,BYD Atto 3,SUV,60.5,2024
19932,18995,MG ZS EV,SUV,50.3,2021
19933,18996,Tata Punch EV,Hatchback,35.0,2023
19934,18997,BYD Atto 3,SUV,60.5,2024
19935,18997,Hyundai Ioniq 5,SUV,72.6,2025
19936,18998,BYD Atto 3,SUV,60.5,2020
19937,18999,Hyundai Kona Electric,SUV,39.2,2024
19938,19000,Tata Tiago EV,Hatchback,24.0,2025
19939,19001,Tata Nexon EV,SUV,30.2,2021
19940,19002,MG ZS EV,SUV,50.3,2024
19941,19003,Tata Nexon EV,SUV,30.2,2023
19942,19004,MG ZS EV,SUV,50.3,2020
19943,19005,Tata Tiago EV,Hatchback,24.0,2020
19944,19006,Hyundai Ioniq 5,SUV,72.6,2021
19945,19007,Tata Tiago EV,Hatchback,24.0,2024
19946,19008,Mahindra BE 6,SUV,59.0,2022
19947,19009,Tata Punch EV,Hatchback,35.0,2024
19948,19010,Mahindra BE 6,SUV,59.0,2023
19949,19011,Kia EV6,SUV,77.4,2025
19950,19012,Hyundai Ioniq 5,SUV,72.6,2022
19951,19013,Hyundai Ioniq 5,SUV,72.6,2020
19952,19014,BYD Atto 3,SUV,60.5,2023
19953,19015,BYD Atto 3,SUV,60.5,2025
19954,19016,Tata Tiago EV,Hatchback,24.0,2021
19955,19017,Tata Tiago EV,Hatchback,24.0,2023
19956,19018,BYD Atto 3,SUV,60.5,2020
19957,19019,BYD Atto 3,SUV,60.5,2022
19958,19020,Kia EV6,SUV,77.4,2023
19959,19021,Tata Nexon EV,SUV,30.2,2025
19960,19022,Hyundai Kona Electric,SUV,39.2,2022
19961,19023,Tata Punch EV,Hatchback,35.0,2020
19962,19024,Kia EV6,SUV,77.4,2020
19963,19024,Tata Punch EV,Hatchback,35.0,2023
19964,19025,Tata Punch EV,Hatchback,35.0,2023
19965,19026,Mahindra XUV400,SUV,39.4,2024
19966,19027,Tata Nexon EV,SUV,30.2,2025
19967,19028,Mahindra XUV400,SUV,39.4,2021
19968,19029,Tata Nexon EV,SUV,30.2,2021
19969,19030,Kia EV6,SUV,77.4,2023
19970,19031,Tata Nexon EV,SUV,30.2,2021
19971,19032,Mahindra XUV400,SUV,39.4,2024
19972,19033,Mahindra BE 6,SUV,59.0,2024
19973,19034,Hyundai Ioniq 5,SUV,72.6,2021
19974,19035,Hyundai Kona Electric,SUV,39.2,2025
19975,19036,Tata Punch EV,Hatchback,35.0,2022
19976,19037,MG ZS EV,SUV,50.3,2025
19977,19038,BYD Atto 3,SUV,60.5,2024
19978,19039,BYD Atto 3,SUV,60.5,2021
19979,19040,Tata Tiago EV,Hatchback,24.0,2022
19980,19041,Tata Nexon EV,SUV,30.2,2021
19981,19042,Hyundai Kona Electric,SUV,39.2,2022
19982,19042,Kia EV6,SUV,77.4,2023
19983,19043,Kia EV6,SUV,77.4,2023
19984,19044,Hyundai Kona Electric,SUV,39.2,2025
19985,19045,Tata Nexon EV,SUV,30.2,2023
19986,19045,Mahindra BE 6,SUV,59.0,2023
19987,19046,Tata Tiago EV,Hatchback,24.0,2024
19988,19047,MG ZS EV,SUV,50.3,2021
19989,19048,Mahindra XUV400,SUV,39.4,2020
19990,19049,Tata Tiago EV,Hatchback,24.0,2020
19991,19050,Tata Nexon EV,SUV,30.2,2025
19992,19051,Hyundai Kona Electric,SUV,39.2,2024
19993,19052,MG ZS EV,SUV,50.3,2021
19994,19053,Kia EV6,SUV,77.4,2023
19995,19054,Tata Tiago EV,Hatchback,24.0,2022
19996,19055,Mahindra BE 6,SUV,59.0,2025
19997,19056,Tata Nexon EV,SUV,30.2,2024
19998,19057,Mahindra XUV400,SUV,39.4,2025
19999,19058,Tata Punch EV,Hatchback,35.0,2024
20000,19058,Mahindra BE 6,SUV,59.0,2024
20001,19059,Mahindra BE 6,SUV,59.0,2025
20002,19060,Mahindra XUV400,SUV,39.4,2024
20003,19061,Mahindra XUV400,SUV,39.4,2020
20004,19062,Mahindra XUV400,SUV,39.4,2022
20005,19063,BYD Atto 3,SUV,60.5,2025
20006,19064,Tata Tiago EV,Hatchback,24.0,2020
20007,19065,Tata Punch EV,Hatchback,35.0,2022
20008,19066,Mahindra XUV400,SUV,39.4,2021
20009,19067,Kia EV6,SUV,77.4,2021
20010,19068,Tata Nexon EV,SUV,30.2,2023
20011,19069,Mahindra XUV400,SUV,39.4,2022
20012,19070,Mahindra XUV400,SUV,39.4,2022
20013,19071,Mahindra XUV400,SUV,39.4,2025
20014,19072,MG ZS EV,SUV,50.3,2020
20015,19072,Hyundai Ioniq 5,SUV,72.6,2023
20016,19073,BYD Atto 3,SUV,60.5,2020
20017,19074,Hyundai Kona Electric,SUV,39.2,2025
20018,19075,Hyundai Ioniq 5,SUV,72.6,2020
20019,19075,Tata Punch EV,Hatchback,35.0,2020
20020,19076,BYD Atto 3,SUV,60.5,2021
20021,19077,Mahindra BE 6,SUV,59.0,2023
20022,19078,Tata Punch EV,Hatchback,35.0,2020
20023,19079,Hyundai Kona Electric,SUV,39.2,2020
20024,19080,Mahindra XUV400,SUV,39.4,2022
20025,19081,Tata Punch EV,Hatchback,35.0,2023
20026,19082,Kia EV6,SUV,77.4,2025
20027,19083,Tata Punch EV,Hatchback,35.0,2023
20028,19084,BYD Atto 3,SUV,60.5,2025
20029,19085,MG ZS EV,SUV,50.3,2022
20030,19086,Hyundai Ioniq 5,SUV,72.6,2021
20031,19087,MG ZS EV,SUV,50.3,2022
20032,19088,MG ZS EV,SUV,50.3,2025
20033,19088,Mahindra XUV400,SUV,39.4,2025
20034,19089,Tata Nexon EV,SUV,30.2,2021
20035,19090,MG ZS EV,SUV,50.3,2020
20036,19091,Kia EV6,SUV,77.4,2022
20037,19092,MG ZS EV,SUV,50.3,2022
20038,19093,Tata Nexon EV,SUV,30.2,2020
20039,19094,Mahindra XUV400,SUV,39.4,2024
20040,19094,Hyundai Kona Electric,SUV,39.2,2025
20041,19095,Tata Nexon EV,SUV,30.2,2022
20042,19096,Hyundai Ioniq 5,SUV,72.6,2025
20043,19097,Hyundai Ioniq 5,SUV,72.6,2022
20044,19097,Kia EV6,SUV,77.4,2021
20045,19098,Mahindra BE 6,SUV,59.0,2024
20046,19099,Kia EV6,SUV,77.4,2020
20047,19100,Tata Punch EV,Hatchback,35.0,2022
20048,19101,Kia EV6,SUV,77.4,2020
20049,19102,Kia EV6,SUV,77.4,2021
20050,19103,Mahindra XUV400,SUV,39.4,2022
20051,19103,Mahindra XUV400,SUV,39.4,2020
20052,19104,Kia EV6,SUV,77.4,2022
20053,19105,BYD Atto 3,SUV,60.5,2021
20054,19106,Kia EV6,SUV,77.4,2020
20055,19107,Mahindra BE 6,SUV,59.0,2022
20056,19108,Mahindra BE 6,SUV,59.0,2025
20057,19109,Hyundai Kona Electric,SUV,39.2,2022
20058,19110,Mahindra BE 6,SUV,59.0,2022
20059,19111,Kia EV6,SUV,77.4,2020
20060,19112,Kia EV6,SUV,77.4,2020
20061,19113,Hyundai Kona Electric,SUV,39.2,2021
20062,19113,Tata Nexon EV,SUV,30.2,2022
20063,19114,Mahindra XUV400,SUV,39.4,2021
20064,19115,Hyundai Ioniq 5,SUV,72.6,2023
20065,19116,Hyundai Ioniq 5,SUV,72.6,2023
20066,19117,Tata Tiago EV,Hatchback,24.0,2023
20067,19118,Tata Nexon EV,SUV,30.2,2023
20068,19118,MG ZS EV,SUV,50.3,2024
20069,19119,Tata Nexon EV,SUV,30.2,2024
20070,19120,Tata Tiago EV,Hatchback,24.0,2024
20071,19121,Hyundai Kona Electric,SUV,39.2,2025
20072,19122,Hyundai Ioniq 5,SUV,72.6,2020
20073,19123,MG ZS EV,SUV,50.3,2020
20074,19124,Mahindra BE 6,SUV,59.0,2025
20075,19125,BYD Atto 3,SUV,60.5,2025
20076,19126,Tata Nexon EV,SUV,30.2,2023
20077,19127,Kia EV6,SUV,77.4,2024
20078,19128,Tata Nexon EV,SUV,30.2,2020
20079,19129,MG ZS EV,SUV,50.3,2025
20080,19130,MG ZS EV,SUV,50.3,2024
20081,19131,Kia EV6,SUV,77.4,2024
20082,19132,MG ZS EV,SUV,50.3,2022
20083,19133,Tata Nexon EV,SUV,30.2,2021
20084,19134,Hyundai Kona Electric,SUV,39.2,2023
20085,19135,Tata Punch EV,Hatchback,35.0,2025
20086,19136,Tata Nexon EV,SUV,30.2,2021
20087,19137,Tata Punch EV,Hatchback,35.0,2023
20088,19138,BYD Atto 3,SUV,60.5,2022
20089,19139,Tata Tiago EV,Hatchback,24.0,2022
20090,19140,Mahindra XUV400,SUV,39.4,2025
20091,19141,Hyundai Ioniq 5,SUV,72.6,2025
20092,19142,Tata Tiago EV,Hatchback,24.0,2025
20093,19143,Hyundai Kona Electric,SUV,39.2,2025
20094,19143,Tata Tiago EV,Hatchback,24.0,2025
20095,19144,Tata Punch EV,Hatchback,35.0,2025
20096,19145,Hyundai Ioniq 5,SUV,72.6,2020
20097,19146,Tata Nexon EV,SUV,30.2,2020
20098,19147,Mahindra XUV400,SUV,39.4,2020
20099,19148,Hyundai Kona Electric,SUV,39.2,2023
20100,19149,MG ZS EV,SUV,50.3,2023
20101,19150,Hyundai Kona Electric,SUV,39.2,2021
20102,19151,Tata Tiago EV,Hatchback,24.0,2020
20103,19152,Tata Nexon EV,SUV,30.2,2020
20104,19153,Mahindra XUV400,SUV,39.4,2023
20105,19154,Tata Nexon EV,SUV,30.2,2024
20106,19155,Tata Nexon EV,SUV,30.2,2021
20107,19156,Hyundai Kona Electric,SUV,39.2,2023
20108,19157,Hyundai Kona Electric,SUV,39.2,2023
20109,19158,Hyundai Ioniq 5,SUV,72.6,2020
20110,19159,Mahindra BE 6,SUV,59.0,2021
20111,19160,BYD Atto 3,SUV,60.5,2025
20112,19161,Mahindra BE 6,SUV,59.0,2021
20113,19162,Hyundai Kona Electric,SUV,39.2,2025
20114,19163,Mahindra XUV400,SUV,39.4,2020
20115,19164,Hyundai Kona Electric,SUV,39.2,2021
20116,19165,Tata Tiago EV,Hatchback,24.0,2024
20117,19166,BYD Atto 3,SUV,60.5,2021
20118,19167,Kia EV6,SUV,77.4,2023
20119,19167,MG ZS EV,SUV,50.3,2023
20120,19168,Tata Nexon EV,SUV,30.2,2024
20121,19169,BYD Atto 3,SUV,60.5,2020
20122,19170,MG ZS EV,SUV,50.3,2024
20123,19171,Tata Punch EV,Hatchback,35.0,2025
20124,19172,Kia EV6,SUV,77.4,2024
20125,19173,Tata Nexon EV,SUV,30.2,2022
20126,19174,MG ZS EV,SUV,50.3,2025
20127,19175,Hyundai Ioniq 5,SUV,72.6,2025
20128,19176,Mahindra BE 6,SUV,59.0,2023
20129,19177,BYD Atto 3,SUV,60.5,2025
20130,19177,MG ZS EV,SUV,50.3,2022
20131,19178,Mahindra BE 6,SUV,59.0,2022
20132,19179,Tata Punch EV,Hatchback,35.0,2025
20133,19180,BYD Atto 3,SUV,60.5,2023
20134,19181,BYD Atto 3,SUV,60.5,2023
20135,19182,Hyundai Ioniq 5,SUV,72.6,2023
20136,19183,Hyundai Kona Electric,SUV,39.2,2024
20137,19184,BYD Atto 3,SUV,60.5,2021
20138,19185,Tata Tiago EV,Hatchback,24.0,2023
20139,19186,MG ZS EV,SUV,50.3,2023
20140,19187,Mahindra XUV400,SUV,39.4,2021
20141,19188,Tata Nexon EV,SUV,30.2,2024
20142,19189,Kia EV6,SUV,77.4,2021
20143,19190,Tata Nexon EV,SUV,30.2,2025
20144,19191,Mahindra BE 6,SUV,59.0,2020
20145,19192,MG ZS EV,SUV,50.3,2020
20146,19193,Kia EV6,SUV,77.4,2024
20147,19194,Tata Tiago EV,Hatchback,24.0,2020
20148,19195,Mahindra XUV400,SUV,39.4,2021
20149,19196,Mahindra XUV400,SUV,39.4,2022
20150,19197,Mahindra BE 6,SUV,59.0,2021
20151,19198,Tata Tiago EV,Hatchback,24.0,2022
20152,19198,Hyundai Kona Electric,SUV,39.2,2025
20153,19199,Kia EV6,SUV,77.4,2021
20154,19200,Mahindra BE 6,SUV,59.0,2021
20155,19201,BYD Atto 3,SUV,60.5,2022
20156,19202,MG ZS EV,SUV,50.3,2023
20157,19203,MG ZS EV,SUV,50.3,2024
20158,19204,Kia EV6,SUV,77.4,2023
20159,19205,Hyundai Ioniq 5,SUV,72.6,2021
20160,19206,Tata Punch EV,Hatchback,35.0,2021
20161,19207,Mahindra BE 6,SUV,59.0,2023
20162,19208,Mahindra XUV400,SUV,39.4,2025
20163,19209,Hyundai Ioniq 5,SUV,72.6,2023
20164,19210,Tata Nexon EV,SUV,30.2,2021
20165,19211,Kia EV6,SUV,77.4,2025
20166,19212,Hyundai Kona Electric,SUV,39.2,2020
20167,19213,Tata Nexon EV,SUV,30.2,2023
20168,19214,MG ZS EV,SUV,50.3,2022
20169,19215,Tata Tiago EV,Hatchback,24.0,2025
20170,19216,Hyundai Ioniq 5,SUV,72.6,2020
20171,19217,Hyundai Kona Electric,SUV,39.2,2025
20172,19218,BYD Atto 3,SUV,60.5,2025
20173,19219,Kia EV6,SUV,77.4,2020
20174,19220,Tata Punch EV,Hatchback,35.0,2025
20175,19221,Mahindra BE 6,SUV,59.0,2022
20176,19222,MG ZS EV,SUV,50.3,2021
20177,19223,Hyundai Ioniq 5,SUV,72.6,2020
20178,19223,MG ZS EV,SUV,50.3,2024
20179,19224,Hyundai Kona Electric,SUV,39.2,2025
20180,19225,Hyundai Ioniq 5,SUV,72.6,2020
20181,19226,MG ZS EV,SUV,50.3,2025
20182,19227,Tata Nexon EV,SUV,30.2,2024
20183,19228,BYD Atto 3,SUV,60.5,2022
20184,19229,Mahindra XUV400,SUV,39.4,2020
20185,19230,Tata Nexon EV,SUV,30.2,2025
20186,19231,Tata Nexon EV,SUV,30.2,2023
20187,19232,BYD Atto 3,SUV,60.5,2025
20188,19233,Hyundai Ioniq 5,SUV,72.6,2021
20189,19234,Tata Tiago EV,Hatchback,24.0,2024
20190,19235,Mahindra BE 6,SUV,59.0,2022
20191,19235,BYD Atto 3,SUV,60.5,2022
20192,19236,Mahindra XUV400,SUV,39.4,2022
20193,19237,Tata Punch EV,Hatchback,35.0,2023
20194,19238,BYD Atto 3,SUV,60.5,2022
20195,19239,MG ZS EV,SUV,50.3,2022
20196,19240,BYD Atto 3,SUV,60.5,2021
20197,19241,Tata Punch EV,Hatchback,35.0,2023
20198,19242,Hyundai Ioniq 5,SUV,72.6,2021
20199,19243,Mahindra BE 6,SUV,59.0,2024
20200,19244,Kia EV6,SUV,77.4,2023
20201,19245,MG ZS EV,SUV,50.3,2021
20202,19246,Mahindra XUV400,SUV,39.4,2020
20203,19247,Hyundai Ioniq 5,SUV,72.6,2021
20204,19248,MG ZS EV,SUV,50.3,2023
20205,19249,Tata Nexon EV,SUV,30.2,2024
20206,19249,Tata Nexon EV,SUV,30.2,2024
20207,19250,Hyundai Ioniq 5,SUV,72.6,2020
20208,19251,Kia EV6,SUV,77.4,2021
20209,19252,Hyundai Ioniq 5,SUV,72.6,2025
20210,19253,MG ZS EV,SUV,50.3,2024
20211,19254,MG ZS EV,SUV,50.3,2024
20212,19255,MG ZS EV,SUV,50.3,2021
20213,19256,Tata Tiago EV,Hatchback,24.0,2023
20214,19257,Hyundai Ioniq 5,SUV,72.6,2023
20215,19258,MG ZS EV,SUV,50.3,2022
20216,19259,Kia EV6,SUV,77.4,2021
20217,19260,Kia EV6,SUV,77.4,2023
20218,19261,BYD Atto 3,SUV,60.5,2025
20219,19262,Hyundai Ioniq 5,SUV,72.6,2022
20220,19263,Hyundai Ioniq 5,SUV,72.6,2023
20221,19264,BYD Atto 3,SUV,60.5,2020
20222,19265,Hyundai Kona Electric,SUV,39.2,2020
20223,19266,Mahindra BE 6,SUV,59.0,2023
20224,19267,MG ZS EV,SUV,50.3,2022
20225,19268,Mahindra XUV400,SUV,39.4,2025
20226,19269,Tata Nexon EV,SUV,30.2,2022
20227,19270,MG ZS EV,SUV,50.3,2022
20228,19271,BYD Atto 3,SUV,60.5,2024
20229,19272,Tata Punch EV,Hatchback,35.0,2023
20230,19273,Tata Nexon EV,SUV,30.2,2022
20231,19274,Hyundai Kona Electric,SUV,39.2,2024
20232,19275,Hyundai Ioniq 5,SUV,72.6,2022
20233,19276,MG ZS EV,SUV,50.3,2021
20234,19277,BYD Atto 3,SUV,60.5,2025
20235,19278,Hyundai Kona Electric,SUV,39.2,2023
20236,19279,Tata Punch EV,Hatchback,35.0,2024
20237,19280,Hyundai Ioniq 5,SUV,72.6,2022
20238,19281,Kia EV6,SUV,77.4,2024
20239,19282,Tata Punch EV,Hatchback,35.0,2020
20240,19283,Kia EV6,SUV,77.4,2024
20241,19284,Hyundai Ioniq 5,SUV,72.6,2020
20242,19285,BYD Atto 3,SUV,60.5,2024
20243,19286,Hyundai Ioniq 5,SUV,72.6,2024
20244,19287,Mahindra XUV400,SUV,39.4,2023
20245,19288,Hyundai Kona Electric,SUV,39.2,2023
20246,19289,Mahindra BE 6,SUV,59.0,2025
20247,19290,MG ZS EV,SUV,50.3,2024
20248,19291,Tata Punch EV,Hatchback,35.0,2024
20249,19292,Tata Punch EV,Hatchback,35.0,2024
20250,19293,MG ZS EV,SUV,50.3,2023
20251,19294,Tata Nexon EV,SUV,30.2,2025
20252,19295,MG ZS EV,SUV,50.3,2022
20253,19296,Mahindra BE 6,SUV,59.0,2023
20254,19297,Kia EV6,SUV,77.4,2021
20255,19298,Mahindra BE 6,SUV,59.0,2020
20256,19299,Mahindra XUV400,SUV,39.4,2023
20257,19300,Hyundai Kona Electric,SUV,39.2,2025
20258,19301,Hyundai Kona Electric,SUV,39.2,2023
20259,19302,Hyundai Kona Electric,SUV,39.2,2022
20260,19303,Mahindra BE 6,SUV,59.0,2024
20261,19304,Tata Punch EV,Hatchback,35.0,2020
20262,19305,Tata Nexon EV,SUV,30.2,2023
20263,19306,Tata Punch EV,Hatchback,35.0,2022
20264,19307,Tata Tiago EV,Hatchback,24.0,2022
20265,19308,BYD Atto 3,SUV,60.5,2020
20266,19309,Kia EV6,SUV,77.4,2020
20267,19310,Hyundai Ioniq 5,SUV,72.6,2025
20268,19311,Tata Punch EV,Hatchback,35.0,2025
20269,19312,Kia EV6,SUV,77.4,2021
20270,19313,MG ZS EV,SUV,50.3,2022
20271,19314,Kia EV6,SUV,77.4,2021
20272,19315,BYD Atto 3,SUV,60.5,2024
20273,19316,Mahindra XUV400,SUV,39.4,2025
20274,19317,Hyundai Kona Electric,SUV,39.2,2022
20275,19318,Tata Tiago EV,Hatchback,24.0,2025
20276,19319,Tata Tiago EV,Hatchback,24.0,2025
20277,19320,Mahindra BE 6,SUV,59.0,2024
20278,19320,Hyundai Ioniq 5,SUV,72.6,2024
20279,19321,Tata Nexon EV,SUV,30.2,2025
20280,19322,Mahindra XUV400,SUV,39.4,2025
20281,19323,Hyundai Kona Electric,SUV,39.2,2022
20282,19324,BYD Atto 3,SUV,60.5,2020
20283,19325,BYD Atto 3,SUV,60.5,2024
20284,19326,Kia EV6,SUV,77.4,2023
20285,19327,Hyundai Ioniq 5,SUV,72.6,2021
20286,19328,Hyundai Kona Electric,SUV,39.2,2024
20287,19329,MG ZS EV,SUV,50.3,2025
20288,19330,Mahindra XUV400,SUV,39.4,2021
20289,19330,Tata Punch EV,Hatchback,35.0,2020
20290,19331,MG ZS EV,SUV,50.3,2025
20291,19332,Mahindra BE 6,SUV,59.0,2025
20292,19333,Kia EV6,SUV,77.4,2021
20293,19334,Hyundai Kona Electric,SUV,39.2,2021
20294,19335,Kia EV6,SUV,77.4,2021
20295,19336,Hyundai Kona Electric,SUV,39.2,2023
20296,19337,Tata Tiago EV,Hatchback,24.0,2024
20297,19338,Kia EV6,SUV,77.4,2025
20298,19339,Tata Punch EV,Hatchback,35.0,2021
20299,19339,Mahindra XUV400,SUV,39.4,2024
20300,19340,Kia EV6,SUV,77.4,2020
20301,19341,Mahindra XUV400,SUV,39.4,2024
20302,19342,Kia EV6,SUV,77.4,2020
20303,19343,MG ZS EV,SUV,50.3,2021
20304,19344,Hyundai Kona Electric,SUV,39.2,2023
20305,19345,Hyundai Ioniq 5,SUV,72.6,2025
20306,19346,Tata Nexon EV,SUV,30.2,2020
20307,19347,Hyundai Ioniq 5,SUV,72.6,2020
20308,19348,Tata Tiago EV,Hatchback,24.0,2022
20309,19349,Kia EV6,SUV,77.4,2023
20310,19350,Tata Tiago EV,Hatchback,24.0,2025
20311,19351,MG ZS EV,SUV,50.3,2021
20312,19352,Kia EV6,SUV,77.4,2025
20313,19353,Tata Nexon EV,SUV,30.2,2025
20314,19354,Hyundai Ioniq 5,SUV,72.6,2022
20315,19355,Tata Nexon EV,SUV,30.2,2021
20316,19356,Mahindra XUV400,SUV,39.4,2023
20317,19357,Kia EV6,SUV,77.4,2021
20318,19358,Hyundai Ioniq 5,SUV,72.6,2024
20319,19359,Tata Tiago EV,Hatchback,24.0,2020
20320,19360,Hyundai Kona Electric,SUV,39.2,2025
20321,19361,Hyundai Kona Electric,SUV,39.2,2025
20322,19362,Mahindra BE 6,SUV,59.0,2025
20323,19363,Tata Nexon EV,SUV,30.2,2020
20324,19364,Tata Tiago EV,Hatchback,24.0,2022
20325,19365,Tata Nexon EV,SUV,30.2,2025
20326,19366,BYD Atto 3,SUV,60.5,2024
20327,19367,Hyundai Ioniq 5,SUV,72.6,2022
20328,19368,Kia EV6,SUV,77.4,2024
20329,19369,Hyundai Ioniq 5,SUV,72.6,2023
20330,19370,BYD Atto 3,SUV,60.5,2025
20331,19371,Hyundai Kona Electric,SUV,39.2,2020
20332,19372,Tata Tiago EV,Hatchback,24.0,2021
20333,19373,Kia EV6,SUV,77.4,2024
20334,19374,Hyundai Ioniq 5,SUV,72.6,2021
20335,19375,Hyundai Ioniq 5,SUV,72.6,2020
20336,19376,Tata Tiago EV,Hatchback,24.0,2022
20337,19377,Mahindra XUV400,SUV,39.4,2020
20338,19378,Mahindra XUV400,SUV,39.4,2025
20339,19379,Tata Nexon EV,SUV,30.2,2020
20340,19380,BYD Atto 3,SUV,60.5,2021
20341,19381,Tata Nexon EV,SUV,30.2,2021
20342,19382,BYD Atto 3,SUV,60.5,2020
20343,19383,Mahindra BE 6,SUV,59.0,2021
20344,19384,BYD Atto 3,SUV,60.5,2024
20345,19385,Tata Punch EV,Hatchback,35.0,2023
20346,19386,Kia EV6,SUV,77.4,2024
20347,19387,Tata Nexon EV,SUV,30.2,2024
20348,19388,Kia EV6,SUV,77.4,2025
20349,19389,Tata Tiago EV,Hatchback,24.0,2022
20350,19390,Kia EV6,SUV,77.4,2023
20351,19391,Tata Nexon EV,SUV,30.2,2023
20352,19392,Tata Tiago EV,Hatchback,24.0,2022
20353,19393,Kia EV6,SUV,77.4,2021
20354,19394,Tata Nexon EV,SUV,30.2,2023
20355,19395,Hyundai Ioniq 5,SUV,72.6,2021
20356,19396,Tata Punch EV,Hatchback,35.0,2020
20357,19397,Kia EV6,SUV,77.4,2022
20358,19398,Tata Nexon EV,SUV,30.2,2024
20359,19399,MG ZS EV,SUV,50.3,2023
20360,19400,Tata Punch EV,Hatchback,35.0,2022
20361,19401,Hyundai Ioniq 5,SUV,72.6,2025
20362,19401,Mahindra XUV400,SUV,39.4,2020
20363,19402,BYD Atto 3,SUV,60.5,2024
20364,19403,Tata Nexon EV,SUV,30.2,2024
20365,19404,Mahindra XUV400,SUV,39.4,2020
20366,19405,Mahindra BE 6,SUV,59.0,2025
20367,19406,Hyundai Ioniq 5,SUV,72.6,2020
20368,19407,BYD Atto 3,SUV,60.5,2021
20369,19408,Kia EV6,SUV,77.4,2024
20370,19409,MG ZS EV,SUV,50.3,2024
20371,19410,BYD Atto 3,SUV,60.5,2025
20372,19411,Mahindra BE 6,SUV,59.0,2022
20373,19412,Tata Punch EV,Hatchback,35.0,2022
20374,19413,Mahindra BE 6,SUV,59.0,2024
20375,19414,BYD Atto 3,SUV,60.5,2021
20376,19415,Mahindra BE 6,SUV,59.0,2022
20377,19415,Tata Nexon EV,SUV,30.2,2024
20378,19416,BYD Atto 3,SUV,60.5,2022
20379,19417,Hyundai Ioniq 5,SUV,72.6,2021
20380,19418,Kia EV6,SUV,77.4,2023
20381,19419,Kia EV6,SUV,77.4,2022
20382,19419,Tata Nexon EV,SUV,30.2,2024
20383,19420,Mahindra XUV400,SUV,39.4,2020
20384,19421,Kia EV6,SUV,77.4,2021
20385,19422,Hyundai Kona Electric,SUV,39.2,2021
20386,19422,Tata Tiago EV,Hatchback,24.0,2022
20387,19423,Tata Punch EV,Hatchback,35.0,2023
20388,19424,Hyundai Ioniq 5,SUV,72.6,2021
20389,19425,Hyundai Kona Electric,SUV,39.2,2024
20390,19426,Tata Punch EV,Hatchback,35.0,2020
20391,19426,Tata Nexon EV,SUV,30.2,2021
20392,19427,Mahindra XUV400,SUV,39.4,2025
20393,19427,Mahindra BE 6,SUV,59.0,2025
20394,19428,Mahindra XUV400,SUV,39.4,2021
20395,19429,Tata Nexon EV,SUV,30.2,2024
20396,19430,Kia EV6,SUV,77.4,2021
20397,19431,Kia EV6,SUV,77.4,2021
20398,19432,Tata Punch EV,Hatchback,35.0,2025
20399,19433,BYD Atto 3,SUV,60.5,2020
20400,19434,BYD Atto 3,SUV,60.5,2024
20401,19435,Tata Nexon EV,SUV,30.2,2025
20402,19436,Hyundai Ioniq 5,SUV,72.6,2020
20403,19437,Tata Punch EV,Hatchback,35.0,2025
20404,19438,Tata Punch EV,Hatchback,35.0,2023
20405,19439,Mahindra XUV400,SUV,39.4,2025
20406,19440,Hyundai Ioniq 5,SUV,72.6,2023
20407,19441,Hyundai Ioniq 5,SUV,72.6,2023
20408,19442,Mahindra XUV400,SUV,39.4,2025
20409,19443,MG ZS EV,SUV,50.3,2021
20410,19444,Mahindra BE 6,SUV,59.0,2025
20411,19445,Hyundai Ioniq 5,SUV,72.6,2024
20412,19446,BYD Atto 3,SUV,60.5,2020
20413,19447,Mahindra XUV400,SUV,39.4,2022
20414,19448,Mahindra BE 6,SUV,59.0,2023
20415,19449,Hyundai Kona Electric,SUV,39.2,2024
20416,19450,Tata Tiago EV,Hatchback,24.0,2024
20417,19451,Mahindra XUV400,SUV,39.4,2023
20418,19452,Tata Punch EV,Hatchback,35.0,2020
20419,19452,Hyundai Ioniq 5,SUV,72.6,2021
20420,19453,Tata Tiago EV,Hatchback,24.0,2021
20421,19454,Mahindra BE 6,SUV,59.0,2022
20422,19455,Tata Punch EV,Hatchback,35.0,2024
20423,19456,Hyundai Ioniq 5,SUV,72.6,2023
20424,19457,Mahindra BE 6,SUV,59.0,2021
20425,19458,MG ZS EV,SUV,50.3,2020
20426,19459,Mahindra BE 6,SUV,59.0,2020
20427,19460,Tata Nexon EV,SUV,30.2,2020
20428,19461,Tata Tiago EV,Hatchback,24.0,2020
20429,19462,Tata Punch EV,Hatchback,35.0,2021
20430,19463,Tata Nexon EV,SUV,30.2,2024
20431,19464,BYD Atto 3,SUV,60.5,2024
20432,19465,Tata Punch EV,Hatchback,35.0,2025
20433,19466,Tata Nexon EV,SUV,30.2,2023
20434,19467,Hyundai Ioniq 5,SUV,72.6,2020
20435,19468,MG ZS EV,SUV,50.3,2021
20436,19469,Hyundai Ioniq 5,SUV,72.6,2024
20437,19470,Tata Nexon EV,SUV,30.2,2025
20438,19471,BYD Atto 3,SUV,60.5,2020
20439,19472,BYD Atto 3,SUV,60.5,2020
20440,19473,Hyundai Ioniq 5,SUV,72.6,2022
20441,19474,Kia EV6,SUV,77.4,2024
20442,19475,Mahindra BE 6,SUV,59.0,2023
20443,19476,MG ZS EV,SUV,50.3,2023
20444,19477,MG ZS EV,SUV,50.3,2025
20445,19478,Mahindra BE 6,SUV,59.0,2025
20446,19479,Kia EV6,SUV,77.4,2020
20447,19480,Kia EV6,SUV,77.4,2021
20448,19480,Tata Nexon EV,SUV,30.2,2022
20449,19481,Hyundai Ioniq 5,SUV,72.6,2024
20450,19482,Mahindra BE 6,SUV,59.0,2023
20451,19483,Mahindra XUV400,SUV,39.4,2024
20452,19484,Tata Nexon EV,SUV,30.2,2023
20453,19485,Mahindra XUV400,SUV,39.4,2020
20454,19486,BYD Atto 3,SUV,60.5,2022
20455,19487,Mahindra XUV400,SUV,39.4,2024
20456,19488,Hyundai Ioniq 5,SUV,72.6,2022
20457,19489,Mahindra BE 6,SUV,59.0,2021
20458,19489,MG ZS EV,SUV,50.3,2020
20459,19490,Mahindra BE 6,SUV,59.0,2023
20460,19491,Hyundai Kona Electric,SUV,39.2,2020
20461,19492,Kia EV6,SUV,77.4,2023
20462,19493,Mahindra XUV400,SUV,39.4,2022
20463,19494,Hyundai Ioniq 5,SUV,72.6,2020
20464,19495,Mahindra XUV400,SUV,39.4,2023
20465,19496,Tata Nexon EV,SUV,30.2,2024
20466,19497,MG ZS EV,SUV,50.3,2021
20467,19498,BYD Atto 3,SUV,60.5,2021
20468,19499,BYD Atto 3,SUV,60.5,2024
20469,19500,Hyundai Kona Electric,SUV,39.2,2025
20470,19501,MG ZS EV,SUV,50.3,2025
20471,19502,Kia EV6,SUV,77.4,2021
20472,19503,Hyundai Ioniq 5,SUV,72.6,2022
20473,19504,Mahindra XUV400,SUV,39.4,2022
20474,19505,BYD Atto 3,SUV,60.5,2022
20475,19506,Tata Tiago EV,Hatchback,24.0,2025
20476,19507,Hyundai Kona Electric,SUV,39.2,2021
20477,19508,MG ZS EV,SUV,50.3,2020
20478,19509,Hyundai Kona Electric,SUV,39.2,2021
20479,19510,Tata Punch EV,Hatchback,35.0,2022
20480,19511,Tata Punch EV,Hatchback,35.0,2025
20481,19512,Kia EV6,SUV,77.4,2025
20482,19513,Tata Punch EV,Hatchback,35.0,2024
20483,19514,Tata Tiago EV,Hatchback,24.0,2021
20484,19514,Tata Punch EV,Hatchback,35.0,2021
20485,19515,Hyundai Kona Electric,SUV,39.2,2023
20486,19516,Tata Nexon EV,SUV,30.2,2020
20487,19517,Mahindra XUV400,SUV,39.4,2021
20488,19518,Hyundai Kona Electric,SUV,39.2,2024
20489,19519,Kia EV6,SUV,77.4,2020
20490,19520,Mahindra BE 6,SUV,59.0,2022
20491,19521,Hyundai Kona Electric,SUV,39.2,2025
20492,19522,Kia EV6,SUV,77.4,2020
20493,19523,Tata Nexon EV,SUV,30.2,2021
20494,19524,BYD Atto 3,SUV,60.5,2020
20495,19525,Kia EV6,SUV,77.4,2021
20496,19526,BYD Atto 3,SUV,60.5,2022
20497,19527,Hyundai Ioniq 5,SUV,72.6,2021
20498,19528,Tata Nexon EV,SUV,30.2,2021
20499,19529,Kia EV6,SUV,77.4,2025
20500,19530,Mahindra XUV400,SUV,39.4,2020
20501,19531,MG ZS EV,SUV,50.3,2024
20502,19532,Tata Tiago EV,Hatchback,24.0,2022
20503,19533,Tata Punch EV,Hatchback,35.0,2025
20504,19534,Kia EV6,SUV,77.4,2024
20505,19535,MG ZS EV,SUV,50.3,2023
20506,19536,Hyundai Ioniq 5,SUV,72.6,2024
20507,19537,Hyundai Kona Electric,SUV,39.2,2021
20508,19538,Hyundai Kona Electric,SUV,39.2,2021
20509,19539,MG ZS EV,SUV,50.3,2021
20510,19540,Mahindra BE 6,SUV,59.0,2020
20511,19541,Mahindra BE 6,SUV,59.0,2024
20512,19542,Hyundai Kona Electric,SUV,39.2,2025
20513,19543,Kia EV6,SUV,77.4,2021
20514,19544,BYD Atto 3,SUV,60.5,2025
20515,19545,Kia EV6,SUV,77.4,2020
20516,19546,Mahindra BE 6,SUV,59.0,2022
20517,19546,Kia EV6,SUV,77.4,2020
20518,19547,Tata Punch EV,Hatchback,35.0,2023
20519,19548,Tata Punch EV,Hatchback,35.0,2023
20520,19549,Tata Punch EV,Hatchback,35.0,2022
20521,19550,MG ZS EV,SUV,50.3,2023
20522,19551,Mahindra XUV400,SUV,39.4,2021
20523,19552,Tata Tiago EV,Hatchback,24.0,2025
20524,19553,Tata Punch EV,Hatchback,35.0,2020
20525,19554,Hyundai Ioniq 5,SUV,72.6,2025
20526,19555,Tata Nexon EV,SUV,30.2,2023
20527,19556,MG ZS EV,SUV,50.3,2020
20528,19556,Tata Tiago EV,Hatchback,24.0,2023
20529,19557,Mahindra BE 6,SUV,59.0,2024
20530,19558,Tata Tiago EV,Hatchback,24.0,2021
20531,19559,Tata Punch EV,Hatchback,35.0,2020
20532,19560,Hyundai Ioniq 5,SUV,72.6,2024
20533,19561,Kia EV6,SUV,77.4,2020
20534,19562,BYD Atto 3,SUV,60.5,2020
20535,19563,Mahindra XUV400,SUV,39.4,2023
20536,19563,Tata Punch EV,Hatchback,35.0,2021
20537,19564,Tata Nexon EV,SUV,30.2,2021
20538,19564,Mahindra BE 6,SUV,59.0,2023
20539,19565,Mahindra XUV400,SUV,39.4,2022
20540,19566,Hyundai Ioniq 5,SUV,72.6,2021
20541,19567,Tata Tiago EV,Hatchback,24.0,2023
20542,19568,MG ZS EV,SUV,50.3,2020
20543,19569,MG ZS EV,SUV,50.3,2022
20544,19570,Tata Punch EV,Hatchback,35.0,2024
20545,19571,MG ZS EV,SUV,50.3,2024
20546,19572,Hyundai Kona Electric,SUV,39.2,2022
20547,19573,Hyundai Kona Electric,SUV,39.2,2021
20548,19574,BYD Atto 3,SUV,60.5,2024
20549,19575,MG ZS EV,SUV,50.3,2023
20550,19576,Kia EV6,SUV,77.4,2023
20551,19577,Mahindra BE 6,SUV,59.0,2021
20552,19578,Hyundai Ioniq 5,SUV,72.6,2020
20553,19579,Hyundai Kona Electric,SUV,39.2,2025
20554,19580,MG ZS EV,SUV,50.3,2025
20555,19581,Hyundai Kona Electric,SUV,39.2,2024
20556,19582,Tata Punch EV,Hatchback,35.0,2021
20557,19583,Mahindra BE 6,SUV,59.0,2023
20558,19584,Mahindra BE 6,SUV,59.0,2020
20559,19585,Tata Punch EV,Hatchback,35.0,2024
20560,19586,MG ZS EV,SUV,50.3,2021
20561,19587,Tata Punch EV,Hatchback,35.0,2024
20562,19588,MG ZS EV,SUV,50.3,2023
20563,19589,Tata Tiago EV,Hatchback,24.0,2020
20564,19590,Hyundai Ioniq 5,SUV,72.6,2022
20565,19591,Tata Tiago EV,Hatchback,24.0,2024
20566,19592,Kia EV6,SUV,77.4,2024
20567,19593,BYD Atto 3,SUV,60.5,2020
20568,19594,Tata Nexon EV,SUV,30.2,2021
20569,19595,Tata Nexon EV,SUV,30.2,2025
20570,19595,Tata Nexon EV,SUV,30.2,2023
20571,19596,Mahindra BE 6,SUV,59.0,2020
20572,19597,MG ZS EV,SUV,50.3,2024
20573,19598,Tata Nexon EV,SUV,30.2,2021
20574,19599,Mahindra XUV400,SUV,39.4,2020
20575,19600,Tata Nexon EV,SUV,30.2,2025
20576,19601,MG ZS EV,SUV,50.3,2025
20577,19602,Tata Tiago EV,Hatchback,24.0,2023
20578,19603,Mahindra BE 6,SUV,59.0,2022
20579,19604,Tata Punch EV,Hatchback,35.0,2022
20580,19605,Hyundai Kona Electric,SUV,39.2,2023
20581,19606,Hyundai Kona Electric,SUV,39.2,2022
20582,19607,Tata Nexon EV,SUV,30.2,2024
20583,19608,Tata Tiago EV,Hatchback,24.0,2024
20584,19609,Kia EV6,SUV,77.4,2024
20585,19610,Tata Punch EV,Hatchback,35.0,2023
20586,19611,MG ZS EV,SUV,50.3,2020
20587,19612,Mahindra BE 6,SUV,59.0,2025
20588,19613,Tata Punch EV,Hatchback,35.0,2025
20589,19614,BYD Atto 3,SUV,60.5,2025
20590,19615,Tata Tiago EV,Hatchback,24.0,2021
20591,19616,MG ZS EV,SUV,50.3,2025
20592,19617,Mahindra BE 6,SUV,59.0,2025
20593,19618,Kia EV6,SUV,77.4,2020
20594,19619,Tata Nexon EV,SUV,30.2,2020
20595,19620,Tata Punch EV,Hatchback,35.0,2021
20596,19621,Tata Nexon EV,SUV,30.2,2021
20597,19622,Hyundai Ioniq 5,SUV,72.6,2023
20598,19623,MG ZS EV,SUV,50.3,2025
20599,19624,Hyundai Kona Electric,SUV,39.2,2021
20600,19625,MG ZS EV,SUV,50.3,2023
20601,19626,Tata Tiago EV,Hatchback,24.0,2025
20602,19627,Tata Punch EV,Hatchback,35.0,2020
20603,19628,Tata Punch EV,Hatchback,35.0,2023
20604,19629,Kia EV6,SUV,77.4,2025
20605,19630,Mahindra BE 6,SUV,59.0,2025
20606,19631,MG ZS EV,SUV,50.3,2024
20607,19632,Hyundai Ioniq 5,SUV,72.6,2023
20608,19633,MG ZS EV,SUV,50.3,2022
20609,19634,Tata Tiago EV,Hatchback,24.0,2022
20610,19635,Mahindra BE 6,SUV,59.0,2024
20611,19636,Tata Punch EV,Hatchback,35.0,2023
20612,19636,Hyundai Ioniq 5,SUV,72.6,2021
20613,19637,Kia EV6,SUV,77.4,2025
20614,19638,Tata Tiago EV,Hatchback,24.0,2024
20615,19639,MG ZS EV,SUV,50.3,2020
20616,19640,Mahindra XUV400,SUV,39.4,2022
20617,19641,Hyundai Ioniq 5,SUV,72.6,2020
20618,19642,Tata Tiago EV,Hatchback,24.0,2021
20619,19643,Mahindra XUV400,SUV,39.4,2024
20620,19644,Tata Nexon EV,SUV,30.2,2021
20621,19645,Hyundai Kona Electric,SUV,39.2,2025
20622,19646,Mahindra XUV400,SUV,39.4,2023
20623,19647,Mahindra XUV400,SUV,39.4,2024
20624,19648,Mahindra BE 6,SUV,59.0,2023
20625,19648,BYD Atto 3,SUV,60.5,2020
20626,19649,Mahindra BE 6,SUV,59.0,2021
20627,19649,Mahindra XUV400,SUV,39.4,2022
20628,19650,Hyundai Ioniq 5,SUV,72.6,2024
20629,19651,Hyundai Ioniq 5,SUV,72.6,2024
20630,19652,Mahindra BE 6,SUV,59.0,2021
20631,19653,Tata Nexon EV,SUV,30.2,2025
20632,19654,Mahindra BE 6,SUV,59.0,2024
20633,19655,Tata Nexon EV,SUV,30.2,2023
20634,19656,Kia EV6,SUV,77.4,2025
20635,19657,MG ZS EV,SUV,50.3,2024
20636,19658,Tata Nexon EV,SUV,30.2,2025
20637,19659,Mahindra BE 6,SUV,59.0,2023
20638,19660,Hyundai Kona Electric,SUV,39.2,2020
20639,19661,Mahindra BE 6,SUV,59.0,2021
20640,19662,BYD Atto 3,SUV,60.5,2022
20641,19663,Tata Tiago EV,Hatchback,24.0,2023
20642,19664,Hyundai Kona Electric,SUV,39.2,2022
20643,19665,BYD Atto 3,SUV,60.5,2020
20644,19666,Hyundai Ioniq 5,SUV,72.6,2023
20645,19667,Mahindra XUV400,SUV,39.4,2024
20646,19668,Hyundai Ioniq 5,SUV,72.6,2023
20647,19669,Tata Punch EV,Hatchback,35.0,2022
20648,19670,Mahindra BE 6,SUV,59.0,2024
20649,19671,Tata Nexon EV,SUV,30.2,2021
20650,19672,Tata Nexon EV,SUV,30.2,2023
20651,19673,Kia EV6,SUV,77.4,2022
20652,19674,MG ZS EV,SUV,50.3,2022
20653,19675,MG ZS EV,SUV,50.3,2023
20654,19676,Hyundai Ioniq 5,SUV,72.6,2023
20655,19677,BYD Atto 3,SUV,60.5,2022
20656,19678,Tata Tiago EV,Hatchback,24.0,2025
20657,19679,Tata Nexon EV,SUV,30.2,2020
20658,19680,Tata Punch EV,Hatchback,35.0,2023
20659,19681,Tata Nexon EV,SUV,30.2,2022
20660,19682,Hyundai Kona Electric,SUV,39.2,2025
20661,19683,Tata Tiago EV,Hatchback,24.0,2020
20662,19684,Mahindra XUV400,SUV,39.4,2025
20663,19685,MG ZS EV,SUV,50.3,2023
20664,19686,BYD Atto 3,SUV,60.5,2022
20665,19687,BYD Atto 3,SUV,60.5,2021
20666,19688,Kia EV6,SUV,77.4,2024
20667,19689,Hyundai Ioniq 5,SUV,72.6,2020
20668,19690,Tata Punch EV,Hatchback,35.0,2025
20669,19691,Mahindra XUV400,SUV,39.4,2021
20670,19692,MG ZS EV,SUV,50.3,2020
20671,19693,MG ZS EV,SUV,50.3,2021
20672,19694,Tata Nexon EV,SUV,30.2,2020
20673,19695,BYD Atto 3,SUV,60.5,2025
20674,19696,Tata Tiago EV,Hatchback,24.0,2024
20675,19697,MG ZS EV,SUV,50.3,2025
20676,19698,Kia EV6,SUV,77.4,2025
20677,19699,Tata Nexon EV,SUV,30.2,2022
20678,19700,Mahindra BE 6,SUV,59.0,2023
20679,19701,Kia EV6,SUV,77.4,2023
20680,19701,MG ZS EV,SUV,50.3,2025
20681,19702,MG ZS EV,SUV,50.3,2023
20682,19703,Tata Punch EV,Hatchback,35.0,2020
20683,19704,Kia EV6,SUV,77.4,2021
20684,19705,MG ZS EV,SUV,50.3,2022
20685,19706,MG ZS EV,SUV,50.3,2020
20686,19707,Mahindra XUV400,SUV,39.4,2022
20687,19708,Tata Punch EV,Hatchback,35.0,2023
20688,19708,Tata Tiago EV,Hatchback,24.0,2023
20689,19709,Hyundai Kona Electric,SUV,39.2,2023
20690,19710,Tata Tiago EV,Hatchback,24.0,2023
20691,19711,Hyundai Kona Electric,SUV,39.2,2024
20692,19712,Tata Nexon EV,SUV,30.2,2025
20693,19713,Kia EV6,SUV,77.4,2021
20694,19714,Tata Nexon EV,SUV,30.2,2024
20695,19715,Tata Punch EV,Hatchback,35.0,2025
20696,19716,Tata Punch EV,Hatchback,35.0,2025
20697,19717,Tata Punch EV,Hatchback,35.0,2021
20698,19718,Kia EV6,SUV,77.4,2025
20699,19719,Kia EV6,SUV,77.4,2024
20700,19720,Hyundai Ioniq 5,SUV,72.6,2024
20701,19721,Tata Tiago EV,Hatchback,24.0,2020
20702,19722,MG ZS EV,SUV,50.3,2025
20703,19723,Tata Nexon EV,SUV,30.2,2021
20704,19724,Kia EV6,SUV,77.4,2022
20705,19725,Kia EV6,SUV,77.4,2024
20706,19726,Hyundai Ioniq 5,SUV,72.6,2024
20707,19727,BYD Atto 3,SUV,60.5,2020
20708,19728,Mahindra BE 6,SUV,59.0,2020
20709,19729,Tata Nexon EV,SUV,30.2,2022
20710,19730,Tata Punch EV,Hatchback,35.0,2022
20711,19731,Hyundai Kona Electric,SUV,39.2,2025
20712,19732,MG ZS EV,SUV,50.3,2020
20713,19733,Kia EV6,SUV,77.4,2024
20714,19734,Mahindra BE 6,SUV,59.0,2024
20715,19735,MG ZS EV,SUV,50.3,2022
20716,19736,Kia EV6,SUV,77.4,2025
20717,19737,Hyundai Kona Electric,SUV,39.2,2024
20718,19738,Mahindra XUV400,SUV,39.4,2023
20719,19739,Kia EV6,SUV,77.4,2023
20720,19740,Kia EV6,SUV,77.4,2024
20721,19741,Tata Tiago EV,Hatchback,24.0,2022
20722,19742,Tata Nexon EV,SUV,30.2,2023
20723,19743,Mahindra XUV400,SUV,39.4,2024
20724,19744,Mahindra BE 6,SUV,59.0,2020
20725,19745,Kia EV6,SUV,77.4,2023
20726,19746,Tata Tiago EV,Hatchback,24.0,2020
20727,19747,Hyundai Kona Electric,SUV,39.2,2024
20728,19748,Kia EV6,SUV,77.4,2020
20729,19748,MG ZS EV,SUV,50.3,2024
20730,19749,Hyundai Ioniq 5,SUV,72.6,2024
20731,19750,Tata Punch EV,Hatchback,35.0,2021
20732,19751,Hyundai Kona Electric,SUV,39.2,2025
20733,19752,Tata Punch EV,Hatchback,35.0,2022
20734,19753,Tata Nexon EV,SUV,30.2,2025
20735,19754,Tata Nexon EV,SUV,30.2,2022
20736,19755,Mahindra XUV400,SUV,39.4,2020
20737,19756,MG ZS EV,SUV,50.3,2021
20738,19757,BYD Atto 3,SUV,60.5,2023
20739,19758,MG ZS EV,SUV,50.3,2024
20740,19759,Mahindra BE 6,SUV,59.0,2020
20741,19760,Kia EV6,SUV,77.4,2021
20742,19761,Hyundai Kona Electric,SUV,39.2,2022
20743,19761,Mahindra BE 6,SUV,59.0,2023
20744,19762,Tata Punch EV,Hatchback,35.0,2023
20745,19763,Mahindra XUV400,SUV,39.4,2020
20746,19764,Tata Tiago EV,Hatchback,24.0,2022
20747,19765,Mahindra BE 6,SUV,59.0,2022
20748,19766,MG ZS EV,SUV,50.3,2023
20749,19767,Tata Tiago EV,Hatchback,24.0,2022
20750,19768,Hyundai Kona Electric,SUV,39.2,2020
20751,19769,Tata Nexon EV,SUV,30.2,2020
20752,19770,Tata Nexon EV,SUV,30.2,2022
20753,19771,Tata Tiago EV,Hatchback,24.0,2021
20754,19772,Tata Punch EV,Hatchback,35.0,2020
20755,19773,Kia EV6,SUV,77.4,2020
20756,19774,Kia EV6,SUV,77.4,2021
20757,19775,MG ZS EV,SUV,50.3,2025
20758,19776,BYD Atto 3,SUV,60.5,2023
20759,19777,MG ZS EV,SUV,50.3,2021
20760,19778,Mahindra XUV400,SUV,39.4,2025
20761,19779,Mahindra XUV400,SUV,39.4,2024
20762,19780,Tata Nexon EV,SUV,30.2,2022
20763,19781,Kia EV6,SUV,77.4,2023
20764,19782,Mahindra BE 6,SUV,59.0,2022
20765,19783,BYD Atto 3,SUV,60.5,2022
20766,19784,Mahindra XUV400,SUV,39.4,2023
20767,19785,Hyundai Ioniq 5,SUV,72.6,2024
20768,19786,Hyundai Kona Electric,SUV,39.2,2021
20769,19787,Hyundai Ioniq 5,SUV,72.6,2023
20770,19788,Tata Tiago EV,Hatchback,24.0,2020
20771,19789,Kia EV6,SUV,77.4,2022
20772,19790,BYD Atto 3,SUV,60.5,2021
20773,19791,Kia EV6,SUV,77.4,2020
20774,19792,Hyundai Kona Electric,SUV,39.2,2021
20775,19793,Tata Nexon EV,SUV,30.2,2025
20776,19794,Mahindra BE 6,SUV,59.0,2020
20777,19794,BYD Atto 3,SUV,60.5,2025
20778,19795,BYD Atto 3,SUV,60.5,2021
20779,19796,Tata Nexon EV,SUV,30.2,2020
20780,19797,Tata Tiago EV,Hatchback,24.0,2024
20781,19798,Kia EV6,SUV,77.4,2024
20782,19799,Tata Punch EV,Hatchback,35.0,2024
20783,19799,Kia EV6,SUV,77.4,2024
20784,19800,Tata Punch EV,Hatchback,35.0,2023
20785,19801,BYD Atto 3,SUV,60.5,2023
20786,19802,Hyundai Kona Electric,SUV,39.2,2024
20787,19803,Mahindra XUV400,SUV,39.4,2025
20788,19804,Mahindra BE 6,SUV,59.0,2020
20789,19805,Tata Nexon EV,SUV,30.2,2021
20790,19806,Tata Punch EV,Hatchback,35.0,2023
20791,19807,MG ZS EV,SUV,50.3,2025
20792,19808,Mahindra BE 6,SUV,59.0,2025
20793,19808,BYD Atto 3,SUV,60.5,2020
20794,19809,Mahindra XUV400,SUV,39.4,2025
20795,19810,Mahindra BE 6,SUV,59.0,2022
20796,19811,Kia EV6,SUV,77.4,2023
20797,19812,Tata Nexon EV,SUV,30.2,2021
20798,19813,Tata Tiago EV,Hatchback,24.0,2024
20799,19814,Kia EV6,SUV,77.4,2025
20800,19815,MG ZS EV,SUV,50.3,2021
20801,19816,Tata Tiago EV,Hatchback,24.0,2025
20802,19817,Hyundai Ioniq 5,SUV,72.6,2022
20803,19818,Mahindra BE 6,SUV,59.0,2022
20804,19819,Tata Punch EV,Hatchback,35.0,2024
20805,19820,Hyundai Ioniq 5,SUV,72.6,2024
20806,19821,Hyundai Kona Electric,SUV,39.2,2024
20807,19822,MG ZS EV,SUV,50.3,2021
20808,19823,Kia EV6,SUV,77.4,2025
20809,19824,Tata Tiago EV,Hatchback,24.0,2020
20810,19825,Tata Tiago EV,Hatchback,24.0,2025
20811,19826,Hyundai Ioniq 5,SUV,72.6,2020
20812,19827,Tata Nexon EV,SUV,30.2,2020
20813,19828,Hyundai Kona Electric,SUV,39.2,2021
20814,19829,Hyundai Ioniq 5,SUV,72.6,2020
20815,19830,Hyundai Ioniq 5,SUV,72.6,2021
20816,19831,Hyundai Ioniq 5,SUV,72.6,2023
20817,19832,Hyundai Ioniq 5,SUV,72.6,2022
20818,19833,Tata Punch EV,Hatchback,35.0,2020
20819,19834,Mahindra BE 6,SUV,59.0,2023
20820,19835,BYD Atto 3,SUV,60.5,2023
20821,19836,BYD Atto 3,SUV,60.5,2021
20822,19837,Mahindra XUV400,SUV,39.4,2021
20823,19838,Hyundai Ioniq 5,SUV,72.6,2024
20824,19839,BYD Atto 3,SUV,60.5,2023
20825,19840,Kia EV6,SUV,77.4,2020
20826,19841,Tata Nexon EV,SUV,30.2,2024
20827,19842,Tata Nexon EV,SUV,30.2,2024
20828,19843,Tata Punch EV,Hatchback,35.0,2023
20829,19844,Kia EV6,SUV,77.4,2022
20830,19845,BYD Atto 3,SUV,60.5,2021
20831,19846,Hyundai Kona Electric,SUV,39.2,2024
20832,19847,Tata Nexon EV,SUV,30.2,2020
20833,19848,MG ZS EV,SUV,50.3,2024
20834,19849,Tata Nexon EV,SUV,30.2,2024
20835,19850,Hyundai Kona Electric,SUV,39.2,2022
20836,19851,Kia EV6,SUV,77.4,2025
20837,19852,Mahindra XUV400,SUV,39.4,2021
20838,19853,Tata Tiago EV,Hatchback,24.0,2020
20839,19854,BYD Atto 3,SUV,60.5,2023
20840,19855,Tata Punch EV,Hatchback,35.0,2025
20841,19856,Tata Tiago EV,Hatchback,24.0,2022
20842,19857,Mahindra BE 6,SUV,59.0,2021
20843,19858,Mahindra XUV400,SUV,39.4,2022
20844,19859,Mahindra XUV400,SUV,39.4,2021
20845,19859,Hyundai Kona Electric,SUV,39.2,2021
20846,19860,Hyundai Ioniq 5,SUV,72.6,2020
20847,19861,Mahindra BE 6,SUV,59.0,2022
20848,19862,Tata Punch EV,Hatchback,35.0,2024
20849,19863,Mahindra XUV400,SUV,39.4,2024
20850,19864,Tata Punch EV,Hatchback,35.0,2020
20851,19865,Tata Punch EV,Hatchback,35.0,2025
20852,19866,Mahindra BE 6,SUV,59.0,2022
20853,19867,BYD Atto 3,SUV,60.5,2025
20854,19868,MG ZS EV,SUV,50.3,2020
20855,19869,BYD Atto 3,SUV,60.5,2023
20856,19870,Tata Punch EV,Hatchback,35.0,2025
20857,19870,Kia EV6,SUV,77.4,2020
20858,19871,Mahindra XUV400,SUV,39.4,2022
20859,19872,Kia EV6,SUV,77.4,2021
20860,19873,Hyundai Kona Electric,SUV,39.2,2020
20861,19874,Hyundai Kona Electric,SUV,39.2,2022
20862,19875,MG ZS EV,SUV,50.3,2023
20863,19876,Mahindra BE 6,SUV,59.0,2024
20864,19877,Mahindra XUV400,SUV,39.4,2021
20865,19878,Tata Tiago EV,Hatchback,24.0,2024
20866,19879,Mahindra BE 6,SUV,59.0,2020
20867,19880,Mahindra BE 6,SUV,59.0,2020
20868,19881,MG ZS EV,SUV,50.3,2025
20869,19882,Hyundai Kona Electric,SUV,39.2,2022
20870,19883,BYD Atto 3,SUV,60.5,2024
20871,19884,Mahindra BE 6,SUV,59.0,2025
20872,19885,MG ZS EV,SUV,50.3,2022
20873,19886,Hyundai Ioniq 5,SUV,72.6,2022
20874,19887,BYD Atto 3,SUV,60.5,2022
20875,19888,BYD Atto 3,SUV,60.5,2024
20876,19889,Hyundai Kona Electric,SUV,39.2,2021
20877,19890,Mahindra BE 6,SUV,59.0,2021
20878,19891,BYD Atto 3,SUV,60.5,2024
20879,19892,Tata Punch EV,Hatchback,35.0,2021
20880,19893,Mahindra XUV400,SUV,39.4,2022
20881,19894,MG ZS EV,SUV,50.3,2025
20882,19895,Tata Tiago EV,Hatchback,24.0,2023
20883,19896,Tata Punch EV,Hatchback,35.0,2024
20884,19897,Mahindra XUV400,SUV,39.4,2024
20885,19898,Kia EV6,SUV,77.4,2022
20886,19898,MG ZS EV,SUV,50.3,2023
20887,19899,Tata Tiago EV,Hatchback,24.0,2023
20888,19900,Tata Punch EV,Hatchback,35.0,2023
20889,19901,Kia EV6,SUV,77.4,2021
20890,19902,Kia EV6,SUV,77.4,2023
20891,19903,Hyundai Kona Electric,SUV,39.2,2021
20892,19904,Mahindra XUV400,SUV,39.4,2025
20893,19905,Hyundai Kona Electric,SUV,39.2,2021
20894,19906,Mahindra XUV400,SUV,39.4,2025
20895,19907,Kia EV6,SUV,77.4,2025
20896,19908,Tata Punch EV,Hatchback,35.0,2022
20897,19909,BYD Atto 3,SUV,60.5,2021
20898,19910,Hyundai Ioniq 5,SUV,72.6,2025
20899,19911,Mahindra BE 6,SUV,59.0,2025
20900,19912,Kia EV6,SUV,77.4,2025
20901,19913,Hyundai Ioniq 5,SUV,72.6,2021
20902,19914,MG ZS EV,SUV,50.3,2021
20903,19915,MG ZS EV,SUV,50.3,2025
20904,19916,Tata Tiago EV,Hatchback,24.0,2025
20905,19917,Tata Punch EV,Hatchback,35.0,2022
20906,19918,MG ZS EV,SUV,50.3,2020
20907,19919,BYD Atto 3,SUV,60.5,2022
20908,19920,Hyundai Kona Electric,SUV,39.2,2022
20909,19921,BYD Atto 3,SUV,60.5,2020
20910,19922,MG ZS EV,SUV,50.3,2024
20911,19923,Mahindra XUV400,SUV,39.4,2025
20912,19924,MG ZS EV,SUV,50.3,2025
20913,19925,Hyundai Kona Electric,SUV,39.2,2021
20914,19926,Tata Punch EV,Hatchback,35.0,2022
20915,19927,MG ZS EV,SUV,50.3,2022
20916,19928,Hyundai Ioniq 5,SUV,72.6,2023
20917,19929,Hyundai Kona Electric,SUV,39.2,2022
20918,19930,Tata Nexon EV,SUV,30.2,2023
20919,19931,Mahindra XUV400,SUV,39.4,2024
20920,19932,Tata Tiago EV,Hatchback,24.0,2021
20921,19933,Kia EV6,SUV,77.4,2023
20922,19934,Kia EV6,SUV,77.4,2020
20923,19935,Kia EV6,SUV,77.4,2025
20924,19936,Mahindra XUV400,SUV,39.4,2025
20925,19937,Tata Tiago EV,Hatchback,24.0,2020
20926,19938,Mahindra BE 6,SUV,59.0,2025
20927,19939,Mahindra BE 6,SUV,59.0,2025
20928,19940,Hyundai Kona Electric,SUV,39.2,2024
20929,19941,Kia EV6,SUV,77.4,2021
20930,19942,Kia EV6,SUV,77.4,2025
20931,19943,Tata Nexon EV,SUV,30.2,2025
20932,19944,Tata Punch EV,Hatchback,35.0,2023
20933,19945,Mahindra BE 6,SUV,59.0,2020
20934,19946,Tata Tiago EV,Hatchback,24.0,2025
20935,19947,Hyundai Ioniq 5,SUV,72.6,2021
20936,19948,Tata Punch EV,Hatchback,35.0,2025
20937,19949,Tata Tiago EV,Hatchback,24.0,2021
20938,19950,Mahindra XUV400,SUV,39.4,2024
20939,19951,Mahindra BE 6,SUV,59.0,2020
20940,19951,Tata Tiago EV,Hatchback,24.0,2021
20941,19952,Tata Tiago EV,Hatchback,24.0,2024
20942,19953,Kia EV6,SUV,77.4,2021
20943,19954,Kia EV6,SUV,77.4,2022
20944,19955,Mahindra XUV400,SUV,39.4,2022
20945,19956,Tata Nexon EV,SUV,30.2,2025
20946,19957,Tata Punch EV,Hatchback,35.0,2022
20947,19958,BYD Atto 3,SUV,60.5,2020
20948,19959,Hyundai Ioniq 5,SUV,72.6,2022
20949,19960,Tata Tiago EV,Hatchback,24.0,2025
20950,19961,Tata Punch EV,Hatchback,35.0,2020
20951,19962,Mahindra XUV400,SUV,39.4,2021
20952,19963,BYD Atto 3,SUV,60.5,2025
20953,19964,BYD Atto 3,SUV,60.5,2025
20954,19965,Mahindra BE 6,SUV,59.0,2022
20955,19966,Tata Nexon EV,SUV,30.2,2021
20956,19967,Tata Tiago EV,Hatchback,24.0,2024
20957,19968,Mahindra XUV400,SUV,39.4,2020
20958,19969,Kia EV6,SUV,77.4,2025
20959,19970,Tata Tiago EV,Hatchback,24.0,2022
20960,19971,Tata Tiago EV,Hatchback,24.0,2022
20961,19972,BYD Atto 3,SUV,60.5,2022
20962,19973,Tata Tiago EV,Hatchback,24.0,2023
20963,19974,Hyundai Kona Electric,SUV,39.2,2023
20964,19975,Mahindra XUV400,SUV,39.4,2021
20965,19976,MG ZS EV,SUV,50.3,2021
20966,19977,BYD Atto 3,SUV,60.5,2024
20967,19978,Mahindra BE 6,SUV,59.0,2023
20968,19978,Mahindra XUV400,SUV,39.4,2021
20969,19979,BYD Atto 3,SUV,60.5,2024
20970,19980,Hyundai Ioniq 5,SUV,72.6,2020
20971,19981,Hyundai Ioniq 5,SUV,72.6,2020
20972,19982,Tata Punch EV,Hatchback,35.0,2020
20973,19983,Tata Nexon EV,SUV,30.2,2022
20974,19984,MG ZS EV,SUV,50.3,2022
20975,19985,Kia EV6,SUV,77.4,2022
20976,19986,Tata Tiago EV,Hatchback,24.0,2023
20977,19987,Tata Nexon EV,SUV,30.2,2023
20978,19988,Tata Punch EV,Hatchback,35.0,2020
20979,19989,Kia EV6,SUV,77.4,2023
20980,19989,Tata Tiago EV,Hatchback,24.0,2020
20981,19990,MG ZS EV,SUV,50.3,2024
20982,19991,Hyundai Ioniq 5,SUV,72.6,2021
20983,19992,Kia EV6,SUV,77.4,2021
20984,19993,MG ZS EV,SUV,50.3,2023
20985,19994,Hyundai Kona Electric,SUV,39.2,2022
20986,19995,BYD Atto 3,SUV,60.5,2025
20987,19996,Tata Tiago EV,Hatchback,24.0,2022
20988,19997,Hyundai Kona Electric,SUV,39.2,2024
20989,19998,Kia EV6,SUV,77.4,2023
20990,19999,Hyundai Kona Electric,SUV,39.2,2021
20991,20000,Mahindra XUV400,SUV,39.4,2024
